Date,fdate,EV_EBITDA_AR_1,EV_EBITDA_AR_2,EV_EBITDA_AR_3,EV_EBITDA_AR_4,EV_EBITDA_AR_5,EV_EBITDA_TR_1,EV_EBITDA_TR_2,EV_EBITDA_TR_3,EV_EBITDA_TR_4,EV_EBITDA_TR_5,EV_EBITDA_AR_Sig,EV_EBITDA_TR_Sig,EV_EBITDA_AR_130,EV_EBITDA_TR_130,EV_EBITDA_TR_BP,EV_EBITDA_TR_LO,EV_EBITDA_CAR_1,EV_EBITDA_CAR_2,EV_EBITDA_CAR_3,EV_EBITDA_CAR_4,EV_EBITDA_CAR_5,EV_EBITDA_CTR_1,EV_EBITDA_CTR_2,EV_EBITDA_CTR_3,EV_EBITDA_CTR_4,EV_EBITDA_CTR_5,EV_EBITDA_CAR_LS,EV_EBITDA_CTR_LS,EV_EBITDA_CAR_SW,EV_EBITDA_CTR_SW,EV_EBITDA_CTR_BP,EV_EBITDA_CTR_LO,EV_EBITDA_CXR_LO,EV_EBITDA_CTR_13,EV_EBITDA_CADD,EV_EBITDA_CTDD
2001/02/28,2001/01/31,-2.64%,5.17%,2.85%,3.69%,3.87%,-15.71%,-6.02%,-7.20%,-6.29%,-6.23%,2.61%,9.89%,11.18%,-3.99%,-9.48%,-6.96%,97,105,103,104,104,84,94,93,94,94,6.51%,9.48%,2.61%,9.89%,-9.48%,-6.96%,2.52%,-3.99%,0.00%,0.00%
2001/03/31,2001/02/28,-2.09%,-1.50%,2.87%,2.02%,7.56%,-9.24%,-5.16%,-5.42%,-5.66%,-4.17%,6.79%,7.03%,6.43%,-3.10%,-6.73%,-5.21%,95,104,106,106,112,77,89,88,88,90,16.78%,15.03%,9.58%,17.61%,-15.57%,-11.81%,4.08%,-6.97%,0.00%,0.00%
2001/04/30,2001/03/31,-0.24%,1.52%,0.84%,-1.22%,-5.09%,7.94%,6.64%,10.55%,8.37%,8.01%,-4.82%,-5.58%,-5.87%,5.74%,8.26%,7.42%,95,105,107,104,106,83,95,97,96,97,11.12%,15.11%,4.29%,11.05%,-8.60%,-5.27%,3.20%,-1.63%,-4.82%,-5.58%
2001/05/31,2001/04/30,0.05%,-1.20%,0.73%,-0.11%,-1.74%,0.44%,1.41%,1.39%,1.69%,0.51%,2.46%,4.13%,4.82%,8.99%,1.01%,7.75%,95,104,107,104,104,83,96,98,97,98,9.12%,15.19%,6.85%,15.64%,-7.68%,2.08%,10.16%,7.22%,-2.49%,-1.68%
2001/06/30,2001/05/31,2.06%,0.94%,-0.04%,-0.13%,-0.19%,-1.00%,-1.55%,-1.92%,-2.58%,-1.47%,1.94%,1.50%,-0.85%,3.35%,-1.54%,2.90%,97,105,107,104,104,82,95,96,95,96,6.66%,14.65%,8.92%,17.37%,-9.10%,5.04%,15.05%,10.80%,-0.60%,-0.20%
2001/07/31,2001/06/30,-2.35%,0.99%,-1.81%,-0.38%,5.33%,-4.12%,-0.02%,-2.72%,-0.73%,3.07%,5.08%,6.74%,6.81%,1.30%,-1.79%,-0.72%,95,106,105,104,110,79,95,94,94,99,14.86%,22.90%,14.46%,25.29%,-10.73%,4.28%,16.28%,12.25%,0.00%,0.00%
2001/08/31,2001/07/31,-0.71%,1.53%,2.30%,1.15%,0.64%,-8.12%,-4.12%,-4.54%,-4.88%,-5.61%,3.96%,4.19%,3.83%,-1.00%,-5.97%,-2.26%,94,108,108,105,110,72,91,90,90,94,16.41%,25.99%,18.99%,30.53%,-16.06%,1.92%,20.60%,11.12%,0.00%,0.00%
2001/09/30,2001/08/31,-1.24%,-1.75%,-3.44%,1.18%,3.59%,-8.50%,-9.61%,-13.85%,-10.29%,-2.51%,4.25%,4.80%,6.76%,-11.39%,-8.92%,-12.83%,93,106,104,106,114,66,82,77,80,91,22.03%,33.54%,24.05%,36.80%,-23.54%,-11.15%,15.88%,-1.53%,0.00%,0.00%
2001/10/31,2001/09/30,3.95%,-0.02%,4.88%,3.83%,-3.01%,4.48%,1.16%,3.37%,6.35%,-2.47%,1.11%,-2.52%,-1.73%,9.10%,2.68%,9.86%,97,106,109,110,111,69,83,80,86,89,13.54%,24.25%,25.43%,33.36%,-21.50%,-2.40%,24.20%,7.43%,0.00%,-2.52%
2001/11/30,2001/10/31,0.22%,0.37%,-1.61%,-3.24%,0.71%,8.02%,8.64%,7.04%,8.23%,5.98%,-1.22%,-0.23%,-1.13%,9.07%,7.75%,9.14%,97,106,108,107,112,75,90,85,93,94,14.10%,21.71%,23.90%,33.06%,-15.41%,6.53%,25.93%,17.18%,-1.22%,-2.74%
2001/12/31,2001/11/30,1.43%,-0.32%,-0.21%,-0.55%,0.91%,2.18%,0.32%,2.15%,1.06%,2.98%,2.79%,3.27%,1.91%,8.26%,1.71%,7.27%,98,106,107,106,113,76,91,87,94,97,13.51%,22.68%,27.35%,37.41%,-13.96%,14.28%,32.93%,26.85%,0.00%,0.00%
2002/01/31,2001/12/31,-0.46%,2.25%,1.29%,-2.29%,-0.62%,-1.95%,0.76%,0.53%,-3.20%,-2.17%,2.73%,3.51%,3.88%,3.70%,-1.25%,2.64%,98,108,109,104,112,75,91,88,91,95,13.33%,22.42%,30.82%,42.24%,-15.04%,17.29%,38.11%,31.54%,0.00%,0.00%
2002/02/28,2002/01/31,-1.06%,0.89%,0.69%,1.99%,-0.88%,-2.52%,-1.99%,-2.43%,0.21%,-4.04%,2.71%,2.57%,1.63%,-2.67%,-2.10%,-3.44%,97,109,109,106,111,73,90,86,91,91,13.54%,20.56%,34.36%,45.90%,-16.83%,13.26%,36.26%,28.03%,0.00%,0.00%
2002/03/31,2002/02/28,0.84%,3.10%,-0.15%,-3.27%,-2.22%,3.57%,5.90%,3.98%,2.62%,6.06%,-0.33%,0.84%,-0.24%,9.67%,4.42%,9.42%,98,112,109,102,108,76,95,89,93,97,10.07%,23.56%,33.92%,47.13%,-13.15%,23.93%,43.08%,40.41%,-0.33%,0.00%
2002/04/30,2002/03/31,0.85%,1.36%,-2.08%,-1.63%,-0.51%,-5.83%,-3.15%,-6.69%,-5.46%,-5.52%,3.70%,5.39%,3.30%,2.34%,-5.00%,0.72%,98,114,107,101,108,71,92,83,88,91,8.57%,23.94%,38.88%,55.05%,-17.49%,24.83%,51.26%,43.70%,0.00%,0.00%
2002/05/31,2002/04/30,-0.96%,-1.52%,1.13%,0.75%,0.01%,-1.92%,-1.39%,0.77%,-0.99%,-2.84%,0.95%,1.96%,2.59%,-1.36%,-1.20%,-1.95%,97,112,108,101,108,70,91,84,87,89,9.62%,22.80%,40.20%,58.09%,-18.48%,22.39%,50.13%,41.74%,0.00%,0.00%
2002/06/30,2002/05/31,1.08%,3.48%,-1.01%,-4.05%,-1.33%,-6.74%,-3.20%,-8.21%,-10.36%,-9.20%,2.74%,2.75%,-0.38%,-5.49%,-6.92%,-6.32%,99,116,107,97,106,65,88,77,78,81,6.97%,19.79%,44.04%,62.43%,-24.12%,14.66%,51.03%,33.96%,0.00%,0.00%
2002/07/31,2002/06/30,0.70%,-3.35%,0.26%,4.75%,-3.32%,-6.29%,-9.27%,-7.48%,-6.73%,-11.87%,3.35%,2.48%,4.04%,-10.58%,-7.99%,-11.32%,99,112,107,102,103,61,80,71,73,71,2.66%,13.09%,48.86%,66.47%,-30.19%,1.68%,46.00%,19.79%,0.00%,0.00%
2002/08/31,2002/07/31,-0.83%,-0.72%,-0.88%,-1.04%,-0.77%,0.46%,0.80%,0.88%,0.40%,0.56%,-0.25%,0.97%,1.97%,1.38%,0.64%,1.09%,98,111,106,101,102,61,80,72,73,71,2.72%,13.20%,48.49%,68.09%,-29.74%,2.78%,46.66%,21.44%,-0.25%,0.00%
2002/09/30,2002/08/31,0.87%,-2.39%,-0.66%,-2.36%,-0.40%,-9.02%,-10.53%,-8.59%,-12.63%,-11.65%,0.47%,1.33%,2.14%,-7.77%,-10.13%,-8.17%,99,109,106,99,102,56,72,66,64,63,1.41%,10.22%,49.19%,70.32%,-36.86%,-5.61%,49.54%,12.01%,0.00%,0.00%
2002/10/31,2002/09/30,1.38%,-0.32%,-0.26%,1.68%,7.15%,8.61%,4.86%,5.26%,7.98%,15.19%,-1.28%,-1.42%,-1.45%,4.99%,7.77%,5.42%,101,108,105,100,109,61,75,69,69,73,7.26%,17.47%,47.29%,67.91%,-31.95%,-0.49%,46.03%,17.60%,-1.28%,-1.42%
2002/11/30,2002/10/31,-1.29%,-0.54%,-0.97%,1.56%,3.00%,5.38%,4.45%,4.37%,9.12%,10.26%,-0.51%,-1.25%,1.00%,13.20%,6.03%,13.57%,99,108,104,102,112,64,79,72,75,80,11.86%,23.21%,46.54%,65.80%,-27.85%,13.01%,57.05%,33.12%,-1.78%,-2.65%
2002/12/31,2002/11/30,-0.34%,-0.02%,0.08%,0.52%,-0.12%,-5.26%,-5.99%,-5.12%,-5.34%,-7.12%,1.38%,1.16%,3.68%,-3.45%,-5.58%,-3.80%,99,108,105,102,112,60,74,68,71,74,12.11%,20.91%,48.57%,67.73%,-31.88%,8.72%,59.85%,28.53%,-0.42%,-1.52%
2003/01/31,2002/12/31,-0.47%,-0.20%,0.34%,0.92%,-0.36%,-2.90%,-2.64%,-2.18%,-1.76%,-3.39%,1.91%,2.22%,3.50%,2.20%,-2.56%,1.54%,99,108,105,103,112,59,72,67,70,72,12.24%,20.32%,51.41%,71.46%,-33.63%,10.39%,66.40%,31.36%,0.00%,0.00%
2003/02/28,2003/01/31,0.08%,0.67%,0.37%,0.48%,-1.12%,-1.71%,-1.37%,-1.46%,-1.91%,-3.28%,0.19%,0.02%,0.90%,-1.65%,-1.81%,-1.66%,99,108,105,104,110,58,71,66,69,70,10.89%,18.43%,51.70%,71.49%,-34.83%,8.56%,66.65%,29.19%,0.00%,0.00%
2003/03/31,2003/02/28,2.37%,2.23%,0.81%,-2.76%,-3.20%,2.90%,1.89%,1.22%,-2.67%,-2.70%,0.80%,0.60%,0.49%,1.81%,1.22%,1.63%,101,111,106,101,107,59,72,67,67,68,4.72%,11.80%,52.92%,72.51%,-34.03%,10.33%,67.33%,31.52%,0.00%,0.00%
2003/04/30,2003/03/31,-0.88%,1.48%,1.18%,-0.83%,-3.67%,6.05%,8.50%,10.32%,10.33%,7.80%,0.62%,0.78%,-0.78%,10.55%,8.22%,10.31%,100,112,107,100,103,63,78,74,74,73,1.79%,13.75%,53.87%,73.85%,-28.61%,21.71%,70.83%,45.40%,0.00%,0.00%
2003/05/31,2003/04/30,-1.46%,-0.34%,-0.11%,-0.67%,5.69%,4.24%,4.86%,6.02%,9.39%,14.21%,0.56%,-0.54%,2.19%,13.99%,6.23%,14.16%,99,112,107,99,109,66,82,78,81,83,9.07%,25.09%,54.74%,72.91%,-24.16%,38.93%,84.38%,65.74%,0.00%,-0.54%
2003/06/30,2003/05/31,-0.38%,-0.53%,-0.69%,1.40%,1.51%,0.86%,1.50%,0.81%,3.15%,3.39%,1.27%,1.40%,2.98%,6.48%,1.49%,6.06%,98,111,106,101,110,66,83,79,83,86,11.14%,28.25%,56.71%,75.34%,-23.03%,47.35%,92.80%,76.48%,0.00%,0.00%
2003/07/31,2003/06/30,1.09%,1.45%,0.91%,-0.33%,-1.41%,2.71%,4.02%,2.64%,1.81%,0.06%,0.51%,0.55%,1.27%,7.58%,2.46%,7.42%,99,113,107,100,109,68,87,81,85,86,8.37%,24.85%,57.50%,76.30%,-21.14%,58.28%,102.4%,89.86%,0.00%,0.00%
2003/08/31,2003/07/31,-0.24%,-0.63%,0.27%,0.13%,-1.02%,1.74%,2.47%,2.72%,3.51%,1.77%,0.65%,0.84%,0.72%,5.80%,2.35%,5.55%,99,112,108,100,108,69,89,83,88,88,7.52%,24.89%,58.52%,77.79%,-19.28%,67.07%,108.8%,100.9%,0.00%,0.00%
2003/09/30,2003/08/31,0.14%,-0.91%,-0.01%,0.05%,0.20%,-0.78%,-1.63%,-1.01%,-0.97%,-1.09%,0.10%,0.37%,3.09%,3.14%,-1.08%,3.03%,99,111,108,101,108,69,87,82,87,87,7.58%,24.50%,58.67%,78.44%,-20.15%,72.13%,117.4%,107.2%,0.00%,0.00%
2003/10/31,2003/09/30,0.56%,-0.69%,1.87%,-0.61%,0.25%,4.74%,6.11%,7.57%,5.26%,6.66%,-0.28%,0.78%,0.88%,9.31%,6.06%,9.07%,100,111,110,100,108,72,93,88,91,92,7.24%,26.89%,58.23%,79.83%,-15.32%,87.75%,124.0%,126.5%,-0.28%,0.00%
2003/11/30,2003/10/31,-0.84%,0.22%,0.52%,0.01%,-0.05%,-0.10%,2.12%,2.34%,1.80%,1.54%,0.83%,1.26%,1.47%,4.83%,1.47%,4.45%,99,111,110,100,108,72,95,90,93,94,8.09%,28.97%,59.55%,82.10%,-14.07%,96.11%,130.6%,137.4%,0.00%,0.00%
2003/12/31,2003/11/30,-0.98%,0.60%,-0.46%,-0.60%,-1.06%,3.60%,4.60%,4.35%,4.33%,5.51%,3.09%,2.19%,1.08%,4.44%,4.39%,3.78%,98,111,110,99,107,74,99,94,97,99,8.00%,31.42%,64.49%,86.08%,-10.30%,103.5%,129.3%,148.0%,0.00%,0.00%
2004/01/31,2003/12/31,1.49%,-0.55%,-0.98%,-1.98%,2.23%,3.41%,1.53%,1.56%,1.26%,4.20%,-3.83%,-2.20%,1.41%,6.78%,2.25%,7.44%,99,111,109,97,109,77,101,96,98,103,8.79%,32.45%,58.19%,82.00%,-8.28%,118.7%,141.2%,164.8%,-3.83%,-2.20%
2004/02/29,2004/01/31,0.67%,-0.68%,-0.19%,0.47%,-0.62%,1.96%,0.83%,1.12%,2.19%,1.57%,2.37%,2.68%,1.34%,2.37%,1.48%,1.56%,100,110,109,98,109,78,102,97,100,105,7.40%,31.95%,61.95%,86.88%,-6.92%,122.1%,141.4%,171.0%,-1.54%,0.00%
2004/03/31,2004/02/29,-0.88%,0.97%,0.23%,-0.95%,1.10%,-2.05%,0.27%,-0.63%,-2.15%,-0.22%,1.72%,2.27%,0.85%,1.87%,-1.09%,1.19%,99,111,109,97,110,77,102,96,98,105,9.52%,34.37%,64.73%,91.11%,-7.94%,124.7%,146.9%,176.1%,0.00%,0.00%
2004/04/30,2004/03/31,-0.70%,-2.89%,1.17%,0.76%,-1.41%,-1.24%,-4.80%,-0.99%,-0.28%,-3.94%,3.48%,1.48%,1.66%,-2.77%,-2.03%,-3.21%,98,108,110,98,108,76,97,95,98,101,8.74%,30.75%,70.47%,93.94%,-9.81%,117.5%,143.9%,168.5%,0.00%,0.00%
2004/05/31,2004/04/30,0.50%,0.71%,0.20%,-0.15%,-0.10%,1.69%,1.79%,1.06%,0.83%,1.51%,0.73%,1.15%,-0.16%,1.00%,1.34%,0.65%,99,109,110,97,108,77,99,96,99,102,8.09%,30.51%,71.72%,96.16%,-8.61%,118.9%,142.3%,171.1%,0.00%,0.00%
2004/06/30,2004/05/31,-0.25%,0.07%,-0.40%,1.17%,-0.41%,1.38%,2.24%,1.96%,3.28%,0.84%,0.98%,1.03%,-0.56%,3.50%,1.96%,3.19%,99,109,110,99,108,78,101,98,102,103,7.91%,29.81%,73.41%,98.19%,-6.81%,125.9%,145.2%,180.6%,0.00%,0.00%
2004/07/31,2004/06/30,0.15%,-0.67%,0.47%,1.29%,-1.99%,-4.46%,-4.08%,-3.06%,-3.72%,-4.23%,2.13%,1.68%,-0.19%,-5.64%,-3.87%,-6.14%,99,108,110,100,106,75,97,95,98,99,5.60%,30.11%,77.10%,101.5%,-10.42%,112.0%,139.7%,164.8%,0.00%,0.00%
2004/08/31,2004/07/31,-0.12%,1.50%,0.08%,-1.03%,0.45%,-0.20%,1.56%,0.16%,-0.96%,1.16%,1.23%,1.26%,0.41%,-0.35%,0.29%,-0.73%,99,110,110,99,106,75,98,95,97,100,6.21%,31.88%,79.29%,104.1%,-10.15%,110.5%,137.2%,163.9%,0.00%,0.00%
2004/09/30,2004/08/31,-0.36%,-0.51%,0.63%,1.24%,-0.88%,1.37%,1.41%,2.64%,3.11%,-0.08%,0.14%,0.67%,0.60%,4.61%,1.66%,4.41%,98,109,111,100,105,76,100,98,100,100,5.66%,29.96%,79.55%,105.4%,-8.67%,119.8%,143.8%,176.0%,0.00%,0.00%
2004/10/31,2004/09/30,-0.77%,-0.23%,1.55%,0.23%,-0.73%,0.90%,0.96%,2.80%,1.99%,1.10%,1.12%,0.82%,0.56%,2.34%,1.55%,2.09%,98,109,113,100,105,76,101,101,102,101,5.70%,30.22%,81.57%,107.1%,-7.25%,124.4%,145.1%,182.5%,0.00%,0.00%
2004/11/30,2004/10/31,0.22%,-0.10%,-0.18%,0.23%,-0.49%,4.12%,4.60%,4.81%,5.61%,4.34%,0.47%,-0.46%,0.44%,8.90%,4.65%,9.04%,98,109,113,101,104,79,105,105,108,105,4.95%,30.50%,82.42%,106.2%,-2.94%,144.7%,155.8%,207.7%,0.00%,-0.46%
2004/12/31,2004/11/30,0.26%,0.72%,-0.36%,-0.17%,-0.16%,3.59%,3.73%,3.13%,3.64%,4.19%,-1.00%,-0.93%,1.56%,6.01%,3.62%,6.29%,98,110,112,100,104,82,109,109,112,109,4.52%,31.28%,80.59%,104.3%,0.58%,160.0%,162.7%,226.1%,-1.00%,-1.38%
2005/01/31,2004/12/31,-0.89%,-0.25%,0.64%,1.29%,-1.17%,-4.26%,-2.07%,-1.90%,-1.54%,-4.33%,2.83%,2.98%,2.14%,-2.02%,-2.69%,-2.91%,97,109,113,102,103,79,107,107,110,105,4.23%,31.19%,85.70%,110.3%,-2.13%,152.5%,162.1%,219.6%,0.00%,0.00%
2005/02/28,2005/01/31,-0.77%,-1.00%,0.72%,-0.02%,1.76%,0.64%,0.98%,2.66%,1.93%,3.75%,2.24%,2.01%,0.42%,1.99%,2.06%,1.39%,96,108,114,102,104,79,108,109,112,109,6.86%,35.27%,89.86%,114.6%,-0.11%,156.0%,160.3%,225.9%,0.00%,0.00%
2005/03/31,2005/02/28,1.91%,-1.89%,-0.68%,-0.30%,1.17%,-0.49%,-2.49%,-2.23%,-2.04%,-1.08%,1.27%,2.00%,0.70%,-2.05%,-1.73%,-2.65%,98,106,113,101,106,79,105,107,110,107,6.07%,34.48%,92.26%,118.9%,-1.84%,149.2%,157.9%,219.3%,0.00%,0.00%
2005/04/30,2005/03/31,0.35%,0.81%,-0.36%,-0.20%,1.05%,-1.88%,-1.39%,-3.12%,-2.49%,-2.08%,1.69%,1.84%,1.59%,-5.14%,-2.23%,-5.70%,99,107,113,101,107,77,104,104,107,105,6.82%,34.21%,95.51%,122.9%,-4.03%,135.0%,149.0%,202.8%,0.00%,0.00%
2005/05/31,2005/04/30,0.88%,0.31%,0.13%,-1.05%,-0.05%,4.58%,3.69%,4.09%,2.73%,4.59%,0.89%,0.05%,-1.64%,5.51%,3.88%,5.49%,100,107,113,100,107,81,108,108,110,110,5.82%,34.22%,97.25%,123.0%,-0.31%,147.9%,153.0%,219.5%,0.00%,0.00%
2005/06/30,2005/05/31,-0.28%,-1.00%,-1.08%,0.53%,1.04%,-0.25%,0.65%,0.78%,1.46%,1.34%,-0.11%,-0.03%,-0.03%,3.54%,0.85%,3.55%,99,106,112,101,108,81,108,109,112,112,7.22%,36.36%,97.03%,122.9%,0.54%,156.7%,159.9%,230.8%,-0.11%,-0.03%
2005/07/31,2005/06/30,0.32%,0.12%,0.57%,-0.76%,0.40%,4.56%,3.95%,4.40%,3.78%,4.49%,-0.19%,-0.30%,-0.23%,6.45%,4.20%,6.54%,100,106,112,100,108,84,113,113,116,117,7.30%,36.26%,96.67%,122.3%,4.76%,173.5%,165.9%,252.2%,-0.29%,-0.33%
2005/08/31,2005/07/31,0.14%,-1.56%,-0.72%,0.74%,1.04%,-1.29%,-2.38%,-1.28%,-0.49%,0.05%,1.08%,1.32%,1.27%,-0.42%,-1.01%,-0.82%,100,105,111,101,109,83,110,112,116,117,8.27%,38.09%,98.79%,125.2%,3.70%,171.3%,166.4%,250.7%,0.00%,0.00%
2005/09/30,2005/08/31,1.12%,-0.87%,0.23%,-0.54%,1.59%,0.88%,-0.33%,0.78%,0.40%,2.02%,2.12%,2.69%,2.32%,2.13%,0.77%,1.32%,101,104,112,100,111,84,110,113,116,119,8.77%,39.65%,103.0%,131.3%,4.50%,174.9%,167.9%,258.2%,0.00%,0.00%
2005/10/31,2005/09/30,2.16%,0.26%,0.30%,-2.42%,0.24%,0.35%,-1.47%,-1.38%,-4.11%,-1.43%,1.46%,1.81%,0.45%,-1.98%,-1.76%,-2.52%,103,104,112,98,111,84,108,111,111,117,6.68%,37.16%,106.0%,135.4%,2.66%,167.9%,165.9%,251.1%,0.00%,0.00%
2005/11/30,2005/10/31,0.18%,0.52%,0.38%,-0.01%,0.01%,4.10%,4.15%,4.18%,3.62%,3.63%,1.63%,1.47%,0.12%,4.46%,3.93%,4.02%,103,105,112,98,111,88,112,116,115,122,6.50%,36.52%,109.3%,138.9%,6.69%,178.7%,166.1%,266.7%,0.00%,0.00%
2005/12/31,2005/11/30,-0.16%,-0.01%,-0.19%,-0.48%,1.36%,-0.37%,0.02%,-0.16%,-0.41%,1.34%,0.70%,0.79%,1.93%,1.56%,0.04%,1.32%,103,105,112,97,113,88,112,116,115,123,8.12%,38.86%,110.8%,140.8%,6.73%,182.4%,169.6%,272.5%,0.00%,0.00%
2006/01/31,2005/12/31,-1.43%,0.19%,-0.32%,-0.85%,1.15%,2.25%,3.71%,3.11%,3.86%,4.27%,-0.47%,-1.02%,-1.94%,7.33%,3.44%,7.63%,102,105,112,96,114,90,117,119,119,128,10.90%,41.66%,109.8%,138.3%,10.40%,204.0%,180.9%,299.7%,-0.47%,-1.02%
2006/02/28,2006/01/31,-1.07%,0.11%,0.92%,-0.44%,0.38%,-0.80%,0.13%,1.00%,-0.43%,0.53%,0.77%,0.90%,1.10%,1.24%,0.09%,0.97%,100,105,113,96,115,89,117,121,119,129,12.51%,43.54%,111.4%,140.5%,10.50%,206.9%,183.3%,304.7%,0.00%,-0.12%
2006/03/31,2006/02/28,0.31%,-0.30%,-0.00%,-0.40%,-0.56%,2.20%,0.82%,2.77%,1.62%,2.53%,0.22%,0.48%,-0.96%,5.12%,1.90%,4.98%,101,105,113,96,114,91,118,124,121,132,11.54%,44.01%,111.9%,141.6%,12.59%,222.2%,192.1%,325.4%,0.00%,0.00%
2006/04/30,2006/03/31,0.14%,1.18%,-0.03%,-1.14%,-0.22%,0.04%,2.59%,0.96%,0.20%,1.30%,-0.58%,0.18%,0.15%,0.90%,0.99%,0.85%,101,106,113,94,114,91,121,125,121,134,11.13%,45.83%,110.7%,142.1%,13.71%,224.9%,191.6%,329.2%,-0.58%,0.00%
2006/05/31,2006/04/30,-0.07%,0.57%,0.24%,-0.42%,-0.89%,-4.51%,-1.18%,-3.07%,-3.00%,-4.22%,0.34%,1.39%,0.19%,-4.18%,-3.11%,-4.60%,101,106,113,94,113,87,119,121,117,128,10.21%,46.26%,111.4%,145.4%,10.17%,209.9%,187.3%,311.3%,-0.24%,0.00%
2006/06/30,2006/05/31,0.32%,-0.17%,0.02%,0.37%,0.03%,-0.06%,-0.09%,0.03%,0.71%,0.22%,0.55%,1.10%,-0.06%,0.07%,0.19%,-0.26%,101,106,113,94,113,87,119,121,118,129,9.89%,46.68%,112.5%,148.1%,10.39%,209.1%,186.0%,311.6%,0.00%,0.00%
2006/07/31,2006/06/30,-1.45%,0.08%,-1.90%,1.86%,1.49%,-3.38%,-0.23%,-1.71%,1.40%,1.59%,0.40%,2.09%,0.42%,-1.75%,-0.28%,-2.38%,100,106,111,96,114,84,119,119,120,131,13.12%,53.98%,113.4%,153.3%,10.08%,201.8%,180.0%,304.4%,0.00%,0.00%
2006/08/31,2006/07/31,-0.01%,0.08%,-0.39%,0.27%,0.57%,3.34%,2.38%,2.07%,2.16%,2.74%,0.46%,-0.13%,-0.63%,2.70%,2.48%,2.74%,100,106,110,96,115,86,122,122,122,134,13.78%,53.06%,114.4%,153.0%,12.81%,210.1%,180.7%,315.3%,0.00%,-0.13%
2006/09/30,2006/08/31,0.82%,-1.44%,1.64%,-1.05%,-0.02%,2.59%,1.07%,3.55%,1.24%,2.59%,1.42%,1.52%,1.00%,2.43%,2.24%,1.98%,101,105,112,95,115,89,123,126,124,138,12.83%,53.06%,117.4%,156.8%,15.33%,216.2%,180.0%,325.4%,0.00%,0.00%
2006/10/31,2006/09/30,0.19%,-1.07%,0.76%,-0.12%,-0.04%,3.92%,2.60%,4.31%,3.85%,3.64%,0.90%,1.21%,-0.07%,5.54%,3.69%,5.18%,101,104,113,95,115,92,126,132,129,143,12.57%,52.63%,119.4%,160.0%,19.59%,232.6%,184.2%,349.0%,0.00%,0.00%
2006/11/30,2006/10/31,0.52%,0.09%,-0.45%,-0.22%,0.03%,2.64%,2.17%,1.71%,1.91%,2.40%,0.04%,-0.51%,-0.59%,2.43%,2.16%,2.58%,101,104,113,95,115,95,129,134,131,146,12.01%,52.27%,119.4%,158.6%,22.17%,241.2%,185.4%,359.9%,0.00%,-0.51%
2006/12/31,2006/11/30,0.53%,0.82%,-0.08%,-1.31%,-0.22%,1.22%,1.51%,1.12%,0.25%,2.37%,-0.59%,-0.06%,-0.00%,1.80%,1.18%,1.81%,102,105,113,94,115,96,131,135,131,150,11.17%,54.01%,118.1%,158.5%,23.61%,247.3%,187.2%,368.1%,-0.59%,-0.57%
2007/01/31,2006/12/31,0.18%,0.07%,-0.02%,0.52%,0.13%,2.06%,1.98%,1.62%,2.38%,1.91%,-1.15%,-1.33%,0.36%,2.23%,2.01%,2.63%,102,105,113,94,115,98,134,137,135,153,11.12%,53.77%,115.6%,155.0%,26.09%,256.5%,189.0%,378.6%,-1.74%,-1.89%
2007/02/28,2007/01/31,-0.69%,1.05%,0.32%,-0.33%,-1.08%,-1.95%,-0.33%,-0.73%,-2.05%,-3.12%,1.29%,1.34%,1.14%,0.54%,-1.63%,0.14%,101,106,113,94,114,96,133,136,132,148,10.69%,51.97%,118.4%,158.4%,24.04%,257.0%,194.1%,381.2%,-0.47%,-0.58%
2007/03/31,2007/02/28,-1.43%,0.94%,-0.99%,-0.11%,0.26%,0.92%,1.61%,-0.24%,1.15%,1.44%,0.98%,-0.06%,0.38%,0.77%,1.00%,0.79%,100,107,112,94,114,97,135,136,133,150,12.56%,52.75%,120.6%,158.3%,25.28%,259.8%,193.4%,384.9%,0.00%,-0.64%
2007/04/30,2007/03/31,0.23%,-1.03%,-0.05%,0.30%,1.30%,3.92%,3.37%,3.80%,4.11%,4.19%,1.97%,1.44%,1.51%,3.05%,3.86%,2.62%,100,106,112,94,116,101,140,141,139,156,13.76%,53.16%,124.9%,162.0%,30.12%,269.2%,189.8%,399.7%,0.00%,0.00%
2007/05/31,2007/04/30,-0.43%,-0.29%,-1.02%,0.01%,1.16%,2.97%,3.41%,2.55%,3.72%,4.97%,2.25%,2.36%,-0.38%,3.60%,3.54%,2.90%,100,105,111,94,117,104,145,145,144,164,15.58%,56.22%,130.0%,168.2%,34.73%,279.9%,187.9%,417.7%,0.00%,0.00%
2007/06/30,2007/05/31,-0.49%,-1.37%,-0.53%,1.47%,-0.27%,-1.83%,-2.52%,-1.56%,-0.46%,-2.49%,1.14%,1.01%,1.00%,-0.18%,-1.77%,-0.48%,99,104,110,96,117,102,141,143,143,160,15.83%,55.19%,132.6%,170.9%,32.35%,278.1%,191.6%,416.8%,0.00%,0.00%
2007/07/31,2007/06/30,0.30%,0.08%,-0.13%,0.67%,0.09%,-2.93%,-3.38%,-3.49%,-3.00%,-4.29%,-0.32%,-0.72%,1.19%,-5.64%,-3.46%,-5.43%,99,104,110,96,117,99,136,138,139,153,15.59%,53.09%,131.8%,168.9%,27.77%,257.6%,185.9%,387.6%,-0.32%,-0.72%
2007/08/31,2007/07/31,1.01%,1.53%,-0.09%,0.14%,-1.09%,2.72%,2.46%,1.20%,1.65%,-0.02%,-0.37%,-0.20%,-2.21%,-1.48%,1.50%,-1.42%,100,106,110,96,115,101,140,139,141,153,13.15%,48.90%,131.0%,168.4%,29.69%,252.5%,177.6%,380.4%,-0.69%,-0.91%
2007/09/30,2007/08/31,1.03%,0.47%,-0.02%,-1.26%,-0.31%,5.62%,3.70%,2.43%,3.02%,4.02%,0.10%,-0.81%,0.48%,0.98%,3.55%,1.22%,101,106,110,95,115,107,145,143,146,159,11.63%,46.52%,131.2%,166.2%,34.30%,256.8%,171.1%,385.1%,-0.59%,-1.72%
2007/10/31,2007/09/30,-0.34%,0.24%,1.30%,-2.05%,-0.14%,3.48%,2.07%,2.63%,0.55%,2.18%,1.23%,0.46%,0.17%,1.29%,2.05%,1.15%,101,106,111,93,115,111,148,146,146,163,11.86%,44.61%,134.1%,167.5%,37.05%,260.9%,168.6%,391.4%,0.00%,-1.27%
2007/11/30,2007/10/31,-2.75%,2.80%,0.21%,0.89%,-0.76%,-7.37%,-1.24%,-3.88%,-4.26%,-5.99%,2.36%,2.62%,0.24%,-6.99%,-4.49%,-7.77%,98,109,111,94,114,103,146,141,140,153,14.08%,46.60%,139.6%,174.5%,30.89%,232.9%,159.8%,357.1%,0.00%,0.00%
2007/12/31,2007/11/30,-1.65%,-1.55%,-0.05%,0.77%,-1.34%,-1.36%,-1.73%,-0.71%,1.35%,-1.97%,0.79%,0.18%,0.59%,-0.65%,-0.68%,-0.71%,97,108,111,95,112,101,143,140,142,150,14.44%,45.70%,141.5%,175.0%,30.00%,230.5%,159.8%,354.1%,0.00%,0.00%
2008/01/31,2007/12/31,0.82%,0.26%,-0.27%,1.89%,1.55%,-8.23%,-6.05%,-5.01%,-5.80%,-5.33%,-0.72%,0.41%,0.15%,-4.52%,-5.98%,-4.65%,97,108,111,97,114,93,135,133,134,142,15.27%,49.92%,139.8%,176.1%,22.22%,215.2%,163.2%,333.5%,-0.72%,0.00%
2008/02/29,2008/01/31,-2.57%,-0.38%,1.73%,0.60%,-1.58%,-5.13%,-2.92%,-1.06%,-1.69%,-5.47%,2.12%,2.07%,2.14%,-1.51%,-3.00%,-2.14%,95,108,113,97,112,88,131,131,132,134,16.41%,49.40%,144.9%,181.8%,18.56%,208.4%,165.5%,327.0%,0.00%,0.00%
2008/03/31,2008/02/29,-0.28%,-0.50%,3.19%,-2.48%,0.87%,-0.56%,-1.55%,1.74%,-1.81%,-0.42%,2.49%,1.71%,-0.83%,-1.04%,-0.63%,-1.55%,95,107,117,95,113,88,129,134,129,134,17.74%,49.61%,151.0%,186.6%,17.81%,203.6%,163.1%,322.5%,0.00%,0.00%
2008/04/30,2008/03/31,1.91%,0.22%,-2.77%,2.70%,-1.26%,6.99%,4.81%,1.83%,6.43%,3.65%,-0.40%,-0.26%,-0.87%,2.28%,4.79%,2.35%,97,107,113,97,112,94,135,136,138,138,14.00%,44.62%,150.0%,185.9%,23.46%,210.8%,156.6%,332.1%,-0.40%,-0.26%
2008/05/31,2008/04/30,-1.75%,-0.67%,-1.70%,0.34%,0.91%,1.75%,1.24%,-0.04%,3.12%,3.07%,1.89%,1.50%,0.32%,4.29%,1.98%,3.84%,95,107,111,98,113,95,137,136,142,143,17.03%,46.53%,154.7%,190.2%,25.90%,222.7%,161.4%,350.7%,0.00%,0.00%
2008/06/30,2008/05/31,-3.81%,-3.35%,-1.34%,0.61%,2.41%,-12.44%,-7.66%,-8.44%,-7.20%,-6.83%,1.47%,-0.10%,0.22%,-9.53%,-8.40%,-9.50%,91,103,110,98,116,84,126,125,132,133,24.31%,54.75%,158.4%,189.9%,15.32%,192.1%,158.6%,307.7%,0.00%,-0.10%
2008/07/31,2008/06/30,2.24%,1.68%,0.62%,-1.11%,-0.57%,-0.14%,0.04%,0.74%,-1.66%,-1.04%,1.33%,1.96%,-1.45%,2.51%,-0.54%,1.92%,93,105,111,97,115,83,126,125,129,132,20.82%,53.35%,161.9%,195.5%,14.70%,197.7%,164.9%,318.0%,0.00%,0.00%
2008/08/31,2008/07/31,-2.15%,-0.69%,0.16%,1.13%,-0.17%,-0.26%,0.89%,2.80%,2.63%,1.47%,1.94%,2.41%,-1.30%,4.02%,1.65%,3.29%,91,104,111,98,115,83,127,129,133,134,23.22%,56.01%,166.9%,202.7%,16.60%,207.5%,169.3%,334.7%,0.00%,0.00%
2008/09/30,2008/08/31,1.65%,-1.52%,1.88%,-0.45%,-1.15%,-11.31%,-10.00%,-7.47%,-7.81%,-8.88%,0.27%,1.41%,-1.55%,-8.77%,-8.85%,-9.19%,93,102,113,98,113,74,115,119,122,122,19.77%,59.80%,167.7%,206.9%,6.28%,179.2%,168.3%,296.6%,0.00%,0.00%
2008/10/31,2008/09/30,-2.13%,-2.14%,-1.07%,-1.86%,1.68%,-21.71%,-18.37%,-15.73%,-17.85%,-15.12%,4.91%,3.52%,1.22%,-19.14%,-17.40%,-20.20%,91,100,112,96,115,58,94,101,101,103,24.34%,70.33%,180.8%,217.7%,-12.22%,122.8%,160.8%,220.7%,0.00%,0.00%
2008/11/30,2008/10/31,-4.97%,1.33%,-0.69%,-1.76%,4.47%,-13.82%,-5.31%,-8.26%,-11.58%,-2.33%,5.08%,4.23%,0.05%,-12.54%,-7.97%,-13.81%,86,102,111,94,121,50,89,92,89,101,36.08%,89.91%,195.1%,231.2%,-19.21%,92.05%,145.6%,180.5%,0.00%,0.00%
2008/12/31,2008/11/30,-2.38%,-0.85%,0.14%,0.73%,3.17%,0.05%,0.93%,2.77%,1.50%,4.63%,3.96%,4.57%,0.68%,5.96%,2.00%,4.59%,84,101,111,95,124,50,89,95,90,106,43.62%,98.61%,206.8%,246.3%,-17.59%,100.9%,151.9%,197.2%,0.00%,0.00%
2009/01/31,2008/12/31,-0.26%,0.84%,-1.33%,1.41%,-2.89%,-13.36%,-8.00%,-7.34%,-6.52%,-9.51%,-2.75%,0.81%,4.87%,-4.98%,-8.28%,-5.23%,84,102,110,96,121,43,82,88,84,95,39.85%,106.3%,198.3%,249.1%,-24.42%,90.36%,159.6%,182.4%,-2.75%,0.00%
2009/02/28,2009/01/31,-0.35%,0.42%,-2.44%,-2.11%,-0.14%,-12.62%,-8.73%,-11.04%,-10.39%,-9.59%,-0.10%,0.65%,-1.73%,-11.77%,-10.22%,-11.97%,84,102,107,94,121,38,75,78,76,86,40.14%,112.5%,198.0%,251.4%,-32.14%,67.57%,155.1%,149.1%,-2.85%,0.00%
2009/03/31,2009/02/28,1.54%,-0.11%,-0.29%,0.61%,2.90%,11.72%,7.66%,7.88%,8.70%,10.47%,-1.32%,-0.87%,1.38%,12.58%,8.87%,12.84%,85,102,107,95,124,42,81,84,82,95,42.04%,109.9%,194.1%,248.3%,-26.13%,89.10%,165.3%,180.5%,-4.13%,-0.87%
2009/04/30,2009/03/31,-0.86%,1.16%,-3.60%,0.93%,5.62%,13.29%,10.12%,8.63%,10.25%,11.32%,-1.79%,0.81%,-0.18%,21.05%,10.45%,20.81%,84,103,103,96,131,48,89,92,91,106,51.24%,105.7%,188.8%,251.1%,-18.40%,128.4%,192.7%,239.5%,-5.85%,-0.07%
2009/05/31,2009/04/30,2.87%,-1.23%,-0.93%,-1.62%,1.46%,9.44%,4.02%,3.44%,3.71%,8.31%,-1.14%,-0.49%,2.26%,9.40%,5.16%,9.55%,87,102,102,94,133,52,93,95,94,115,49.11%,103.4%,185.5%,249.4%,-14.20%,150.2%,205.6%,271.4%,-6.93%,-0.56%
2009/06/30,2009/05/31,2.70%,0.26%,-0.08%,-0.02%,-1.45%,-0.31%,1.08%,1.53%,0.37%,-2.33%,-0.86%,-1.14%,1.97%,1.66%,0.39%,2.00%,89,102,102,94,131,52,94,96,94,112,42.92%,99.29%,183.1%,245.4%,-13.86%,155.3%,210.5%,277.6%,-7.73%,-1.69%
2009/07/31,2009/06/30,-4.54%,0.38%,1.57%,-0.81%,0.43%,7.39%,7.30%,9.06%,6.58%,8.94%,2.29%,2.69%,-0.85%,9.85%,7.78%,9.04%,85,102,103,93,132,56,100,105,101,122,50.02%,102.4%,189.6%,254.7%,-7.16%,178.3%,214.4%,314.8%,-5.61%,0.00%
2009/08/31,2009/07/31,-4.56%,-0.17%,0.90%,0.38%,-2.10%,7.61%,1.74%,3.62%,2.93%,3.81%,0.35%,-0.44%,0.50%,6.06%,3.49%,6.19%,81,102,104,94,129,60,102,109,103,127,53.72%,94.69%,190.6%,253.2%,-3.92%,195.6%,222.9%,339.9%,-5.29%,-0.44%
2009/09/30,2009/08/31,0.58%,-0.55%,-1.14%,-0.14%,-0.10%,6.29%,4.04%,3.74%,4.02%,3.58%,-0.17%,-0.83%,-0.99%,5.19%,4.15%,5.44%,82,102,103,94,129,64,106,113,108,132,52.68%,89.42%,190.1%,250.2%,0.06%,211.7%,227.1%,362.8%,-5.45%,-1.27%
2009/10/31,2009/09/30,-0.09%,1.83%,0.93%,1.09%,-2.60%,-4.43%,-1.43%,-2.50%,-1.05%,-5.15%,2.55%,2.76%,0.37%,-5.29%,-2.59%,-6.11%,82,104,104,95,125,61,105,110,107,125,48.84%,88.06%,197.4%,259.9%,-2.53%,192.6%,215.6%,338.3%,-3.04%,0.00%
2009/11/30,2009/10/31,-1.21%,-1.02%,1.57%,-0.46%,0.71%,4.54%,5.35%,5.96%,5.07%,7.10%,0.13%,-0.35%,-2.30%,1.09%,5.59%,1.20%,81,102,106,94,126,64,110,116,112,134,51.71%,92.87%,197.8%,258.6%,2.92%,196.1%,201.7%,343.1%,-2.92%,-0.35%
2009/12/31,2009/11/30,1.13%,0.57%,0.32%,-0.88%,0.10%,4.75%,2.60%,3.29%,1.85%,2.49%,-0.93%,-0.93%,-0.75%,5.59%,2.80%,5.87%,81,103,106,93,126,67,113,120,114,137,50.15%,88.52%,195.1%,255.3%,5.80%,213.5%,211.0%,367.9%,-3.82%,-1.28%
2010/01/31,2009/12/31,-0.20%,-1.50%,-0.51%,-0.35%,1.27%,-2.91%,-4.48%,-3.33%,-3.50%,-2.25%,-1.24%,-1.06%,1.04%,-0.18%,-3.38%,0.14%,81,102,105,93,128,65,108,116,110,134,52.35%,89.76%,191.4%,251.5%,2.23%,213.9%,221.9%,367.0%,-5.01%,-2.32%
2010/02/28,2010/01/31,-0.08%,0.86%,0.92%,0.18%,-2.66%,3.54%,4.51%,4.21%,3.18%,1.09%,1.27%,0.72%,0.88%,3.81%,3.44%,3.59%,81,102,106,93,125,67,113,121,113,135,48.42%,85.11%,195.1%,254.0%,5.74%,225.2%,222.4%,384.8%,-3.81%,-1.62%
2010/03/31,2010/02/28,0.97%,-0.52%,0.26%,-0.27%,0.21%,8.34%,5.97%,6.39%,5.43%,6.47%,-0.24%,-0.62%,1.42%,7.70%,6.36%,7.88%,82,102,107,93,125,73,120,129,120,144,47.29%,81.65%,194.4%,251.8%,12.47%,250.9%,227.3%,422.1%,-4.04%,-2.23%
2010/04/30,2010/03/31,-1.27%,-0.08%,0.10%,0.87%,0.20%,0.81%,1.89%,2.63%,2.61%,2.19%,-0.52%,-0.42%,2.60%,7.49%,2.11%,7.62%,81,102,107,94,125,73,122,132,123,147,49.45%,84.15%,192.9%,250.4%,14.85%,277.6%,245.3%,461.3%,-4.53%,-2.64%
2010/05/31,2010/04/30,1.64%,2.03%,0.19%,-0.12%,-1.19%,-7.82%,-6.99%,-7.18%,-7.89%,-9.43%,1.90%,2.25%,0.78%,-6.79%,-7.82%,-7.46%,82,104,107,94,124,68,113,123,113,133,45.21%,81.17%,198.4%,258.3%,5.86%,249.4%,246.6%,423.2%,-2.72%,-0.45%
2010/06/30,2010/05/31,3.75%,0.90%,-0.49%,-0.63%,-1.50%,-4.78%,-4.04%,-6.32%,-5.96%,-6.89%,0.02%,1.29%,-1.16%,-7.09%,-5.53%,-7.47%,85,105,106,93,122,65,109,115,106,124,37.59%,77.33%,198.5%,262.9%,0.01%,223.3%,239.8%,386.1%,-2.70%,0.00%
2010/07/31,2010/06/30,-0.53%,-0.04%,0.76%,0.36%,-0.32%,6.92%,6.60%,7.32%,6.68%,7.87%,-0.43%,-0.36%,-1.81%,5.05%,7.01%,5.16%,85,105,107,93,121,69,116,124,113,134,37.87%,79.03%,197.2%,261.5%,7.02%,240.0%,233.6%,410.6%,-3.11%,-0.36%
2010/08/31,2010/07/31,1.52%,1.22%,0.03%,-0.60%,0.60%,-4.69%,-3.33%,-5.24%,-5.25%,-4.63%,-1.55%,-1.81%,-0.05%,-7.14%,-4.66%,-6.60%,86,106,107,93,122,66,112,117,107,128,36.60%,79.14%,192.6%,255.0%,2.02%,217.6%,227.1%,374.2%,-4.62%,-2.17%
2010/09/30,2010/08/31,0.30%,-0.53%,0.88%,-0.82%,-0.02%,9.30%,8.74%,10.71%,8.48%,9.77%,0.08%,0.22%,-2.63%,10.46%,9.41%,10.40%,86,105,108,92,122,72,122,130,117,140,36.17%,79.97%,192.9%,255.8%,11.62%,250.6%,230.3%,423.8%,-4.54%,-1.95%
2010/10/31,2010/09/30,-0.73%,-0.62%,0.59%,0.90%,0.35%,2.16%,3.45%,4.37%,4.47%,4.36%,1.40%,1.51%,0.98%,5.32%,3.89%,4.86%,86,105,109,93,123,73,126,135,122,146,37.65%,83.93%,197.0%,261.1%,15.96%,267.6%,233.6%,451.6%,-3.20%,-0.47%
2010/11/30,2010/10/31,1.14%,-0.83%,-0.55%,-0.31%,1.13%,1.18%,0.29%,0.23%,0.10%,1.19%,0.52%,0.61%,-0.85%,2.25%,0.54%,2.07%,87,104,108,93,124,74,127,136,122,148,37.64%,83.94%,198.5%,263.3%,16.58%,275.2%,238.7%,464.1%,-2.69%,0.00%
2010/12/31,2010/11/30,-2.30%,-1.29%,-0.89%,0.08%,-0.13%,5.76%,6.66%,6.35%,6.85%,8.11%,-0.56%,-1.05%,-0.60%,7.82%,6.70%,8.14%,85,103,107,93,124,79,135,144,130,160,40.62%,88.25%,196.9%,259.5%,24.40%,305.8%,243.6%,508.2%,-3.23%,-1.05%
2011/01/31,2010/12/31,-0.55%,-0.49%,0.55%,2.00%,-1.94%,0.98%,1.67%,2.35%,3.50%,1.14%,1.32%,1.29%,2.25%,2.77%,2.06%,2.38%,84,102,108,94,121,79,137,148,135,162,38.67%,88.54%,200.8%,264.1%,26.96%,315.4%,244.7%,525.0%,-1.95%,0.00%
2011/02/28,2011/01/31,0.21%,0.19%,-0.17%,-0.03%,0.14%,3.80%,3.76%,3.23%,3.32%,3.89%,0.73%,0.42%,0.73%,4.93%,3.59%,4.80%,85,102,108,94,122,82,142,152,139,168,38.58%,88.70%,203.0%,265.7%,31.52%,335.4%,248.8%,555.8%,-1.24%,0.00%
2011/03/31,2011/02/28,0.13%,1.06%,0.40%,0.03%,0.16%,0.71%,0.22%,0.73%,0.69%,0.01%,-0.06%,-0.07%,-0.90%,0.73%,0.49%,0.75%,85,103,108,94,122,83,143,153,140,168,38.63%,87.37%,202.8%,265.4%,32.16%,338.7%,249.8%,560.6%,-1.29%,-0.07%
2011/04/30,2011/03/31,0.27%,-0.02%,1.34%,0.30%,-1.10%,2.80%,2.56%,3.79%,3.34%,2.30%,-0.52%,-0.10%,-1.51%,1.25%,2.97%,1.28%,85,103,110,95,120,85,146,159,145,172,36.72%,86.43%,201.2%,265.0%,36.08%,344.3%,243.9%,568.9%,-1.81%,-0.17%
2011/05/31,2011/04/30,0.20%,0.95%,0.69%,0.17%,-1.27%,-1.15%,-0.91%,-0.60%,-0.87%,-2.74%,-0.84%,-0.64%,-1.16%,-2.66%,-1.22%,-2.47%,85,104,110,95,119,84,145,158,144,167,34.72%,83.47%,198.7%,262.7%,34.42%,333.3%,239.6%,551.1%,-2.64%,-0.82%
2011/06/30,2011/05/31,0.84%,0.28%,0.21%,-0.05%,0.38%,-1.33%,-1.69%,-1.84%,-2.14%,-1.51%,1.28%,1.29%,-0.04%,-2.36%,-1.74%,-2.75%,86,105,111,95,119,83,143,155,141,165,34.10%,83.14%,202.5%,267.4%,32.08%,321.4%,236.2%,535.8%,-1.40%,0.00%
2011/07/31,2011/06/30,0.38%,-0.65%,1.26%,-0.12%,0.04%,-2.47%,-3.14%,-1.24%,-2.62%,-2.38%,0.55%,0.88%,1.52%,-1.67%,-2.26%,-1.93%,86,104,112,95,119,81,138,153,137,161,33.65%,83.30%,204.2%,270.6%,29.09%,313.3%,237.3%,525.2%,-0.85%,0.00%
2011/08/31,2011/07/31,0.79%,1.55%,1.01%,-0.76%,-0.78%,-6.29%,-4.28%,-5.39%,-6.93%,-7.08%,1.75%,1.95%,-0.29%,-8.78%,-5.89%,-9.37%,87,106,113,94,118,76,132,145,127,150,31.55%,81.86%,209.5%,277.8%,21.49%,274.6%,225.6%,470.3%,0.00%,0.00%
2011/09/30,2011/08/31,-0.16%,-0.97%,1.44%,0.45%,-1.96%,-8.94%,-7.58%,-6.09%,-7.00%,-9.66%,0.37%,0.39%,-0.83%,-10.80%,-7.63%,-10.92%,87,105,115,94,116,69,122,136,119,135,29.18%,80.55%,210.6%,279.3%,12.22%,233.7%,214.9%,408.7%,0.00%,0.00%
2011/10/31,2011/09/30,-1.61%,0.91%,0.07%,-0.56%,0.74%,10.81%,11.90%,10.55%,11.04%,12.94%,0.86%,0.26%,-2.44%,12.30%,11.39%,12.22%,85,106,115,94,117,77,137,151,132,153,32.22%,84.40%,213.3%,280.3%,25.00%,274.5%,217.5%,471.2%,0.00%,0.00%
2011/11/30,2011/10/31,-0.52%,1.25%,1.27%,-0.38%,0.23%,-1.91%,0.44%,0.61%,-1.29%,-0.13%,1.41%,1.26%,0.11%,-1.51%,-0.35%,-1.89%,85,107,116,94,117,75,137,152,130,152,33.21%,87.67%,217.7%,285.1%,24.56%,267.4%,212.6%,462.6%,0.00%,0.00%
2011/12/31,2011/11/30,-0.06%,1.15%,0.57%,-0.17%,0.05%,0.42%,1.51%,1.06%,0.27%,0.90%,0.63%,0.26%,0.38%,0.45%,0.85%,0.37%,85,108,117,93,117,76,139,153,130,154,33.35%,88.56%,219.7%,286.1%,25.62%,268.7%,211.1%,465.1%,0.00%,0.00%
2012/01/31,2011/12/31,-0.95%,-0.67%,-1.76%,-0.97%,0.27%,6.03%,4.85%,4.52%,4.91%,5.66%,-0.12%,-0.07%,1.51%,10.03%,5.09%,10.05%,84,107,115,93,118,80,146,160,137,162,34.98%,87.86%,219.3%,285.8%,32.02%,305.8%,226.5%,521.8%,-0.12%,-0.07%
2012/02/29,2012/01/31,-0.15%,3.24%,-0.94%,-1.05%,-1.72%,3.75%,6.81%,3.26%,3.60%,3.98%,0.62%,0.55%,1.14%,3.93%,4.25%,3.76%,84,111,114,92,116,83,156,165,142,169,32.86%,88.29%,221.3%,287.9%,37.63%,321.1%,224.9%,546.2%,0.00%,0.00%
2012/03/31,2012/02/29,1.59%,0.17%,-0.09%,0.33%,-1.24%,4.48%,2.68%,2.81%,3.37%,2.42%,-0.66%,-1.06%,1.12%,3.25%,3.15%,3.57%,85,111,114,92,114,87,160,170,146,173,29.10%,84.41%,219.2%,283.8%,41.95%,336.1%,226.3%,567.2%,-0.66%,-1.06%
2012/04/30,2012/03/31,3.00%,1.46%,0.61%,-0.33%,-1.35%,1.28%,0.20%,-1.04%,-1.20%,-3.05%,-0.60%,-1.60%,1.02%,-1.32%,-0.69%,-0.84%,88,113,114,92,113,88,161,168,145,168,23.48%,76.42%,217.3%,277.7%,40.97%,332.5%,225.8%,558.4%,-1.26%,-2.64%
2012/05/31,2012/04/30,0.52%,-0.06%,2.95%,-0.33%,-0.97%,-5.27%,-5.94%,-3.96%,-6.37%,-9.58%,-0.71%,-1.09%,0.04%,-7.65%,-6.09%,-7.33%,88,113,118,91,111,83,151,162,135,152,21.64%,68.82%,215.0%,273.6%,32.39%,300.8%,221.8%,508.0%,-1.96%,-3.70%
2012/06/30,2012/05/31,0.01%,-0.56%,-0.04%,0.19%,1.14%,4.06%,2.83%,4.02%,4.08%,5.35%,0.67%,0.58%,-0.22%,4.37%,3.98%,4.20%,88,112,118,91,113,87,155,168,141,160,23.01%,70.99%,217.1%,275.7%,37.67%,317.6%,222.5%,534.6%,-1.30%,-3.14%
2012/07/31,2012/06/30,-0.17%,1.00%,0.72%,-0.75%,0.40%,-0.06%,1.52%,1.62%,0.08%,0.93%,0.27%,0.27%,0.59%,-1.28%,0.87%,-1.36%,88,113,119,91,113,87,158,171,141,161,23.71%,72.70%,218.0%,276.8%,38.87%,311.9%,215.3%,526.5%,-1.03%,-2.88%
2012/08/31,2012/07/31,-0.15%,-1.05%,0.56%,-0.26%,0.17%,2.93%,0.89%,3.17%,2.29%,3.09%,0.07%,-0.44%,-0.53%,2.89%,2.50%,3.02%,88,112,119,90,113,89,159,176,144,166,24.11%,72.97%,218.2%,275.1%,42.34%,324.4%,216.9%,544.6%,-0.96%,-3.30%
2012/09/30,2012/08/31,-0.25%,0.03%,-0.85%,0.15%,0.35%,2.57%,2.41%,1.75%,2.78%,3.46%,0.16%,-0.63%,0.15%,3.67%,2.56%,3.86%,88,112,118,91,114,91,163,179,148,172,24.86%,74.52%,218.7%,272.8%,45.99%,340.7%,221.0%,568.3%,-0.80%,-3.91%
2012/10/31,2012/09/30,-0.65%,0.70%,-1.33%,0.65%,1.13%,-2.39%,-1.02%,-2.81%,-1.74%,-0.66%,2.70%,3.21%,0.56%,0.41%,-1.70%,-0.55%,87,113,117,91,115,89,161,174,146,171,27.09%,77.53%,227.3%,284.7%,43.50%,338.3%,224.7%,571.0%,0.00%,-0.82%
2012/11/30,2012/10/31,0.60%,0.43%,-0.20%,-0.73%,-0.62%,1.36%,1.37%,0.56%,0.21%,0.05%,1.55%,2.52%,0.49%,2.28%,0.66%,1.53%,88,113,116,91,114,90,164,175,146,171,25.54%,75.20%,232.4%,294.4%,44.45%,345.0%,227.5%,586.3%,0.00%,0.00%
2012/12/31,2012/11/30,0.47%,-0.72%,0.48%,0.67%,-0.01%,1.67%,-0.19%,0.93%,2.57%,1.80%,1.36%,1.14%,-0.76%,3.37%,1.26%,3.02%,88,112,117,91,114,92,163,177,150,174,24.94%,75.42%,236.9%,298.9%,46.27%,358.4%,233.3%,609.4%,0.00%,0.00%
2013/01/31,2012/12/31,0.13%,-1.67%,0.47%,-0.39%,1.12%,5.37%,3.67%,5.02%,6.13%,7.59%,1.16%,0.72%,2.18%,8.48%,5.53%,8.26%,88,110,118,91,116,97,169,186,159,187,26.17%,79.31%,240.8%,301.8%,54.35%,396.3%,242.4%,669.5%,0.00%,0.00%
2013/02/28,2013/01/31,-0.11%,0.04%,0.16%,0.35%,-0.21%,1.15%,1.25%,1.38%,1.58%,1.12%,0.96%,1.08%,1.02%,2.11%,1.30%,1.78%,88,110,118,91,115,98,171,188,161,189,26.04%,79.25%,244.1%,306.1%,56.35%,405.2%,244.1%,685.7%,0.00%,0.00%
2013/03/31,2013/02/28,-0.24%,0.40%,0.38%,0.51%,-1.54%,3.88%,4.49%,4.08%,4.45%,2.89%,-0.26%,-0.47%,0.30%,4.59%,4.00%,4.73%,88,111,118,92,114,102,179,196,169,195,24.40%,77.48%,243.2%,304.2%,62.60%,429.1%,246.6%,721.8%,-0.26%,-0.47%
2013/04/30,2013/03/31,0.52%,0.76%,0.89%,-0.48%,-0.44%,1.36%,2.18%,2.37%,1.11%,1.35%,0.12%,0.19%,-0.03%,0.28%,1.68%,0.22%,88,112,119,91,113,103,183,201,170,197,23.21%,77.47%,243.6%,305.0%,65.33%,430.2%,241.5%,724.1%,-0.14%,-0.28%
2013/05/31,2013/04/30,-0.93%,0.00%,-1.27%,0.16%,0.31%,3.10%,2.28%,0.31%,2.44%,4.35%,1.89%,1.60%,0.44%,5.33%,2.46%,4.85%,87,112,118,91,113,106,187,201,175,206,24.74%,79.69%,250.1%,311.4%,69.40%,455.9%,249.7%,768.0%,0.00%,0.00%
2013/06/30,2013/05/31,0.45%,-0.02%,0.74%,-1.03%,-0.29%,-0.39%,-1.02%,-0.17%,-2.43%,-1.84%,-0.07%,-0.05%,0.59%,-0.35%,-1.25%,-0.34%,88,112,119,90,113,106,185,201,170,202,23.82%,77.09%,249.9%,311.2%,67.28%,454.0%,252.9%,764.9%,-0.07%,-0.05%
2013/07/31,2013/06/30,0.03%,-0.42%,0.29%,-0.02%,-0.91%,5.71%,5.24%,5.49%,6.28%,4.72%,0.42%,1.16%,0.58%,8.03%,5.46%,7.68%,88,111,119,90,112,112,195,212,181,212,22.66%,75.34%,251.3%,316.0%,76.41%,496.6%,260.7%,834.4%,0.00%,0.00%
2013/08/31,2013/07/31,0.22%,-0.85%,-0.95%,0.85%,-0.11%,-1.94%,-3.62%,-2.95%,-2.15%,-3.25%,0.66%,0.87%,1.95%,-1.09%,-2.84%,-1.35%,88,110,118,91,112,110,188,206,177,205,22.25%,73.06%,253.6%,319.7%,71.40%,488.5%,266.1%,824.2%,0.00%,0.00%
2013/09/30,2013/08/31,1.06%,0.27%,-0.64%,0.20%,-1.15%,5.30%,4.32%,3.65%,4.29%,1.89%,-0.15%,0.36%,0.88%,6.06%,3.76%,5.95%,89,111,117,91,111,116,196,213,185,209,19.54%,67.15%,253.1%,321.2%,77.84%,523.5%,274.1%,880.2%,-0.15%,0.00%
2013/10/31,2013/09/30,0.02%,0.28%,-0.36%,0.22%,0.12%,3.64%,4.19%,3.18%,4.84%,4.66%,1.18%,1.28%,-0.26%,3.74%,4.19%,3.36%,89,111,117,91,111,120,204,220,194,218,19.67%,68.84%,257.3%,326.6%,85.29%,544.5%,271.0%,916.9%,0.00%,0.00%
2013/11/30,2013/10/31,-2.71%,-0.24%,-0.91%,-0.33%,1.62%,0.61%,2.79%,2.20%,3.16%,4.51%,0.86%,1.16%,0.68%,4.70%,2.86%,4.35%,87,111,116,91,113,121,210,225,200,228,24.86%,75.43%,260.3%,331.5%,90.59%,572.5%,276.6%,964.7%,0.00%,0.00%
2013/12/31,2013/11/30,0.50%,-0.24%,-0.20%,-0.11%,-0.82%,3.28%,2.57%,2.53%,2.91%,1.97%,-0.98%,-1.60%,-0.21%,1.98%,2.61%,2.46%,87,110,115,91,112,125,215,231,206,233,23.21%,73.13%,256.8%,324.6%,95.56%,589.1%,276.0%,985.8%,-0.98%,-1.60%
2014/01/31,2013/12/31,1.06%,-0.78%,0.02%,-0.07%,1.25%,-2.19%,-3.95%,-2.97%,-3.47%,-2.84%,-2.07%,-2.53%,2.24%,-1.01%,-3.13%,-0.25%,88,110,115,91,113,122,207,224,199,226,23.44%,72.02%,249.4%,313.9%,89.43%,587.3%,286.9%,974.8%,-3.03%,-4.09%
2014/02/28,2014/01/31,0.41%,-0.23%,0.67%,-0.24%,-0.13%,5.49%,4.33%,5.40%,4.42%,4.15%,-1.22%,-1.68%,-0.25%,3.67%,4.67%,4.17%,88,109,116,91,113,129,216,236,207,236,22.78%,69.70%,245.2%,306.9%,98.28%,616.0%,284.9%,1014%,-4.21%,-5.70%
2014/03/31,2014/02/28,-1.25%,0.73%,-1.65%,0.98%,1.35%,-3.01%,1.26%,-1.09%,1.06%,2.97%,2.67%,3.43%,1.51%,2.09%,0.51%,1.06%,87,110,114,92,115,125,218,233,209,243,25.97%,79.84%,254.4%,320.9%,99.29%,623.6%,287.0%,1037%,-1.66%,-2.47%
2014/04/30,2014/03/31,1.05%,0.99%,-0.17%,0.78%,-0.83%,-1.05%,1.03%,-1.23%,0.38%,0.27%,2.07%,2.15%,1.12%,-2.03%,-0.02%,-2.68%,88,111,114,92,114,123,221,230,210,243,23.60%,82.22%,261.7%,330.0%,99.24%,604.2%,276.8%,1014%,0.00%,-0.37%
2014/05/31,2014/04/30,0.99%,-1.17%,0.97%,-0.67%,0.74%,2.64%,1.40%,2.99%,1.28%,2.42%,-0.04%,-0.22%,0.29%,0.16%,2.10%,0.23%,89,110,115,92,114,127,224,237,213,249,23.29%,81.81%,261.6%,329.0%,103.4%,605.8%,269.7%,1016%,-0.04%,-0.58%
2014/06/30,2014/05/31,-0.38%,-0.25%,-0.95%,0.37%,0.34%,3.24%,2.28%,1.72%,3.14%,2.63%,-0.73%,-0.88%,-1.22%,3.87%,2.50%,4.13%,89,110,114,92,115,131,229,241,220,256,24.17%,80.71%,258.9%,325.3%,108.5%,635.0%,275.8%,1059%,-0.77%,-1.45%
2014/07/31,2014/06/30,0.03%,-0.96%,-1.00%,0.02%,2.53%,-2.90%,-2.87%,-3.48%,-1.63%,0.53%,1.01%,0.98%,2.02%,-3.47%,-1.95%,-3.77%,89,109,113,92,118,127,222,233,216,257,27.27%,86.90%,262.6%,329.4%,104.4%,607.3%,268.9%,1019%,0.00%,-0.49%
2014/08/31,2014/07/31,0.62%,0.91%,-0.78%,-0.62%,0.23%,5.04%,4.41%,3.54%,4.05%,4.30%,0.90%,1.09%,0.36%,5.16%,4.18%,4.83%,89,110,112,92,118,133,232,241,225,268,26.76%,85.52%,265.8%,334.1%,113.0%,641.5%,271.4%,1077%,0.00%,0.00%
2014/09/30,2014/08/31,-0.52%,0.16%,0.32%,-1.53%,1.79%,-2.70%,-1.71%,-1.60%,-3.01%,-1.24%,1.23%,0.39%,1.09%,-4.62%,-2.09%,-4.74%,89,110,112,90,120,130,228,237,218,265,29.69%,88.22%,270.3%,335.8%,108.5%,606.4%,261.5%,1023%,0.00%,0.00%
2014/10/31,2014/09/30,-0.73%,2.21%,1.30%,-1.28%,-0.22%,3.59%,3.37%,3.61%,1.20%,2.43%,0.71%,0.11%,-2.45%,3.28%,2.74%,3.24%,88,112,114,89,120,134,236,246,221,271,30.35%,86.03%,273.0%,336.2%,114.2%,629.3%,263.3%,1059%,0.00%,0.00%
2014/11/30,2014/10/31,-1.17%,0.82%,0.88%,-0.73%,0.49%,2.13%,3.10%,3.81%,1.23%,2.11%,2.22%,0.77%,1.34%,0.75%,2.53%,0.52%,87,113,115,88,120,137,243,255,223,277,32.51%,85.99%,281.2%,339.6%,119.7%,633.1%,256.0%,1068%,0.00%,0.00%
2014/12/31,2014/11/30,-0.28%,0.14%,0.26%,0.63%,-0.36%,-0.29%,-0.71%,0.69%,0.38%,-0.27%,0.37%,0.71%,-0.20%,2.66%,-0.03%,2.44%,87,113,115,89,120,137,241,257,224,276,32.40%,86.04%,282.6%,342.7%,119.6%,651.1%,264.8%,1099%,0.00%,0.00%
2015/01/31,2014/12/31,-0.15%,-0.02%,1.31%,-0.37%,0.18%,-1.89%,-1.97%,-2.28%,-3.58%,-3.98%,-0.30%,-1.55%,0.93%,-3.33%,-2.75%,-2.87%,87,113,117,89,120,134,237,251,216,265,32.84%,82.14%,281.5%,335.9%,113.6%,629.5%,264.4%,1059%,-0.30%,-1.55%
2015/02/28,2015/01/31,-0.75%,0.77%,-0.48%,-0.38%,-0.50%,5.86%,6.77%,5.05%,4.95%,6.13%,0.94%,0.47%,0.77%,6.25%,5.76%,6.11%,86,114,116,88,120,142,253,264,227,281,33.18%,82.64%,285.1%,337.9%,125.9%,674.1%,265.7%,1132%,0.00%,-1.09%
2015/03/31,2015/02/28,-1.02%,-0.05%,-0.35%,0.37%,0.40%,-0.99%,-0.89%,-0.38%,-1.02%,-1.91%,2.43%,2.01%,0.53%,1.30%,-1.06%,0.70%,85,114,116,89,120,141,250,263,225,276,35.08%,80.96%,294.4%,346.7%,123.5%,679.5%,272.1%,1148%,0.00%,0.00%
2015/04/30,2015/03/31,1.41%,-0.17%,0.52%,-0.06%,-1.02%,0.16%,-0.64%,-0.64%,0.57%,2.49%,-0.62%,0.38%,0.29%,0.04%,0.40%,-0.08%,86,114,116,89,119,141,249,261,226,283,31.80%,85.17%,292.0%,348.4%,124.4%,678.9%,270.3%,1148%,-0.62%,0.00%
2015/05/31,2015/04/30,-1.07%,-0.64%,-0.47%,-0.96%,2.85%,1.02%,1.67%,1.75%,0.67%,1.74%,-0.15%,-1.22%,-0.77%,-0.06%,1.29%,0.30%,85,113,116,88,122,142,253,266,227,288,36.97%,86.50%,291.4%,342.9%,127.3%,681.3%,266.7%,1147%,-0.77%,-1.22%
2015/06/30,2015/05/31,-0.54%,-0.36%,-0.03%,-0.31%,-0.11%,-0.92%,-1.36%,-1.66%,-1.47%,-2.48%,1.71%,1.12%,-0.14%,0.13%,-1.63%,-0.20%,85,113,116,87,122,141,250,261,224,281,37.56%,83.59%,298.1%,347.9%,123.6%,679.7%,271.9%,1149%,0.00%,-0.11%
2015/07/31,2015/06/30,0.82%,-0.69%,-0.75%,-0.40%,1.59%,2.49%,1.76%,2.66%,0.45%,0.75%,2.39%,-0.23%,1.08%,-3.19%,1.67%,-3.12%,86,112,115,87,124,145,254,268,225,283,38.62%,80.41%,307.6%,346.9%,127.3%,655.4%,254.1%,1109%,0.00%,-0.34%
2015/08/31,2015/07/31,0.50%,0.49%,1.34%,-0.41%,-1.67%,-6.35%,-5.75%,-5.35%,-5.84%,-6.87%,2.11%,3.22%,0.22%,-3.36%,-5.98%,-4.33%,86,112,116,87,122,135,239,254,212,263,35.62%,79.46%,316.2%,361.2%,113.7%,622.7%,260.0%,1068%,0.00%,0.00%
2015/09/30,2015/08/31,0.48%,0.22%,0.47%,0.55%,-1.37%,-3.11%,-2.25%,-1.90%,-3.45%,-4.02%,1.87%,1.65%,0.17%,-5.48%,-2.82%,-5.98%,87,113,117,87,120,131,234,249,205,253,33.11%,77.83%,324.0%,368.8%,107.7%,579.5%,248.6%,1004%,0.00%,0.00%
2015/10/31,2015/09/30,-0.08%,0.21%,0.92%,-1.59%,0.85%,6.91%,7.45%,8.07%,6.60%,8.92%,1.35%,0.75%,-0.06%,5.87%,7.68%,5.65%,86,113,118,86,121,140,251,269,218,275,34.36%,81.40%,329.7%,372.3%,123.6%,617.9%,241.6%,1069%,0.00%,0.00%
2015/11/30,2015/10/31,-0.45%,-0.11%,-0.19%,-0.59%,1.31%,0.92%,0.30%,0.07%,0.31%,1.48%,-2.19%,-1.41%,-2.03%,2.87%,0.55%,3.29%,86,113,118,85,123,142,252,269,219,279,36.72%,82.41%,320.3%,365.7%,124.8%,641.5%,250.9%,1103%,-2.19%,-1.41%
2015/12/31,2015/11/30,-0.70%,-0.37%,-0.23%,0.05%,0.56%,-2.11%,-1.81%,-2.27%,-2.12%,-1.96%,0.49%,-0.14%,0.58%,-3.99%,-2.07%,-3.95%,85,112,117,85,124,139,248,263,214,274,38.44%,82.68%,322.4%,365.0%,120.2%,612.3%,244.3%,1055%,-1.71%,-1.55%
2016/01/31,2015/12/31,0.59%,-0.23%,0.40%,0.43%,-1.31%,-5.95%,-5.59%,-5.14%,-4.69%,-6.82%,1.66%,2.12%,-1.15%,-8.68%,-5.64%,-9.31%,86,112,118,86,122,130,234,250,204,255,35.81%,81.08%,329.4%,374.9%,107.8%,545.9%,231.7%,954.7%,-0.07%,0.00%
2016/02/29,2016/01/31,-0.46%,0.90%,1.27%,0.45%,-1.88%,-0.59%,-0.03%,1.07%,0.38%,-1.67%,2.25%,2.97%,0.47%,1.92%,-0.05%,1.03%,86,113,119,86,120,130,234,252,205,251,33.88%,79.13%,339.0%,389.0%,107.6%,552.6%,235.3%,974.9%,0.00%,0.00%
2016/03/31,2016/02/29,1.32%,1.89%,-0.30%,-0.19%,-0.10%,6.97%,7.26%,6.73%,6.24%,8.29%,-0.01%,1.22%,0.25%,8.63%,7.08%,8.26%,87,115,119,86,120,139,251,269,218,272,31.99%,81.49%,339.0%,394.9%,122.4%,606.5%,239.3%,1068%,-0.01%,0.00%
2016/04/30,2016/03/31,2.48%,0.87%,1.81%,1.15%,-5.01%,1.59%,1.34%,2.45%,1.94%,-2.78%,-3.88%,-2.56%,-1.64%,1.04%,0.81%,1.81%,89,116,121,87,114,141,254,276,222,264,22.11%,73.56%,322.0%,382.3%,124.2%,619.3%,242.6%,1080%,-3.89%,-2.56%
2016/05/31,2016/04/30,-1.04%,-0.90%,-0.14%,0.23%,1.61%,1.29%,0.85%,1.76%,1.83%,3.33%,-1.69%,-1.75%,-0.74%,0.57%,1.79%,1.10%,88,115,121,87,115,143,256,281,226,273,25.35%,77.10%,314.9%,373.8%,128.2%,627.2%,240.2%,1087%,-5.51%,-4.26%
2016/06/30,2016/05/31,-0.54%,1.54%,0.51%,1.25%,-2.15%,0.31%,1.91%,0.43%,0.66%,-2.44%,-1.06%,-1.10%,-0.82%,-0.80%,0.26%,-0.47%,87,117,122,88,113,143,261,282,227,266,23.33%,72.24%,310.5%,368.6%,128.8%,623.8%,237.8%,1077%,-6.50%,-5.32%
2016/07/31,2016/06/30,-0.33%,-0.01%,-0.88%,1.20%,1.20%,3.81%,3.04%,2.94%,4.93%,5.52%,0.16%,-0.17%,0.21%,6.17%,3.96%,6.22%,87,117,121,89,114,149,269,290,239,281,25.22%,75.19%,311.2%,367.8%,137.9%,668.8%,245.4%,1150%,-6.35%,-5.47%
2016/08/31,2016/07/31,0.66%,-0.13%,-0.88%,-0.32%,1.19%,0.04%,-0.30%,-0.30%,0.55%,2.05%,-0.03%,0.57%,0.27%,2.65%,0.32%,2.48%,88,117,120,89,116,149,268,289,240,287,25.88%,78.70%,311.0%,370.5%,138.6%,687.9%,252.9%,1183%,-6.38%,-4.93%
2016/09/30,2016/08/31,0.13%,-0.11%,0.09%,0.11%,-1.02%,0.50%,-0.06%,0.27%,0.48%,-0.34%,0.36%,0.65%,-0.11%,2.26%,0.19%,2.07%,88,117,120,89,114,149,268,290,241,286,24.44%,77.20%,312.5%,373.6%,139.1%,704.2%,259.5%,1212%,-6.04%,-4.32%
2016/10/31,2016/09/30,-0.21%,-0.72%,-0.26%,0.85%,0.23%,-2.74%,-2.03%,-2.21%,-1.34%,-2.71%,0.74%,0.80%,0.57%,-4.60%,-2.12%,-4.84%,88,116,119,90,115,145,263,284,238,278,24.99%,77.26%,315.6%,377.3%,134.0%,665.2%,249.7%,1152%,-5.35%,-3.56%
2016/11/30,2016/10/31,-1.17%,-0.68%,0.81%,2.28%,1.21%,0.30%,3.68%,6.77%,5.52%,8.30%,2.49%,3.23%,0.17%,10.65%,4.59%,9.68%,87,115,120,92,116,146,272,303,251,301,27.96%,91.45%,325.9%,392.8%,144.7%,739.3%,267.5%,1285%,-2.99%,-0.44%
2016/12/31,2016/11/30,0.48%,-0.03%,0.10%,0.11%,0.05%,1.24%,1.32%,1.90%,2.48%,2.65%,1.02%,2.11%,0.95%,3.84%,1.94%,3.21%,87,115,120,92,116,147,276,309,257,309,27.42%,94.14%,330.3%,403.2%,149.5%,766.2%,272.2%,1338%,-2.00%,0.00%
2017/01/31,2016/12/31,0.72%,-0.55%,0.27%,-0.10%,-0.60%,3.53%,1.43%,2.20%,1.33%,1.36%,-0.23%,-1.94%,0.36%,0.69%,1.89%,1.28%,88,114,121,92,115,153,280,316,261,313,25.74%,89.93%,329.3%,393.4%,154.2%,777.3%,269.9%,1348%,-2.22%,-1.94%
2017/02/28,2017/01/31,-1.57%,0.31%,0.39%,0.29%,0.12%,2.60%,3.64%,3.98%,3.42%,4.35%,0.80%,0.07%,0.09%,1.84%,3.64%,1.82%,86,115,121,92,116,157,290,328,270,327,27.86%,93.25%,332.7%,393.7%,163.5%,793.3%,263.2%,1375%,-1.44%,-1.87%
2017/03/31,2017/02/28,-0.69%,-0.18%,-0.49%,0.23%,0.34%,0.63%,-0.24%,0.14%,-0.11%,0.41%,1.36%,1.14%,0.05%,0.77%,0.13%,0.43%,86,115,121,92,116,158,289,329,269,328,29.18%,92.83%,338.6%,399.4%,163.8%,797.1%,264.2%,1386%,-0.10%,-0.75%
2017/04/30,2017/03/31,0.23%,0.27%,0.49%,-0.51%,-0.46%,1.94%,1.18%,1.98%,0.25%,0.77%,-0.25%,-1.06%,-0.88%,0.13%,1.11%,0.45%,86,115,121,92,115,161,293,335,270,331,28.29%,90.57%,337.5%,394.1%,166.7%,801.1%,261.8%,1388%,-0.35%,-1.80%
2017/05/31,2017/04/30,1.02%,-0.60%,-0.15%,-0.70%,-0.28%,2.81%,0.74%,1.64%,-0.26%,1.07%,-0.08%,-0.50%,-0.70%,-2.01%,1.06%,-1.86%,87,114,121,91,115,165,295,341,269,334,26.62%,87.25%,337.2%,391.6%,169.6%,784.3%,251.2%,1358%,-0.43%,-2.29%
2017/06/30,2017/05/31,-0.58%,-0.59%,-0.64%,0.10%,2.66%,-0.16%,-0.21%,0.16%,0.97%,3.94%,0.35%,0.91%,1.41%,4.67%,0.90%,4.40%,86,114,120,91,118,165,294,341,272,348,30.71%,94.93%,338.7%,396.1%,172.0%,823.2%,263.5%,1426%,-0.09%,-1.40%
2017/07/31,2017/06/30,0.11%,-0.76%,0.96%,-0.13%,-0.57%,2.23%,1.26%,2.85%,2.01%,1.26%,-0.57%,-0.57%,-0.21%,0.21%,1.93%,0.38%,86,113,121,91,118,169,298,351,277,352,29.82%,93.05%,336.2%,393.3%,177.2%,826.8%,257.9%,1429%,-0.66%,-1.96%
2017/08/31,2017/07/31,-0.90%,-0.69%,0.78%,-0.41%,0.72%,0.09%,0.10%,1.26%,-0.38%,0.29%,-0.90%,-0.90%,-0.76%,-2.25%,0.26%,-1.98%,86,112,122,91,118,169,298,355,276,353,31.93%,93.42%,332.2%,388.9%,177.9%,808.4%,249.9%,1395%,-1.55%,-2.84%
2017/09/30,2017/08/31,-0.05%,0.83%,-1.09%,0.51%,-0.41%,1.28%,2.58%,1.12%,3.57%,4.00%,0.56%,1.78%,0.43%,7.82%,2.47%,7.29%,86,113,121,91,118,171,306,359,286,367,31.45%,98.69%,334.7%,397.6%,184.8%,874.6%,266.8%,1512%,-0.99%,-1.11%
2017/10/31,2017/09/30,1.36%,-0.05%,0.28%,-0.50%,-2.09%,3.65%,2.12%,3.00%,1.81%,0.42%,1.51%,2.08%,0.48%,0.92%,2.24%,0.30%,87,113,121,91,115,177,312,370,291,369,26.92%,92.27%,341.3%,408.0%,191.2%,877.5%,259.7%,1527%,0.00%,0.00%
2017/11/30,2017/10/31,-0.63%,1.14%,-0.28%,0.22%,-0.88%,2.77%,3.92%,3.12%,3.45%,2.69%,0.37%,0.16%,0.69%,3.39%,3.22%,3.34%,86,114,121,91,114,182,325,382,301,379,26.60%,92.12%,342.9%,408.8%,200.6%,910.1%,260.1%,1582%,0.00%,0.00%
2017/12/31,2017/11/30,-1.28%,-0.85%,0.18%,1.73%,-0.30%,-0.20%,0.51%,1.19%,2.77%,1.01%,1.33%,0.82%,1.42%,1.66%,1.10%,1.41%,85,113,121,93,114,182,326,386,310,382,27.84%,94.43%,348.8%,412.9%,203.8%,924.4%,261.2%,1610%,0.00%,0.00%
2018/01/31,2017/12/31,2.24%,-2.28%,-0.61%,-0.54%,-0.71%,8.66%,3.31%,4.75%,4.83%,5.91%,0.34%,-0.31%,0.08%,2.48%,5.34%,2.58%,87,110,120,92,113,198,337,405,325,405,24.06%,89.07%,350.3%,411.3%,220.1%,950.8%,251.2%,1652%,0.00%,-0.31%
2018/02/28,2018/01/31,1.31%,0.34%,-2.76%,-0.23%,1.31%,-2.13%,-3.03%,-5.81%,-4.14%,-2.88%,0.32%,0.11%,-0.04%,-3.70%,-3.65%,-3.73%,88,111,117,92,115,193,327,381,311,393,24.07%,87.65%,351.8%,411.9%,208.4%,911.5%,250.9%,1587%,0.00%,-0.20%
2018/03/31,2018/02/28,1.50%,0.82%,0.75%,-1.17%,0.50%,-1.44%,-1.12%,-1.47%,-3.18%,-2.20%,0.08%,0.27%,0.79%,1.56%,-1.98%,1.48%,89,112,118,91,115,191,323,375,301,385,22.83%,86.21%,352.1%,413.3%,202.3%,926.5%,263.1%,1614%,0.00%,0.00%
2018/04/30,2018/03/31,1.11%,0.54%,-0.69%,0.22%,-0.96%,1.39%,0.69%,-0.22%,0.85%,-0.45%,-1.86%,-1.51%,-0.80%,0.58%,0.43%,1.03%,90,112,117,91,114,193,326,375,304,383,20.28%,82.78%,343.7%,405.5%,203.6%,937.1%,265.2%,1624%,-1.86%,-1.51%
2018/05/31,2018/04/30,-0.17%,1.06%,-0.83%,0.39%,-1.22%,4.37%,2.19%,2.09%,3.63%,1.64%,-1.87%,-2.27%,-0.87%,4.24%,2.78%,4.92%,90,114,116,91,113,202,333,382,315,389,19.01%,77.79%,335.4%,394.0%,212.0%,988.1%,273.1%,1697%,-3.69%,-3.75%
2018/06/30,2018/05/31,1.99%,-0.02%,-0.87%,-0.10%,-0.38%,3.20%,0.56%,0.14%,0.31%,0.00%,-0.37%,-1.45%,-0.79%,0.46%,0.75%,0.90%,92,114,115,91,112,208,334,383,316,389,16.19%,72.10%,333.8%,386.8%,214.4%,997.9%,273.6%,1705%,-4.05%,-5.15%
2018/07/31,2018/06/30,-1.53%,0.07%,-0.09%,-0.51%,1.18%,1.73%,3.35%,3.03%,2.97%,4.86%,0.46%,1.13%,-0.55%,1.67%,3.27%,1.33%,91,114,115,91,114,212,346,395,325,408,19.34%,77.49%,335.8%,392.4%,224.7%,1012%,266.3%,1735%,-3.61%,-4.07%
2018/08/31,2018/07/31,1.57%,-0.95%,0.24%,-0.36%,-1.25%,7.71%,1.06%,4.40%,2.57%,2.41%,-2.79%,-4.50%,-1.17%,1.35%,3.55%,2.70%,92,113,115,91,112,228,349,412,334,418,15.98%,68.07%,323.6%,370.2%,236.2%,1042%,263.2%,1760%,-6.30%,-8.39%
2018/09/30,2018/08/31,-0.58%,0.75%,-0.74%,-0.04%,0.34%,0.15%,0.55%,-0.75%,0.34%,0.40%,1.29%,-0.81%,0.24%,-2.37%,0.10%,-2.12%,92,113,115,90,113,228,351,409,335,420,17.05%,68.50%,329.1%,366.4%,236.6%,1018%,255.1%,1716%,-5.10%,-9.14%
2018/10/31,2018/09/30,-0.78%,-0.10%,2.75%,0.96%,0.62%,-12.25%,-5.65%,-5.46%,-6.28%,-7.08%,-0.29%,1.36%,0.79%,-8.79%,-7.27%,-9.20%,91,113,118,91,113,200,331,386,314,390,18.68%,77.21%,327.9%,372.7%,212.1%,915.4%,248.2%,1556%,-5.37%,-7.90%
2018/11/30,2018/10/31,0.95%,0.95%,-2.91%,0.24%,1.97%,2.73%,2.63%,-0.93%,2.17%,3.98%,-0.36%,-0.36%,-1.92%,-0.54%,1.99%,-0.43%,92,114,114,92,116,206,340,383,321,405,19.89%,79.44%,326.3%,371.0%,218.3%,911.0%,239.8%,1547%,-5.71%,-8.23%
2018/12/31,2018/11/30,1.71%,-1.04%,-1.58%,-0.19%,0.80%,-8.92%,-9.91%,-10.16%,-9.23%,-8.43%,1.47%,0.10%,-0.98%,-12.37%,-9.28%,-12.40%,93,113,112,91,117,187,306,344,291,371,18.81%,80.30%,332.6%,371.5%,188.8%,785.7%,229.2%,1344%,-4.33%,-8.14%
2019/01/31,2018/12/31,1.10%,0.10%,-0.38%,-0.54%,-0.38%,10.29%,8.11%,8.94%,8.70%,7.90%,-2.64%,-2.12%,0.76%,13.76%,8.72%,14.39%,94,113,112,91,116,207,331,375,316,401,17.05%,76.01%,321.2%,361.5%,214.0%,913.1%,247.9%,1542%,-6.85%,-10.08%
2019/02/28,2019/01/31,-2.05%,1.59%,-0.04%,-0.29%,-0.70%,3.70%,4.79%,2.87%,2.57%,3.02%,1.06%,-0.32%,0.50%,5.22%,3.43%,5.32%,92,115,112,91,115,214,347,386,324,413,18.63%,74.81%,325.6%,360.0%,224.7%,967.0%,254.5%,1628%,-5.87%,-10.37%
2019/03/31,2019/02/28,-0.52%,0.18%,0.18%,-0.42%,0.00%,2.82%,1.08%,0.13%,0.66%,1.94%,1.61%,-0.03%,0.31%,-1.78%,1.41%,-1.77%,92,115,112,90,115,220,351,386,327,421,19.25%,73.27%,332.4%,359.9%,229.3%,948.1%,243.2%,1597%,-4.35%,-10.40%
2019/04/30,2019/03/31,0.55%,-1.17%,-2.92%,-1.03%,2.65%,4.30%,2.90%,1.83%,3.71%,6.28%,-0.51%,0.53%,-0.72%,2.94%,4.02%,2.78%,92,114,109,89,118,230,361,393,339,447,21.75%,76.71%,330.2%,362.3%,242.5%,977.2%,239.0%,1647%,-4.84%,-9.92%
2019/05/31,2019/04/30,1.03%,0.86%,1.52%,0.35%,-1.77%,-4.98%,-5.19%,-6.53%,-7.02%,-8.50%,-2.81%,-5.29%,-0.98%,-10.87%,-6.47%,-9.28%,93,115,111,90,116,218,342,367,315,409,18.35%,70.49%,318.2%,337.9%,220.4%,877.2%,229.4%,1457%,-7.51%,-14.69%
2019/06/30,2019/05/31,-1.42%,0.80%,0.46%,-0.29%,-0.35%,6.33%,7.28%,7.33%,6.99%,6.56%,0.48%,0.05%,-1.74%,5.28%,6.83%,5.26%,92,116,111,89,116,232,367,394,337,436,19.63%,70.88%,320.2%,338.1%,242.2%,928.7%,224.3%,1539%,-7.07%,-14.65%
2019/07/31,2019/06/30,-1.14%,0.48%,1.12%,0.95%,-0.40%,0.57%,1.24%,2.62%,2.00%,0.96%,-0.17%,-0.15%,0.93%,-0.21%,1.45%,-0.16%,91,116,112,90,115,234,372,405,344,440,20.51%,71.54%,319.5%,337.4%,247.2%,927.0%,219.0%,1536%,-7.23%,-14.77%
2019/08/31,2019/07/31,-1.85%,2.05%,-0.15%,1.08%,-0.47%,-1.34%,-1.85%,-2.54%,-2.23%,-2.50%,0.23%,-2.65%,0.48%,-6.24%,-2.11%,-5.44%,89,119,112,91,115,231,365,394,336,429,22.17%,69.55%,320.4%,325.8%,239.9%,871.1%,208.4%,1434%,-7.02%,-17.03%
2019/09/30,2019/08/31,0.19%,0.76%,1.35%,1.02%,0.01%,-0.94%,1.49%,3.46%,2.40%,1.99%,-0.32%,3.76%,0.72%,4.29%,1.76%,3.16%,89,120,114,92,115,228,370,408,344,438,21.95%,74.50%,319.1%,341.9%,245.8%,901.8%,212.7%,1500%,-7.32%,-13.91%
2019/10/31,2019/09/30,-1.10%,-2.23%,1.34%,0.58%,1.13%,1.62%,0.19%,3.57%,2.47%,3.18%,1.12%,0.37%,-1.44%,0.57%,2.20%,0.46%,88,117,115,93,116,232,371,423,353,452,24.66%,77.22%,323.7%,343.5%,253.4%,906.3%,207.3%,1509%,-6.28%,-13.59%
2019/11/30,2019/10/31,0.27%,-2.65%,0.51%,0.03%,0.57%,4.72%,1.40%,4.52%,3.52%,4.63%,-0.95%,-1.81%,-1.84%,2.68%,3.75%,3.22%,89,114,116,93,117,243,376,442,365,472,25.04%,77.05%,319.7%,335.5%,266.7%,938.8%,205.6%,1552%,-7.17%,-15.15%
2019/12/31,2019/11/30,-0.27%,0.32%,-0.12%,0.83%,-0.47%,1.80%,3.14%,3.11%,3.54%,2.58%,1.44%,2.80%,0.61%,5.05%,2.79%,4.21%,88,114,116,93,116,247,388,455,378,485,24.79%,78.43%,325.7%,347.7%,276.9%,982.5%,210.0%,1635%,-5.84%,-12.78%
2020/01/31,2019/12/31,0.17%,-0.85%,-0.68%,-0.69%,0.16%,2.37%,0.59%,-1.65%,-0.77%,-0.88%,-0.81%,-4.11%,1.81%,-3.53%,0.06%,-2.29%,89,113,115,93,116,253,390,448,375,480,24.78%,72.63%,322.3%,329.3%,277.2%,957.7%,202.7%,1574%,-6.60%,-16.36%
2020/02/29,2020/01/31,-0.28%,-0.10%,-0.81%,-0.07%,-0.01%,-6.75%,-8.94%,-9.07%,-7.83%,-7.47%,-0.61%,-1.99%,-2.36%,-8.21%,-8.00%,-7.61%,88,113,114,93,116,236,355,407,346,445,25.11%,71.40%,319.7%,320.8%,247.0%,877.1%,203.9%,1437%,-7.17%,-18.02%
2020/03/31,2020/02/29,-3.88%,-2.89%,0.07%,-0.40%,0.27%,-12.96%,-14.33%,-16.22%,-11.65%,-13.89%,3.87%,-4.01%,-4.75%,-26.87%,-13.57%,-25.67%,85,110,114,92,117,206,305,341,305,383,30.31%,69.79%,336.0%,303.9%,199.9%,626.3%,167.1%,1024%,-3.57%,-21.30%
2020/04/30,2020/03/31,0.11%,-0.79%,0.29%,1.35%,-0.23%,15.07%,10.28%,12.41%,14.25%,13.52%,1.32%,1.54%,3.10%,19.75%,13.44%,19.29%,85,109,114,94,116,237,336,384,349,435,29.88%,67.16%,341.7%,310.1%,240.2%,766.4%,182.7%,1246%,-2.30%,-20.09%
2020/05/31,2020/04/30,-1.82%,0.96%,-0.57%,-0.03%,-1.07%,6.15%,5.46%,4.05%,6.13%,4.66%,-1.00%,-3.00%,-0.98%,4.93%,5.40%,5.83%,83,110,114,94,115,251,354,399,370,455,30.85%,64.66%,337.3%,297.8%,258.6%,816.9%,183.9%,1312%,-3.28%,-22.49%
2020/06/30,2020/05/31,-0.49%,2.25%,-1.52%,0.75%,-2.74%,3.25%,4.51%,0.54%,3.00%,-0.37%,-1.23%,-2.73%,0.55%,5.04%,2.43%,5.85%,83,113,112,94,112,259,370,401,381,453,27.91%,58.70%,331.9%,287.0%,267.3%,870.6%,193.7%,1383%,-4.47%,-24.60%
2020/07/31,2020/06/30,1.24%,0.45%,-1.20%,-4.84%,-0.19%,7.88%,8.96%,3.93%,1.72%,4.44%,-1.19%,-1.94%,-0.26%,2.58%,5.73%,3.16%,84,113,111,90,112,280,403,417,388,473,26.09%,53.24%,326.8%,279.5%,288.3%,901.2%,186.1%,1421%,-5.60%,-26.06%
2020/08/31,2020/07/31,1.18%,-0.16%,-2.86%,-1.74%,-0.91%,9.95%,9.23%,4.13%,5.66%,6.22%,1.33%,-0.32%,-1.02%,5.28%,7.38%,5.37%,85,113,107,88,111,307,441,434,410,503,23.46%,47.52%,332.5%,278.3%,317.0%,955.0%,180.4%,1501%,-4.34%,-26.30%
2020/09/30,2020/08/31,-0.29%,-0.73%,0.08%,0.36%,-1.27%,-2.98%,-3.88%,-3.39%,-3.45%,-4.75%,-0.15%,-2.05%,0.66%,-4.35%,-3.61%,-3.74%,85,112,108,88,109,298,423,420,396,479,22.25%,44.91%,331.9%,270.5%,301.9%,915.6%,180.0%,1432%,-4.49%,-27.81%
2020/10/31,2020/09/30,1.19%,0.10%,-0.26%,-0.46%,0.46%,-2.47%,-2.28%,-2.37%,-1.94%,-0.96%,-1.59%,1.57%,-4.79%,1.42%,-2.11%,0.95%,86,112,107,88,110,291,414,410,388,474,21.36%,47.09%,325.0%,276.3%,293.4%,925.2%,188.6%,1453%,-6.00%,-26.68%
2020/11/30,2020/10/31,2.54%,-1.24%,-0.17%,0.24%,-0.73%,14.44%,10.55%,12.26%,12.86%,11.76%,-4.88%,-1.86%,-0.92%,21.14%,12.26%,21.70%,88,111,107,88,109,333,457,460,438,530,17.39%,43.15%,304.2%,269.3%,341.6%,1148%,215.8%,1782%,-10.59%,-28.04%
2020/12/31,2020/11/30,-0.07%,-1.42%,-0.95%,-0.39%,-0.91%,6.49%,2.96%,3.67%,3.88%,4.59%,1.53%,1.67%,-1.01%,10.04%,4.57%,9.54%,88,109,106,88,108,355,471,477,455,554,16.40%,40.43%,310.4%,275.5%,361.8%,1267%,231.5%,1971%,-9.22%,-26.84%
2021/01/31,2020/12/31,-2.23%,-0.60%,0.02%,2.33%,-1.55%,-0.81%,-1.51%,0.11%,1.69%,-0.29%,-5.34%,-3.09%,-0.92%,8.82%,-0.12%,9.75%,86,109,106,90,106,352,464,477,463,553,17.19%,41.15%,288.5%,263.9%,361.3%,1400%,264.3%,2154%,-14.07%,-29.10%
