Date,fdate,Accrual_AR_1,Accrual_AR_2,Accrual_AR_3,Accrual_AR_4,Accrual_AR_5,Accrual_TR_1,Accrual_TR_2,Accrual_TR_3,Accrual_TR_4,Accrual_TR_5,Accrual_AR_Sig,Accrual_TR_Sig,Accrual_AR_130,Accrual_TR_130,Accrual_TR_BP,Accrual_TR_LO,Accrual_CAR_1,Accrual_CAR_2,Accrual_CAR_3,Accrual_CAR_4,Accrual_CAR_5,Accrual_CTR_1,Accrual_CTR_2,Accrual_CTR_3,Accrual_CTR_4,Accrual_CTR_5,Accrual_CAR_LS,Accrual_CTR_LS,Accrual_CAR_SW,Accrual_CTR_SW,Accrual_CTR_BP,Accrual_CTR_LO,Accrual_CXR_LO,Accrual_CTR_13,Accrual_CADD,Accrual_CTDD
2001/02/28,2001/01/31,1.83%,2.03%,1.06%,4.46%,-2.97%,-14.23%,-7.77%,-4.84%,-7.48%,-19.30%,8.42%,0.27%,20.88%,-10.68%,-9.48%,-10.76%,102,102,101,104,97,86,92,95,93,81,-4.80%,-5.07%,8.42%,0.27%,-9.48%,-10.76%,-1.28%,-10.68%,0.00%,0.00%
2001/03/31,2001/02/28,3.60%,-0.44%,2.08%,-2.20%,0.82%,-8.16%,-6.04%,-4.33%,-7.70%,-9.11%,1.63%,-4.44%,4.57%,-14.01%,-6.73%,-12.67%,105,102,103,102,98,79,87,91,85,73,-7.44%,-5.97%,10.19%,-4.18%,-15.57%,-22.07%,-7.15%,-23.19%,0.00%,-4.44%
2001/04/30,2001/03/31,-1.11%,-0.03%,0.53%,0.65%,-2.38%,12.14%,7.22%,7.49%,7.86%,8.31%,-3.30%,1.35%,-7.75%,11.00%,8.26%,10.59%,104,102,104,103,95,88,93,98,92,79,-8.61%,-9.57%,6.54%,-2.89%,-8.60%,-13.82%,-4.99%,-14.74%,-3.30%,-3.16%
2001/05/31,2001/04/30,-1.26%,-0.31%,0.74%,-0.24%,-0.66%,-0.48%,1.19%,2.13%,0.88%,0.72%,4.35%,3.30%,9.30%,10.91%,1.01%,9.92%,103,101,104,103,95,88,94,100,93,80,-8.06%,-8.49%,11.18%,0.31%,-7.68%,-5.27%,3.48%,-5.44%,0.00%,0.00%
2001/06/30,2001/05/31,-0.75%,-0.16%,1.31%,2.83%,0.42%,-0.71%,-2.91%,-2.30%,-0.12%,-0.28%,-2.69%,-2.48%,-6.79%,-0.97%,-1.54%,-0.23%,102,101,106,105,95,87,91,98,93,80,-6.98%,-8.09%,8.19%,-2.17%,-9.10%,-5.49%,4.84%,-6.36%,-2.69%,-2.48%
2001/07/31,2001/06/30,-1.22%,-1.50%,1.55%,-2.65%,2.60%,-4.73%,-2.56%,0.93%,-2.19%,-2.13%,1.99%,-1.83%,6.08%,-6.84%,-1.79%,-6.30%,101,100,107,103,98,83,89,99,91,78,-3.43%,-5.70%,10.35%,-3.96%,-10.73%,-11.44%,0.12%,-12.77%,-0.75%,-4.26%
2001/08/31,2001/07/31,-0.31%,0.98%,0.30%,1.95%,-1.16%,-7.04%,-5.78%,-5.76%,-4.37%,-9.34%,-0.18%,-2.50%,0.50%,-7.56%,-5.97%,-6.81%,101,101,108,105,97,77,84,93,87,71,-4.25%,-7.87%,10.14%,-6.36%,-16.06%,-17.47%,-0.73%,-19.37%,-0.93%,-6.65%
2001/09/30,2001/08/31,2.74%,-0.20%,0.75%,-3.85%,-4.29%,-10.03%,-7.58%,-5.19%,-12.04%,-16.49%,0.77%,-2.73%,5.98%,-16.99%,-8.92%,-16.18%,103,100,109,101,92,70,77,88,76,59,-10.98%,-13.82%,10.99%,-8.91%,-23.54%,-30.82%,-7.93%,-33.07%,-0.17%,-9.19%
2001/10/31,2001/09/30,1.07%,0.37%,3.17%,2.33%,6.82%,6.15%,1.09%,0.50%,2.87%,12.45%,-3.53%,3.36%,-7.40%,14.00%,2.68%,12.99%,105,101,112,103,99,74,78,88,79,66,-5.86%,-8.38%,7.07%,-5.85%,-21.50%,-21.84%,1.56%,-23.70%,-3.69%,-6.15%
2001/11/30,2001/10/31,-1.27%,-0.94%,-0.68%,0.27%,3.38%,6.85%,7.64%,6.07%,8.93%,14.11%,0.53%,1.33%,0.29%,10.58%,7.75%,10.18%,103,100,111,103,102,79,84,94,86,76,-1.48%,-1.72%,7.64%,-4.60%,-15.41%,-13.88%,4.03%,-15.63%,-3.19%,-4.90%
2001/12/31,2001/11/30,0.89%,-0.47%,0.66%,1.28%,-1.62%,3.19%,0.47%,1.25%,2.71%,2.21%,0.65%,0.59%,1.60%,7.84%,1.71%,7.66%,104,99,112,105,100,81,85,95,88,78,-3.96%,-2.69%,8.34%,-4.04%,-13.96%,-7.28%,10.22%,-9.02%,-2.55%,-4.34%
2002/01/31,2001/12/31,-1.64%,-0.97%,1.27%,-0.53%,3.12%,-3.05%,-3.05%,0.61%,-1.01%,-0.29%,4.81%,2.33%,7.80%,3.74%,-1.25%,3.04%,102,98,113,104,104,79,82,96,87,77,0.62%,-0.01%,13.56%,-1.80%,-15.04%,-4.46%,14.96%,-5.61%,0.00%,-2.11%
2002/02/28,2002/01/31,-0.03%,0.82%,0.54%,1.11%,-5.85%,-3.30%,-1.92%,-0.85%,-0.25%,-11.16%,-0.62%,-3.41%,-1.18%,-9.24%,-2.10%,-8.22%,102,99,114,105,98,76,81,95,87,69,-5.24%,-7.86%,12.86%,-5.15%,-16.83%,-12.31%,7.93%,-14.33%,-0.62%,-5.45%
2002/03/31,2002/02/28,1.14%,0.08%,0.29%,1.25%,1.08%,6.45%,5.04%,2.39%,4.48%,6.68%,-1.63%,-2.22%,-2.06%,6.35%,4.42%,7.01%,104,99,114,107,99,81,85,97,91,73,-5.29%,-7.66%,11.02%,-7.26%,-13.15%,-6.16%,10.73%,-8.90%,-2.24%,-7.55%
2002/04/30,2002/03/31,-2.88%,-0.98%,0.73%,2.95%,-1.48%,-7.84%,-6.22%,-4.03%,-2.09%,-8.09%,1.41%,-2.24%,1.30%,-4.59%,-5.00%,-3.92%,101,98,115,110,97,75,79,93,89,67,-3.97%,-7.89%,12.58%,-9.34%,-17.49%,-9.83%,11.92%,-13.08%,-0.86%,-9.62%
2002/05/31,2002/04/30,0.51%,-0.77%,-0.46%,-1.08%,1.33%,-1.36%,-1.64%,-0.11%,-1.55%,-1.46%,-1.53%,-2.47%,-0.11%,-6.18%,-1.20%,-5.44%,101,97,115,108,98,74,78,93,87,66,-3.18%,-7.99%,10.86%,-11.57%,-18.48%,-14.74%,7.17%,-18.45%,-2.38%,-11.85%
2002/06/30,2002/05/31,-2.72%,2.44%,2.25%,-1.47%,-1.72%,-9.98%,-4.79%,-4.94%,-8.23%,-11.62%,-2.21%,-3.20%,-6.77%,-12.48%,-6.92%,-11.52%,98,100,117,107,97,66,74,88,80,59,-2.21%,-9.49%,8.41%,-14.40%,-24.12%,-24.56%,2.25%,-28.63%,-4.53%,-14.67%
2002/07/31,2002/06/30,-1.92%,-0.38%,-3.01%,2.89%,2.04%,-11.04%,-8.37%,-9.44%,-4.20%,-10.96%,-2.29%,-0.41%,-0.72%,-12.97%,-7.99%,-12.85%,96,99,114,110,99,59,68,80,77,52,1.66%,-9.42%,5.93%,-14.75%,-30.19%,-34.25%,-2.72%,-37.89%,-6.72%,-15.02%
2002/08/31,2002/07/31,0.39%,0.31%,-1.32%,-1.89%,-0.29%,0.60%,1.28%,0.77%,0.19%,-0.59%,0.83%,-0.04%,3.57%,-0.10%,0.64%,-0.09%,97,100,112,108,98,59,69,81,77,52,0.97%,-10.50%,6.81%,-14.79%,-29.74%,-34.31%,-3.42%,-37.95%,-5.94%,-15.06%
2002/09/30,2002/08/31,-0.46%,-1.34%,-0.05%,-1.63%,0.33%,-11.36%,-11.01%,-9.50%,-9.33%,-10.44%,0.42%,-1.19%,2.02%,-11.42%,-10.13%,-11.06%,96,98,112,106,99,53,61,73,70,46,1.77%,-9.68%,7.25%,-15.80%,-36.86%,-41.58%,-4.33%,-45.04%,-5.55%,-16.07%
2002/10/31,2002/09/30,2.11%,2.32%,1.41%,0.03%,1.98%,9.26%,9.51%,7.66%,5.23%,8.85%,-1.17%,2.33%,-2.79%,8.43%,7.77%,7.73%,98,101,114,106,101,58,67,79,73,51,1.63%,-10.05%,6.00%,-13.85%,-31.95%,-37.06%,-4.36%,-40.40%,-6.65%,-14.12%
2002/11/30,2002/10/31,0.80%,-0.48%,0.35%,-0.91%,-0.30%,9.27%,6.81%,5.53%,3.97%,7.31%,5.23%,11.39%,6.74%,28.24%,6.03%,24.83%,99,100,114,105,100,63,72,83,76,54,0.51%,-11.82%,11.55%,-4.04%,-27.85%,-21.44%,13.62%,-23.57%,-1.77%,-4.34%
2002/12/31,2002/11/30,-0.80%,-0.14%,-0.20%,0.28%,1.44%,-8.61%,-5.56%,-5.87%,-3.92%,-5.36%,-0.53%,-4.04%,1.48%,-10.61%,-5.58%,-9.40%,98,100,114,105,102,58,68,78,73,51,2.76%,-8.96%,10.96%,-7.91%,-31.88%,-28.82%,9.28%,-31.68%,-2.29%,-8.20%
2003/01/31,2002/12/31,0.11%,0.16%,-1.14%,0.52%,1.63%,-2.90%,-2.30%,-3.56%,-2.09%,-0.92%,1.61%,1.63%,4.43%,3.39%,-2.56%,2.90%,99,100,113,106,103,56,66,75,72,51,4.32%,-7.16%,12.75%,-6.42%,-33.63%,-26.75%,15.26%,-29.36%,-0.71%,-6.71%
2003/02/28,2003/01/31,-0.28%,0.19%,-0.63%,0.73%,1.74%,-2.81%,-1.73%,-2.46%,-1.19%,-0.25%,0.55%,0.58%,0.25%,-2.43%,-1.81%,-2.61%,98,100,112,107,105,54,65,74,71,51,6.43%,-4.78%,13.37%,-5.87%,-34.83%,-28.66%,14.34%,-31.08%,-0.17%,-6.17%
2003/03/31,2003/02/28,-0.14%,1.17%,0.46%,2.00%,0.96%,0.52%,1.50%,0.80%,1.78%,1.66%,-0.42%,0.18%,-0.72%,1.95%,1.22%,1.89%,98,102,112,109,106,55,66,74,72,52,7.61%,-3.70%,12.89%,-5.70%,-34.03%,-27.31%,15.10%,-29.74%,-0.59%,-5.99%
2003/04/30,2003/03/31,1.22%,-2.44%,0.30%,1.43%,-0.22%,11.96%,6.37%,7.48%,8.98%,9.28%,-0.13%,2.02%,-1.17%,13.27%,8.22%,12.66%,99,99,113,111,106,61,70,80,79,56,6.06%,-6.28%,12.75%,-3.79%,-28.61%,-18.11%,20.21%,-20.42%,-0.71%,-4.09%
2003/05/31,2003/04/30,-1.84%,-0.11%,-0.44%,0.25%,1.23%,7.54%,7.26%,4.63%,5.55%,9.07%,7.43%,11.51%,11.53%,30.27%,6.23%,26.81%,97,99,112,111,107,66,75,83,83,62,9.32%,-4.85%,21.13%,7.28%,-24.16%,3.85%,44.96%,3.67%,0.00%,0.00%
2003/06/30,2003/05/31,-0.67%,0.66%,-0.40%,0.09%,-0.80%,1.70%,2.10%,1.22%,1.35%,1.09%,1.18%,1.61%,3.65%,8.37%,1.49%,7.89%,97,100,112,111,107,67,77,84,84,62,9.18%,-5.43%,22.56%,9.01%,-23.03%,12.04%,54.24%,12.35%,0.00%,0.00%
2003/07/31,2003/06/30,1.14%,-0.83%,0.34%,1.97%,0.42%,4.60%,0.99%,2.02%,3.12%,3.14%,1.36%,1.90%,2.28%,10.19%,2.46%,9.63%,98,99,112,113,107,70,78,86,87,64,8.39%,-6.81%,24.23%,11.07%,-21.14%,22.82%,65.29%,23.80%,0.00%,0.00%
2003/08/31,2003/07/31,-0.63%,-1.08%,-1.32%,1.71%,-0.24%,3.33%,1.27%,1.45%,3.65%,2.87%,0.99%,1.13%,1.21%,6.41%,2.35%,6.07%,97,98,111,115,107,72,79,87,90,66,8.81%,-7.24%,25.46%,12.33%,-19.28%,30.28%,71.44%,31.74%,0.00%,0.00%
2003/09/30,2003/08/31,-1.90%,-0.58%,0.85%,-0.07%,0.35%,-3.04%,-1.64%,-0.02%,-1.01%,-0.64%,2.54%,3.52%,6.06%,7.30%,-1.08%,6.25%,95,97,112,115,107,70,77,87,89,66,11.26%,-5.02%,28.65%,16.28%,-20.15%,38.42%,84.00%,41.36%,0.00%,0.00%
2003/10/31,2003/09/30,0.21%,0.19%,-0.86%,1.05%,2.81%,7.96%,6.73%,4.03%,6.02%,7.63%,1.63%,-0.08%,3.30%,9.54%,6.06%,9.57%,96,97,111,116,110,76,83,91,94,71,14.16%,-5.33%,30.75%,16.19%,-15.32%,51.67%,90.46%,54.85%,0.00%,-0.08%
2003/11/30,2003/10/31,0.03%,0.44%,-0.94%,0.43%,-0.10%,2.19%,2.50%,0.12%,1.62%,1.77%,1.26%,0.99%,1.85%,4.35%,1.47%,4.06%,96,98,110,117,110,77,85,91,96,72,14.00%,-5.73%,32.39%,17.34%,-14.07%,57.82%,95.38%,61.59%,0.00%,0.00%
2003/12/31,2003/11/30,0.47%,0.53%,-0.05%,-0.12%,-5.67%,5.44%,5.03%,4.60%,3.99%,1.99%,-1.91%,-0.03%,-3.76%,2.84%,4.39%,2.85%,96,98,110,116,104,81,89,95,100,73,7.01%,-8.98%,29.86%,17.30%,-10.30%,62.31%,92.37%,66.18%,-1.91%,-0.03%
2004/01/31,2003/12/31,-0.82%,-0.61%,0.39%,0.29%,-0.15%,1.93%,1.37%,2.69%,2.55%,2.79%,5.93%,6.87%,11.31%,16.57%,2.25%,14.51%,95,98,110,117,104,83,90,98,102,75,7.73%,-8.19%,37.56%,25.37%,-8.28%,85.86%,116.0%,93.72%,0.00%,0.00%
2004/02/29,2004/01/31,-1.22%,-0.17%,0.90%,0.40%,-1.70%,0.26%,1.20%,2.40%,1.87%,0.39%,-1.83%,-1.23%,-2.41%,-1.09%,1.48%,-0.72%,94,98,111,117,102,83,91,100,104,76,7.21%,-8.07%,35.05%,23.83%,-6.92%,84.53%,111.2%,91.61%,-1.83%,-1.23%
2004/03/31,2004/02/29,0.28%,-0.00%,0.42%,-0.31%,-1.00%,-0.59%,-0.79%,-0.65%,-1.52%,-2.02%,-1.48%,-0.57%,-2.30%,-0.69%,-1.09%,-0.52%,94,98,112,117,101,83,91,99,103,74,5.84%,-9.38%,33.05%,23.13%,-7.94%,83.57%,112.4%,90.30%,-3.28%,-1.79%
2004/04/30,2004/03/31,-2.77%,0.39%,-0.76%,0.19%,-0.69%,-4.18%,-1.64%,-2.39%,-1.02%,-2.15%,-0.51%,0.04%,-1.86%,-3.94%,-2.03%,-3.95%,92,98,111,117,100,79,89,97,102,72,8.04%,-7.54%,32.37%,23.17%,-9.81%,76.33%,108.4%,82.81%,-3.78%,-1.75%
2004/05/31,2004/04/30,0.25%,0.45%,-0.38%,0.04%,1.64%,1.20%,1.43%,0.69%,1.27%,2.76%,0.41%,0.24%,-0.94%,-0.68%,1.34%,-0.75%,92,98,110,117,102,80,90,98,103,75,9.54%,-6.09%,32.92%,23.46%,-8.61%,75.00%,104.0%,81.56%,-3.38%,-1.52%
2004/06/30,2004/05/31,-1.10%,0.28%,-0.75%,1.14%,-0.21%,1.31%,2.40%,0.87%,2.73%,2.69%,-0.61%,-0.95%,-2.60%,1.07%,1.96%,1.35%,91,99,109,119,102,81,92,98,106,77,10.52%,-4.79%,32.11%,22.29%,-6.81%,77.37%,102.8%,83.50%,-3.96%,-2.45%
2004/07/31,2004/06/30,-0.86%,1.08%,-2.40%,1.29%,-1.13%,-4.52%,-3.39%,-4.88%,-2.37%,-6.82%,-0.51%,-0.40%,-3.49%,-8.57%,-3.87%,-8.45%,90,100,107,120,100,78,89,94,103,71,10.22%,-6.98%,31.44%,21.80%,-10.42%,62.38%,93.46%,67.77%,-4.45%,-2.84%
2004/08/31,2004/07/31,0.28%,0.16%,0.35%,0.82%,-2.33%,0.50%,0.27%,0.51%,1.04%,-2.42%,-1.10%,-0.95%,-2.30%,-2.92%,0.29%,-2.63%,91,100,107,121,98,78,90,94,104,70,7.34%,-9.69%,29.99%,20.65%,-10.15%,58.11%,87.81%,62.88%,-5.51%,-3.77%
2004/09/30,2004/08/31,2.32%,-0.11%,-0.41%,-1.57%,1.21%,3.84%,1.77%,1.18%,0.19%,2.82%,0.22%,-0.39%,0.47%,3.52%,1.66%,3.64%,93,100,107,119,99,81,91,95,105,72,6.15%,-10.61%,30.27%,20.17%,-8.67%,63.87%,91.54%,68.62%,-5.30%,-4.14%
2004/10/31,2004/09/30,-0.14%,-0.76%,-0.21%,1.08%,0.38%,1.41%,0.64%,1.25%,2.53%,2.30%,-0.45%,-0.31%,-1.18%,0.99%,1.55%,1.08%,92,99,107,120,100,82,92,96,107,73,6.71%,-9.82%,29.69%,19.80%,-7.25%,65.64%,90.64%,70.29%,-5.72%,-4.44%
2004/11/30,2004/10/31,-0.10%,0.38%,-0.69%,0.62%,-0.37%,5.07%,4.63%,3.78%,5.30%,5.17%,0.78%,-0.20%,1.48%,10.05%,4.65%,10.11%,92,99,106,121,99,86,96,100,113,77,6.43%,-9.73%,30.70%,19.57%,-2.94%,82.39%,101.0%,87.41%,-4.99%,-4.63%
2004/12/31,2004/11/30,-0.11%,0.24%,1.06%,-0.79%,-0.59%,3.70%,3.51%,4.27%,2.80%,4.14%,1.35%,1.70%,4.18%,9.79%,3.62%,9.28%,92,100,107,120,99,90,99,104,116,80,5.92%,-9.32%,32.47%,21.60%,0.58%,99.30%,112.4%,105.7%,-3.70%,-3.01%
2005/01/31,2004/12/31,1.71%,-0.81%,0.34%,-0.55%,0.38%,-1.19%,-2.98%,-2.23%,-3.02%,-4.14%,-1.16%,-1.70%,-0.76%,-6.08%,-2.69%,-5.57%,94,99,107,120,99,88,96,102,113,77,4.52%,-12.00%,30.93%,19.53%,-2.13%,88.21%,106.3%,93.25%,-4.83%,-4.65%
2005/02/28,2005/01/31,1.03%,2.59%,-0.76%,-1.07%,-0.68%,3.04%,4.45%,1.28%,0.90%,0.63%,-0.30%,-0.39%,-1.31%,-0.25%,2.06%,-0.13%,95,101,106,118,98,91,101,103,114,77,2.73%,-14.12%,30.54%,19.06%,-0.11%,87.97%,101.8%,92.77%,-5.11%,-5.03%
2005/03/31,2005/02/28,0.33%,-0.50%,-1.05%,0.67%,0.81%,-1.65%,-2.11%,-2.21%,-0.86%,-1.96%,-0.33%,-0.50%,-1.98%,-4.83%,-1.73%,-4.68%,95,101,105,119,99,90,99,101,113,76,3.23%,-14.38%,30.10%,18.47%,-1.84%,79.17%,95.84%,83.46%,-5.43%,-5.50%
2005/04/30,2005/03/31,-1.71%,1.14%,-1.17%,0.58%,0.71%,-4.82%,-0.76%,-3.61%,-1.58%,-3.78%,-0.71%,-0.31%,-0.72%,-7.26%,-2.23%,-7.17%,93,102,104,120,100,85,98,97,111,73,5.72%,-13.50%,29.18%,18.10%,-4.03%,66.32%,86.17%,70.13%,-6.09%,-5.79%
2005/05/31,2005/04/30,-0.90%,-0.71%,0.24%,0.64%,1.66%,3.52%,2.66%,4.47%,3.98%,7.32%,-0.10%,-0.28%,-2.16%,5.10%,3.88%,5.18%,93,101,104,121,102,88,100,102,115,78,8.43%,-10.20%,29.05%,17.77%,-0.31%,74.94%,88.60%,78.81%,-6.19%,-6.06%
2005/06/30,2005/05/31,0.19%,0.71%,-0.28%,-1.27%,0.08%,2.38%,1.01%,0.70%,-0.23%,1.35%,-0.22%,-0.09%,-0.41%,3.89%,0.85%,3.92%,93,102,104,119,102,90,101,102,115,79,8.31%,-11.13%,28.78%,17.66%,0.54%,81.80%,94.39%,85.76%,-6.39%,-6.15%
2005/07/31,2005/06/30,1.03%,-0.99%,1.43%,0.92%,-1.39%,5.67%,2.89%,4.53%,4.83%,4.80%,-0.68%,0.17%,-1.39%,7.50%,4.20%,7.45%,94,101,106,120,100,96,104,107,120,83,5.68%,-11.90%,27.90%,17.86%,4.76%,95.34%,100.7%,99.69%,-7.03%,-5.99%
2005/08/31,2005/07/31,1.19%,0.76%,-1.34%,-0.56%,0.34%,0.32%,-0.30%,-2.09%,-1.38%,-1.57%,0.28%,0.10%,1.36%,-1.06%,-1.01%,-1.08%,95,102,104,119,101,96,104,105,119,82,4.79%,-13.57%,28.25%,17.97%,3.70%,93.22%,100.5%,97.58%,-6.77%,-5.90%
2005/09/30,2005/08/31,-0.08%,0.31%,-0.18%,0.66%,0.86%,0.45%,1.01%,0.45%,1.20%,0.46%,1.03%,1.10%,2.32%,1.57%,0.77%,1.24%,95,102,104,120,101,96,105,105,120,82,5.77%,-13.56%,29.57%,19.27%,4.50%,95.62%,101.5%,100.7%,-5.81%,-4.86%
2005/10/31,2005/09/30,-0.83%,-0.43%,0.06%,0.49%,0.49%,-2.62%,-1.95%,-1.68%,-1.03%,-1.72%,-0.32%,-0.31%,-2.23%,-4.94%,-1.76%,-4.85%,94,102,104,121,102,94,103,104,119,81,7.17%,-12.78%,29.15%,18.90%,2.66%,86.14%,95.28%,90.78%,-6.12%,-5.16%
2005/11/30,2005/10/31,-1.16%,-0.08%,0.99%,0.39%,1.02%,2.62%,3.38%,4.66%,3.96%,5.33%,-0.71%,-1.34%,-1.97%,2.55%,3.93%,2.95%,93,102,105,121,103,96,107,108,124,85,9.50%,-10.42%,28.24%,17.30%,6.69%,91.63%,93.37%,95.64%,-6.78%,-6.43%
2005/12/31,2005/11/30,0.54%,0.10%,-0.27%,-0.11%,0.28%,0.55%,0.25%,-0.31%,-0.06%,-0.21%,0.61%,1.55%,2.37%,2.87%,0.04%,2.41%,93,102,105,121,103,97,107,108,124,85,9.21%,-11.10%,29.02%,19.12%,6.73%,96.24%,97.96%,101.3%,-6.21%,-4.98%
2006/01/31,2005/12/31,1.22%,-0.04%,0.70%,-1.29%,-2.82%,5.72%,2.55%,3.57%,3.28%,3.15%,1.15%,1.35%,-0.19%,10.19%,3.44%,9.79%,95,102,105,120,100,102,110,112,128,88,4.80%,-13.38%,30.50%,20.73%,10.40%,115.4%,110.5%,121.8%,-5.13%,-3.70%
2006/02/28,2006/01/31,-1.15%,0.61%,0.30%,0.53%,-1.74%,-1.32%,0.70%,0.57%,0.68%,-1.67%,0.52%,0.51%,0.98%,1.16%,0.09%,1.01%,94,102,106,120,99,101,110,113,129,86,4.18%,-13.68%,31.18%,21.35%,10.50%,117.6%,112.5%,124.4%,-4.64%,-3.20%
2006/03/31,2006/02/28,-0.06%,0.32%,-0.58%,-0.61%,-0.94%,2.75%,1.77%,1.20%,1.67%,2.75%,1.82%,2.14%,0.13%,6.83%,1.90%,6.18%,93,103,105,119,98,104,112,114,131,89,3.26%,-13.68%,33.56%,23.94%,12.59%,131.1%,121.6%,139.7%,-2.91%,-1.13%
2006/04/30,2006/03/31,0.22%,-0.62%,-0.41%,-0.06%,1.77%,1.80%,0.87%,1.02%,0.70%,0.95%,-1.12%,-1.24%,-0.82%,-0.70%,0.99%,-0.32%,94,102,105,119,99,106,113,115,132,89,4.87%,-14.42%,32.07%,22.40%,13.71%,130.3%,118.7%,138.0%,-3.99%,-2.37%
2006/05/31,2006/04/30,-0.07%,-0.44%,-0.71%,0.50%,0.20%,-3.35%,-2.87%,-2.41%,-2.41%,-6.22%,-1.53%,-1.78%,-2.31%,-7.64%,-3.11%,-7.11%,94,102,104,120,100,102,110,112,128,84,5.15%,-16.88%,30.05%,20.23%,10.17%,114.0%,109.9%,119.8%,-5.46%,-4.10%
2006/06/30,2006/05/31,0.15%,0.07%,-0.40%,-0.06%,1.11%,0.44%,0.15%,-0.32%,0.07%,0.81%,0.39%,0.56%,-0.97%,-1.05%,0.19%,-1.22%,94,102,104,120,101,103,110,112,129,84,6.16%,-16.57%,30.56%,20.90%,10.39%,111.4%,107.0%,117.5%,-5.09%,-3.56%
2006/07/31,2006/06/30,0.97%,1.07%,-0.05%,-1.37%,-0.23%,0.51%,1.55%,-0.39%,-1.77%,-3.12%,-1.03%,-0.81%,-1.82%,-5.26%,-0.28%,-5.01%,95,103,104,118,100,103,112,111,126,82,4.88%,-19.61%,29.21%,19.92%,10.08%,100.8%,97.16%,106.1%,-6.07%,-4.34%
2006/08/31,2006/07/31,-2.22%,0.59%,0.12%,0.94%,-0.34%,-0.25%,2.82%,2.60%,3.31%,2.74%,-0.69%,-1.02%,-2.67%,0.93%,2.48%,1.24%,93,103,104,119,100,103,115,114,130,84,6.85%,-17.20%,28.32%,18.69%,12.81%,103.3%,94.71%,108.0%,-6.72%,-5.32%
2006/09/30,2006/08/31,0.50%,0.37%,-0.34%,0.02%,-1.30%,2.66%,2.78%,1.88%,2.00%,1.01%,-1.00%,-0.81%,-1.24%,0.22%,2.24%,0.46%,93,104,103,119,99,106,118,117,133,85,4.93%,-18.56%,27.03%,17.73%,15.33%,104.2%,91.26%,108.4%,-7.66%,-6.09%
2006/10/31,2006/09/30,0.75%,0.06%,-0.23%,0.03%,-1.00%,4.59%,3.49%,3.34%,3.77%,3.45%,-0.16%,0.72%,-0.52%,6.40%,3.69%,6.18%,94,104,103,119,98,110,122,120,138,88,3.09%,-19.48%,26.82%,18.58%,19.59%,116.8%,96.02%,121.8%,-7.81%,-5.41%
2006/11/30,2006/10/31,-0.43%,0.48%,-0.46%,-0.23%,-0.14%,1.89%,2.64%,1.76%,1.85%,2.18%,0.42%,0.46%,-0.76%,2.67%,2.16%,2.53%,93,104,103,119,98,112,126,123,141,90,3.39%,-19.25%,27.35%,19.13%,22.17%,122.3%,96.76%,127.7%,-7.42%,-4.98%
2006/12/31,2006/11/30,0.61%,-1.08%,1.28%,-0.36%,-0.02%,2.06%,0.96%,1.89%,0.49%,1.24%,0.33%,0.00%,0.32%,1.68%,1.18%,1.68%,94,103,104,119,98,115,127,125,141,91,2.74%,-19.91%,27.77%,19.13%,23.61%,126.0%,97.73%,131.5%,-7.12%,-4.97%
2007/01/31,2006/12/31,0.81%,-0.54%,0.15%,1.25%,-0.31%,2.46%,1.27%,1.92%,3.01%,1.81%,0.90%,1.52%,1.64%,4.30%,2.01%,3.85%,95,103,104,120,97,118,128,127,146,93,1.58%,-20.43%,28.92%,20.94%,26.09%,134.7%,101.4%,141.5%,-6.29%,-3.53%
2007/02/28,2007/01/31,-2.53%,0.29%,0.83%,-0.04%,0.44%,-3.74%,-1.52%,-0.47%,-0.97%,-1.75%,-0.17%,-0.83%,0.39%,-0.30%,-1.63%,-0.05%,92,103,105,120,98,113,126,127,144,91,4.60%,-18.84%,28.70%,19.94%,24.04%,134.6%,104.6%,140.8%,-6.44%,-4.33%
2007/03/31,2007/02/28,-0.25%,0.14%,-0.11%,0.19%,-1.70%,1.17%,1.41%,0.47%,1.03%,0.17%,-1.28%,-1.52%,-2.45%,-1.40%,1.00%,-0.94%,92,103,105,120,96,114,128,127,146,91,3.10%,-19.66%,27.05%,18.11%,25.28%,132.4%,100.6%,137.4%,-7.64%,-5.79%
2007/04/30,2007/03/31,1.58%,0.04%,-1.35%,-0.47%,0.63%,5.08%,4.36%,2.11%,2.91%,4.48%,-0.83%,-0.69%,0.10%,2.01%,3.86%,2.21%,93,103,103,120,97,120,134,130,150,95,2.12%,-20.14%,25.99%,17.29%,30.12%,137.6%,97.27%,142.2%,-8.41%,-6.44%
2007/05/31,2007/04/30,0.02%,-0.20%,-0.72%,0.52%,-0.86%,3.80%,3.49%,2.71%,3.97%,3.22%,-1.86%,-1.19%,-4.34%,0.77%,3.54%,1.13%,93,103,103,120,96,125,138,133,156,98,1.22%,-20.60%,23.65%,15.90%,34.73%,140.2%,92.51%,144.0%,-10.12%,-7.55%
2007/06/30,2007/05/31,1.21%,-0.54%,-0.23%,-1.40%,0.80%,-1.39%,-2.10%,-1.45%,-2.28%,-0.81%,0.38%,1.02%,0.69%,-0.08%,-1.77%,-0.39%,95,102,102,119,97,123,136,132,152,97,0.81%,-20.14%,24.11%,17.09%,32.35%,139.3%,95.17%,143.8%,-9.78%,-6.61%
2007/07/31,2007/06/30,0.96%,-0.45%,1.03%,0.15%,0.06%,-3.60%,-3.48%,-3.28%,-3.77%,-2.87%,-1.55%,-0.71%,0.39%,-5.97%,-3.46%,-5.76%,96,102,103,119,97,119,131,127,147,95,-0.10%,-19.56%,22.19%,16.26%,27.77%,125.5%,90.68%,129.3%,-11.18%,-7.27%
2007/08/31,2007/07/31,-0.41%,0.44%,1.55%,0.24%,-1.40%,0.43%,1.86%,2.57%,1.41%,0.79%,-2.31%,-1.32%,-5.52%,-3.51%,1.50%,-3.11%,95,102,105,119,95,119,133,130,149,95,-1.09%,-19.27%,19.37%,14.72%,29.69%,118.5%,81.89%,121.2%,-13.23%,-8.49%
2007/09/30,2007/08/31,0.40%,-0.51%,2.53%,-1.04%,-1.75%,5.29%,3.30%,3.23%,2.95%,3.21%,-1.45%,-0.88%,-1.26%,1.03%,3.55%,1.29%,96,102,108,118,94,126,138,135,153,98,-3.21%,-20.94%,17.64%,13.71%,34.30%,121.3%,77.77%,123.5%,-14.49%,-9.30%
2007/10/31,2007/09/30,-1.40%,-0.34%,-0.02%,1.14%,-1.05%,1.92%,1.63%,1.00%,3.47%,2.17%,-0.88%,-1.79%,-2.61%,-0.83%,2.05%,-0.29%,94,101,108,119,93,128,140,136,158,101,-2.87%,-20.75%,16.61%,11.67%,37.05%,120.7%,73.61%,121.7%,-15.24%,-10.92%
2007/11/30,2007/10/31,1.07%,-1.25%,0.77%,1.11%,0.95%,-4.57%,-5.31%,-3.80%,-3.20%,-4.80%,-1.91%,-2.25%,-4.70%,-12.91%,-4.49%,-12.24%,95,100,109,121,94,122,132,131,153,96,-2.99%,-20.93%,14.38%,9.16%,30.89%,93.67%,60.16%,93.04%,-16.85%,-12.92%
2007/12/31,2007/11/30,-1.32%,-1.15%,1.76%,-0.96%,-0.34%,0.05%,-1.36%,0.02%,-0.92%,-0.63%,-2.30%,-2.46%,-3.45%,-3.62%,-0.68%,-2.88%,94,99,110,120,93,122,131,131,152,95,-2.03%,-21.46%,11.75%,6.48%,30.00%,88.09%,56.64%,86.05%,-18.77%,-15.06%
2008/01/31,2007/12/31,0.18%,0.42%,0.16%,1.87%,2.13%,-7.99%,-5.77%,-4.93%,-5.00%,-6.82%,1.58%,1.40%,2.93%,-3.78%,-5.98%,-4.20%,94,99,111,122,95,112,123,124,144,89,-0.11%,-20.54%,13.51%,7.98%,22.22%,80.18%,59.42%,79.01%,-17.48%,-13.87%
2008/02/29,2008/01/31,0.50%,0.10%,0.25%,-1.59%,0.41%,-1.74%,-2.47%,-3.30%,-4.43%,-2.70%,1.45%,1.36%,2.04%,-1.46%,-3.00%,-1.87%,95,100,111,120,96,110,120,120,138,86,-0.20%,-21.30%,15.16%,9.44%,18.56%,76.82%,61.22%,76.40%,-16.28%,-12.70%
2008/03/31,2008/02/29,-2.44%,-0.71%,1.22%,1.66%,-0.38%,-1.71%,-1.24%,-0.51%,0.86%,-0.85%,-1.95%,-2.28%,-6.47%,-6.29%,-0.63%,-5.61%,92,99,112,122,95,109,119,120,139,86,1.85%,-20.62%,12.92%,6.95%,17.81%,66.90%,53.20%,65.30%,-17.92%,-14.69%
2008/04/30,2008/03/31,2.74%,0.22%,-0.43%,-1.73%,1.88%,6.93%,4.25%,3.80%,3.27%,8.06%,-0.95%,-2.02%,-2.01%,0.41%,4.79%,1.01%,95,99,112,120,97,116,124,124,144,92,0.98%,-19.73%,11.84%,4.79%,23.46%,68.60%,47.41%,65.98%,-18.70%,-16.41%
2008/05/31,2008/04/30,-1.49%,0.08%,-0.42%,-0.58%,0.19%,1.62%,2.14%,1.36%,1.41%,4.39%,1.50%,1.46%,1.17%,5.86%,1.98%,5.42%,93,99,111,119,97,118,126,126,146,96,2.68%,-17.51%,13.52%,6.32%,25.90%,77.74%,52.49%,75.70%,-17.48%,-15.19%
2008/06/30,2008/05/31,-1.51%,-0.97%,-1.47%,-1.22%,1.24%,-9.19%,-7.91%,-8.57%,-8.83%,-7.65%,0.05%,-0.73%,-1.17%,-10.56%,-8.40%,-10.34%,92,98,110,118,98,107,116,115,133,89,5.50%,-16.24%,13.58%,5.55%,15.32%,59.36%,49.53%,57.15%,-17.44%,-15.81%
2008/07/31,2008/06/30,-0.89%,0.28%,1.93%,0.68%,-0.73%,0.03%,-0.24%,1.31%,-0.67%,-4.37%,-1.76%,-0.70%,-4.75%,-0.63%,-0.54%,-0.42%,91,98,112,118,98,107,116,117,132,85,5.67%,-19.93%,11.57%,4.82%,14.70%,58.69%,49.71%,56.16%,-18.89%,-16.39%
2008/08/31,2008/07/31,-1.63%,-0.17%,0.33%,-0.16%,0.85%,0.97%,1.76%,2.01%,1.41%,2.01%,0.86%,1.93%,-2.87%,3.44%,1.65%,2.86%,90,98,112,118,99,108,118,119,134,87,8.29%,-19.10%,12.53%,6.84%,16.60%,63.23%,51.51%,61.53%,-18.20%,-14.78%
2008/09/30,2008/08/31,-3.44%,2.63%,1.40%,-0.85%,-1.19%,-11.28%,-6.32%,-6.21%,-10.45%,-13.49%,-3.05%,-1.76%,-6.32%,-14.82%,-8.85%,-14.29%,87,101,114,117,97,96,111,112,120,75,10.72%,-20.89%,9.10%,4.96%,6.28%,39.91%,43.27%,37.60%,-20.69%,-16.28%
2008/10/31,2008/09/30,-2.36%,0.17%,-3.21%,-0.13%,-1.05%,-18.15%,-16.34%,-19.26%,-16.54%,-19.34%,-0.21%,-1.90%,-2.27%,-25.17%,-17.40%,-24.60%,85,101,110,117,96,79,92,90,100,61,12.17%,-21.82%,8.87%,2.96%,-12.22%,5.49%,32.97%,2.97%,-20.86%,-17.87%
2008/11/30,2008/10/31,0.72%,1.92%,-0.58%,-1.30%,-4.82%,-6.43%,-6.29%,-8.78%,-9.34%,-11.73%,-0.40%,-1.74%,-4.49%,-17.29%,-7.97%,-16.77%,85,103,109,115,92,74,87,82,91,54,5.95%,-25.97%,8.43%,1.17%,-19.21%,-12.20%,21.26%,-14.84%,-21.18%,-19.30%
2008/12/31,2008/11/30,1.47%,2.31%,0.45%,-2.13%,-3.09%,1.58%,4.85%,2.28%,0.03%,-0.92%,-5.44%,-4.90%,-7.26%,-0.42%,2.00%,1.05%,86,105,110,113,89,75,91,84,91,53,1.12%,-27.82%,2.53%,-3.79%,-17.59%,-11.28%,20.10%,-15.20%,-25.47%,-23.25%
2009/01/31,2008/12/31,2.16%,-0.68%,-0.39%,-3.40%,2.26%,-5.19%,-7.59%,-9.52%,-11.74%,-7.36%,7.97%,9.89%,17.46%,9.14%,-8.28%,6.17%,88,105,109,109,91,71,84,76,80,49,1.22%,-29.39%,10.70%,5.73%,-24.42%,-5.80%,37.46%,-7.45%,-19.53%,-15.66%
2009/02/28,2009/01/31,-1.68%,-0.72%,0.18%,-2.93%,0.31%,-9.02%,-9.72%,-10.17%,-12.91%,-9.82%,-2.41%,0.04%,-4.94%,-11.49%,-10.22%,-11.51%,87,104,110,106,91,64,76,68,70,44,3.24%,-29.95%,8.04%,5.78%,-32.14%,-16.64%,35.70%,-18.08%,-21.46%,-15.62%
2009/03/31,2009/02/28,2.02%,-0.56%,0.60%,1.95%,0.40%,8.25%,7.63%,9.55%,10.92%,10.04%,2.30%,5.89%,3.78%,20.07%,8.87%,18.31%,89,103,110,108,92,70,82,75,77,49,1.56%,-28.70%,10.52%,12.01%,-26.13%,-1.38%,48.50%,-1.64%,-19.66%,-10.66%
2009/04/30,2009/03/31,3.88%,0.08%,-3.14%,2.05%,-0.82%,7.41%,9.77%,10.22%,15.66%,13.34%,-3.53%,8.36%,-1.77%,31.73%,10.45%,29.22%,92,103,107,110,91,75,90,83,89,55,-3.21%,-24.47%,6.62%,21.37%,-18.40%,27.44%,76.37%,29.57%,-22.50%,-3.18%
2009/05/31,2009/04/30,0.08%,0.44%,-0.82%,-1.52%,-1.03%,4.60%,5.58%,4.65%,5.69%,5.49%,1.95%,7.13%,5.88%,18.62%,5.16%,16.48%,92,104,106,109,90,78,95,86,94,58,-4.28%,-23.80%,8.70%,30.03%,-14.20%,48.44%,96.35%,53.70%,-20.98%,0.00%
2009/06/30,2009/05/31,-0.21%,-0.41%,2.29%,0.08%,-2.26%,1.07%,0.61%,1.08%,-1.83%,-0.72%,5.12%,4.27%,7.80%,8.92%,0.39%,7.64%,92,103,108,109,88,79,95,87,93,58,-6.24%,-25.16%,14.27%,35.58%,-13.86%,59.78%,110.6%,67.41%,-16.93%,0.00%
2009/07/31,2009/06/30,-1.25%,0.85%,-0.37%,-0.78%,0.39%,5.56%,8.55%,7.82%,9.11%,9.42%,1.07%,1.25%,-0.33%,11.09%,7.78%,10.71%,91,104,108,108,88,84,103,94,101,63,-4.70%,-22.27%,15.49%,37.27%,-7.16%,76.90%,116.8%,85.97%,-16.05%,0.00%
2009/08/31,2009/07/31,1.58%,-0.83%,-0.73%,-3.66%,0.62%,2.41%,2.45%,4.72%,5.46%,3.82%,7.09%,10.03%,11.48%,18.27%,3.49%,15.26%,92,103,107,104,89,86,106,99,107,66,-5.61%,-21.17%,23.68%,51.04%,-3.92%,103.9%,142.3%,120.0%,-10.10%,0.00%
2009/09/30,2009/08/31,-0.17%,0.51%,-1.67%,-0.48%,-1.14%,3.76%,4.89%,3.07%,4.15%,5.68%,0.61%,2.83%,1.54%,12.31%,4.15%,11.46%,92,104,105,103,88,89,111,102,111,70,-6.53%,-19.65%,24.43%,55.32%,0.06%,127.3%,160.0%,147.0%,-9.55%,0.00%
2009/10/31,2009/09/30,0.19%,1.39%,0.03%,0.64%,-0.98%,-1.15%,-1.95%,-3.91%,-3.06%,-5.54%,-1.72%,-2.71%,-3.29%,-9.73%,-2.59%,-8.92%,92,105,105,104,87,88,109,98,108,66,-7.63%,-23.18%,22.28%,51.11%,-2.53%,107.0%,143.6%,123.0%,-11.11%,-2.71%
2009/11/30,2009/10/31,-1.42%,1.23%,-0.43%,1.17%,-0.55%,4.95%,6.17%,5.44%,6.18%,4.67%,-0.29%,0.59%,-3.16%,3.09%,5.59%,2.91%,91,107,105,105,86,92,116,103,114,69,-6.82%,-23.38%,21.93%,52.00%,2.92%,113.0%,137.0%,129.9%,-11.36%,-2.14%
2009/12/31,2009/11/30,-0.97%,-0.53%,0.51%,2.47%,-0.32%,2.08%,3.30%,1.76%,3.77%,4.90%,0.75%,0.87%,0.17%,8.40%,2.80%,8.14%,90,106,106,108,86,94,119,105,119,72,-6.22%,-21.23%,22.85%,53.32%,5.80%,130.4%,149.7%,149.2%,-10.70%,-1.28%
2010/01/31,2009/12/31,-0.69%,-0.64%,0.60%,0.06%,-2.03%,-5.15%,-3.72%,-1.73%,-2.29%,-4.32%,1.62%,2.99%,2.37%,1.34%,-3.38%,0.44%,89,105,106,108,84,89,115,103,116,69,-7.47%,-20.57%,24.84%,57.90%,2.23%,131.4%,159.2%,152.5%,-9.25%,0.00%
2010/02/28,2010/01/31,0.75%,-0.20%,-1.51%,1.23%,0.77%,3.75%,3.23%,2.58%,4.44%,3.61%,1.17%,0.81%,2.13%,5.06%,3.44%,4.81%,90,105,105,109,85,93,119,106,121,71,-7.45%,-20.68%,26.29%,59.18%,5.74%,142.5%,162.8%,165.3%,-8.19%,0.00%
2010/03/31,2010/02/28,0.29%,-0.85%,0.74%,1.36%,-1.00%,6.94%,5.37%,6.89%,7.51%,5.33%,0.29%,0.07%,1.04%,7.92%,6.36%,7.90%,90,104,105,111,84,99,125,113,130,75,-8.65%,-21.96%,26.66%,59.29%,12.47%,161.7%,166.8%,186.3%,-7.93%,0.00%
2010/04/30,2010/03/31,1.23%,-0.39%,0.11%,-1.04%,1.41%,2.27%,1.92%,2.81%,1.06%,3.96%,4.72%,5.09%,7.86%,12.80%,2.11%,11.27%,91,104,106,110,85,101,127,116,132,78,-8.49%,-20.64%,32.63%,67.40%,14.85%,191.2%,191.2%,222.9%,-3.59%,0.00%
2010/05/31,2010/04/30,-0.43%,0.29%,0.31%,0.82%,2.16%,-9.50%,-7.50%,-7.24%,-7.33%,-7.31%,-0.15%,-0.31%,-1.09%,-9.68%,-7.82%,-9.59%,91,104,106,110,87,92,118,108,122,73,-6.12%,-18.91%,32.43%,66.88%,5.86%,163.2%,186.1%,191.7%,-3.73%,-0.31%
2010/06/30,2010/05/31,-0.62%,-0.08%,1.30%,0.57%,0.39%,-5.42%,-5.64%,-4.75%,-6.54%,-4.89%,-2.27%,-2.24%,-4.38%,-10.55%,-5.53%,-9.88%,90,104,107,111,88,87,111,103,114,69,-5.16%,-18.47%,29.43%,63.14%,0.01%,137.2%,173.7%,160.9%,-5.91%,-2.54%
2010/07/31,2010/06/30,-0.83%,0.10%,0.90%,1.23%,-1.27%,6.59%,7.28%,6.85%,7.65%,5.74%,-0.84%,-0.93%,-3.07%,4.76%,7.01%,5.04%,90,104,108,112,86,92,119,110,123,73,-5.58%,-19.16%,28.35%,61.62%,7.02%,149.2%,168.3%,173.3%,-6.70%,-3.45%
2010/08/31,2010/07/31,0.97%,-0.22%,1.53%,-0.50%,1.39%,-3.55%,-5.29%,-3.50%,-5.98%,-4.04%,-0.52%,-0.42%,0.06%,-7.25%,-4.66%,-7.12%,91,104,110,112,88,89,113,106,115,70,-5.18%,-19.57%,27.68%,60.94%,2.02%,131.5%,161.7%,153.5%,-7.19%,-3.86%
2010/09/30,2010/08/31,-0.80%,-0.57%,0.47%,0.77%,-0.24%,9.63%,8.85%,9.37%,9.07%,11.82%,0.50%,0.17%,-2.99%,11.93%,9.41%,11.88%,90,103,110,113,87,98,123,116,126,78,-4.64%,-17.80%,28.32%,61.21%,11.62%,158.9%,168.2%,183.7%,-6.72%,-3.70%
2010/10/31,2010/09/30,-0.30%,1.16%,0.26%,-0.15%,-1.47%,4.29%,4.84%,4.09%,2.41%,3.35%,-0.03%,-0.14%,-0.32%,4.94%,3.89%,4.98%,90,105,111,113,86,102,129,120,129,81,-5.76%,-18.58%,28.28%,60.99%,15.96%,171.8%,171.1%,197.8%,-6.75%,-3.83%
2010/11/30,2010/10/31,-0.86%,-0.34%,-0.17%,0.75%,1.17%,0.20%,0.05%,0.49%,0.58%,2.48%,-0.06%,-0.23%,-2.17%,0.94%,0.54%,1.01%,89,104,110,113,87,102,129,121,130,83,-3.86%,-16.72%,28.20%,60.63%,16.58%,174.6%,172.4%,200.6%,-6.81%,-4.04%
2010/12/31,2010/11/30,-0.59%,-0.31%,-0.71%,-1.58%,-1.14%,6.65%,6.73%,7.47%,6.73%,5.72%,0.52%,1.51%,0.95%,11.25%,6.70%,10.79%,88,104,110,112,86,109,138,130,138,88,-4.39%,-17.50%,28.86%,63.06%,24.40%,204.2%,183.5%,234.4%,-6.33%,-2.59%
2011/01/31,2010/12/31,0.55%,0.60%,-1.14%,0.35%,-1.03%,2.21%,2.83%,0.72%,2.28%,0.97%,-0.43%,-0.01%,1.32%,2.58%,2.06%,2.59%,89,105,108,112,85,111,142,131,141,89,-5.90%,-18.52%,28.31%,63.04%,26.96%,212.1%,185.0%,243.0%,-6.73%,-2.60%
2011/02/28,2011/01/31,2.43%,0.05%,-0.47%,-0.53%,-0.53%,6.17%,3.21%,3.25%,3.13%,3.39%,0.35%,1.23%,-0.10%,5.75%,3.59%,5.38%,91,105,108,111,85,118,146,135,146,92,-8.68%,-20.78%,28.75%,65.05%,31.52%,228.9%,190.1%,262.8%,-6.41%,-1.40%
2011/03/31,2011/02/28,0.93%,-0.30%,0.85%,0.52%,0.58%,1.74%,-0.38%,0.27%,0.26%,2.45%,1.40%,1.32%,0.03%,1.89%,0.49%,1.49%,92,104,109,112,85,120,146,136,146,94,-9.01%,-20.22%,30.56%,67.23%,32.16%,233.8%,193.1%,269.6%,-5.09%,-0.10%
2011/04/30,2011/03/31,-1.40%,0.85%,0.45%,-0.11%,-0.07%,2.11%,3.66%,2.31%,2.85%,3.46%,-0.50%,-0.88%,-2.36%,0.57%,2.97%,0.83%,90,105,109,112,85,123,151,139,150,97,-7.80%,-19.14%,29.90%,65.77%,36.08%,236.6%,186.8%,271.7%,-5.57%,-0.97%
2011/05/31,2011/04/30,-0.16%,-0.21%,0.59%,0.58%,-0.01%,-1.23%,-1.34%,-1.36%,-1.01%,-1.00%,-0.14%,0.28%,-1.58%,-2.56%,-1.22%,-2.64%,90,105,110,113,85,121,149,137,149,96,-7.66%,-18.95%,29.72%,66.24%,34.42%,227.7%,182.7%,262.2%,-5.70%,-0.69%
2011/06/30,2011/05/31,0.30%,0.53%,0.56%,-0.17%,0.47%,-1.68%,-1.34%,-1.68%,-2.25%,-1.62%,-1.06%,-0.90%,-2.11%,-4.41%,-1.74%,-4.14%,91,106,111,112,86,119,147,134,146,94,-7.50%,-18.91%,28.34%,64.75%,32.08%,214.1%,175.9%,246.2%,-6.70%,-1.58%
2011/07/31,2011/06/30,-0.76%,0.29%,0.34%,0.72%,0.66%,-3.13%,-2.13%,-2.43%,-1.79%,-2.13%,-0.27%,0.09%,0.63%,-2.10%,-2.26%,-2.13%,90,106,111,113,86,115,144,131,143,92,-6.19%,-18.10%,27.99%,64.90%,29.09%,207.4%,176.3%,238.9%,-6.96%,-1.49%
2011/08/31,2011/07/31,1.51%,-0.39%,0.65%,0.60%,0.31%,-5.31%,-6.31%,-5.85%,-5.47%,-6.56%,-1.74%,-1.63%,-4.23%,-12.33%,-5.89%,-11.84%,91,105,112,114,86,109,135,124,135,86,-7.32%,-19.13%,25.77%,62.20%,21.49%,171.0%,159.8%,197.1%,-8.57%,-3.10%
2011/09/30,2011/08/31,-0.85%,-0.17%,0.17%,-0.97%,1.92%,-8.70%,-7.91%,-6.92%,-8.00%,-6.60%,-1.09%,-0.51%,-3.11%,-12.75%,-7.63%,-12.60%,90,105,112,113,88,100,124,115,124,81,-4.75%,-17.43%,24.40%,61.37%,12.22%,136.9%,146.9%,159.2%,-9.57%,-3.60%
2011/10/31,2011/09/30,-0.97%,0.68%,0.16%,0.08%,-1.32%,11.05%,12.21%,10.66%,11.55%,11.12%,-1.01%,-0.62%,-4.37%,12.10%,11.39%,12.28%,90,106,112,113,87,111,139,127,139,90,-5.07%,-17.38%,23.15%,60.37%,25.00%,166.0%,149.1%,190.6%,-10.48%,-4.20%
2011/11/30,2011/10/31,0.50%,-0.41%,1.71%,0.62%,-0.70%,0.16%,-1.06%,0.71%,-0.32%,-1.61%,-0.55%,-2.16%,-2.48%,-5.13%,-0.35%,-4.48%,90,106,114,114,86,111,138,128,138,88,-6.21%,-18.84%,22.48%,56.90%,24.56%,154.0%,138.8%,175.7%,-10.97%,-6.27%
2011/12/31,2011/11/30,0.68%,-1.04%,0.97%,0.93%,0.51%,0.91%,-0.33%,1.86%,1.35%,0.50%,0.15%,-0.20%,-0.01%,-0.49%,0.85%,-0.43%,91,104,115,115,87,112,137,130,140,89,-6.38%,-19.18%,22.66%,56.59%,25.62%,153.0%,135.8%,174.3%,-10.84%,-6.46%
2012/01/31,2011/12/31,-2.62%,-0.54%,-0.95%,-1.27%,0.99%,4.63%,4.59%,4.82%,4.99%,7.29%,0.79%,1.92%,1.72%,12.81%,5.09%,12.23%,88,104,114,113,88,117,144,137,147,95,-3.00%,-17.02%,23.63%,59.60%,32.02%,183.9%,152.6%,209.5%,-10.13%,-4.66%
2012/02/29,2012/01/31,-0.57%,-0.27%,-1.08%,-0.76%,3.12%,4.05%,4.51%,3.35%,3.49%,7.00%,1.26%,1.34%,1.59%,5.48%,4.25%,5.08%,88,104,113,112,90,122,150,141,152,102,0.58%,-14.57%,25.19%,61.74%,37.63%,198.3%,154.7%,226.5%,-9.00%,-3.38%
2012/03/31,2012/02/29,-1.92%,-0.71%,-0.03%,1.51%,1.83%,1.47%,2.45%,2.76%,4.34%,4.46%,-0.25%,-0.62%,-0.73%,1.73%,3.15%,1.92%,86,103,113,114,92,124,154,145,159,106,4.35%,-12.01%,24.87%,60.74%,41.95%,204.0%,151.6%,232.1%,-9.23%,-3.98%
2012/04/30,2012/03/31,0.85%,0.67%,0.15%,0.54%,1.43%,-1.18%,-0.58%,-1.05%,-0.89%,0.36%,-0.66%,0.08%,-0.13%,-1.88%,-0.69%,-1.90%,87,104,113,115,93,122,153,144,157,107,4.96%,-10.66%,24.05%,60.86%,40.97%,198.3%,148.5%,225.9%,-9.82%,-3.91%
2012/05/31,2012/04/30,-0.83%,0.00%,1.63%,0.14%,1.12%,-8.74%,-6.61%,-4.53%,-6.41%,-4.51%,1.70%,2.06%,2.51%,-6.36%,-6.09%,-6.97%,86,104,115,115,94,112,143,137,147,102,7.01%,-6.88%,26.16%,64.17%,32.39%,177.5%,146.3%,205.2%,-8.29%,-1.93%
2012/06/30,2012/05/31,0.05%,-0.04%,-0.63%,0.89%,0.04%,4.61%,3.77%,3.03%,4.76%,3.77%,0.32%,0.39%,-1.33%,4.07%,3.98%,3.96%,86,104,114,116,94,117,148,141,154,106,6.99%,-7.66%,26.56%,64.81%,37.67%,188.4%,146.3%,217.6%,-8.00%,-1.55%
2012/07/31,2012/06/30,-0.01%,-0.22%,1.05%,0.10%,0.69%,0.68%,0.56%,1.23%,0.89%,1.15%,-0.56%,-0.21%,0.71%,-1.10%,0.87%,-1.04%,86,103,115,116,95,118,149,143,156,107,7.74%,-7.23%,25.86%,64.46%,38.87%,185.4%,141.6%,214.1%,-8.51%,-1.75%
2012/08/31,2012/07/31,0.20%,-0.33%,0.08%,-1.09%,1.60%,3.47%,2.28%,2.49%,1.54%,3.65%,-0.16%,0.32%,-1.62%,2.91%,2.50%,2.82%,86,103,115,115,97,122,152,147,158,111,9.25%,-7.07%,25.66%,65.00%,42.34%,193.5%,142.3%,223.2%,-8.65%,-1.43%
2012/09/30,2012/08/31,-0.16%,0.21%,-0.32%,-0.22%,-0.19%,3.08%,3.13%,2.14%,2.50%,1.83%,0.14%,2.33%,-0.07%,6.78%,2.56%,6.08%,86,103,115,114,96,125,157,150,162,113,9.22%,-8.23%,25.83%,68.85%,45.99%,211.3%,150.9%,245.2%,-8.53%,0.00%
2012/10/31,2012/09/30,0.22%,0.95%,1.19%,-1.42%,-0.51%,-1.80%,-1.23%,-0.09%,-2.93%,-2.91%,-2.62%,-2.09%,-3.90%,-5.06%,-1.70%,-4.44%,86,104,116,113,96,123,155,150,157,110,8.41%,-9.26%,22.54%,65.32%,43.50%,197.5%,144.0%,227.7%,-10.92%,-2.09%
2012/11/30,2012/10/31,0.57%,0.20%,-0.18%,-0.29%,-1.24%,1.48%,1.08%,0.46%,0.51%,-0.30%,-0.91%,-1.28%,-2.06%,-1.25%,0.66%,-0.87%,87,104,116,112,95,125,157,150,158,109,6.45%,-10.87%,21.43%,63.21%,44.45%,194.9%,140.3%,223.6%,-11.73%,-3.34%
2012/12/31,2012/11/30,0.53%,-0.20%,-0.43%,0.17%,1.15%,1.92%,0.58%,1.53%,1.44%,1.17%,-1.00%,-0.53%,-2.68%,1.99%,1.26%,2.14%,87,104,116,113,96,127,158,153,160,111,7.11%,-11.54%,20.21%,62.35%,46.27%,201.2%,142.4%,230.0%,-12.61%,-3.85%
2013/01/31,2012/12/31,-0.26%,-0.74%,0.37%,-0.34%,0.91%,6.64%,4.53%,6.23%,5.01%,5.70%,-0.09%,-0.33%,0.60%,7.09%,5.53%,7.19%,87,103,116,112,97,136,165,162,168,117,8.37%,-12.37%,20.10%,61.81%,54.35%,222.9%,146.4%,253.4%,-12.69%,-4.17%
2013/02/28,2013/01/31,-1.07%,-0.49%,0.78%,0.50%,0.71%,0.41%,0.75%,1.89%,1.73%,1.89%,-0.50%,-0.61%,-1.00%,0.11%,1.30%,0.29%,86,103,117,113,97,136,166,165,171,119,10.31%,-11.07%,19.50%,60.83%,56.35%,223.9%,144.0%,253.8%,-13.13%,-4.75%
2013/03/31,2013/02/28,-1.72%,0.91%,-0.41%,0.19%,0.95%,2.98%,4.79%,3.38%,4.30%,4.76%,-0.20%,-0.38%,-1.04%,3.77%,4.00%,3.88%,85,104,116,113,98,140,174,171,179,125,13.25%,-9.50%,19.27%,60.22%,62.60%,236.4%,143.7%,267.1%,-13.30%,-5.11%
2013/04/30,2013/03/31,-1.51%,-0.03%,0.29%,1.17%,2.27%,0.14%,1.47%,1.73%,2.44%,3.57%,-0.46%,-0.63%,-0.87%,-0.76%,1.68%,-0.58%,83,104,117,114,101,141,177,174,183,129,17.54%,-6.39%,18.72%,59.22%,65.33%,234.5%,138.2%,264.3%,-13.70%,-5.70%
2013/05/31,2013/04/30,-0.17%,-0.90%,-0.40%,-0.41%,1.01%,2.71%,2.28%,2.50%,1.97%,3.18%,1.07%,1.12%,1.23%,6.68%,2.46%,6.35%,83,103,116,114,102,144,181,178,187,133,18.92%,-5.96%,19.99%,61.00%,69.40%,255.7%,147.4%,288.7%,-12.78%,-4.64%
2013/06/30,2013/05/31,-1.03%,0.39%,-1.18%,0.64%,1.06%,-2.19%,-0.84%,-2.30%,-0.64%,0.13%,1.02%,1.06%,0.35%,-0.32%,-1.25%,-0.63%,82,103,115,115,103,141,179,174,185,133,21.41%,-3.77%,21.21%,62.70%,67.28%,253.5%,149.0%,287.4%,-11.89%,-3.64%
2013/07/31,2013/06/30,-0.93%,-0.25%,1.48%,-0.96%,-0.87%,5.58%,5.46%,6.80%,5.13%,3.74%,0.03%,0.30%,0.34%,8.62%,5.46%,8.53%,82,103,117,113,102,149,189,186,195,138,21.48%,-5.54%,21.25%,63.19%,76.41%,283.6%,156.6%,320.8%,-11.86%,-3.35%
2013/08/31,2013/07/31,-0.14%,-0.39%,0.52%,-0.30%,-0.64%,-2.96%,-3.09%,-2.71%,-3.18%,-2.03%,0.14%,-0.09%,1.33%,-2.13%,-2.84%,-2.10%,82,103,117,113,101,145,183,181,189,136,20.88%,-4.67%,21.41%,63.04%,71.40%,275.5%,158.5%,311.9%,-11.74%,-3.44%
2013/09/30,2013/08/31,-0.79%,0.17%,-0.66%,-0.02%,0.80%,3.33%,4.03%,2.82%,3.37%,5.81%,0.99%,0.38%,1.42%,6.95%,3.76%,6.84%,81,103,116,113,102,150,190,186,195,144,22.81%,-2.30%,22.61%,63.66%,77.84%,301.2%,166.5%,340.5%,-10.87%,-3.07%
2013/10/31,2013/09/30,-0.94%,-0.03%,0.11%,-1.07%,3.49%,3.49%,4.24%,4.36%,3.48%,6.00%,-0.61%,-0.59%,-3.13%,0.75%,4.19%,0.93%,80,103,117,112,106,155,199,194,202,152,28.26%,0.16%,21.86%,62.70%,85.29%,305.0%,157.8%,343.8%,-11.42%,-3.64%
2013/11/30,2013/10/31,-0.23%,0.29%,0.65%,-1.18%,-1.73%,3.03%,3.50%,3.30%,2.28%,1.47%,-0.95%,-0.90%,-0.14%,4.45%,2.86%,4.72%,80,103,117,111,104,159,205,200,207,154,26.33%,-1.40%,20.69%,61.24%,90.59%,324.1%,162.6%,363.6%,-12.26%,-4.51%
2013/12/31,2013/11/30,0.74%,-0.72%,-0.58%,-0.65%,0.64%,3.62%,2.19%,2.05%,2.40%,3.09%,0.48%,0.59%,0.57%,3.90%,2.61%,3.72%,81,102,117,110,104,165,210,205,212,159,26.20%,-1.92%,21.27%,62.19%,95.56%,339.8%,165.5%,381.6%,-11.84%,-3.94%
2014/01/31,2013/12/31,-0.54%,0.78%,2.44%,-0.07%,-1.10%,-3.97%,-2.73%,-2.08%,-3.61%,-3.09%,2.69%,4.27%,6.86%,5.72%,-3.13%,4.44%,80,103,119,110,103,159,204,200,204,154,25.49%,-1.05%,24.54%,69.12%,89.43%,359.4%,185.6%,409.2%,-9.47%,0.00%
2014/02/28,2014/01/31,0.30%,0.12%,0.55%,-0.20%,-0.65%,5.07%,4.76%,4.55%,4.68%,3.94%,1.42%,1.35%,1.47%,6.15%,4.67%,5.74%,80,103,120,110,103,167,214,209,213,160,24.29%,-2.17%,26.31%,71.40%,98.28%,385.8%,188.7%,440.5%,-8.18%,0.00%
2014/03/31,2014/02/28,-0.67%,-0.61%,1.79%,0.58%,0.75%,0.23%,0.04%,1.80%,1.52%,-1.71%,-0.62%,-1.54%,-0.84%,-2.15%,0.51%,-1.69%,80,103,122,110,103,167,214,213,217,158,26.06%,-4.07%,25.53%,68.75%,99.29%,377.6%,182.3%,428.9%,-8.75%,-1.54%
2014/04/30,2014/03/31,0.11%,0.78%,-0.60%,0.29%,0.66%,0.14%,0.51%,-1.15%,0.35%,-1.01%,-2.09%,-2.75%,-3.14%,-7.78%,-0.02%,-6.95%,80,103,122,111,104,167,215,211,217,156,26.75%,-5.18%,22.91%,64.11%,99.24%,344.4%,162.8%,387.7%,-10.65%,-4.25%
2014/05/31,2014/04/30,-0.54%,-0.32%,0.32%,0.70%,0.99%,1.43%,1.64%,2.49%,2.65%,2.62%,-0.66%,-0.29%,-0.99%,-0.70%,2.10%,-0.61%,79,103,122,111,105,170,219,216,223,160,28.69%,-4.04%,22.11%,63.63%,103.4%,341.7%,155.6%,384.4%,-11.24%,-4.54%
2014/06/30,2014/05/31,-1.49%,-0.59%,0.58%,0.37%,0.84%,1.88%,1.60%,3.90%,2.57%,4.55%,0.57%,0.58%,-0.93%,4.88%,2.50%,4.71%,78,102,123,112,106,173,222,224,229,167,31.69%,-1.48%,22.81%,64.57%,108.5%,362.5%,161.3%,408.0%,-10.73%,-3.98%
2014/07/31,2014/06/30,1.90%,-0.71%,0.16%,-0.74%,2.35%,-0.66%,-2.26%,-2.80%,-2.41%,-1.11%,-0.11%,0.35%,0.64%,-4.97%,-1.95%,-5.08%,80,102,123,111,108,172,217,218,223,165,32.27%,-1.92%,22.67%,65.15%,104.4%,339.0%,153.1%,382.7%,-10.83%,-3.65%
2014/08/31,2014/07/31,-0.15%,-0.44%,1.65%,-0.27%,-0.13%,4.48%,3.66%,5.18%,3.98%,4.42%,-0.23%,-0.39%,-0.69%,4.13%,4.18%,4.25%,80,101,125,111,108,179,225,229,232,173,32.29%,-1.97%,22.39%,64.50%,113.0%,357.6%,153.3%,402.7%,-11.03%,-4.02%
2014/09/30,2014/08/31,-0.99%,0.73%,1.16%,-0.89%,-1.04%,-3.41%,-1.19%,-1.40%,-2.08%,-4.18%,-0.75%,-0.44%,-1.17%,-6.30%,-2.09%,-6.17%,79,102,126,110,107,173,222,226,227,166,32.23%,-2.73%,21.48%,63.78%,108.5%,329.4%,143.0%,371.0%,-11.69%,-4.44%
2014/10/31,2014/09/30,-0.81%,0.53%,1.94%,1.66%,-5.28%,2.17%,2.67%,3.10%,3.79%,0.86%,-2.75%,-2.29%,-7.63%,-0.60%,2.74%,0.09%,78,103,129,111,101,177,228,233,236,167,26.30%,-4.01%,18.14%,60.03%,114.2%,329.8%,136.5%,368.2%,-14.12%,-6.63%
2014/11/30,2014/10/31,-2.20%,1.01%,1.43%,0.64%,-2.09%,0.39%,3.44%,1.97%,3.57%,1.53%,-1.15%,-0.61%,-2.27%,-1.32%,2.53%,-1.14%,76,104,131,112,99,178,236,238,245,170,26.45%,-2.92%,16.79%,59.06%,119.7%,324.9%,127.8%,362.0%,-15.10%,-7.20%
2014/12/31,2014/11/30,-0.01%,0.29%,0.19%,0.08%,-0.51%,0.51%,0.14%,0.34%,-0.76%,-0.43%,-0.61%,-0.05%,-2.64%,0.70%,-0.03%,0.72%,76,104,131,112,99,179,237,239,243,169,25.82%,-3.84%,16.08%,58.99%,119.6%,327.9%,129.5%,365.3%,-15.62%,-7.24%
2015/01/31,2014/12/31,0.64%,-0.36%,0.82%,0.50%,0.17%,-3.12%,-3.46%,-2.16%,-2.35%,-1.64%,-0.63%,0.56%,-0.05%,-2.42%,-2.75%,-2.59%,77,104,132,113,99,173,228,233,237,166,25.22%,-2.42%,15.35%,59.88%,113.6%,316.9%,129.9%,354.0%,-16.15%,-6.72%
2015/02/28,2015/01/31,0.71%,-0.30%,-0.54%,-0.43%,-0.89%,6.93%,5.44%,4.84%,5.70%,6.43%,1.84%,1.50%,3.06%,8.58%,5.76%,8.13%,77,103,131,112,98,185,241,245,250,177,23.22%,-2.91%,17.47%,62.28%,125.9%,350.8%,135.4%,393.0%,-14.61%,-5.32%
2015/03/31,2015/02/28,0.21%,-0.05%,-0.24%,-0.13%,-0.29%,-0.87%,-1.16%,-0.91%,-1.00%,-1.38%,-3.53%,-3.18%,-5.78%,-3.86%,-1.06%,-2.90%,78,103,131,112,98,183,238,243,248,174,22.61%,-3.40%,13.32%,57.11%,123.5%,337.7%,131.0%,374.0%,-17.62%,-8.34%
2015/04/30,2015/03/31,0.04%,-0.24%,-0.44%,0.30%,1.34%,0.47%,0.73%,-0.86%,0.65%,1.13%,1.45%,2.65%,2.92%,3.14%,0.40%,2.35%,78,103,130,112,99,184,240,240,250,176,24.20%,-2.76%,14.96%,61.27%,124.4%,348.0%,135.5%,388.9%,-16.43%,-5.91%
2015/05/31,2015/04/30,-0.20%,0.23%,-1.09%,0.13%,-0.05%,1.11%,1.37%,1.13%,1.47%,1.37%,-1.06%,-0.60%,-2.07%,0.24%,1.29%,0.42%,78,103,129,113,99,186,243,243,253,179,24.39%,-2.51%,13.74%,60.29%,127.3%,349.9%,133.5%,390.0%,-17.32%,-6.48%
2015/06/30,2015/05/31,-0.97%,0.20%,-0.81%,0.15%,-0.01%,-2.48%,-1.31%,-1.33%,-1.30%,-2.06%,-0.13%,0.13%,-1.47%,-0.73%,-1.63%,-0.76%,77,103,128,113,99,182,240,240,250,175,25.59%,-2.10%,13.59%,60.49%,123.6%,346.4%,135.5%,386.5%,-17.43%,-6.36%
2015/07/31,2015/06/30,-0.80%,1.74%,1.44%,-0.09%,-3.46%,-0.27%,2.86%,2.67%,1.88%,0.39%,-3.49%,-3.89%,-4.92%,-8.14%,1.67%,-6.97%,76,105,130,113,96,181,247,246,255,176,22.25%,-1.46%,9.62%,54.25%,127.3%,315.3%,115.2%,346.9%,-20.31%,-10.00%
2015/08/31,2015/07/31,-0.83%,-0.40%,-0.39%,0.83%,1.87%,-6.64%,-6.67%,-5.67%,-5.13%,-5.77%,-0.55%,0.06%,-0.70%,-5.13%,-5.98%,-5.15%,76,105,129,114,97,169,230,232,242,166,25.55%,-0.61%,9.02%,54.35%,113.7%,293.9%,117.0%,324.0%,-20.75%,-9.95%
2015/09/30,2015/08/31,0.01%,-0.98%,-0.11%,0.88%,1.06%,-3.85%,-3.45%,-2.51%,-1.45%,-3.33%,-1.07%,-1.41%,-2.12%,-8.58%,-2.82%,-8.16%,76,104,129,115,98,163,222,226,238,160,26.88%,-0.09%,7.85%,52.17%,107.7%,261.8%,105.4%,287.6%,-21.60%,-11.22%
2015/10/31,2015/09/30,0.17%,0.92%,-1.44%,1.29%,-0.37%,8.45%,7.84%,5.36%,8.55%,8.53%,-1.86%,-1.70%,-3.92%,3.38%,7.68%,3.89%,76,105,127,116,98,177,240,239,258,174,26.18%,-0.01%,5.85%,49.58%,123.6%,275.9%,97.61%,300.7%,-23.06%,-12.73%
2015/11/30,2015/10/31,-1.04%,-0.52%,-0.27%,1.10%,0.91%,-0.37%,0.90%,0.36%,0.94%,0.98%,-1.06%,0.99%,-3.16%,3.06%,0.55%,2.76%,75,104,127,117,99,176,242,239,261,175,28.66%,1.34%,4.73%,51.06%,124.8%,286.2%,102.0%,312.9%,-23.87%,-11.86%
2015/12/31,2015/11/30,-0.36%,0.30%,0.60%,-0.72%,-1.12%,-3.37%,-1.51%,-1.59%,-1.91%,-2.71%,-1.96%,-2.18%,-2.39%,-7.53%,-2.07%,-6.88%,75,104,128,117,98,170,238,236,256,171,27.67%,2.01%,2.67%,47.77%,120.2%,259.7%,92.27%,281.8%,-25.37%,-13.78%
2016/01/31,2015/12/31,-0.37%,-0.39%,-0.27%,1.02%,-0.85%,-6.76%,-6.38%,-5.48%,-3.61%,-7.79%,-0.80%,-0.51%,-3.18%,-11.63%,-5.64%,-11.48%,74,104,127,118,97,158,223,223,247,157,27.06%,0.96%,1.85%,47.02%,107.8%,218.4%,81.05%,237.4%,-25.96%,-14.23%
2016/02/29,2016/01/31,0.30%,0.97%,-0.28%,0.05%,-1.00%,0.61%,0.43%,-0.74%,-0.21%,-0.67%,-0.67%,-1.43%,-2.35%,-1.84%,-0.05%,-1.41%,75,105,127,118,96,159,224,221,246,156,25.41%,-0.34%,1.17%,44.91%,107.6%,213.9%,78.60%,231.2%,-26.46%,-15.46%
2016/03/31,2016/02/29,-0.46%,-0.36%,1.23%,1.52%,1.23%,7.39%,6.37%,6.65%,7.51%,8.40%,1.83%,2.60%,1.86%,11.60%,7.08%,10.82%,74,105,128,120,97,171,238,236,265,169,27.53%,0.67%,3.02%,48.67%,122.4%,247.9%,85.28%,269.7%,-25.11%,-13.26%
2016/04/30,2016/03/31,0.85%,1.02%,0.68%,-2.34%,3.30%,2.76%,1.03%,1.26%,-1.68%,3.39%,1.51%,2.86%,3.49%,7.55%,0.81%,6.69%,75,106,129,117,100,176,241,239,260,175,30.65%,1.30%,4.57%,52.91%,124.2%,271.2%,96.17%,297.6%,-23.99%,-10.78%
2016/05/31,2016/04/30,0.03%,-0.58%,0.20%,0.35%,-0.18%,1.48%,1.57%,1.96%,2.08%,2.04%,-3.44%,-4.05%,-5.39%,-4.75%,1.79%,-3.54%,75,105,130,117,100,179,244,243,266,179,30.36%,1.86%,0.97%,46.73%,128.2%,258.0%,85.71%,278.7%,-26.60%,-14.39%
2016/06/30,2016/05/31,1.78%,-2.29%,-0.36%,1.61%,0.70%,1.20%,-1.81%,0.18%,1.58%,0.73%,1.42%,4.27%,1.01%,4.65%,0.26%,3.37%,76,103,129,119,101,181,240,244,270,180,28.95%,1.39%,2.41%,53.00%,128.8%,270.1%,91.49%,296.3%,-25.56%,-10.74%
2016/07/31,2016/06/30,-1.81%,1.35%,0.55%,1.07%,-1.02%,2.16%,5.58%,3.33%,4.46%,4.21%,0.59%,3.27%,-0.79%,8.89%,3.96%,7.91%,75,104,130,120,100,185,253,252,282,188,29.96%,3.47%,3.01%,58.00%,137.9%,299.4%,99.05%,331.6%,-25.12%,-7.82%
2016/08/31,2016/07/31,-1.25%,0.42%,0.81%,-0.05%,0.73%,-0.26%,0.19%,1.11%,0.22%,0.81%,0.99%,2.38%,0.48%,4.21%,0.32%,3.50%,74,105,131,120,101,184,254,255,282,189,32.53%,4.57%,4.03%,61.76%,138.6%,313.4%,105.4%,349.7%,-24.38%,-5.62%
2016/09/30,2016/08/31,-0.25%,-0.11%,-0.30%,-0.43%,1.46%,-0.01%,0.35%,-0.38%,-0.09%,2.32%,0.41%,2.37%,0.19%,5.03%,0.19%,4.32%,74,104,131,120,102,184,255,254,282,193,34.79%,7.00%,4.46%,65.60%,139.1%,331.2%,113.9%,372.4%,-24.07%,-3.38%
2016/10/31,2016/09/30,-0.24%,0.33%,0.02%,0.12%,-0.82%,-1.92%,-2.70%,-0.75%,-2.05%,-4.18%,-2.45%,-2.77%,-3.92%,-10.17%,-2.12%,-9.34%,74,105,131,120,101,181,248,252,276,185,34.02%,4.58%,1.90%,61.02%,134.0%,291.0%,98.44%,324.3%,-25.93%,-6.06%
2016/11/30,2016/10/31,-0.74%,1.42%,0.43%,0.67%,-0.48%,4.54%,4.11%,4.82%,5.17%,3.90%,-0.31%,1.01%,-3.04%,8.74%,4.59%,8.44%,73,106,131,121,101,189,258,264,291,193,34.36%,3.90%,1.58%,62.64%,144.7%,324.0%,106.1%,361.4%,-26.16%,-5.11%
2016/12/31,2016/11/30,-0.17%,-0.19%,1.26%,0.32%,-1.79%,1.84%,1.61%,2.85%,2.26%,-0.06%,-1.27%,-1.06%,-2.24%,-0.45%,1.94%,-0.13%,73,106,133,121,99,192,262,272,297,192,32.19%,1.93%,0.30%,60.93%,149.5%,323.4%,101.8%,359.4%,-27.09%,-6.11%
2017/01/31,2016/12/31,-2.27%,0.24%,0.43%,0.46%,1.33%,-0.32%,2.79%,1.62%,2.26%,3.96%,1.18%,2.33%,2.36%,5.71%,1.89%,5.01%,71,106,133,122,100,192,270,276,304,200,36.94%,6.29%,1.48%,64.68%,154.2%,344.6%,108.1%,385.6%,-26.23%,-3.92%
2017/02/28,2017/01/31,-0.22%,0.28%,0.59%,-0.24%,-1.45%,3.32%,4.37%,3.55%,3.33%,3.02%,-2.26%,-1.66%,-3.24%,-0.14%,3.64%,0.36%,71,107,134,121,99,198,281,286,314,206,35.25%,5.97%,-0.81%,61.96%,163.5%,346.2%,101.3%,384.9%,-27.90%,-5.51%
2017/03/31,2017/02/28,-0.02%,-0.22%,0.34%,-0.33%,-0.28%,0.13%,0.46%,-0.96%,0.34%,1.21%,-1.23%,-0.34%,-3.13%,-0.13%,0.13%,-0.03%,71,106,135,121,99,198,283,283,315,209,34.90%,7.11%,-2.03%,61.41%,163.8%,346.1%,100.9%,384.3%,-28.78%,-5.83%
2017/04/30,2017/03/31,-0.62%,-0.18%,0.28%,0.84%,-1.04%,0.35%,1.24%,0.88%,2.10%,0.94%,-2.41%,-1.43%,-4.86%,-1.48%,1.11%,-1.05%,71,106,135,122,98,199,286,286,322,211,34.34%,7.74%,-4.39%,59.10%,166.7%,341.4%,96.60%,377.1%,-30.50%,-7.18%
2017/05/31,2017/04/30,-0.01%,-0.49%,-0.41%,0.20%,-0.23%,0.96%,1.15%,-0.06%,1.86%,1.99%,-2.76%,-3.21%,-4.92%,-5.81%,1.06%,-4.85%,71,106,134,122,97,201,289,285,328,215,34.05%,8.85%,-7.02%,53.99%,169.6%,320.0%,84.99%,349.4%,-32.41%,-10.15%
2017/06/30,2017/05/31,0.77%,-0.80%,1.02%,0.23%,-0.29%,1.49%,-0.10%,2.25%,0.85%,-0.13%,0.64%,3.83%,1.42%,7.86%,0.90%,6.71%,71,105,136,122,97,204,289,292,331,214,32.63%,7.09%,-6.42%,59.90%,172.0%,348.2%,95.74%,384.7%,-31.98%,-6.71%
2017/07/31,2017/06/30,-0.51%,0.13%,-0.78%,1.19%,-0.86%,1.25%,2.18%,1.40%,3.11%,1.32%,-1.58%,-2.20%,-2.25%,-2.67%,1.93%,-2.01%,71,105,135,124,96,206,295,296,341,217,32.17%,7.17%,-7.90%,56.39%,177.2%,339.2%,88.03%,371.8%,-33.05%,-8.76%
2017/08/31,2017/07/31,-0.18%,-1.04%,0.97%,0.15%,-0.38%,-0.07%,-0.68%,1.28%,0.58%,0.50%,-0.54%,-1.18%,-0.56%,-2.71%,0.26%,-2.35%,71,104,136,124,96,206,293,300,343,218,31.91%,7.77%,-8.40%,54.54%,177.9%,328.8%,83.12%,359.0%,-33.41%,-9.83%
2017/09/30,2017/08/31,0.16%,-0.62%,-0.24%,0.74%,-0.05%,2.75%,1.83%,2.98%,2.97%,1.64%,2.43%,2.63%,2.95%,9.68%,2.47%,8.89%,71,103,136,125,96,212,299,309,353,222,31.64%,6.58%,-6.17%,58.61%,184.8%,367.0%,94.89%,403.5%,-31.79%,-7.46%
2017/10/31,2017/09/30,-1.33%,-1.08%,-0.00%,1.05%,2.76%,0.81%,1.49%,2.81%,3.49%,4.46%,-2.92%,-3.64%,-2.72%,-4.04%,2.24%,-2.95%,70,102,136,126,98,214,303,317,365,232,37.03%,10.47%,-8.91%,52.83%,191.2%,353.2%,84.78%,383.1%,-33.78%,-10.83%
2017/11/30,2017/10/31,-0.25%,0.12%,-0.65%,0.60%,-0.73%,2.81%,3.56%,2.59%,3.60%,3.27%,1.29%,2.14%,0.37%,3.75%,3.22%,3.11%,70,102,135,127,98,220,314,326,378,239,36.36%,10.98%,-7.73%,56.10%,200.6%,367.3%,84.58%,401.3%,-32.93%,-8.93%
2017/12/31,2017/11/30,-0.45%,-0.37%,0.19%,0.61%,-0.44%,0.65%,1.00%,1.05%,1.66%,1.23%,1.75%,2.68%,2.67%,4.73%,1.10%,3.93%,69,102,135,128,97,221,317,329,385,242,36.38%,11.61%,-6.12%,60.29%,203.8%,385.7%,89.81%,425.0%,-31.75%,-6.48%
2018/01/31,2017/12/31,0.03%,-1.75%,-0.85%,-0.37%,2.73%,5.32%,4.72%,5.03%,4.80%,9.38%,0.87%,0.64%,2.16%,3.71%,5.34%,3.51%,69,100,134,127,100,233,332,345,403,265,40.07%,16.15%,-5.30%,61.31%,220.1%,402.7%,86.34%,444.4%,-31.16%,-5.88%
2018/02/28,2018/01/31,-0.87%,0.61%,-1.16%,-0.81%,4.06%,-4.55%,-3.16%,-4.62%,-3.73%,-0.66%,-0.14%,-0.63%,-1.00%,-5.60%,-3.65%,-5.41%,69,101,132,126,104,222,322,330,388,263,46.99%,20.66%,-5.43%,60.30%,208.4%,375.5%,83.06%,414.0%,-31.26%,-6.48%
2018/03/31,2018/02/28,1.00%,-0.37%,0.24%,0.50%,1.29%,-1.24%,-2.56%,-1.31%,-2.26%,-1.79%,-3.74%,-3.61%,-4.90%,-3.23%,-1.98%,-2.14%,69,100,133,127,105,219,313,325,379,259,47.41%,20.00%,-8.96%,54.52%,202.3%,365.3%,82.75%,397.4%,-33.82%,-9.85%
2018/04/30,2018/03/31,0.30%,-1.33%,0.17%,0.47%,1.35%,0.72%,-0.69%,0.83%,0.67%,1.52%,0.82%,0.73%,-0.13%,0.90%,0.43%,0.68%,70,99,133,128,107,221,311,328,382,263,48.95%,20.97%,-8.22%,55.65%,203.6%,368.5%,83.21%,401.8%,-33.28%,-9.19%
2018/05/31,2018/04/30,0.44%,-1.63%,-0.36%,1.27%,-1.40%,3.41%,1.25%,2.36%,3.69%,3.59%,1.37%,1.85%,-0.27%,7.02%,2.78%,6.46%,70,97,132,129,105,229,315,336,396,272,46.20%,21.18%,-6.96%,58.54%,212.0%,398.8%,89.95%,437.0%,-32.37%,-7.50%
2018/06/30,2018/05/31,1.13%,-0.69%,0.88%,-0.15%,-0.04%,1.69%,-0.02%,0.88%,0.50%,1.61%,-1.73%,1.05%,-3.65%,2.14%,0.75%,1.83%,71,97,134,129,105,232,315,339,398,276,44.49%,21.08%,-8.57%,60.20%,214.4%,407.9%,91.99%,448.6%,-33.54%,-6.53%
2018/07/31,2018/06/30,-0.93%,0.98%,-0.06%,-0.42%,-0.74%,2.32%,4.46%,2.95%,2.99%,2.95%,-1.96%,-2.36%,-4.30%,-2.50%,3.27%,-1.79%,70,98,134,128,104,238,329,349,410,285,44.77%,21.85%,-10.36%,56.42%,224.7%,398.8%,82.27%,434.8%,-34.84%,-8.74%
2018/08/31,2018/07/31,0.09%,0.33%,-0.58%,-1.57%,1.85%,3.00%,3.92%,1.94%,2.82%,6.93%,-0.65%,0.12%,-0.26%,4.14%,3.55%,4.11%,70,98,133,126,106,245,342,355,421,304,47.32%,26.64%,-10.94%,56.61%,236.2%,419.3%,83.27%,457.0%,-35.26%,-8.63%
2018/09/30,2018/08/31,1.47%,0.61%,-0.92%,-0.94%,-1.05%,1.39%,0.83%,-1.90%,-0.39%,0.08%,-0.03%,0.58%,-0.84%,-1.49%,0.10%,-1.66%,71,99,132,125,105,248,345,349,420,305,43.60%,24.98%,-10.97%,57.52%,236.6%,410.6%,80.03%,448.7%,-35.28%,-8.10%
2018/10/31,2018/09/30,0.89%,1.12%,-0.14%,1.26%,0.49%,-6.50%,-7.51%,-6.98%,-6.65%,-8.58%,-0.73%,-1.75%,-0.55%,-12.84%,-7.27%,-12.32%,72,100,131,127,106,232,319,324,392,278,43.02%,22.37%,-11.62%,54.77%,212.1%,347.7%,70.94%,378.3%,-35.75%,-9.70%
2018/11/30,2018/10/31,1.14%,-1.99%,1.22%,0.79%,0.77%,2.87%,0.13%,3.10%,2.46%,2.69%,-1.78%,-1.76%,-4.98%,-3.30%,1.99%,-2.77%,73,98,133,128,107,239,319,334,401,286,42.50%,22.15%,-13.19%,52.05%,218.3%,335.3%,62.80%,362.5%,-36.89%,-11.29%
2018/12/31,2018/11/30,-0.39%,-0.52%,1.72%,-0.17%,-0.25%,-9.00%,-9.83%,-10.22%,-8.54%,-8.90%,-3.44%,-2.55%,-6.18%,-17.00%,-9.28%,-16.23%,72,97,135,128,106,217,288,300,367,260,42.70%,22.28%,-16.18%,48.18%,188.8%,264.7%,51.48%,283.9%,-39.07%,-13.55%
2019/01/31,2018/12/31,-0.61%,-0.34%,-0.33%,0.48%,0.54%,8.30%,8.25%,9.46%,9.09%,8.83%,2.91%,3.12%,4.84%,19.57%,8.72%,18.64%,72,97,135,128,107,235,312,329,401,283,44.35%,22.93%,-13.73%,52.80%,214.0%,332.6%,66.51%,359.0%,-37.29%,-10.85%
2019/02/28,2019/01/31,-0.18%,-0.74%,-0.11%,0.57%,-0.53%,3.82%,2.47%,2.98%,4.35%,3.80%,-0.97%,-0.33%,-1.52%,5.10%,3.43%,5.20%,72,96,135,129,106,244,319,338,418,294,43.85%,22.91%,-14.57%,52.29%,224.7%,355.1%,69.45%,382.4%,-37.90%,-11.15%
2019/03/31,2019/02/28,-0.28%,0.39%,-0.50%,-0.20%,-0.81%,1.37%,2.04%,0.12%,0.98%,2.74%,-1.38%,1.84%,-0.95%,1.60%,1.41%,1.04%,72,97,134,129,106,248,326,339,422,302,43.09%,24.58%,-15.74%,55.10%,229.3%,359.9%,68.84%,390.1%,-38.75%,-9.51%
2019/04/30,2019/03/31,-1.52%,0.36%,0.54%,-0.72%,0.53%,2.79%,4.42%,5.47%,2.77%,4.33%,-1.63%,-1.33%,-3.91%,0.53%,4.02%,0.93%,70,97,135,128,106,255,340,357,434,315,46.02%,26.51%,-17.11%,53.03%,242.5%,364.2%,63.63%,392.7%,-39.75%,-10.72%
2019/05/31,2019/04/30,0.08%,0.25%,1.80%,-0.32%,-0.47%,-6.89%,-6.22%,-6.48%,-6.29%,-6.65%,-2.53%,-2.71%,0.36%,-11.04%,-6.47%,-10.22%,71,97,137,127,106,237,319,334,407,294,45.21%,26.81%,-19.21%,48.88%,220.4%,316.7%,57.49%,338.3%,-41.27%,-13.14%
2019/06/30,2019/05/31,0.83%,0.25%,-0.46%,-1.00%,-1.33%,8.60%,7.33%,5.89%,5.57%,6.86%,-1.96%,-0.73%,-6.64%,3.73%,6.83%,3.94%,71,97,136,126,104,257,343,354,429,315,42.09%,24.60%,-20.79%,47.80%,242.2%,333.1%,52.95%,354.7%,-42.42%,-13.77%
2019/07/31,2019/06/30,-1.35%,0.19%,1.99%,0.14%,-0.60%,0.16%,1.82%,2.79%,1.05%,0.94%,-1.33%,-1.25%,-2.42%,-3.79%,1.45%,-3.42%,70,98,139,126,104,258,349,364,434,318,43.16%,25.58%,-21.84%,45.95%,247.2%,318.3%,45.50%,337.4%,-43.18%,-14.85%
2019/08/31,2019/07/31,-0.61%,-0.28%,1.40%,1.63%,-3.69%,-2.91%,-2.41%,-1.69%,-0.37%,-3.95%,0.18%,-0.27%,0.13%,-5.95%,-2.11%,-5.87%,70,97,141,128,100,250,340,358,432,305,38.74%,24.27%,-21.70%,45.56%,239.9%,293.8%,40.02%,311.4%,-43.08%,-15.07%
2019/09/30,2019/08/31,-0.19%,1.51%,0.05%,0.99%,0.94%,0.73%,2.91%,2.23%,2.07%,-0.19%,0.80%,1.78%,0.37%,2.33%,1.76%,1.80%,70,99,141,130,101,252,350,366,441,304,40.30%,23.13%,-21.08%,48.15%,245.8%,300.9%,40.09%,321.0%,-42.63%,-13.56%
2019/10/31,2019/09/30,-0.16%,1.06%,-0.63%,-0.50%,-1.20%,2.25%,3.30%,1.23%,1.43%,1.98%,-1.66%,0.64%,-5.63%,0.42%,2.20%,0.23%,69,100,140,129,99,258,362,370,447,310,38.85%,22.80%,-22.39%,49.11%,253.4%,301.8%,37.33%,322.8%,-43.58%,-13.01%
2019/11/30,2019/10/31,0.80%,0.64%,-1.20%,-1.11%,-1.64%,4.92%,4.55%,2.31%,2.49%,3.92%,-2.51%,-1.91%,-5.11%,1.93%,3.75%,2.51%,70,100,139,128,98,271,378,379,458,323,35.46%,21.58%,-24.33%,46.26%,266.7%,311.8%,35.62%,331.0%,-45.00%,-14.67%
2019/12/31,2019/11/30,-0.63%,0.87%,-0.34%,-0.26%,0.15%,2.16%,3.82%,2.51%,2.14%,2.71%,-1.14%,-1.59%,0.66%,4.81%,2.79%,5.29%,70,101,138,127,98,276,393,388,468,331,36.51%,22.25%,-25.20%,43.94%,276.9%,333.6%,39.00%,351.7%,-45.62%,-16.02%
2020/01/31,2019/12/31,-0.10%,-1.02%,-0.34%,0.45%,-0.32%,0.74%,-0.72%,-0.77%,0.20%,2.00%,1.44%,2.75%,4.56%,4.15%,0.06%,3.33%,70,100,138,128,98,278,390,385,469,338,36.21%,23.78%,-24.12%,47.90%,277.2%,348.1%,43.55%,370.4%,-44.84%,-13.71%
2020/02/29,2020/01/31,0.21%,-0.51%,-1.20%,-1.99%,2.88%,-7.47%,-9.09%,-8.61%,-8.30%,-5.17%,-1.09%,0.55%,-1.39%,-5.90%,-8.00%,-6.06%,70,100,136,125,101,258,355,352,430,321,39.86%,26.63%,-24.94%,48.71%,247.0%,320.9%,46.33%,342.7%,-45.44%,-13.24%
2020/03/31,2020/02/29,-0.16%,-1.11%,-1.72%,-3.90%,-0.95%,-12.18%,-13.09%,-16.27%,-15.93%,-8.98%,-0.85%,2.87%,-5.90%,-19.93%,-13.57%,-20.79%,70,99,134,120,100,226,308,295,362,292,38.75%,30.68%,-25.58%,52.97%,199.9%,233.4%,35.76%,254.4%,-45.90%,-10.75%
2020/04/30,2020/03/31,1.60%,-1.46%,-0.66%,0.53%,2.62%,15.25%,11.91%,10.62%,12.58%,19.44%,5.13%,8.82%,8.40%,30.72%,13.44%,28.07%,71,97,133,121,102,261,345,326,407,348,40.17%,36.16%,-21.76%,66.46%,240.2%,327.0%,55.64%,363.3%,-43.13%,-2.88%
2020/05/31,2020/04/30,-2.01%,0.34%,1.00%,0.70%,-4.41%,4.97%,6.07%,5.28%,5.34%,5.33%,-1.59%,0.52%,-2.26%,9.36%,5.40%,9.20%,69,98,134,122,98,274,366,343,429,367,36.81%,36.64%,-23.01%,67.33%,258.6%,366.3%,61.55%,406.7%,-44.03%,-2.38%
2020/06/30,2020/05/31,-2.17%,1.28%,-1.91%,-0.67%,1.98%,1.16%,3.46%,-0.03%,1.83%,6.00%,3.78%,4.12%,6.30%,14.61%,2.43%,13.38%,68,99,132,121,100,277,378,343,437,389,42.48%,43.25%,-20.09%,74.23%,267.3%,428.6%,79.23%,480.8%,-41.91%,0.00%
2020/07/31,2020/06/30,-1.00%,-0.87%,-1.00%,-2.43%,2.16%,4.97%,6.24%,4.21%,4.12%,9.43%,3.49%,-0.22%,5.02%,5.31%,5.73%,5.37%,67,98,130,118,102,291,402,358,455,426,46.98%,49.65%,-17.30%,73.85%,288.3%,457.0%,78.60%,511.6%,-39.89%,-0.22%
2020/08/31,2020/07/31,-4.28%,0.77%,-2.63%,2.50%,-2.29%,4.07%,8.83%,3.98%,9.90%,8.64%,-2.29%,-2.45%,-8.00%,1.55%,7.38%,2.29%,64,99,127,121,99,303,438,372,500,462,49.89%,56.48%,-19.20%,69.59%,317.0%,469.8%,69.51%,521.1%,-41.26%,-2.66%
2020/09/30,2020/08/31,1.03%,-0.99%,0.26%,0.41%,-2.16%,-2.60%,-4.22%,-2.81%,-3.01%,-5.01%,-2.88%,-3.87%,-1.45%,-6.39%,-3.61%,-5.22%,65,98,127,121,97,295,419,361,485,439,45.11%,52.71%,-21.52%,63.03%,301.9%,440.0%,66.78%,481.4%,-42.95%,-6.43%
2020/10/31,2020/09/30,-1.46%,-0.12%,2.66%,-1.07%,2.18%,-2.24%,-3.23%,0.77%,-2.59%,-2.22%,-0.87%,-0.80%,-3.65%,-1.17%,-2.11%,-0.93%,64,98,131,120,99,288,406,364,472,430,50.39%,52.75%,-22.20%,61.72%,293.4%,435.0%,68.75%,474.6%,-43.45%,-7.18%
2020/11/30,2020/10/31,-0.12%,0.30%,0.88%,2.34%,-4.57%,14.64%,11.60%,12.26%,13.66%,9.49%,0.70%,4.92%,0.61%,27.49%,12.26%,26.01%,64,98,132,123,95,330,453,409,537,470,43.70%,44.88%,-21.66%,69.68%,341.6%,574.1%,91.95%,632.5%,-43.05%,-2.61%
2020/12/31,2020/11/30,-2.64%,0.74%,0.42%,-0.87%,-3.83%,4.49%,5.38%,4.29%,4.32%,3.17%,0.19%,0.42%,-2.08%,10.82%,4.57%,10.70%,62,99,132,122,91,345,477,426,560,485,41.99%,42.98%,-21.52%,70.39%,361.8%,646.2%,103.7%,711.8%,-42.95%,-2.20%
2021/01/31,2020/12/31,-0.89%,-1.36%,-1.95%,1.63%,0.96%,0.31%,-1.03%,-0.47%,0.39%,1.59%,10.78%,10.32%,17.96%,25.29%,-0.12%,22.19%,62,97,130,124,92,346,472,424,562,493,44.62%,44.81%,-13.05%,87.97%,361.3%,811.8%,149.2%,917.1%,-36.80%,0.00%
