Date,fdate,beta_AR_1,beta_AR_2,beta_AR_3,beta_AR_4,beta_AR_5,beta_TR_1,beta_TR_2,beta_TR_3,beta_TR_4,beta_TR_5,beta_AR_Sig,beta_TR_Sig,beta_AR_130,beta_TR_130,beta_TR_BP,beta_TR_LO,beta_CAR_1,beta_CAR_2,beta_CAR_3,beta_CAR_4,beta_CAR_5,beta_CTR_1,beta_CTR_2,beta_CTR_3,beta_CTR_4,beta_CTR_5,beta_CAR_LS,beta_CTR_LS,beta_CAR_SW,beta_CTR_SW,beta_CTR_BP,beta_CTR_LO,beta_CXR_LO,beta_CTR_13,beta_CADD,beta_CTDD
2001/02/28,2001/01/31,-1.44%,2.28%,8.56%,2.44%,0.97%,-20.39%,-10.12%,-4.96%,-2.90%,-2.54%,-4.72%,18.37%,8.10%,2.28%,-9.48%,-3.23%,99,102,109,102,101,80,90,95,97,97,2.41%,17.85%,-4.72%,18.37%,-9.48%,-3.23%,6.25%,2.28%,-4.72%,0.00%
2001/03/31,2001/02/28,1.53%,0.55%,1.86%,-0.35%,-2.63%,-11.11%,-6.11%,-5.73%,-2.99%,-5.51%,-0.41%,10.88%,2.34%,-1.64%,-6.73%,-4.90%,100,103,111,102,98,71,84,90,94,92,-1.85%,24.45%,-5.11%,31.25%,-15.57%,-7.98%,8.18%,0.60%,-5.11%,0.00%
2001/04/30,2001/03/31,2.42%,-2.85%,0.09%,0.64%,-0.71%,15.70%,6.30%,8.23%,5.10%,4.11%,-1.28%,-10.11%,-4.21%,2.93%,8.26%,5.96%,102,100,111,103,98,82,90,97,99,96,-4.92%,10.02%,-6.32%,17.98%,-8.60%,-2.49%,5.70%,3.55%,-6.32%,-10.11%
2001/05/31,2001/04/30,-0.37%,0.80%,-1.85%,-1.10%,0.26%,-1.03%,1.85%,1.79%,2.58%,1.38%,-2.11%,4.37%,3.36%,10.09%,1.01%,8.78%,102,101,109,102,98,81,91,99,102,97,-4.32%,12.67%,-8.30%,23.13%,-7.68%,6.07%,13.92%,14.00%,-8.30%,-6.19%
2001/06/30,2001/05/31,0.94%,3.07%,0.18%,1.08%,-1.27%,-1.27%,0.13%,-2.20%,-0.58%,-4.39%,4.34%,2.54%,-1.29%,2.70%,-1.54%,1.94%,103,104,109,103,97,80,91,97,101,93,-6.44%,9.16%,-4.32%,26.25%,-9.10%,8.13%,17.88%,17.08%,-4.32%,-3.81%
2001/07/31,2001/06/30,-1.70%,0.76%,-1.66%,-2.04%,1.53%,-7.31%,-0.41%,-1.05%,-0.97%,3.37%,-0.51%,9.23%,3.33%,1.30%,-1.79%,-1.47%,101,105,107,101,98,74,91,96,100,96,-3.41%,20.82%,-4.81%,37.90%,-10.73%,6.54%,18.27%,18.60%,-4.81%,0.00%
2001/08/31,2001/07/31,-1.04%,1.04%,1.80%,2.65%,0.00%,-11.49%,-5.97%,-2.73%,-1.67%,-3.69%,4.79%,9.43%,3.86%,1.34%,-5.97%,-1.49%,100,106,109,103,98,66,86,93,98,93,-2.40%,30.25%,-0.25%,50.91%,-16.06%,4.96%,23.57%,20.19%,-0.25%,0.00%
2001/09/30,2001/08/31,-4.79%,-1.23%,0.74%,3.73%,1.25%,-17.92%,-10.20%,-6.20%,-5.19%,0.22%,8.56%,12.67%,10.88%,-5.83%,-8.92%,-9.63%,95,104,110,107,99,54,77,87,93,93,3.50%,53.88%,8.28%,70.03%,-23.54%,-5.15%,22.68%,13.18%,0.00%,0.00%
2001/10/31,2001/09/30,1.49%,0.97%,2.72%,5.30%,1.57%,7.92%,1.88%,0.82%,3.61%,-1.71%,2.43%,-11.61%,-0.88%,3.47%,2.68%,6.95%,97,105,113,113,101,58,78,88,97,91,3.57%,39.05%,10.91%,50.30%,-21.50%,1.44%,27.93%,17.11%,0.00%,-11.61%
2001/11/30,2001/10/31,2.27%,-0.71%,-2.25%,-3.32%,0.55%,13.53%,8.69%,5.17%,3.66%,3.49%,-9.80%,-9.67%,-6.98%,3.11%,7.75%,6.01%,99,105,110,109,101,66,85,92,100,94,1.79%,25.09%,0.03%,35.77%,-15.41%,7.54%,25.70%,20.75%,-9.80%,-20.15%
2001/12/31,2001/11/30,-1.04%,2.12%,-0.30%,0.95%,0.33%,1.12%,3.16%,2.14%,1.47%,-0.23%,-2.34%,-1.20%,-1.09%,6.36%,1.71%,6.72%,98,107,110,110,102,67,88,94,102,94,3.19%,23.39%,-2.31%,34.13%,-13.96%,14.77%,32.00%,28.43%,-11.92%,-21.11%
2002/01/31,2001/12/31,2.26%,-0.29%,-1.63%,-1.44%,-1.20%,-1.49%,-1.04%,-1.28%,-1.32%,-1.01%,0.51%,7.06%,4.25%,7.47%,-1.25%,5.35%,100,107,108,109,101,66,87,93,100,93,-0.38%,23.98%,-1.81%,43.61%,-15.04%,20.91%,40.72%,38.03%,-11.46%,-15.54%
2002/02/28,2002/01/31,-2.02%,2.31%,1.06%,-0.23%,0.20%,-6.99%,0.37%,-0.44%,-0.56%,0.89%,1.53%,6.77%,0.25%,-1.27%,-2.10%,-3.30%,98,109,109,108,101,61,87,93,100,94,1.83%,33.75%,-0.31%,53.32%,-16.83%,16.92%,39.03%,36.28%,-10.11%,-9.83%
2002/03/31,2002/02/28,1.19%,-0.58%,0.97%,1.99%,0.50%,6.83%,3.69%,4.52%,3.23%,0.53%,-3.95%,-3.49%,-3.23%,6.40%,4.42%,7.45%,99,108,110,110,101,65,91,97,103,94,1.14%,25.32%,-4.24%,47.96%,-13.15%,25.63%,43.25%,45.00%,-13.66%,-12.98%
2002/04/30,2002/03/31,0.47%,1.29%,-0.22%,-1.55%,-1.71%,-8.75%,-2.88%,-2.66%,-3.21%,-5.32%,0.71%,7.18%,1.15%,2.80%,-5.00%,0.65%,100,110,110,109,100,60,88,94,100,89,-1.07%,29.61%,-3.57%,58.58%,-17.49%,26.45%,51.34%,49.06%,-13.05%,-6.73%
2002/05/31,2002/04/30,0.56%,-0.94%,-0.75%,-1.97%,0.89%,-2.22%,-1.62%,-0.47%,-1.11%,2.07%,3.29%,5.80%,3.87%,0.53%,-1.20%,-1.21%,100,109,109,107,100,58,86,94,99,91,-0.74%,35.17%,-0.39%,67.78%,-18.48%,24.91%,51.32%,49.85%,-10.19%,-1.32%
2002/06/30,2002/05/31,1.23%,2.60%,-1.15%,-0.47%,-6.80%,-9.77%,-4.33%,-6.03%,-3.86%,-10.78%,2.15%,4.77%,-2.13%,-5.99%,-6.92%,-7.42%,102,112,108,106,94,53,83,88,95,81,-8.71%,33.81%,1.75%,75.79%,-24.12%,15.65%,50.56%,40.88%,-8.26%,0.00%
2002/07/31,2002/06/30,2.43%,-1.20%,-0.09%,-3.79%,-2.59%,-9.29%,-8.81%,-6.61%,-5.70%,-7.34%,5.12%,5.25%,6.23%,-8.56%,-7.99%,-10.14%,104,110,108,102,91,48,75,82,89,75,-13.30%,36.42%,6.95%,85.01%,-30.19%,3.92%,47.34%,28.81%,-3.57%,0.00%
2002/08/31,2002/07/31,-1.29%,0.26%,-1.71%,-1.72%,3.35%,-0.74%,2.33%,0.49%,0.41%,4.12%,1.23%,2.70%,3.13%,2.27%,0.64%,1.46%,103,111,106,100,94,47,77,83,90,79,-9.27%,43.05%,8.27%,90.01%,-29.74%,5.44%,48.55%,31.74%,-2.38%,0.00%
2002/09/30,2002/08/31,0.63%,-1.96%,-2.33%,0.45%,0.12%,-12.62%,-10.15%,-7.11%,-3.98%,-7.24%,1.08%,4.60%,2.31%,-7.08%,-10.13%,-8.46%,103,108,104,101,94,41,69,77,86,73,-9.74%,50.75%,9.43%,98.75%,-36.86%,-3.48%,51.02%,22.41%,-1.33%,0.00%
2002/10/31,2002/09/30,2.59%,1.67%,-1.17%,-1.88%,-0.37%,12.03%,6.63%,1.51%,0.66%,5.66%,-6.26%,-8.49%,-7.06%,-0.28%,7.77%,2.27%,106,110,102,99,94,46,74,78,87,77,-12.41%,41.14%,2.59%,81.87%,-31.95%,-1.28%,42.73%,22.08%,-7.50%,-8.49%
2002/11/30,2002/10/31,0.60%,-0.34%,-2.35%,-2.35%,11.01%,9.39%,3.98%,1.90%,-0.40%,7.02%,-0.12%,-5.41%,2.48%,13.36%,6.03%,14.98%,107,110,100,97,104,51,77,80,86,82,-3.29%,37.80%,2.46%,72.03%,-27.85%,13.50%,55.51%,38.38%,-7.62%,-13.44%
2002/12/31,2002/11/30,-0.72%,0.24%,1.28%,1.34%,1.74%,-8.67%,-3.67%,-1.18%,-1.50%,-1.98%,1.41%,5.23%,2.97%,-2.97%,-5.58%,-4.53%,106,110,101,98,106,46,74,79,85,81,-0.91%,47.02%,3.90%,81.03%,-31.88%,8.36%,57.14%,34.28%,-6.32%,-8.92%
2003/01/31,2002/12/31,1.15%,-0.55%,-1.84%,-0.33%,-2.85%,-1.87%,-2.99%,-3.57%,-2.23%,-4.81%,2.60%,3.97%,4.95%,4.51%,-2.56%,3.32%,107,109,99,98,103,45,72,76,83,77,-4.87%,42.70%,6.60%,88.21%,-33.63%,11.95%,66.38%,40.34%,-3.88%,-5.30%
2003/02/28,2003/01/31,0.70%,-0.66%,-0.11%,1.30%,-1.39%,-1.42%,-2.51%,-1.87%,-0.60%,-3.95%,0.74%,1.48%,0.79%,-1.61%,-1.81%,-2.05%,108,109,99,99,102,45,70,74,83,74,-6.86%,39.10%,7.40%,91.00%,-34.83%,9.66%,65.98%,38.08%,-3.17%,-3.90%
2003/03/31,2003/02/28,-0.28%,2.35%,2.02%,1.77%,-1.20%,0.35%,2.36%,1.60%,2.05%,0.13%,-0.65%,0.28%,-0.90%,1.49%,1.22%,1.40%,108,111,101,101,100,45,72,76,84,74,-7.72%,38.79%,6.70%,91.53%,-34.03%,11.20%,66.28%,40.13%,-3.79%,-3.63%
2003/04/30,2003/03/31,0.46%,-0.93%,-0.53%,1.03%,-2.45%,10.54%,6.11%,5.39%,5.50%,8.37%,-0.92%,-5.02%,-1.41%,8.13%,8.22%,9.63%,108,110,101,102,98,50,76,80,89,80,-10.40%,35.78%,5.72%,81.93%,-28.61%,21.91%,68.62%,51.52%,-4.68%,-8.46%
2003/05/31,2003/04/30,-1.92%,0.35%,3.26%,3.22%,3.11%,6.10%,5.44%,7.58%,6.74%,13.13%,2.82%,-2.66%,4.53%,14.28%,6.23%,15.08%,106,111,104,105,101,53,80,86,95,91,-5.90%,45.31%,8.70%,77.09%,-24.16%,40.29%,83.55%,73.16%,-1.99%,-10.90%
2003/06/30,2003/05/31,-0.40%,0.05%,0.61%,0.53%,1.05%,1.28%,1.46%,2.08%,1.75%,4.81%,3.16%,2.56%,4.82%,8.68%,1.49%,7.91%,106,111,105,105,102,53,81,88,97,95,-4.53%,50.44%,12.14%,81.62%,-23.03%,51.39%,95.35%,88.20%,0.00%,-8.62%
2003/07/31,2003/06/30,1.31%,-0.01%,0.73%,-1.43%,-1.52%,3.27%,1.37%,2.67%,0.59%,6.05%,0.15%,0.06%,0.53%,7.64%,2.46%,7.62%,107,111,105,104,101,55,83,90,97,101,-7.23%,54.63%,12.31%,81.74%,-21.14%,62.93%,105.4%,102.6%,0.00%,-8.56%
2003/08/31,2003/07/31,-0.08%,-0.25%,0.11%,-0.88%,-0.84%,2.85%,1.93%,2.54%,1.19%,5.10%,-1.55%,-1.80%,-0.66%,4.59%,2.35%,5.12%,107,110,106,103,100,57,84,92,98,106,-7.93%,58.11%,10.57%,78.47%,-19.28%,71.28%,111.1%,111.9%,-1.55%,-10.20%
2003/09/30,2003/08/31,0.65%,-0.73%,0.11%,-0.74%,-0.06%,-0.57%,-1.73%,-0.45%,-1.64%,-0.97%,1.89%,1.37%,4.63%,4.31%,-1.08%,3.90%,108,110,106,102,100,56,83,92,97,105,-8.58%,57.48%,12.66%,80.91%,-20.15%,77.96%,121.6%,121.0%,0.00%,-8.97%
2003/10/31,2003/09/30,0.52%,1.28%,-0.35%,0.61%,-2.85%,6.75%,6.36%,5.05%,5.04%,7.75%,-5.30%,-2.91%,-2.56%,7.13%,6.06%,8.00%,108,111,105,103,97,60,88,96,102,113,-11.66%,59.06%,6.69%,75.64%,-15.32%,92.20%,125.9%,136.8%,-5.30%,-11.63%
2003/11/30,2003/10/31,-0.23%,0.28%,-0.14%,-0.24%,0.49%,1.00%,2.15%,1.29%,1.30%,2.58%,0.22%,1.54%,0.87%,4.75%,1.47%,4.29%,108,111,105,103,97,61,90,98,103,116,-11.02%,61.58%,6.92%,78.35%,-14.07%,100.4%,132.3%,148.0%,-5.09%,-10.26%
2003/12/31,2003/11/30,-3.38%,-0.68%,1.78%,-0.54%,2.22%,4.19%,4.30%,5.59%,3.16%,4.33%,7.85%,2.38%,3.87%,4.88%,4.39%,4.17%,104,111,107,102,99,63,94,103,106,121,-6.04%,61.79%,15.32%,82.60%,-10.30%,108.8%,131.8%,160.1%,0.00%,-8.12%
2004/01/31,2003/12/31,2.28%,-1.58%,-0.60%,-0.54%,1.85%,4.74%,0.76%,1.59%,1.89%,3.99%,-1.01%,0.28%,4.62%,9.78%,2.25%,9.70%,107,109,106,101,101,66,94,105,108,126,-6.45%,60.58%,14.15%,83.12%,-8.28%,129.0%,149.1%,185.5%,-1.01%,-7.87%
2004/02/29,2004/01/31,-1.11%,-0.66%,-0.62%,1.89%,1.45%,0.82%,0.99%,0.68%,3.29%,1.86%,2.18%,1.35%,0.97%,1.31%,1.48%,0.91%,105,108,106,103,103,67,95,105,112,128,-4.06%,62.24%,16.64%,85.59%,-6.92%,131.1%,147.6%,189.3%,0.00%,-6.62%
2004/03/31,2004/02/29,-0.10%,-0.25%,-0.22%,0.69%,-1.24%,-1.14%,-1.16%,-1.26%,-0.33%,-2.54%,2.18%,3.03%,1.26%,2.83%,-1.09%,1.92%,105,108,105,104,101,66,94,104,111,125,-5.16%,59.97%,19.18%,91.20%,-7.94%,135.6%,155.1%,197.5%,0.00%,-3.80%
2004/04/30,2004/03/31,-6.85%,-2.74%,0.66%,1.41%,4.23%,-7.06%,-4.24%,-1.89%,0.06%,2.57%,11.02%,7.12%,6.57%,1.26%,-2.03%,-0.88%,98,105,106,106,106,61,90,102,111,128,5.35%,75.37%,32.32%,104.8%,-9.81%,133.5%,158.0%,201.2%,0.00%,0.00%
2004/05/31,2004/04/30,2.21%,0.71%,0.48%,-0.23%,-1.68%,2.70%,1.65%,1.49%,1.03%,-0.02%,-3.15%,-1.59%,-3.05%,-1.32%,1.34%,-0.84%,100,106,107,105,104,63,92,104,113,128,1.25%,70.60%,28.16%,101.6%,-8.61%,131.5%,152.4%,197.3%,-3.15%,-1.59%
2004/06/30,2004/05/31,0.58%,-0.06%,0.38%,0.98%,-2.36%,3.38%,2.14%,2.52%,2.58%,-0.97%,-2.70%,-1.89%,-3.65%,0.95%,1.96%,1.52%,101,106,107,106,102,65,94,106,116,127,-1.72%,63.17%,24.70%,97.76%,-6.81%,135.1%,151.3%,200.1%,-5.76%,-3.45%
2004/07/31,2004/06/30,-6.19%,-0.18%,0.15%,0.99%,0.60%,-9.24%,-3.86%,-3.42%,-3.16%,-3.46%,8.84%,6.10%,4.31%,-3.17%,-3.87%,-5.00%,95,105,107,107,102,59,90,103,112,122,4.95%,72.60%,35.72%,109.8%,-10.42%,123.3%,148.5%,190.6%,0.00%,0.00%
2004/08/31,2004/07/31,-1.95%,0.08%,0.95%,-0.19%,0.65%,-1.58%,0.48%,1.05%,-0.11%,0.61%,1.86%,0.84%,-0.03%,-1.63%,0.29%,-1.88%,93,105,108,107,103,58,90,104,112,123,7.68%,76.38%,38.24%,111.6%,-10.15%,119.1%,143.1%,185.9%,0.00%,0.00%
2004/09/30,2004/08/31,3.54%,1.58%,-0.78%,0.50%,-3.18%,4.74%,2.89%,1.49%,2.08%,-1.51%,-4.71%,-2.13%,-3.06%,2.64%,1.66%,3.28%,96,107,107,108,100,61,93,105,114,121,0.45%,65.35%,31.73%,107.1%,-8.67%,126.3%,147.0%,193.4%,-4.71%,-2.13%
2004/10/31,2004/09/30,0.34%,-1.70%,1.53%,0.75%,-1.23%,2.53%,-0.13%,2.83%,2.19%,0.30%,0.28%,0.08%,-0.02%,1.88%,1.55%,1.86%,96,105,109,109,98,63,93,108,117,122,-1.13%,61.66%,32.09%,107.2%,-7.25%,130.5%,147.8%,198.9%,-4.45%,-2.06%
2004/11/30,2004/10/31,2.96%,-0.60%,-0.41%,0.23%,-1.59%,7.53%,4.90%,4.80%,4.49%,2.10%,-3.36%,-2.19%,-2.07%,7.91%,4.65%,8.57%,99,105,109,109,97,67,98,113,122,124,-5.63%,52.90%,27.65%,102.7%,-2.94%,150.2%,157.5%,222.6%,-7.66%,-4.20%
2004/12/31,2004/11/30,0.18%,0.31%,0.71%,-0.38%,-1.10%,4.49%,3.94%,3.87%,3.12%,2.64%,1.27%,1.48%,3.49%,9.01%,3.62%,8.57%,99,105,109,108,96,70,101,118,126,128,-6.84%,50.07%,29.27%,105.7%,0.58%,171.7%,170.2%,251.6%,-6.48%,-2.78%
2005/01/31,2004/12/31,-1.33%,0.30%,0.13%,0.19%,-0.01%,-4.85%,-2.70%,-1.83%,-2.28%,-3.14%,3.49%,4.30%,2.90%,-1.39%,-2.69%,-2.68%,98,105,109,109,96,67,99,116,123,124,-5.60%,52.63%,33.79%,114.5%,-2.13%,164.4%,170.2%,246.7%,-3.22%,0.00%
2005/02/28,2005/01/31,-1.42%,-0.94%,0.44%,1.96%,-0.23%,0.01%,0.87%,2.60%,3.88%,1.50%,0.76%,1.70%,-0.28%,1.81%,2.06%,1.30%,97,104,110,111,95,67,99,119,127,125,-4.47%,54.90%,34.81%,118.2%,-0.11%,167.8%,168.2%,253.0%,-2.48%,0.00%
2005/03/31,2005/02/28,0.44%,-1.12%,-0.99%,1.10%,2.38%,-2.14%,-2.62%,-1.84%,-0.88%,-0.13%,1.28%,2.20%,0.31%,-1.62%,-1.73%,-2.28%,97,103,109,112,98,66,97,116,126,125,-2.62%,58.02%,36.53%,123.0%,-1.84%,161.7%,166.7%,247.3%,-1.23%,0.00%
2005/04/30,2005/03/31,-0.34%,1.95%,-0.12%,-0.56%,-0.49%,-3.78%,-0.88%,-2.79%,-2.49%,-1.69%,2.29%,2.42%,1.79%,-4.64%,-2.23%,-5.36%,97,105,109,111,97,63,96,113,123,123,-2.76%,61.34%,39.66%,128.4%,-4.03%,147.7%,158.3%,231.2%,0.00%,0.00%
2005/05/31,2005/04/30,1.25%,0.20%,-0.06%,-0.12%,-2.18%,6.94%,3.59%,4.26%,3.53%,0.79%,-3.60%,-4.01%,-4.60%,2.07%,3.88%,3.27%,98,105,109,111,95,67,99,118,128,124,-6.10%,51.41%,34.64%,119.2%,-0.31%,155.8%,156.8%,238.0%,-3.60%,-4.01%
2005/06/30,2005/05/31,-0.66%,0.08%,0.83%,-0.91%,1.15%,1.05%,1.11%,1.84%,-0.55%,1.93%,-1.06%,0.23%,-1.27%,3.64%,0.85%,3.57%,97,105,110,110,96,68,101,120,127,126,-4.40%,52.74%,33.21%,119.7%,0.54%,164.9%,163.8%,250.3%,-4.62%,-3.79%
2005/07/31,2005/06/30,0.58%,-0.32%,0.60%,-0.14%,-1.60%,6.08%,3.62%,4.82%,3.27%,4.69%,-1.94%,-1.88%,-2.26%,5.40%,4.20%,5.97%,98,105,110,110,95,72,104,126,131,132,-6.48%,50.61%,30.63%,115.6%,4.76%,180.7%,168.4%,269.3%,-6.47%,-5.60%
2005/08/31,2005/07/31,-1.40%,0.21%,-0.20%,0.69%,0.22%,-3.16%,-0.67%,-1.20%,-0.25%,-1.05%,0.47%,0.22%,1.09%,-1.11%,-1.01%,-1.18%,97,105,110,111,95,70,104,124,131,131,-4.97%,53.78%,31.25%,116.1%,3.70%,177.4%,168.0%,265.2%,-6.03%,-5.39%
2005/09/30,2005/08/31,-0.02%,1.00%,0.51%,-0.61%,-0.44%,0.19%,1.47%,1.22%,-0.36%,-0.24%,1.17%,1.09%,2.37%,1.75%,0.77%,1.42%,97,106,111,110,94,70,105,126,130,131,-5.36%,53.12%,32.79%,118.4%,4.50%,181.4%,169.7%,271.6%,-4.92%,-4.36%
2005/10/31,2005/09/30,0.19%,1.21%,-1.71%,0.20%,0.36%,-1.99%,-0.29%,-3.55%,-1.25%,-1.55%,-0.55%,-0.21%,-1.37%,-3.67%,-1.76%,-3.61%,97,108,109,110,95,69,105,122,129,129,-5.20%,53.79%,32.06%,118.0%,2.66%,171.2%,164.8%,257.9%,-5.44%,-4.56%
2005/11/30,2005/10/31,-0.12%,0.87%,0.49%,0.04%,-2.12%,4.13%,4.27%,4.26%,3.66%,1.71%,-1.28%,-1.79%,-2.25%,1.95%,3.93%,2.49%,97,109,109,110,93,72,109,127,133,131,-7.10%,50.06%,30.38%,114.1%,6.69%,178.0%,160.9%,264.9%,-6.65%,-6.27%
2005/12/31,2005/11/30,1.22%,0.23%,-0.61%,0.07%,0.68%,0.82%,0.19%,-0.56%,0.11%,0.80%,0.75%,1.14%,1.94%,1.93%,0.04%,1.58%,98,109,109,110,93,72,109,126,133,132,-7.60%,50.04%,31.35%,116.5%,6.73%,182.4%,165.0%,271.9%,-5.95%,-5.21%
2006/01/31,2005/12/31,2.35%,-0.55%,-1.65%,0.29%,-0.62%,8.93%,4.61%,2.15%,3.02%,0.58%,-2.89%,-3.19%,-3.15%,6.00%,3.44%,6.95%,100,108,107,111,93,79,114,129,137,133,-10.34%,37.51%,27.55%,109.6%,10.40%,202.0%,174.3%,294.2%,-8.67%,-8.23%
2006/02/28,2006/01/31,-2.53%,-0.13%,1.36%,-0.61%,0.32%,-2.72%,-0.22%,1.49%,-0.47%,0.91%,1.54%,2.19%,1.72%,2.29%,0.09%,1.63%,98,108,108,110,93,76,114,131,137,134,-7.78%,42.50%,29.52%,114.2%,10.50%,206.9%,178.5%,303.2%,-7.27%,-6.23%
2006/03/31,2006/02/28,-0.97%,-0.89%,-0.12%,-0.38%,1.83%,3.23%,2.09%,1.37%,1.57%,2.60%,0.65%,1.23%,-0.46%,6.06%,1.90%,5.69%,97,107,108,110,95,79,117,132,139,137,-5.20%,41.60%,30.36%,116.8%,12.59%,224.4%,189.1%,327.7%,-6.66%,-5.08%
2006/04/30,2006/03/31,2.31%,-0.10%,-0.12%,-0.28%,-1.90%,1.60%,1.00%,1.06%,1.19%,-0.39%,-0.80%,0.62%,-0.54%,1.24%,0.99%,1.05%,99,107,108,109,93,80,118,134,141,137,-9.19%,38.78%,29.31%,118.1%,13.71%,227.8%,189.3%,333.0%,-7.42%,-4.49%
2006/05/31,2006/04/30,0.26%,0.59%,-1.38%,-0.07%,3.00%,-6.07%,-3.32%,-3.69%,-2.12%,0.93%,-1.86%,1.08%,-2.35%,-4.67%,-3.11%,-4.99%,99,108,107,109,96,75,114,129,138,138,-6.71%,48.51%,26.90%,120.5%,10.17%,211.5%,183.8%,312.8%,-9.14%,-3.46%
2006/06/30,2006/05/31,0.49%,0.15%,0.25%,0.09%,-0.81%,0.52%,0.43%,0.21%,0.19%,-0.86%,-1.34%,-1.34%,-1.96%,-2.02%,0.19%,-1.62%,100,108,107,109,95,76,114,129,138,137,-7.92%,46.46%,25.20%,117.5%,10.39%,206.4%,178.7%,304.4%,-10.36%,-4.75%
2006/07/31,2006/06/30,-1.12%,0.15%,0.67%,-0.39%,1.00%,-4.90%,-1.04%,0.62%,-0.21%,2.46%,-0.50%,2.97%,-1.17%,-1.48%,-0.28%,-2.37%,99,108,107,109,96,72,113,130,138,140,-5.98%,57.25%,24.57%,124.0%,10.08%,199.2%,172.9%,298.5%,-10.81%,-1.92%
2006/08/31,2006/07/31,-0.76%,-0.83%,0.92%,0.13%,0.41%,0.83%,2.00%,3.10%,2.87%,2.27%,-1.61%,-1.15%,-2.75%,1.06%,2.48%,1.41%,98,107,108,109,96,73,115,134,142,143,-4.88%,59.50%,22.57%,121.4%,12.81%,203.4%,169.9%,302.7%,-12.24%,-3.05%
2006/09/30,2006/08/31,0.89%,0.34%,0.19%,0.21%,-1.84%,2.38%,2.39%,2.56%,2.46%,0.79%,0.26%,1.06%,-0.28%,1.67%,2.24%,1.35%,99,107,109,109,95,74,118,137,145,145,-7.48%,56.96%,22.89%,123.8%,15.33%,207.5%,167.5%,309.4%,-12.01%,-2.02%
2006/10/31,2006/09/30,1.34%,-0.67%,0.02%,-0.47%,0.90%,6.03%,3.41%,3.88%,2.91%,3.64%,-3.34%,-3.12%,-3.27%,2.73%,3.69%,3.67%,100,107,109,109,96,79,122,143,149,150,-7.88%,53.20%,18.78%,116.8%,19.59%,218.7%,167.5%,320.6%,-14.96%,-5.08%
2006/11/30,2006/10/31,1.09%,-0.98%,0.58%,-0.85%,1.39%,3.02%,1.41%,2.93%,1.22%,3.38%,-0.79%,0.26%,-1.45%,2.63%,2.16%,2.55%,101,106,109,108,97,81,124,147,151,155,-7.60%,53.76%,17.84%,117.3%,22.17%,226.9%,168.5%,331.6%,-15.63%,-4.84%
2006/12/31,2006/11/30,-1.91%,0.10%,0.05%,0.29%,-1.10%,-0.74%,1.01%,1.45%,1.65%,1.54%,-0.45%,1.85%,-0.53%,2.73%,1.18%,2.17%,99,106,109,108,96,81,125,149,154,157,-6.86%,57.27%,17.31%,121.4%,23.61%,234.0%,171.2%,343.4%,-16.01%,-3.07%
2007/01/31,2006/12/31,1.04%,0.80%,0.16%,0.09%,-1.19%,3.37%,2.98%,1.87%,1.62%,0.48%,2.34%,1.89%,2.61%,4.27%,2.01%,3.70%,100,107,110,108,95,83,129,152,156,158,-8.93%,52.73%,20.05%,125.6%,26.09%,246.3%,175.8%,362.3%,-14.04%,-1.24%
2007/02/28,2007/01/31,0.03%,0.73%,-0.48%,-0.41%,-0.45%,-1.78%,-1.33%,-1.69%,-1.50%,-2.33%,1.06%,2.56%,1.29%,2.31%,-1.63%,1.54%,100,107,109,108,94,82,127,149,154,154,-9.37%,51.89%,21.33%,131.3%,24.04%,251.7%,184.5%,373.0%,-13.13%,0.00%
2007/03/31,2007/02/28,-1.56%,-0.71%,-0.45%,0.42%,1.46%,0.78%,1.11%,0.42%,1.23%,2.08%,1.47%,-0.98%,0.03%,-0.76%,1.00%,-0.47%,99,107,109,108,96,82,129,150,156,158,-6.63%,53.88%,23.11%,129.1%,25.28%,250.0%,180.4%,369.4%,-11.85%,-0.98%
2007/04/30,2007/03/31,1.43%,-1.08%,0.11%,0.12%,0.95%,4.53%,3.31%,3.91%,3.50%,5.32%,0.74%,-0.05%,1.24%,2.50%,3.86%,2.51%,100,106,109,108,96,86,133,156,161,166,-7.08%,55.08%,24.02%,129.0%,30.12%,258.8%,176.6%,381.1%,-11.20%,-1.03%
2007/05/31,2007/04/30,-0.70%,-0.11%,0.26%,-0.05%,-0.42%,3.80%,4.08%,3.76%,3.19%,2.90%,-2.53%,-2.72%,-4.27%,-0.31%,3.54%,0.50%,99,105,109,108,96,89,138,162,166,171,-6.83%,53.69%,20.88%,122.7%,34.73%,260.6%,168.2%,379.6%,-13.45%,-3.72%
2007/06/30,2007/05/31,-1.22%,-0.10%,-0.39%,-0.68%,2.63%,-2.44%,-1.59%,-1.85%,-2.21%,0.12%,2.17%,1.64%,2.10%,0.66%,-1.77%,0.17%,98,105,109,108,99,87,136,159,163,171,-3.24%,57.62%,23.50%,126.4%,32.35%,261.2%,173.4%,382.8%,-11.57%,-2.15%
2007/07/31,2007/06/30,-0.31%,-0.74%,-0.85%,1.57%,1.33%,-4.67%,-4.56%,-4.27%,-2.39%,-0.67%,6.02%,4.27%,6.14%,-1.61%,-3.46%,-2.89%,98,105,108,109,100,83,130,152,159,170,-1.65%,63.91%,30.93%,136.0%,27.77%,250.8%,174.9%,375.0%,-6.25%,0.00%
2007/08/31,2007/07/31,-0.66%,0.81%,0.25%,0.15%,-0.29%,0.94%,1.91%,1.31%,1.57%,1.50%,-5.61%,-4.73%,-6.98%,-5.35%,1.50%,-3.93%,97,105,108,110,100,84,132,154,161,172,-1.28%,64.82%,23.59%,124.9%,29.69%,237.0%,160.0%,349.6%,-11.51%,-4.73%
2007/09/30,2007/08/31,0.43%,0.02%,-1.46%,0.79%,-0.52%,3.26%,3.26%,3.39%,4.17%,3.87%,-1.97%,-1.47%,-1.47%,0.26%,3.55%,0.70%,98,105,106,110,99,87,137,159,168,179,-2.21%,65.81%,21.16%,121.6%,34.30%,239.4%,152.6%,350.8%,-13.25%,-6.13%
2007/10/31,2007/09/30,-0.63%,-0.04%,-0.29%,0.67%,-3.55%,1.60%,2.11%,2.08%,2.68%,0.42%,-1.20%,1.03%,-2.16%,2.01%,2.05%,1.70%,97,105,106,111,96,88,140,162,172,180,-5.07%,63.85%,19.70%,123.9%,37.05%,245.1%,151.7%,359.8%,-14.29%,-5.16%
2007/11/30,2007/10/31,-2.95%,-0.55%,0.99%,0.96%,3.92%,-9.01%,-5.42%,-3.61%,-2.59%,-1.19%,0.06%,0.24%,-2.49%,-9.66%,-4.49%,-9.73%,94,105,107,112,99,80,132,156,168,178,1.44%,76.66%,19.77%,124.4%,30.89%,211.6%,138.5%,315.4%,-14.24%,-4.94%
2007/12/31,2007/11/30,-2.16%,-0.66%,-0.05%,0.15%,-0.53%,-3.34%,0.18%,0.21%,-0.90%,0.14%,-1.62%,-1.19%,-2.51%,-2.97%,-0.68%,-2.61%,92,104,107,112,99,78,132,157,166,178,3.10%,82.81%,17.83%,121.7%,30.00%,203.4%,133.9%,303.1%,-15.63%,-6.07%
2008/01/31,2007/12/31,2.29%,1.61%,0.47%,-0.43%,0.66%,-3.93%,-5.99%,-7.08%,-5.98%,-6.51%,2.98%,2.11%,3.46%,-2.67%,-5.98%,-3.30%,94,106,107,112,99,74,124,146,156,166,1.42%,78.09%,21.34%,126.4%,22.22%,193.4%,140.2%,292.3%,-13.12%,-4.09%
2008/02/29,2008/01/31,-2.46%,-0.48%,-0.51%,1.86%,1.01%,-6.83%,-2.66%,-2.95%,-0.98%,-1.50%,6.27%,6.08%,6.19%,2.45%,-3.00%,0.63%,92,105,107,114,100,69,121,141,155,164,4.94%,87.59%,28.95%,140.1%,18.56%,195.3%,148.9%,302.0%,-7.67%,0.00%
2008/03/31,2008/02/29,-1.97%,0.46%,0.66%,0.14%,-0.73%,-3.45%,0.13%,0.43%,-0.60%,-0.76%,-3.02%,-2.47%,-5.72%,-5.34%,-0.63%,-4.60%,90,106,108,114,100,67,121,142,154,163,6.25%,92.63%,25.06%,134.2%,17.81%,181.7%,139.0%,280.5%,-10.46%,-2.47%
2008/04/30,2008/03/31,1.64%,0.17%,1.93%,-1.66%,-1.64%,6.67%,4.29%,6.13%,3.20%,3.66%,-1.26%,-1.38%,-2.41%,0.53%,4.79%,0.94%,92,106,110,112,98,71,126,151,159,169,2.76%,86.84%,23.48%,131.0%,23.46%,184.3%,129.8%,282.5%,-11.59%,-3.82%
2008/05/31,2008/04/30,-3.73%,-0.53%,1.11%,0.77%,-0.69%,-2.38%,2.42%,3.64%,2.62%,2.86%,0.51%,1.39%,-1.09%,3.70%,1.98%,3.29%,88,105,111,113,97,70,129,156,163,173,5.88%,96.63%,24.10%,134.2%,25.90%,193.7%,132.8%,296.6%,-11.14%,-2.49%
2008/06/30,2008/05/31,-2.20%,-1.64%,0.46%,-0.17%,-2.13%,-16.03%,-6.97%,-6.79%,-6.45%,-8.05%,4.71%,6.76%,2.51%,-5.26%,-8.40%,-7.29%,86,104,111,113,95,59,120,146,153,159,5.95%,112.3%,29.95%,150.0%,15.32%,172.2%,135.4%,275.8%,-6.95%,0.00%
2008/07/31,2008/06/30,3.56%,-1.65%,-0.42%,0.78%,4.40%,4.88%,-2.37%,-2.13%,-0.58%,1.82%,-3.68%,-4.91%,-5.98%,-3.13%,-0.54%,-1.66%,89,102,111,114,100,61,118,142,152,162,6.83%,105.8%,25.17%,137.7%,14.70%,167.7%,132.7%,264.0%,-10.38%,-4.91%
2008/08/31,2008/07/31,-3.48%,-0.68%,0.53%,0.90%,2.79%,1.28%,1.14%,1.33%,2.16%,3.51%,0.54%,-1.81%,-2.64%,0.79%,1.65%,1.34%,86,101,112,115,102,62,119,144,155,168,13.53%,110.4%,25.84%,133.4%,16.60%,171.3%,132.0%,266.9%,-9.90%,-6.63%
2008/09/30,2008/08/31,0.91%,-0.95%,-1.40%,1.52%,2.41%,-8.26%,-9.60%,-9.80%,-8.57%,-5.36%,-1.84%,-1.63%,-3.63%,-11.82%,-8.85%,-11.33%,87,100,110,117,105,57,107,130,142,159,15.22%,116.5%,23.53%,129.6%,6.28%,140.6%,126.3%,223.5%,-11.55%,-8.15%
2008/10/31,2008/09/30,-0.56%,-3.93%,-0.56%,1.23%,-0.75%,-23.06%,-20.41%,-16.54%,-12.96%,-14.24%,2.57%,6.70%,1.44%,-16.90%,-17.40%,-18.91%,86,96,109,118,104,44,86,109,123,136,15.01%,135.6%,26.70%,145.0%,-12.22%,95.08%,122.8%,168.8%,-9.28%,-2.00%
2008/11/30,2008/10/31,-3.87%,-2.24%,-2.10%,2.42%,6.52%,-17.25%,-9.84%,-9.55%,-4.01%,0.41%,4.39%,6.85%,-0.12%,-10.29%,-7.97%,-12.35%,83,94,107,121,111,36,77,98,118,137,26.96%,177.2%,32.26%,161.8%,-19.21%,70.99%,113.1%,141.2%,-5.30%,0.00%
2008/12/31,2008/11/30,-1.64%,0.29%,0.71%,0.52%,1.93%,2.09%,3.29%,2.59%,1.07%,0.78%,-1.96%,-5.45%,-4.79%,-1.53%,2.00%,0.10%,82,94,108,121,113,37,80,101,120,138,31.49%,173.6%,29.67%,147.5%,-17.59%,71.16%,109.0%,137.5%,-7.16%,-5.45%
2009/01/31,2008/12/31,-4.05%,-3.84%,2.00%,0.85%,0.90%,-18.79%,-10.60%,-5.28%,-6.03%,-5.07%,14.48%,12.91%,19.79%,7.23%,-8.28%,3.36%,78,91,110,122,114,30,71,96,112,131,38.01%,211.1%,48.45%,179.5%,-24.42%,76.91%,133.4%,154.6%,0.00%,0.00%
2009/02/28,2009/01/31,-1.21%,-0.39%,-0.23%,-1.74%,-3.03%,-16.83%,-11.07%,-8.42%,-9.54%,-9.36%,3.78%,8.09%,-0.06%,-6.99%,-10.22%,-9.42%,77,90,110,120,110,25,63,87,102,119,35.50%,234.4%,54.06%,202.1%,-32.14%,60.24%,135.2%,136.8%,0.00%,0.00%
2009/03/31,2009/02/28,2.14%,0.13%,0.60%,0.87%,0.01%,16.32%,10.33%,8.54%,7.51%,3.91%,-1.89%,-6.56%,-0.13%,9.59%,8.87%,11.56%,79,91,110,121,110,29,70,95,109,123,32.61%,192.9%,51.15%,182.3%,-26.13%,78.77%,141.6%,159.6%,-1.89%,-6.56%
2009/04/30,2009/03/31,-0.57%,-0.77%,-1.27%,0.95%,8.13%,25.25%,15.76%,8.60%,6.26%,3.81%,0.96%,-15.75%,1.12%,12.30%,10.45%,17.03%,79,90,109,123,119,36,81,103,116,128,44.15%,130.1%,52.60%,137.8%,-18.40%,109.2%,157.4%,191.5%,-0.94%,-21.28%
2009/05/31,2009/04/30,-0.60%,-2.26%,-0.66%,0.68%,0.65%,11.57%,4.44%,4.28%,4.40%,3.31%,5.03%,-0.77%,7.08%,11.60%,5.16%,11.83%,78,88,108,123,120,41,84,108,121,132,45.95%,111.1%,60.28%,136.0%,-14.20%,134.0%,174.6%,225.3%,0.00%,-21.88%
2009/06/30,2009/05/31,2.76%,-2.83%,0.33%,0.90%,-0.97%,-2.16%,-1.95%,1.41%,2.18%,-0.55%,0.14%,5.22%,3.09%,7.53%,0.39%,5.96%,80,85,109,124,119,40,83,109,124,132,40.51%,114.5%,60.51%,148.3%,-13.86%,147.9%,189.9%,249.8%,0.00%,-17.80%
2009/07/31,2009/06/30,-3.93%,0.32%,0.14%,1.22%,-1.18%,10.64%,10.30%,7.32%,7.49%,3.10%,-1.77%,-8.92%,-3.85%,2.23%,7.78%,4.91%,77,86,109,126,118,44,91,117,133,136,44.37%,98.34%,57.66%,126.1%,-7.16%,160.1%,181.6%,257.6%,-1.77%,-25.14%
2009/08/31,2009/07/31,-4.30%,-1.47%,0.17%,0.74%,0.67%,10.20%,3.39%,2.37%,1.93%,2.12%,3.82%,-6.50%,6.71%,5.15%,3.49%,7.10%,74,84,109,127,118,49,94,120,136,139,51.55%,82.31%,63.68%,111.5%,-3.92%,178.5%,191.8%,276.0%,0.00%,-30.00%
2009/09/30,2009/08/31,-3.24%,0.95%,-0.27%,0.51%,-0.87%,4.01%,7.41%,4.12%,4.02%,0.61%,0.14%,-2.55%,-0.10%,5.81%,4.15%,6.57%,71,85,109,128,117,51,101,125,141,139,55.14%,76.11%,63.91%,106.1%,0.06%,196.8%,198.8%,297.8%,0.00%,-31.79%
2009/10/31,2009/09/30,-0.84%,-1.23%,1.52%,0.41%,2.25%,-7.34%,-5.82%,-1.35%,-1.50%,2.65%,1.70%,6.23%,-0.46%,-2.76%,-2.59%,-4.63%,71,84,110,128,120,47,96,123,139,143,59.94%,93.71%,66.70%,118.9%,-2.53%,183.1%,192.8%,286.9%,0.00%,-27.54%
2009/11/30,2009/10/31,-1.17%,0.33%,0.72%,-0.01%,-0.01%,5.65%,5.49%,6.01%,5.29%,5.40%,-2.32%,-1.13%,-5.32%,0.02%,5.59%,0.36%,70,84,111,128,120,49,101,130,146,151,61.79%,93.22%,62.83%,116.4%,2.92%,184.1%,177.4%,286.9%,-2.32%,-28.35%
2009/12/31,2009/11/30,1.57%,-0.11%,0.94%,-0.04%,-2.36%,1.29%,4.64%,4.41%,3.62%,-2.03%,-5.80%,-4.14%,-3.99%,3.52%,2.80%,4.77%,71,84,112,128,117,50,105,136,152,148,55.44%,86.79%,53.38%,107.5%,5.80%,197.7%,182.9%,300.6%,-7.99%,-31.32%
2010/01/31,2009/12/31,0.12%,-1.99%,-0.19%,0.03%,0.25%,-0.34%,-4.78%,-3.93%,-3.52%,-3.40%,2.01%,-0.78%,3.64%,0.27%,-3.38%,0.51%,71,83,112,128,118,50,100,131,146,143,55.65%,81.08%,56.47%,105.8%,2.23%,199.2%,193.9%,301.7%,-6.14%,-31.86%
2010/02/28,2010/01/31,-0.95%,2.36%,0.08%,-0.26%,-1.09%,4.29%,5.86%,3.37%,2.64%,1.33%,-1.66%,-2.65%,-0.52%,2.00%,3.44%,2.79%,71,85,112,128,116,52,106,135,150,145,55.42%,75.73%,53.88%,100.4%,5.74%,207.5%,192.0%,309.7%,-7.69%,-33.67%
2010/03/31,2010/02/28,3.64%,1.05%,-1.23%,-0.63%,-1.06%,10.75%,8.17%,5.13%,5.61%,3.55%,-3.10%,-4.38%,-0.34%,5.73%,6.36%,7.05%,73,85,111,127,115,58,115,142,159,150,48.13%,63.09%,49.11%,91.61%,12.47%,229.2%,194.0%,333.2%,-10.55%,-36.57%
2010/04/30,2010/03/31,2.35%,0.31%,-1.57%,-0.57%,1.23%,5.20%,3.33%,0.86%,1.27%,1.40%,-1.42%,-2.53%,4.16%,8.22%,2.11%,8.98%,75,86,109,126,116,61,119,143,161,152,46.48%,56.89%,46.99%,86.77%,14.85%,258.7%,214.1%,368.8%,-11.82%,-38.18%
2010/05/31,2010/04/30,2.60%,0.49%,0.10%,0.12%,-0.52%,-10.08%,-8.65%,-7.32%,-7.28%,-6.71%,1.67%,3.65%,0.59%,-6.52%,-7.82%,-7.61%,77,86,109,126,116,55,109,133,149,142,41.91%,62.18%,49.45%,93.58%,5.86%,231.4%,214.8%,338.2%,-10.35%,-35.92%
2010/06/30,2010/05/31,1.10%,-0.75%,0.21%,1.08%,-1.06%,-9.39%,-7.59%,-5.20%,-3.65%,-4.75%,2.38%,5.95%,-0.06%,-4.06%,-5.53%,-5.85%,78,85,109,128,115,49,100,126,144,135,38.86%,69.70%,53.00%,105.1%,0.01%,212.0%,213.8%,320.4%,-8.22%,-32.11%
2010/07/31,2010/06/30,2.09%,0.92%,0.29%,-1.63%,1.25%,8.21%,9.08%,7.02%,5.59%,7.18%,-5.64%,-5.16%,-6.06%,1.39%,7.01%,2.94%,79,86,110,126,116,53,109,135,152,145,37.69%,67.95%,44.38%,94.52%,7.02%,221.2%,201.0%,326.2%,-13.39%,-35.61%
2010/08/31,2010/07/31,-2.67%,0.69%,0.63%,0.61%,2.24%,-9.60%,-6.18%,-5.08%,-3.37%,-1.35%,3.57%,5.97%,2.80%,-2.60%,-4.66%,-4.39%,77,87,110,126,119,48,103,128,146,143,44.45%,81.81%,49.53%,106.1%,2.02%,207.1%,201.9%,315.2%,-10.30%,-31.77%
2010/09/30,2010/08/31,5.90%,-0.17%,-0.09%,-1.16%,-1.31%,10.61%,10.06%,10.92%,8.78%,7.40%,-9.65%,-5.70%,-10.13%,6.13%,9.41%,7.84%,82,87,110,125,117,53,113,142,159,153,34.04%,75.97%,35.10%,94.36%,11.62%,231.2%,197.1%,340.6%,-18.95%,-35.66%
2010/10/31,2010/09/30,2.99%,0.41%,-0.12%,-0.15%,-1.00%,2.71%,4.22%,4.50%,3.88%,3.25%,-2.82%,-0.30%,-2.01%,4.31%,3.89%,4.40%,84,87,110,125,116,55,118,148,166,158,28.69%,76.93%,31.30%,93.78%,15.96%,245.8%,198.7%,359.6%,-21.24%,-35.85%
2010/11/30,2010/10/31,3.03%,1.44%,-0.46%,-0.59%,-2.30%,1.72%,1.86%,0.60%,0.07%,-1.73%,-0.69%,-0.15%,-2.03%,1.37%,0.54%,1.42%,87,88,110,124,113,56,120,149,166,155,21.84%,70.83%,30.40%,93.49%,16.58%,250.7%,201.3%,365.9%,-21.78%,-35.95%
2010/12/31,2010/11/30,-1.21%,-2.00%,-0.23%,-0.98%,0.46%,12.50%,8.04%,6.66%,4.67%,6.13%,-0.78%,-4.54%,-0.33%,5.92%,6.70%,7.28%,86,87,109,123,114,63,130,159,173,165,23.87%,59.95%,29.37%,84.71%,24.40%,276.2%,203.0%,393.5%,-22.39%,-38.86%
2011/01/31,2010/12/31,-0.78%,-0.03%,0.98%,0.33%,-2.15%,2.29%,2.32%,2.60%,2.11%,-0.25%,4.96%,5.01%,6.00%,6.80%,2.06%,5.30%,85,87,110,123,111,64,133,163,177,165,22.18%,55.88%,35.79%,93.97%,26.96%,296.1%,212.9%,427.1%,-18.54%,-35.79%
2011/02/28,2011/01/31,-1.89%,1.28%,-1.61%,1.29%,-0.41%,2.52%,5.26%,2.28%,4.27%,2.52%,-0.61%,-1.39%,-1.04%,2.87%,3.59%,3.29%,83,88,109,125,111,66,140,167,185,169,23.99%,55.88%,34.96%,91.27%,31.52%,309.2%,211.9%,442.2%,-19.04%,-36.68%
2011/03/31,2011/02/28,3.38%,0.60%,-0.11%,-0.39%,0.63%,-1.53%,0.82%,0.64%,0.40%,1.61%,-1.49%,0.52%,-2.07%,1.04%,0.49%,0.88%,86,88,108,124,112,65,141,168,185,171,20.58%,60.78%,32.96%,92.27%,32.16%,312.8%,213.2%,447.9%,-20.24%,-36.35%
2011/04/30,2011/03/31,0.36%,0.00%,-0.63%,0.61%,0.31%,-0.42%,2.43%,3.15%,3.87%,3.43%,-2.18%,-0.23%,-3.41%,0.38%,2.97%,0.44%,86,88,108,125,112,65,144,173,193,177,20.52%,66.98%,30.06%,91.83%,36.08%,314.6%,205.3%,449.9%,-21.98%,-36.50%
2011/05/31,2011/04/30,0.52%,-0.44%,-0.28%,0.16%,1.49%,-3.08%,-2.69%,-1.50%,-0.59%,0.74%,0.43%,2.25%,-0.55%,-0.86%,-1.22%,-1.53%,87,88,108,125,114,63,140,171,191,179,21.69%,73.35%,30.62%,96.15%,34.42%,308.3%,204.3%,445.2%,-21.64%,-35.07%
2011/06/30,2011/05/31,-1.41%,0.90%,0.82%,0.04%,0.19%,-4.08%,-1.70%,-1.38%,-1.51%,-1.48%,0.94%,1.16%,0.06%,-2.01%,-1.74%,-2.36%,86,89,108,125,114,60,138,168,188,176,23.64%,77.87%,31.84%,98.42%,32.08%,298.6%,202.4%,434.2%,-20.91%,-34.32%
2011/07/31,2011/06/30,-0.49%,0.06%,-0.21%,0.89%,1.23%,-3.73%,-2.86%,-2.66%,-1.24%,-1.29%,2.15%,3.65%,2.64%,0.82%,-2.26%,-0.28%,85,89,108,126,115,58,134,164,186,174,25.77%,82.23%,34.67%,105.7%,29.09%,297.5%,208.4%,438.6%,-19.21%,-31.92%
2011/08/31,2011/07/31,-2.26%,-0.74%,0.46%,1.69%,2.00%,-10.96%,-7.97%,-5.48%,-3.46%,-4.82%,1.89%,4.15%,-0.22%,-6.63%,-5.89%,-7.88%,83,88,109,129,118,51,123,155,180,165,31.12%,93.42%,37.22%,114.2%,21.49%,266.2%,202.3%,402.9%,-17.68%,-29.10%
2011/09/30,2011/08/31,-4.76%,0.12%,-0.74%,1.16%,1.49%,-13.90%,-8.70%,-8.28%,-5.13%,-6.27%,3.95%,4.24%,1.36%,-8.36%,-7.63%,-9.63%,79,88,108,130,119,44,112,142,170,155,39.32%,108.2%,42.63%,123.3%,12.22%,230.9%,196.2%,360.8%,-14.44%,-26.09%
2011/10/31,2011/09/30,3.26%,0.25%,0.62%,-1.49%,-1.93%,16.79%,13.84%,12.39%,8.02%,8.69%,-9.34%,-9.02%,-10.10%,5.36%,11.39%,8.07%,82,88,109,128,117,52,128,160,184,168,32.08%,91.31%,29.31%,103.1%,25.00%,257.6%,186.4%,385.5%,-22.43%,-32.76%
2011/11/30,2011/10/31,-2.20%,1.31%,0.97%,0.69%,0.36%,-4.15%,0.07%,0.24%,0.35%,0.23%,0.76%,0.16%,-0.82%,-2.84%,-0.35%,-2.89%,80,89,110,129,117,50,128,160,185,169,35.46%,99.69%,30.29%,103.5%,24.56%,247.3%,179.1%,371.7%,-21.84%,-32.65%
2011/12/31,2011/11/30,-1.05%,-0.48%,-0.49%,0.83%,2.99%,0.54%,-0.36%,-0.02%,1.27%,3.37%,0.84%,-0.94%,0.11%,-1.31%,0.85%,-1.03%,79,89,109,130,121,50,128,160,187,175,40.92%,105.4%,31.38%,101.6%,25.62%,243.7%,173.9%,365.5%,-21.19%,-33.28%
2012/01/31,2011/12/31,1.86%,-1.74%,-0.44%,-0.84%,-3.40%,10.20%,6.30%,4.71%,4.33%,0.72%,-2.98%,-1.88%,-0.63%,9.52%,5.09%,10.08%,81,87,109,129,117,55,136,168,195,176,33.50%,85.88%,27.46%,97.78%,32.02%,278.4%,187.5%,409.9%,-23.54%,-34.53%
2012/02/29,2012/01/31,0.15%,0.48%,-1.85%,1.10%,-1.21%,6.08%,4.62%,2.55%,5.01%,3.50%,0.59%,0.30%,1.35%,4.54%,4.25%,4.45%,81,88,107,130,115,58,142,172,205,182,31.69%,81.08%,28.22%,98.36%,37.63%,295.2%,188.1%,433.0%,-23.08%,-34.34%
2012/03/31,2012/02/29,0.42%,1.01%,0.18%,-0.29%,-0.16%,4.86%,3.69%,2.82%,2.40%,2.77%,0.58%,0.60%,0.81%,3.99%,3.15%,3.81%,81,89,107,130,115,61,147,177,210,187,30.93%,77.30%,28.96%,99.54%,41.95%,310.3%,190.0%,454.3%,-22.64%,-33.95%
2012/04/30,2012/03/31,0.65%,0.96%,1.29%,0.01%,0.52%,-2.39%,-0.91%,0.26%,-0.81%,0.01%,0.52%,0.81%,1.08%,-0.85%,-0.69%,-1.09%,82,90,108,130,116,60,146,177,208,187,30.76%,81.54%,29.63%,101.2%,40.97%,305.8%,188.9%,449.6%,-22.24%,-33.41%
2012/05/31,2012/04/30,0.64%,-0.40%,0.76%,0.15%,1.35%,-10.33%,-7.63%,-4.85%,-5.52%,-2.52%,3.09%,3.25%,3.11%,-5.57%,-6.09%,-6.54%,82,89,109,130,117,54,135,169,197,182,31.68%,95.73%,33.64%,107.7%,32.39%,279.2%,187.6%,419.0%,-19.83%,-31.25%
2012/06/30,2012/05/31,-0.64%,-1.10%,0.67%,-0.45%,3.10%,4.93%,3.32%,4.02%,3.15%,5.94%,-1.69%,-2.15%,-2.47%,2.29%,3.98%,2.94%,82,88,110,130,121,56,139,175,203,193,36.60%,97.72%,31.37%,103.2%,37.67%,290.4%,184.6%,430.9%,-21.19%,-32.73%
2012/07/31,2012/06/30,-0.20%,-1.04%,0.66%,0.69%,0.85%,-0.88%,-0.85%,1.31%,1.25%,3.69%,0.02%,-0.20%,0.78%,-1.00%,0.87%,-0.94%,82,87,110,131,122,56,138,178,205,200,38.04%,106.8%,31.40%,102.8%,38.87%,286.7%,179.4%,425.6%,-21.17%,-32.86%
2012/08/31,2012/07/31,-0.18%,-0.13%,-0.90%,1.13%,-0.96%,4.89%,2.98%,1.05%,3.33%,0.37%,-2.12%,-3.65%,-2.86%,0.21%,2.50%,1.30%,81,87,109,132,121,58,142,180,212,201,36.96%,97.41%,28.61%,95.43%,42.34%,291.7%,176.0%,426.6%,-22.85%,-35.31%
2012/09/30,2012/08/31,-1.30%,0.51%,-0.48%,0.07%,0.94%,3.50%,3.58%,1.64%,2.22%,2.79%,0.44%,0.31%,0.06%,4.47%,2.56%,4.38%,80,88,109,132,122,60,147,183,217,207,40.03%,96.01%,29.18%,96.03%,45.99%,308.9%,181.1%,450.2%,-22.51%,-35.11%
2012/10/31,2012/09/30,0.56%,-0.05%,0.39%,-0.49%,1.09%,-0.16%,-1.87%,-1.82%,-2.57%,-0.28%,2.83%,1.22%,0.93%,-1.45%,-1.70%,-1.81%,81,88,109,131,123,60,144,179,211,206,40.77%,95.77%,32.83%,98.42%,43.50%,301.5%,180.7%,442.2%,-20.32%,-34.32%
2012/11/30,2012/10/31,-0.02%,1.03%,-0.47%,-0.55%,-1.79%,0.50%,1.91%,0.36%,0.39%,-1.13%,-2.44%,-2.14%,-2.89%,-1.32%,0.66%,-0.68%,81,89,109,131,121,61,147,180,212,204,38.28%,92.57%,29.58%,94.17%,44.45%,298.8%,177.0%,435.1%,-22.26%,-35.73%
2012/12/31,2012/11/30,-0.04%,-1.53%,0.17%,1.39%,0.70%,5.45%,0.13%,0.54%,1.18%,0.53%,-0.36%,-2.51%,-2.48%,0.63%,1.26%,1.39%,81,87,109,133,122,64,147,181,215,205,39.30%,83.10%,29.12%,89.29%,46.27%,304.3%,177.3%,438.5%,-22.54%,-37.34%
2013/01/31,2012/12/31,-1.89%,-2.67%,0.62%,1.71%,0.97%,6.73%,3.52%,6.02%,5.97%,5.75%,2.48%,1.86%,3.00%,9.69%,5.53%,9.13%,79,85,110,135,123,68,153,192,228,217,43.29%,81.31%,32.32%,92.82%,54.35%,341.2%,187.3%,490.6%,-20.62%,-36.17%
2013/02/28,2013/01/31,-0.76%,-0.19%,-0.38%,1.28%,-0.41%,0.13%,1.11%,0.90%,2.57%,1.10%,0.39%,1.07%,0.13%,1.69%,1.30%,1.36%,79,85,109,137,123,68,154,194,233,219,43.78%,83.06%,32.84%,94.89%,56.35%,347.2%,187.5%,500.6%,-20.31%,-35.49%
2013/03/31,2013/02/28,0.21%,-1.03%,0.19%,0.40%,-0.21%,4.48%,3.35%,4.03%,4.12%,4.11%,-1.95%,-1.14%,-1.89%,3.71%,4.00%,4.05%,79,84,109,137,122,71,160,201,243,228,43.17%,82.39%,30.25%,92.67%,62.60%,365.3%,187.7%,522.8%,-21.86%,-36.22%
2013/04/30,2013/03/31,-0.12%,-0.32%,0.10%,1.28%,-0.71%,0.81%,1.27%,1.58%,2.77%,0.99%,-0.47%,-0.76%,-0.80%,-0.93%,1.68%,-0.70%,79,84,110,139,122,72,162,205,250,230,42.34%,82.71%,29.63%,91.20%,65.33%,362.1%,180.8%,517.1%,-22.23%,-36.71%
2013/05/31,2013/04/30,0.60%,0.69%,-0.95%,-0.73%,-1.17%,6.91%,3.87%,0.94%,0.89%,1.10%,0.61%,-0.79%,0.94%,5.22%,2.46%,5.45%,79,84,108,138,120,77,168,206,252,233,39.82%,72.10%,30.42%,89.69%,69.40%,387.3%,189.2%,549.2%,-21.76%,-37.21%
2013/06/30,2013/05/31,-1.03%,-1.07%,0.58%,0.66%,-0.15%,-2.32%,-2.44%,-0.72%,-0.31%,-0.85%,-0.06%,-0.16%,-0.17%,-1.06%,-1.25%,-1.02%,78,83,109,139,120,75,164,205,251,231,41.05%,74.62%,30.34%,89.37%,67.28%,382.3%,189.9%,542.3%,-21.81%,-37.31%
2013/07/31,2013/06/30,0.65%,-0.53%,0.54%,-0.96%,-1.23%,6.87%,6.09%,5.51%,3.94%,5.09%,-2.42%,-1.58%,-1.52%,6.81%,5.46%,7.28%,79,83,110,137,118,80,174,216,261,243,38.40%,71.51%,27.19%,86.39%,76.41%,417.4%,195.2%,586.0%,-23.70%,-38.30%
2013/08/31,2013/07/31,1.74%,0.99%,-1.34%,-1.63%,0.94%,-2.13%,-2.27%,-3.59%,-3.51%,-1.41%,0.30%,2.12%,1.86%,-0.11%,-2.84%,-0.74%,80,84,108,135,120,79,170,208,252,239,37.30%,72.74%,27.57%,90.33%,71.40%,413.6%,201.4%,585.3%,-23.47%,-37.00%
2013/09/30,2013/08/31,0.89%,0.84%,0.17%,-1.39%,-2.71%,4.23%,4.92%,3.92%,2.28%,3.84%,-2.89%,-1.76%,-1.52%,4.62%,3.76%,5.15%,81,84,108,133,116,82,178,217,258,248,32.36%,72.06%,23.89%,86.99%,77.84%,440.0%,205.6%,616.9%,-25.68%,-38.10%
2013/10/31,2013/09/30,-0.19%,0.30%,0.40%,-0.35%,0.75%,4.69%,4.47%,4.16%,3.64%,3.84%,1.35%,1.06%,-0.61%,3.03%,4.19%,2.71%,81,85,109,133,117,86,186,226,267,258,33.60%,70.60%,25.56%,88.97%,85.29%,454.6%,201.0%,638.7%,-24.68%,-37.45%
2013/11/30,2013/10/31,1.39%,-0.40%,-0.90%,-0.87%,-0.78%,5.01%,2.98%,1.85%,1.99%,3.38%,0.49%,0.24%,0.33%,4.18%,2.86%,4.11%,82,84,108,132,116,90,192,230,272,267,30.71%,67.83%,26.18%,89.42%,90.59%,477.4%,204.8%,669.5%,-24.30%,-37.30%
2013/12/31,2013/11/30,0.10%,0.16%,0.14%,-1.40%,0.74%,2.91%,2.98%,2.97%,1.40%,3.73%,-0.51%,-0.19%,-0.32%,3.10%,2.61%,3.15%,82,84,108,130,117,93,197,237,276,276,31.55%,69.20%,25.54%,89.06%,95.56%,495.6%,206.5%,693.4%,-24.69%,-37.42%
2014/01/31,2013/12/31,1.76%,1.72%,-0.26%,-1.55%,-0.41%,-2.77%,-2.36%,-3.43%,-3.90%,-3.22%,2.81%,4.89%,7.18%,5.67%,-3.13%,4.20%,84,86,108,128,117,90,193,229,265,268,28.69%,68.45%,29.07%,98.31%,89.43%,520.6%,228.9%,738.3%,-22.57%,-34.36%
2014/02/28,2014/01/31,0.14%,0.89%,0.29%,-1.00%,0.39%,4.35%,5.36%,4.94%,3.92%,5.37%,-1.15%,-0.66%,-0.45%,4.35%,4.67%,4.55%,84,87,108,127,117,94,203,240,276,282,29.01%,70.17%,27.59%,96.99%,98.28%,548.9%,228.5%,774.8%,-23.46%,-34.79%
2014/03/31,2014/02/28,-3.55%,-1.27%,0.81%,2.77%,3.55%,-1.08%,-0.06%,0.84%,2.07%,-0.27%,5.54%,2.23%,4.09%,1.37%,0.51%,0.70%,81,86,109,130,121,93,203,242,282,281,38.17%,71.56%,34.65%,101.4%,99.29%,553.5%,229.2%,786.8%,-19.23%,-33.34%
2014/04/30,2014/03/31,-2.16%,0.03%,1.15%,0.94%,2.59%,-3.09%,-0.68%,0.77%,2.25%,-0.35%,2.43%,2.79%,0.69%,-2.63%,-0.02%,-3.47%,79,86,110,131,124,90,201,244,288,280,44.73%,76.26%,37.92%,107.0%,99.24%,530.8%,217.8%,763.5%,-17.26%,-31.48%
2014/05/31,2014/04/30,1.03%,0.37%,0.61%,-1.07%,-0.20%,1.98%,2.32%,2.41%,1.60%,2.07%,-0.08%,-0.51%,-0.73%,-1.19%,2.10%,-1.04%,80,86,111,130,124,92,206,250,292,286,42.95%,76.43%,37.81%,106.0%,103.4%,524.2%,207.8%,753.2%,-17.33%,-31.82%
2014/06/30,2014/05/31,-0.69%,-0.56%,0.11%,0.11%,-0.27%,3.65%,2.77%,2.39%,1.76%,2.47%,-3.09%,-3.49%,-3.31%,2.18%,2.50%,3.23%,79,85,111,130,124,95,212,256,298,293,43.55%,74.34%,33.54%,98.77%,108.5%,544.3%,210.1%,771.7%,-19.89%,-34.20%
2014/07/31,2014/06/30,0.27%,1.62%,-1.37%,-0.19%,1.68%,-3.56%,-2.06%,-3.00%,-1.39%,0.11%,3.08%,3.50%,3.87%,-1.40%,-1.95%,-2.45%,79,87,109,130,126,92,207,248,293,293,45.57%,80.73%,37.65%,105.7%,104.4%,528.5%,208.5%,759.5%,-17.43%,-31.90%
2014/08/31,2014/07/31,0.15%,-0.58%,0.99%,-0.53%,0.12%,4.87%,4.04%,4.53%,3.54%,4.75%,-1.90%,-1.49%,-1.86%,2.80%,4.18%,3.25%,80,86,111,129,126,96,216,259,304,307,45.52%,80.51%,35.03%,102.7%,113.0%,548.9%,205.7%,783.6%,-19.00%,-32.92%
2014/09/30,2014/08/31,0.31%,1.53%,-0.41%,-1.36%,0.60%,-3.12%,-1.77%,-1.73%,-2.15%,-2.28%,2.55%,2.62%,1.89%,-3.25%,-2.09%,-4.03%,80,88,110,127,127,93,212,255,297,300,45.94%,82.04%,38.47%,108.0%,108.5%,522.8%,199.7%,754.9%,-16.93%,-31.16%
2014/10/31,2014/09/30,-0.32%,-1.26%,1.03%,2.02%,-2.31%,4.36%,1.97%,3.70%,3.25%,0.46%,-2.83%,-2.33%,-6.48%,0.15%,2.74%,0.85%,80,86,111,130,124,97,216,264,307,302,43.04%,74.94%,34.55%,103.1%,114.2%,528.0%,194.0%,756.2%,-19.29%,-32.76%
2014/11/30,2014/10/31,-0.00%,0.74%,-0.36%,1.04%,-1.31%,1.75%,3.18%,1.98%,3.35%,2.14%,0.44%,1.04%,-1.25%,-0.25%,2.53%,-0.56%,80,87,111,131,122,99,223,269,317,308,41.16%,75.62%,35.14%,105.3%,119.7%,524.5%,184.9%,754.1%,-18.93%,-32.06%
2014/12/31,2014/11/30,-1.20%,0.72%,0.55%,0.31%,-0.14%,-0.10%,0.81%,0.08%,-0.02%,-1.11%,2.56%,1.66%,-0.15%,2.19%,-0.03%,1.69%,79,88,111,132,122,99,225,269,317,305,42.65%,73.84%,38.60%,108.7%,119.6%,535.1%,189.8%,772.8%,-16.85%,-30.93%
2015/01/31,2014/12/31,-2.36%,0.68%,0.78%,0.94%,1.01%,-7.00%,-1.97%,-1.73%,-1.48%,-2.41%,4.42%,2.87%,3.27%,-1.43%,-2.75%,-2.29%,77,88,112,133,123,92,220,265,313,297,47.45%,81.80%,44.73%,114.7%,113.6%,520.5%,191.2%,760.3%,-13.18%,-28.94%
2015/02/28,2015/01/31,1.21%,0.26%,-0.88%,-0.76%,-2.18%,7.75%,6.73%,5.31%,4.51%,3.13%,-6.29%,-3.53%,-2.89%,4.99%,5.76%,6.04%,78,89,111,132,121,99,235,279,327,307,42.46%,73.42%,35.63%,107.1%,125.9%,558.0%,192.0%,803.2%,-18.64%,-31.45%
2015/03/31,2015/02/28,-0.34%,0.29%,-0.02%,-0.19%,-0.50%,-0.94%,-0.43%,-1.75%,-0.98%,-1.50%,0.24%,0.69%,-1.81%,0.08%,-1.06%,-0.13%,77,89,111,132,120,98,234,274,323,302,42.22%,72.45%,35.95%,108.5%,123.5%,557.2%,194.7%,803.8%,-18.45%,-30.98%
2015/04/30,2015/03/31,1.51%,-0.98%,-0.77%,0.15%,1.55%,2.82%,-1.02%,-0.28%,-0.49%,2.17%,-0.08%,-0.47%,2.03%,0.38%,0.40%,0.52%,79,88,110,132,122,101,232,273,322,309,42.27%,71.33%,35.84%,107.5%,124.4%,560.6%,195.1%,807.3%,-18.51%,-31.30%
2015/05/31,2015/04/30,1.73%,0.79%,-0.87%,-2.25%,-1.49%,1.81%,2.22%,1.37%,0.33%,-1.04%,-1.98%,-0.45%,-2.23%,0.33%,1.29%,0.47%,80,89,109,129,120,103,237,277,323,305,37.69%,66.45%,33.14%,106.6%,127.3%,563.7%,192.6%,810.3%,-20.13%,-31.61%
2015/06/30,2015/05/31,0.08%,0.20%,-0.43%,-1.12%,-0.61%,-1.11%,-1.41%,-1.67%,-2.32%,-2.65%,1.71%,2.45%,-0.18%,0.80%,-1.63%,0.07%,80,89,109,127,119,102,234,272,315,297,36.73%,63.87%,35.42%,111.7%,123.6%,564.1%,197.6%,817.6%,-18.77%,-29.93%
2015/07/31,2015/06/30,2.40%,-0.60%,-0.34%,-1.28%,-0.91%,0.66%,2.57%,2.45%,2.41%,-2.82%,0.27%,2.45%,-1.23%,-3.04%,1.67%,-3.77%,82,88,109,126,118,103,240,279,323,289,32.20%,58.17%,35.79%,116.9%,127.3%,539.1%,181.4%,789.8%,-18.54%,-28.21%
2015/08/31,2015/07/31,-0.98%,1.22%,0.20%,0.07%,-0.51%,-6.44%,-5.93%,-6.36%,-5.35%,-4.72%,2.76%,2.51%,1.46%,-2.33%,-5.98%,-3.08%,81,89,109,126,118,96,225,261,306,275,32.82%,60.88%,39.53%,122.3%,113.7%,519.4%,189.6%,769.0%,-16.30%,-26.41%
2015/09/30,2015/08/31,-0.44%,0.24%,0.11%,1.31%,0.18%,-3.85%,-2.84%,-1.77%,-0.90%,-4.20%,2.55%,4.08%,0.68%,-3.79%,-2.82%,-5.02%,81,90,109,127,118,92,219,257,303,264,33.64%,60.32%,43.10%,131.4%,107.7%,488.3%,183.2%,736.1%,-14.16%,-23.41%
2015/10/31,2015/09/30,1.09%,0.51%,-0.57%,-1.56%,0.56%,9.33%,8.04%,6.38%,4.79%,7.35%,-0.44%,-2.67%,-1.90%,3.10%,7.68%,3.90%,82,90,108,125,118,101,237,273,317,283,32.94%,57.16%,42.47%,125.2%,123.6%,511.2%,172.5%,762.0%,-14.54%,-25.45%
2015/11/30,2015/10/31,1.10%,-0.47%,-0.76%,-0.48%,-0.04%,1.45%,0.28%,-0.51%,0.49%,0.96%,-2.19%,2.84%,-3.46%,5.45%,0.55%,4.59%,83,90,108,125,118,102,237,272,319,286,31.43%,56.39%,39.34%,131.6%,124.8%,539.3%,183.5%,808.9%,-16.41%,-23.33%
2015/12/31,2015/11/30,-1.17%,0.38%,0.01%,0.69%,1.02%,-3.04%,-1.60%,-1.20%,-1.76%,-2.68%,1.78%,2.27%,1.07%,-2.99%,-2.07%,-3.67%,82,90,108,126,120,99,234,268,313,278,34.31%,56.94%,41.82%,136.9%,120.2%,515.8%,179.0%,781.7%,-14.92%,-21.59%
2016/01/31,2015/12/31,-2.26%,-0.44%,2.13%,2.31%,2.95%,-8.73%,-6.42%,-2.27%,-2.66%,-2.44%,2.83%,4.48%,-0.53%,-6.91%,-5.64%,-8.25%,80,90,110,129,123,91,219,262,305,271,41.31%,66.81%,45.84%,147.5%,107.8%,465.0%,171.7%,720.8%,-12.51%,-18.08%
2016/02/29,2016/01/31,-3.13%,0.73%,1.83%,0.82%,2.63%,-2.87%,0.81%,1.10%,0.05%,1.81%,2.37%,-0.15%,0.28%,-0.44%,-0.05%,-0.40%,77,90,112,130,126,88,220,265,305,276,49.44%,74.61%,49.30%,147.1%,107.6%,462.8%,170.8%,717.2%,-10.44%,-18.20%
2016/03/31,2016/02/29,0.19%,0.73%,1.17%,0.82%,-1.69%,7.73%,8.20%,6.46%,6.32%,5.02%,-1.29%,-3.86%,-1.11%,5.78%,7.08%,6.94%,77,91,113,131,124,95,238,282,325,290,46.63%,69.88%,47.37%,137.6%,122.4%,501.8%,170.4%,764.4%,-11.60%,-21.36%
2016/04/30,2016/03/31,1.15%,-0.86%,0.13%,0.63%,0.77%,2.11%,-0.08%,0.15%,0.62%,3.18%,-2.27%,-3.98%,0.56%,2.16%,0.81%,3.35%,78,90,113,132,125,97,238,283,327,299,46.07%,71.70%,44.02%,128.1%,124.2%,522.0%,177.2%,783.1%,-13.60%,-24.49%
2016/05/31,2016/04/30,0.87%,0.45%,-1.41%,-0.40%,0.20%,2.80%,2.55%,0.63%,1.41%,0.90%,-0.20%,0.79%,-1.86%,-0.07%,1.79%,-0.31%,79,90,112,131,125,99,244,284,331,302,45.09%,68.44%,43.73%,129.9%,128.2%,520.1%,171.4%,782.4%,-13.78%,-23.89%
2016/06/30,2016/05/31,-4.39%,-0.40%,1.40%,2.19%,4.22%,-4.47%,-0.46%,1.69%,2.70%,3.67%,0.26%,4.12%,0.25%,3.93%,0.26%,2.69%,75,90,113,134,131,95,243,289,340,313,57.58%,82.16%,44.10%,139.4%,128.8%,536.8%,178.0%,817.1%,-13.56%,-20.76%
2016/07/31,2016/06/30,0.82%,1.20%,0.33%,-0.78%,-1.61%,6.62%,5.19%,4.12%,1.77%,1.04%,1.63%,-2.08%,0.22%,4.06%,3.96%,4.68%,76,91,114,133,129,101,256,301,346,316,53.75%,71.98%,46.46%,134.4%,137.9%,566.6%,180.0%,854.3%,-12.14%,-22.41%
2016/08/31,2016/07/31,2.89%,0.94%,0.48%,-1.82%,-3.72%,3.88%,0.82%,0.35%,-1.84%,-2.12%,-2.68%,-2.68%,-1.84%,0.40%,0.32%,1.20%,78,92,114,130,124,105,258,302,340,310,43.58%,61.66%,42.54%,128.1%,138.6%,574.6%,182.5%,858.1%,-14.49%,-24.49%
2016/09/30,2016/08/31,0.79%,-0.48%,-0.41%,0.07%,-0.20%,1.87%,-0.11%,-0.15%,0.45%,-0.47%,-0.38%,-1.64%,-0.30%,1.46%,0.19%,1.96%,79,92,114,131,124,107,258,302,341,308,42.16%,57.88%,41.99%,124.4%,139.1%,587.8%,187.5%,872.1%,-14.82%,-25.73%
2016/10/31,2016/09/30,2.77%,1.57%,0.38%,-0.32%,-3.74%,-1.10%,-0.44%,-2.20%,-2.67%,-3.92%,-0.41%,3.07%,-1.41%,-4.19%,-2.12%,-5.11%,81,93,114,130,119,106,256,295,332,296,32.92%,53.43%,41.40%,131.3%,134.0%,552.6%,178.9%,831.3%,-15.17%,-23.45%
2016/11/30,2016/10/31,1.84%,-0.49%,-0.75%,1.56%,-0.27%,13.03%,4.16%,3.44%,2.76%,3.55%,-6.30%,-3.79%,-6.31%,5.66%,4.59%,6.80%,83,93,113,132,119,120,267,305,341,307,30.11%,38.89%,32.49%,122.5%,144.7%,597.0%,185.0%,884.1%,-20.52%,-26.35%
2016/12/31,2016/11/30,-1.67%,0.16%,-0.20%,0.56%,1.08%,2.40%,2.15%,1.17%,1.72%,2.50%,-0.61%,0.11%,-0.94%,1.49%,1.94%,1.45%,81,93,113,133,120,123,273,309,347,314,33.69%,39.03%,31.68%,122.7%,149.5%,607.1%,183.6%,898.7%,-21.01%,-26.27%
2017/01/31,2016/12/31,0.49%,1.04%,-0.56%,0.96%,-2.35%,2.03%,2.72%,1.73%,3.29%,-0.56%,0.23%,-2.54%,1.03%,0.76%,1.89%,1.52%,82,94,112,134,117,125,280,314,359,313,29.89%,35.43%,31.97%,117.1%,154.2%,617.8%,182.6%,906.3%,-20.83%,-28.14%
2017/02/28,2017/01/31,0.37%,0.04%,-1.47%,0.82%,0.44%,4.15%,3.50%,2.75%,4.80%,3.14%,2.42%,0.75%,1.16%,2.11%,3.64%,1.89%,82,94,111,135,118,130,290,323,376,322,29.98%,34.05%,35.17%,118.7%,163.5%,631.4%,177.6%,927.5%,-18.91%,-27.60%
2017/03/31,2017/02/28,-0.90%,-0.51%,0.32%,0.07%,-0.05%,-1.66%,-0.93%,0.72%,0.81%,0.28%,3.45%,2.00%,1.10%,1.48%,0.13%,0.88%,81,93,111,135,118,128,287,325,379,323,31.08%,36.66%,39.84%,123.1%,163.8%,637.8%,179.7%,942.7%,-16.11%,-26.15%
2017/04/30,2017/03/31,-1.27%,-0.59%,1.05%,-0.10%,-0.41%,-0.65%,0.16%,2.25%,1.38%,0.84%,2.77%,2.46%,-0.46%,1.29%,1.11%,0.55%,80,93,112,135,117,127,288,332,384,326,32.20%,38.69%,43.71%,128.6%,166.7%,641.8%,178.1%,956.1%,-13.79%,-24.33%
2017/05/31,2017/04/30,0.22%,-0.78%,0.46%,0.09%,-0.97%,-1.32%,-0.39%,2.41%,1.92%,0.67%,2.96%,3.62%,-0.18%,-0.52%,1.06%,-1.61%,80,92,113,135,116,126,287,340,391,328,30.63%,41.46%,47.96%,136.9%,169.6%,629.9%,170.7%,950.6%,-11.24%,-21.59%
2017/06/30,2017/05/31,2.45%,1.73%,-0.24%,-0.13%,-1.10%,5.02%,3.17%,0.06%,0.26%,-0.58%,-2.77%,-3.87%,-0.96%,1.32%,0.90%,2.48%,82,94,113,135,115,132,296,341,393,326,25.99%,33.54%,43.85%,127.7%,172.0%,648.0%,175.0%,964.4%,-13.70%,-24.63%
2017/07/31,2017/06/30,2.35%,0.44%,-0.23%,-0.57%,0.15%,2.48%,2.77%,1.75%,1.50%,2.09%,-0.18%,1.22%,-0.97%,0.38%,1.93%,0.02%,84,94,112,134,115,135,304,347,398,333,23.21%,33.01%,43.60%,130.5%,177.2%,648.1%,169.7%,968.5%,-13.86%,-23.71%
2017/08/31,2017/07/31,0.69%,-1.27%,-0.06%,0.72%,-0.97%,-2.30%,-0.94%,0.13%,1.46%,-0.61%,-0.72%,1.45%,-0.93%,-1.18%,0.26%,-1.62%,85,93,112,135,114,132,301,347,404,331,21.17%,35.26%,42.56%,133.8%,177.9%,636.0%,164.7%,955.9%,-14.48%,-22.60%
2017/09/30,2017/08/31,-1.45%,0.07%,-0.30%,-0.14%,0.63%,4.40%,3.90%,2.27%,1.37%,3.27%,-1.92%,-3.11%,-0.90%,4.54%,2.47%,5.47%,84,93,112,135,114,138,313,355,410,342,23.68%,33.73%,39.82%,126.6%,184.8%,676.3%,172.6%,1004%,-16.12%,-25.00%
2017/10/31,2017/09/30,0.69%,-0.21%,0.86%,1.56%,-3.71%,2.22%,2.45%,3.68%,3.87%,-1.46%,-1.19%,1.40%,-1.44%,0.22%,2.24%,-0.20%,84,93,113,137,110,141,321,368,426,337,18.23%,28.81%,38.16%,129.7%,191.2%,674.7%,166.0%,1006%,-17.12%,-23.95%
2017/11/30,2017/10/31,-2.16%,-0.81%,-0.84%,0.24%,1.06%,2.08%,2.58%,2.50%,3.56%,3.92%,1.75%,2.56%,1.78%,5.31%,3.22%,4.54%,82,92,112,138,111,144,329,377,441,350,22.03%,31.17%,40.58%,135.6%,200.6%,709.9%,169.5%,1065%,-15.67%,-22.01%
2017/12/31,2017/11/30,0.65%,0.96%,0.21%,-0.90%,0.31%,1.80%,2.19%,1.25%,0.48%,1.25%,2.01%,1.34%,2.46%,3.07%,1.10%,2.67%,83,93,112,136,112,147,336,382,443,355,21.62%,30.45%,43.39%,138.8%,203.8%,731.5%,173.7%,1101%,-13.98%,-20.96%
2018/01/31,2017/12/31,-0.93%,-0.08%,1.35%,-1.88%,-0.82%,4.50%,4.81%,8.31%,3.93%,4.26%,-0.38%,1.58%,0.32%,4.39%,5.34%,3.92%,82,93,114,134,111,153,352,414,460,370,21.75%,30.13%,42.85%,142.6%,220.1%,764.1%,169.8%,1153%,-14.30%,-19.71%
2018/02/28,2018/01/31,3.25%,0.08%,0.44%,0.52%,-3.61%,-2.48%,-3.87%,-3.26%,-2.75%,-6.67%,-0.23%,1.72%,-0.71%,-3.29%,-3.65%,-3.80%,85,93,114,135,107,149,339,400,448,345,13.40%,24.68%,42.52%,146.7%,208.4%,731.2%,169.4%,1112%,-14.50%,-18.33%
2018/03/31,2018/02/28,-1.22%,-0.11%,-0.63%,1.88%,1.47%,-4.17%,-2.98%,-2.19%,-0.70%,0.44%,1.24%,-0.87%,-0.02%,0.64%,-1.98%,0.90%,84,93,113,137,108,143,329,391,444,346,16.45%,30.43%,44.29%,144.6%,202.3%,738.7%,177.2%,1120%,-13.44%,-19.04%
2018/04/30,2018/03/31,-1.10%,0.28%,0.08%,-0.37%,2.51%,-0.29%,0.65%,0.23%,0.04%,3.28%,-1.17%,-1.19%,-1.42%,-0.09%,0.43%,0.27%,83,93,114,137,111,143,331,392,445,358,20.65%,35.09%,42.60%,141.7%,203.6%,741.0%,176.7%,1119%,-14.46%,-20.00%
2018/05/31,2018/04/30,0.65%,1.28%,-1.40%,-1.37%,-0.46%,4.19%,4.19%,2.20%,0.78%,2.41%,-3.92%,-2.94%,-5.21%,2.58%,2.78%,3.46%,83,94,112,135,111,149,344,401,448,366,19.31%,32.69%,37.00%,134.6%,212.0%,770.1%,178.6%,1150%,-17.81%,-22.35%
2018/06/30,2018/05/31,-0.15%,-0.88%,-0.08%,1.75%,0.97%,0.05%,-0.06%,0.92%,2.46%,1.85%,1.71%,1.30%,-0.63%,1.24%,0.75%,0.85%,83,93,112,137,112,149,344,405,459,373,20.65%,35.07%,39.34%,137.6%,214.4%,777.5%,178.9%,1166%,-16.41%,-21.34%
2018/07/31,2018/06/30,-0.48%,-0.28%,0.46%,0.20%,-0.97%,3.40%,3.39%,3.42%,3.06%,1.70%,-0.49%,-0.80%,-2.57%,-0.89%,3.27%,-0.65%,83,93,112,137,111,154,356,419,473,380,20.05%,32.77%,38.66%,135.7%,224.7%,771.8%,167.9%,1155%,-16.82%,-21.97%
2018/08/31,2018/07/31,-0.78%,0.75%,-0.49%,-0.40%,-0.82%,3.32%,5.81%,2.37%,1.57%,3.61%,-2.23%,-1.02%,-2.62%,2.34%,3.55%,2.64%,82,94,112,137,110,159,377,428,481,393,20.00%,33.15%,35.57%,133.3%,236.2%,794.9%,165.5%,1184%,-18.67%,-22.77%
2018/09/30,2018/08/31,-1.29%,0.49%,0.17%,0.34%,0.90%,-1.45%,0.79%,0.91%,0.43%,-0.10%,0.97%,0.57%,0.27%,-1.37%,0.10%,-1.54%,81,94,112,137,111,157,380,432,483,393,22.63%,34.95%,36.89%,134.6%,236.6%,781.1%,161.1%,1166%,-17.88%,-22.33%
2018/10/31,2018/09/30,0.37%,1.70%,1.22%,-0.67%,0.47%,-8.33%,-7.52%,-6.04%,-5.80%,-11.22%,3.99%,3.47%,3.53%,-8.16%,-7.27%,-9.20%,81,96,113,136,111,144,351,406,455,349,22.76%,31.06%,42.35%,142.8%,212.1%,700.0%,156.1%,1063%,-14.60%,-19.63%
2018/11/30,2018/10/31,-0.43%,1.79%,-1.63%,0.21%,2.03%,1.82%,3.71%,0.00%,1.86%,3.87%,-0.73%,-0.58%,-3.90%,-2.01%,1.99%,-1.84%,81,98,112,137,113,146,364,406,463,362,25.78%,33.74%,41.31%,141.4%,218.3%,685.4%,146.3%,1040%,-15.23%,-20.10%
2018/12/31,2018/11/30,1.36%,0.47%,-1.39%,-1.82%,1.20%,-10.31%,-9.36%,-8.67%,-8.41%,-7.97%,3.81%,2.76%,-0.04%,-12.39%,-9.28%,-13.22%,82,98,110,134,115,131,330,371,424,333,25.57%,36.88%,46.70%,148.0%,188.8%,581.6%,136.6%,898.6%,-11.99%,-17.89%
2019/01/31,2018/12/31,1.70%,-0.34%,-0.99%,-0.55%,-4.05%,11.25%,8.11%,7.29%,8.06%,4.48%,-0.42%,-1.53%,2.15%,15.35%,8.72%,15.81%,84,98,109,133,110,146,357,398,458,348,18.35%,27.61%,46.09%,144.3%,214.0%,689.3%,153.4%,1052%,-12.36%,-19.15%
2019/02/28,2019/01/31,-2.47%,0.66%,0.49%,0.71%,-0.61%,2.06%,4.58%,3.57%,3.39%,2.84%,-1.17%,-2.46%,-1.60%,3.30%,3.43%,4.04%,82,98,109,134,110,149,373,412,474,358,20.56%,28.61%,44.39%,138.2%,224.7%,721.2%,154.9%,1090%,-13.38%,-21.14%
2019/03/31,2019/02/28,-1.16%,-0.08%,-0.35%,0.61%,1.20%,0.45%,2.03%,1.38%,1.73%,1.15%,2.07%,2.57%,1.87%,2.51%,1.41%,1.74%,81,98,109,135,111,150,381,418,482,362,23.41%,29.50%,47.38%,144.4%,229.3%,735.5%,155.8%,1120%,-11.59%,-19.11%
2019/04/30,2019/03/31,0.39%,0.28%,1.15%,-0.24%,-4.23%,5.43%,4.39%,4.99%,3.33%,-0.62%,-1.91%,-1.81%,-3.85%,0.27%,4.02%,0.82%,81,98,110,135,106,158,397,439,498,360,17.71%,21.67%,44.56%,139.9%,242.5%,742.3%,147.6%,1123%,-13.28%,-20.57%
2019/05/31,2019/04/30,-0.08%,-0.97%,1.40%,2.22%,-0.56%,-8.15%,-7.97%,-5.41%,-3.46%,-5.76%,2.73%,4.33%,4.14%,-5.11%,-6.47%,-6.41%,81,98,112,138,106,145,366,415,481,339,17.14%,24.57%,48.51%,150.3%,220.4%,688.3%,147.7%,1061%,-10.91%,-17.13%
2019/06/30,2019/05/31,-1.40%,-0.27%,0.26%,0.13%,0.37%,7.77%,7.53%,7.23%,5.18%,5.86%,-0.11%,-0.52%,-4.46%,4.57%,6.83%,4.72%,80,97,112,138,106,156,393,445,506,359,19.22%,22.19%,48.35%,149.0%,242.2%,725.5%,142.5%,1114%,-11.01%,-17.57%
2019/07/31,2019/06/30,-1.18%,1.40%,0.62%,0.87%,-3.10%,0.64%,2.79%,1.95%,1.64%,-1.93%,-0.12%,2.10%,-0.30%,0.40%,1.45%,-0.24%,79,99,113,139,103,157,404,454,514,352,16.93%,19.05%,48.17%,154.3%,247.2%,723.6%,138.4%,1118%,-11.11%,-15.83%
2019/08/31,2019/07/31,-2.83%,-0.92%,0.75%,2.83%,1.22%,-5.32%,-2.73%,-1.04%,0.78%,-1.71%,-0.35%,0.31%,-0.47%,-5.45%,-2.11%,-5.54%,77,98,114,143,104,149,393,449,518,346,21.67%,23.35%,47.65%,155.1%,239.9%,678.0%,130.2%,1052%,-11.43%,-15.57%
2019/09/30,2019/08/31,-0.15%,0.92%,0.75%,0.60%,1.42%,0.11%,2.32%,1.80%,1.55%,2.79%,-0.18%,-0.96%,0.08%,0.58%,1.76%,0.87%,76,99,115,144,105,149,402,457,526,356,23.58%,26.66%,47.38%,152.6%,245.8%,684.8%,128.2%,1059%,-11.59%,-16.38%
2019/10/31,2019/09/30,-0.05%,1.19%,-0.53%,-0.91%,-1.08%,3.32%,3.64%,1.58%,0.78%,0.69%,-0.36%,-1.29%,-4.19%,-2.10%,2.20%,-1.72%,76,100,114,143,104,154,417,464,530,358,22.30%,23.32%,46.85%,149.4%,253.4%,671.3%,119.3%,1034%,-11.91%,-17.45%
2019/11/30,2019/10/31,0.38%,0.24%,-0.09%,-1.20%,-1.08%,6.19%,4.70%,3.67%,1.72%,1.94%,-0.64%,-2.80%,-3.49%,0.72%,3.75%,1.56%,77,100,114,141,103,163,437,481,539,365,20.51%,18.07%,45.90%,142.4%,266.7%,683.3%,114.5%,1043%,-12.47%,-19.77%
2019/12/31,2019/11/30,-0.55%,0.89%,-0.85%,-0.19%,1.10%,3.62%,4.08%,1.80%,1.71%,3.36%,-2.27%,-3.77%,-0.39%,3.08%,2.79%,4.21%,76,101,113,141,104,169,454,490,549,378,22.50%,17.77%,42.60%,133.2%,276.9%,716.3%,117.5%,1078%,-14.46%,-22.79%
2020/01/31,2019/12/31,0.99%,-0.28%,-0.27%,-0.59%,-1.81%,-0.90%,0.76%,0.18%,0.53%,-1.90%,4.00%,8.64%,6.01%,6.74%,0.06%,4.15%,77,101,113,140,102,168,458,491,551,370,19.06%,16.58%,48.30%,153.4%,277.2%,750.2%,126.4%,1157%,-11.04%,-16.12%
2020/02/29,2020/01/31,1.29%,2.35%,0.18%,-3.89%,-3.34%,-9.68%,-7.14%,-7.68%,-8.20%,-9.39%,2.59%,7.03%,1.45%,-0.16%,-8.00%,-2.27%,78,103,113,134,99,151,425,453,506,336,13.55%,16.92%,52.14%,171.2%,247.0%,730.9%,139.4%,1155%,-8.73%,-10.22%
2020/03/31,2020/02/29,-3.26%,0.96%,-3.95%,-2.21%,-0.78%,-21.93%,-12.60%,-16.51%,-9.42%,-9.74%,-1.83%,5.72%,-6.96%,-20.06%,-13.57%,-21.77%,75,104,108,131,98,118,372,378,459,303,16.37%,31.17%,49.35%,186.7%,199.9%,550.0%,119.8%,903.4%,-10.40%,-5.09%
2020/04/30,2020/03/31,0.79%,-0.86%,0.94%,0.38%,0.01%,15.33%,11.63%,13.56%,13.11%,14.99%,-11.63%,-10.46%,-5.36%,13.23%,13.44%,16.37%,76,103,109,132,98,136,415,430,519,348,15.45%,30.73%,31.99%,156.7%,240.2%,656.4%,126.2%,1036%,-20.82%,-15.02%
2020/05/31,2020/04/30,1.83%,1.18%,-0.24%,0.12%,-4.19%,5.93%,5.32%,5.85%,6.30%,3.88%,-5.31%,-1.60%,-4.30%,6.83%,5.40%,7.31%,77,104,109,132,94,144,437,455,551,362,8.50%,28.06%,24.98%,152.6%,258.6%,711.7%,130.5%,1114%,-25.03%,-16.38%
2020/06/30,2020/05/31,4.29%,-2.27%,-3.20%,-0.16%,2.10%,6.77%,-0.23%,-0.61%,2.43%,5.12%,-4.26%,-3.18%,-0.62%,6.84%,2.43%,7.79%,81,102,106,132,96,154,436,452,565,380,6.12%,25.95%,19.66%,144.6%,267.3%,774.9%,142.9%,1197%,-28.22%,-19.04%
2020/07/31,2020/06/30,-0.56%,-0.69%,-0.56%,-1.91%,-0.24%,4.38%,4.45%,4.75%,3.88%,8.18%,-1.91%,0.97%,-0.53%,5.09%,5.73%,4.80%,80,101,105,129,96,161,455,474,587,412,6.45%,30.73%,17.38%,147.0%,288.3%,816.9%,140.6%,1263%,-29.59%,-18.25%
2020/08/31,2020/07/31,7.38%,-2.99%,-1.40%,-2.49%,-0.21%,14.60%,3.82%,5.17%,5.18%,9.57%,-7.32%,-5.15%,-9.26%,0.84%,7.38%,2.38%,86,98,103,126,96,185,473,498,617,451,-1.63%,24.16%,8.78%,134.2%,317.0%,838.8%,128.6%,1274%,-34.74%,-22.47%
2020/09/30,2020/08/31,3.27%,1.29%,1.20%,0.09%,-2.54%,-2.77%,-3.12%,-2.10%,-3.05%,-4.96%,-1.33%,1.56%,0.34%,-1.51%,-3.61%,-1.98%,89,99,105,126,93,179,458,488,598,429,-7.34%,21.44%,7.34%,137.9%,301.9%,820.2%,132.3%,1253%,-35.61%,-21.26%
2020/10/31,2020/09/30,-1.55%,-1.10%,-1.21%,0.53%,1.98%,-1.47%,-1.05%,-2.37%,-2.13%,-2.55%,4.53%,0.66%,0.64%,1.14%,-2.11%,0.94%,88,98,103,127,95,177,453,476,586,418,-4.06%,20.12%,12.20%,139.5%,293.4%,828.8%,139.4%,1269%,-32.69%,-20.73%
2020/11/30,2020/10/31,5.56%,4.90%,1.88%,-1.42%,-2.41%,23.12%,17.91%,14.01%,10.41%,8.73%,-7.75%,-13.83%,-4.99%,10.98%,12.26%,15.13%,93,103,105,125,93,218,534,543,646,454,-11.71%,2.84%,3.50%,106.3%,341.6%,969.3%,146.3%,1419%,-37.91%,-31.69%
2020/12/31,2020/11/30,-0.71%,0.64%,0.88%,-2.05%,-0.94%,6.18%,6.51%,5.45%,2.82%,4.22%,-2.31%,-3.58%,-2.83%,7.26%,4.57%,8.34%,92,104,106,123,92,231,569,572,665,473,-11.91%,0.82%,1.11%,98.96%,361.8%,1058%,155.6%,1529%,-39.35%,-34.14%
2021/01/31,2020/12/31,-3.17%,-1.59%,-0.72%,0.42%,-0.07%,1.29%,-0.96%,-0.52%,0.35%,-0.24%,-1.56%,-2.56%,4.14%,11.74%,-0.12%,12.51%,89,102,106,123,92,234,564,570,667,472,-9.17%,-0.73%,-0.48%,93.87%,361.3%,1203%,187.8%,1721%,-40.30%,-35.83%
