Date,fdate,CR_AR_1,CR_AR_2,CR_AR_3,CR_AR_4,CR_AR_5,CR_TR_1,CR_TR_2,CR_TR_3,CR_TR_4,CR_TR_5,CR_AR_Sig,CR_TR_Sig,CR_AR_130,CR_TR_130,CR_TR_BP,CR_TR_LO,CR_CAR_1,CR_CAR_2,CR_CAR_3,CR_CAR_4,CR_CAR_5,CR_CTR_1,CR_CTR_2,CR_CTR_3,CR_CTR_4,CR_CTR_5,CR_CAR_LS,CR_CTR_LS,CR_CAR_SW,CR_CTR_SW,CR_CTR_BP,CR_CTR_LO,CR_CXR_LO,CR_CTR_13,CR_CADD,CR_CTDD
2001/02/28,2001/01/31,-3.63%,-0.33%,3.11%,3.06%,3.23%,-15.47%,-3.89%,-6.86%,-10.96%,-12.56%,2.07%,4.67%,13.61%,-8.98%,-9.48%,-10.39%,96,100,103,103,103,85,96,93,89,87,6.87%,2.91%,2.07%,4.67%,-9.48%,-10.39%,-0.91%,-8.98%,0.00%,0.00%
2001/03/31,2001/02/28,-0.45%,0.26%,-1.20%,1.61%,0.70%,-5.76%,-4.43%,-8.07%,-6.45%,-8.40%,-0.78%,0.73%,2.30%,-9.58%,-6.73%,-9.80%,96,100,102,105,104,80,92,86,83,80,8.10%,0.20%,1.27%,5.44%,-15.57%,-19.17%,-3.95%,-17.70%,-0.78%,0.00%
2001/04/30,2001/03/31,2.13%,-1.41%,-1.90%,0.70%,0.69%,8.48%,5.60%,6.63%,9.79%,10.59%,-2.31%,-2.71%,-5.16%,9.28%,8.26%,10.09%,98,99,100,105,105,86,97,91,91,89,6.53%,2.32%,-1.06%,2.58%,-8.60%,-11.01%,-2.19%,-10.07%,-3.07%,-2.71%
2001/05/31,2001/04/30,-2.14%,0.44%,-0.08%,0.13%,-0.51%,-0.22%,2.67%,1.81%,1.22%,-0.88%,2.81%,3.82%,5.21%,8.54%,1.01%,7.39%,96,99,100,106,104,86,100,93,93,88,8.27%,1.64%,1.72%,6.50%,-7.68%,-4.44%,4.05%,-2.40%,-0.35%,0.00%
2001/06/30,2001/05/31,5.00%,0.80%,-1.61%,0.52%,0.20%,0.37%,-2.27%,-3.39%,-1.51%,-1.09%,-1.52%,-2.05%,-5.27%,0.74%,-1.54%,1.35%,101,100,98,106,104,87,97,90,91,87,3.08%,0.15%,0.17%,4.32%,-9.10%,-3.15%,7.06%,-1.68%,-1.86%,-2.05%
2001/07/31,2001/06/30,-6.09%,-2.24%,0.39%,2.63%,2.28%,-4.81%,-0.94%,-0.46%,-0.35%,-2.04%,0.72%,2.53%,5.52%,-3.90%,-1.79%,-4.66%,95,98,99,109,107,82,96,89,91,85,11.70%,2.92%,0.89%,6.96%,-10.73%,-7.66%,3.99%,-5.51%,-1.16%,0.00%
2001/08/31,2001/07/31,0.66%,2.94%,2.15%,-1.71%,-0.69%,-5.77%,-3.33%,-3.60%,-9.14%,-7.82%,-0.16%,-0.13%,0.92%,-5.38%,-5.97%,-5.34%,95,100,101,107,106,78,93,86,83,78,10.20%,0.81%,0.73%,6.82%,-16.06%,-12.59%,4.65%,-10.59%,-1.32%,-0.13%
2001/09/30,2001/08/31,-2.10%,1.87%,0.84%,-1.04%,-2.02%,-7.71%,-5.94%,-8.33%,-12.61%,-9.91%,2.95%,1.98%,7.02%,-15.60%,-8.92%,-16.20%,93,102,102,106,104,72,88,79,72,71,10.28%,-1.40%,3.70%,8.94%,-23.54%,-26.75%,-2.97%,-24.54%,0.00%,0.00%
2001/10/31,2001/09/30,3.35%,2.01%,-0.62%,3.43%,2.78%,1.02%,-0.86%,-0.01%,6.38%,7.15%,0.28%,-3.91%,-2.98%,11.73%,2.68%,12.90%,96,104,101,110,107,72,87,79,77,76,9.65%,4.64%,3.99%,4.68%,-21.50%,-17.30%,6.94%,-15.69%,0.00%,-3.91%
2001/11/30,2001/10/31,-0.83%,-5.43%,-1.48%,0.05%,4.41%,7.36%,3.24%,6.89%,10.33%,10.43%,-3.40%,-2.73%,-1.21%,9.82%,7.75%,10.64%,95,99,99,110,111,78,90,84,85,84,15.40%,7.85%,0.46%,1.82%,-15.41%,-8.50%,10.04%,-7.41%,-3.40%,-6.53%
2001/12/31,2001/11/30,1.54%,3.36%,1.17%,-0.54%,-3.16%,2.39%,3.38%,3.32%,2.31%,-1.91%,-2.97%,-2.33%,-0.99%,7.08%,1.71%,7.78%,97,102,101,109,108,80,93,87,87,82,9.98%,3.21%,-2.53%,-0.56%,-13.96%,-1.38%,16.71%,-0.86%,-6.27%,-8.71%
2002/01/31,2001/12/31,-1.07%,-2.17%,0.07%,1.79%,1.61%,-1.84%,-3.01%,0.32%,-0.17%,-0.77%,0.39%,1.51%,3.16%,2.34%,-1.25%,1.88%,96,100,101,111,110,78,90,88,86,81,12.93%,4.32%,-2.15%,0.95%,-15.04%,0.48%,20.37%,1.46%,-5.91%,-7.34%
2002/02/28,2002/01/31,-0.11%,1.09%,3.94%,-0.29%,-2.88%,-1.32%,-0.35%,2.13%,-3.84%,-6.12%,1.99%,2.76%,-0.47%,-5.96%,-2.10%,-6.79%,96,101,105,111,106,77,90,89,83,76,9.80%,-0.69%,-0.20%,3.73%,-16.83%,-6.35%,14.72%,-4.60%,-4.03%,-4.78%
2002/03/31,2002/02/28,0.74%,2.35%,-0.15%,1.72%,-1.86%,3.73%,4.24%,5.18%,4.48%,4.12%,1.16%,1.51%,-0.98%,9.90%,4.42%,9.44%,97,103,105,113,105,80,93,94,87,80,6.95%,-0.30%,0.95%,5.30%,-13.15%,2.49%,20.49%,4.85%,-2.92%,-3.34%
2002/04/30,2002/03/31,1.38%,1.25%,-0.35%,0.80%,-2.19%,-2.54%,-3.50%,-5.78%,-4.29%,-8.24%,-1.56%,0.44%,-0.93%,-3.00%,-5.00%,-3.13%,98,104,104,113,102,78,90,89,83,73,3.14%,-5.99%,-0.62%,5.77%,-17.49%,-0.72%,22.73%,1.70%,-4.44%,-2.91%
2002/05/31,2002/04/30,-1.32%,-0.25%,1.16%,-1.85%,-0.09%,-1.08%,0.58%,-0.56%,-2.22%,-3.46%,-0.97%,-0.64%,1.08%,-4.76%,-1.20%,-4.57%,97,104,105,111,102,77,91,88,81,70,4.41%,-8.23%,-1.58%,5.09%,-18.48%,-5.25%,18.60%,-3.14%,-5.36%,-3.53%
2002/06/30,2002/05/31,2.25%,2.15%,0.32%,2.48%,-5.94%,-3.68%,-4.76%,-7.95%,-4.23%,-14.03%,-2.46%,-1.97%,-4.61%,-10.84%,-6.92%,-10.25%,99,106,106,114,96,74,86,81,78,61,-4.14%,-17.72%,-4.00%,3.02%,-24.12%,-14.97%,14.65%,-13.64%,-7.69%,-5.43%
2002/07/31,2002/06/30,-1.80%,0.12%,-0.89%,-2.82%,3.70%,-7.39%,-6.93%,-9.40%,-8.41%,-7.69%,3.49%,3.21%,4.03%,-12.50%,-7.99%,-13.46%,97,107,105,111,100,69,80,73,71,56,1.13%,-17.96%,-0.66%,6.34%,-30.19%,-26.41%,8.38%,-24.44%,-4.47%,-2.39%
2002/08/31,2002/07/31,-2.57%,-2.32%,1.08%,-0.28%,-0.04%,-0.18%,0.17%,1.91%,1.61%,-1.14%,-1.82%,-0.85%,1.75%,-0.02%,0.64%,0.23%,94,104,106,111,100,69,81,75,72,55,3.69%,-18.75%,-2.46%,5.44%,-29.74%,-26.24%,7.94%,-24.45%,-6.20%,-3.21%
2002/09/30,2002/08/31,-3.24%,-1.32%,1.32%,-0.32%,-0.84%,-9.74%,-9.65%,-9.63%,-8.66%,-14.41%,-1.45%,-0.69%,1.80%,-11.86%,-10.13%,-11.65%,91,103,107,110,99,62,73,68,66,47,6.18%,-22.55%,-3.87%,4.71%,-36.86%,-34.84%,6.29%,-33.41%,-7.56%,-3.88%
2002/10/31,2002/09/30,4.27%,-1.02%,0.41%,1.14%,4.01%,9.06%,4.75%,7.54%,6.90%,13.65%,0.39%,-0.67%,-1.67%,7.00%,7.77%,7.21%,95,102,108,112,103,68,76,73,71,54,5.90%,-18.99%,-3.50%,4.00%,-31.95%,-30.14%,5.69%,-28.75%,-7.21%,-4.53%
2002/11/30,2002/10/31,1.18%,-2.33%,-0.72%,-0.62%,2.61%,4.14%,3.74%,6.82%,4.47%,14.34%,-3.18%,-2.79%,2.38%,19.41%,6.03%,20.24%,96,99,107,111,105,70,79,78,74,61,7.42%,-10.73%,-6.57%,1.10%,-27.85%,-16.00%,20.72%,-14.92%,-10.16%,-7.19%
2002/12/31,2002/11/30,-0.34%,0.91%,1.23%,-1.22%,-0.98%,-3.67%,-3.78%,-5.53%,-5.48%,-11.30%,-1.12%,0.92%,1.02%,-8.03%,-5.58%,-8.31%,96,100,108,109,104,68,76,73,70,55,6.73%,-17.54%,-7.62%,2.04%,-31.88%,-22.98%,17.43%,-21.75%,-11.17%,-6.33%
2003/01/31,2002/12/31,0.21%,-0.07%,-0.75%,-0.43%,1.60%,-2.21%,-2.84%,-3.40%,-2.67%,-1.33%,-0.48%,0.47%,1.42%,-0.15%,-2.56%,-0.29%,96,100,107,109,106,66,74,71,68,54,8.21%,-16.82%,-8.06%,2.51%,-33.63%,-23.20%,20.10%,-21.87%,-11.59%,-5.90%
2003/02/28,2003/01/31,-0.30%,-0.13%,-0.11%,-0.14%,2.23%,-2.09%,-2.48%,-2.16%,-1.79%,-0.15%,1.39%,1.48%,0.25%,-2.91%,-1.81%,-3.35%,96,100,107,109,108,65,72,69,67,54,10.94%,-15.20%,-6.78%,4.03%,-34.83%,-25.78%,18.25%,-24.14%,-10.36%,-4.51%
2003/03/31,2003/02/28,0.71%,1.84%,0.59%,2.22%,-1.53%,0.69%,1.54%,1.25%,2.38%,-0.21%,-2.56%,-2.32%,-1.26%,0.96%,1.22%,1.65%,97,102,108,111,107,65,73,70,68,54,8.45%,-15.97%,-9.17%,1.61%,-34.03%,-24.55%,18.76%,-23.41%,-12.66%,-6.72%
2003/04/30,2003/03/31,3.24%,-0.93%,-2.42%,0.03%,-3.43%,11.01%,6.51%,6.88%,7.11%,8.78%,1.13%,0.11%,-1.23%,11.42%,8.22%,11.38%,100,101,105,111,103,73,78,75,73,58,1.22%,-17.84%,-8.15%,1.72%,-28.61%,-15.96%,22.52%,-14.67%,-11.67%,-6.62%
2003/05/31,2003/04/30,-0.01%,1.69%,-3.04%,0.18%,-0.67%,4.82%,7.48%,5.01%,5.50%,9.70%,1.49%,-0.25%,3.01%,18.40%,6.23%,18.47%,100,103,102,111,102,76,84,79,77,64,0.55%,-13.83%,-6.78%,1.47%,-24.16%,-0.43%,37.52%,1.03%,-10.36%,-6.86%
2003/06/30,2003/05/31,-0.41%,0.29%,-0.73%,1.44%,-1.33%,0.68%,2.04%,1.16%,2.80%,1.04%,-1.74%,-1.94%,1.33%,5.61%,1.49%,6.19%,99,103,101,113,101,77,86,80,79,65,-0.38%,-13.52%,-8.40%,-0.50%,-23.03%,5.73%,43.99%,6.69%,-11.92%,-8.66%
2003/07/31,2003/06/30,2.05%,-1.35%,-0.88%,1.08%,1.49%,2.80%,1.03%,1.74%,1.95%,5.70%,-1.08%,-1.32%,0.33%,8.59%,2.46%,8.99%,101,102,101,114,103,79,86,81,81,68,-0.93%,-11.01%,-9.39%,-1.82%,-21.14%,15.23%,53.38%,15.86%,-12.87%,-9.87%
2003/08/31,2003/07/31,-0.25%,-2.07%,-0.56%,-0.04%,2.16%,2.02%,0.92%,2.21%,2.01%,5.40%,0.38%,1.16%,0.20%,6.02%,2.35%,5.67%,101,99,100,114,105,80,87,83,83,72,1.45%,-8.00%,-9.04%,-0.67%,-19.28%,21.76%,58.46%,22.83%,-12.53%,-8.82%
2003/09/30,2003/08/31,1.00%,0.64%,-0.33%,-0.88%,-1.36%,-0.24%,0.04%,-1.06%,-1.94%,-2.27%,-1.55%,-1.30%,2.05%,2.46%,-1.08%,2.85%,102,100,100,113,103,80,87,82,81,70,-0.94%,-9.87%,-10.45%,-1.96%,-20.15%,25.23%,64.69%,25.85%,-13.89%,-10.01%
2003/10/31,2003/09/30,-1.08%,-1.02%,0.40%,0.16%,5.65%,5.71%,5.24%,4.90%,5.33%,10.41%,-2.88%,-2.45%,2.02%,9.33%,6.06%,10.06%,101,99,100,113,109,85,92,86,85,78,5.72%,-5.64%,-13.02%,-4.37%,-15.32%,37.83%,71.29%,37.59%,-16.36%,-12.21%
2003/11/30,2003/10/31,-0.78%,-0.30%,-0.53%,0.68%,0.98%,0.78%,1.54%,1.11%,2.02%,2.30%,-3.78%,-3.19%,-0.25%,3.08%,1.47%,4.04%,100,99,99,114,110,85,93,87,87,79,7.59%,-4.21%,-16.32%,-7.42%,-14.07%,43.39%,75.67%,41.82%,-19.53%,-15.01%
2003/12/31,2003/11/30,0.01%,1.06%,1.05%,-0.56%,-4.36%,5.01%,5.79%,5.36%,3.54%,1.97%,1.75%,2.12%,-0.35%,3.91%,4.39%,3.27%,100,100,101,114,105,90,99,92,90,81,2.88%,-7.12%,-14.85%,-5.45%,-10.30%,48.08%,73.71%,47.36%,-18.12%,-13.21%
2004/01/31,2003/12/31,1.33%,-1.12%,-1.71%,-1.21%,2.76%,3.26%,1.68%,0.95%,1.21%,4.71%,0.49%,1.43%,4.41%,9.68%,2.25%,9.25%,102,99,99,112,108,92,100,93,91,85,4.35%,-5.77%,-14.43%,-4.10%,-8.28%,61.78%,85.88%,61.63%,-17.72%,-11.97%
2004/02/29,2004/01/31,-0.34%,0.44%,-0.05%,1.25%,-2.50%,1.19%,2.26%,1.22%,2.71%,-1.02%,-0.43%,0.17%,-0.72%,0.44%,1.48%,0.39%,101,99,99,114,106,94,103,94,94,84,2.10%,-7.86%,-14.80%,-3.94%,-6.92%,62.41%,83.85%,62.34%,-18.07%,-11.82%
2004/03/31,2004/02/29,-0.35%,0.91%,0.27%,-0.50%,-0.76%,-1.40%,0.04%,-1.10%,-1.52%,-1.56%,1.35%,1.49%,-0.35%,0.80%,-1.09%,0.35%,101,100,99,113,105,92,103,93,92,83,1.68%,-8.00%,-13.65%,-2.51%,-7.94%,62.98%,86.50%,63.64%,-16.96%,-10.51%
2004/04/30,2004/03/31,-2.34%,-1.41%,1.23%,1.04%,-1.95%,-3.44%,-3.98%,-0.40%,-0.20%,-2.87%,1.88%,1.78%,0.15%,-2.90%,-2.03%,-3.44%,99,99,100,114,103,89,98,92,92,80,2.07%,-7.47%,-12.02%,-0.78%,-9.81%,57.38%,83.89%,58.89%,-15.40%,-8.92%
2004/05/31,2004/04/30,0.96%,0.33%,-1.38%,-0.28%,2.30%,1.82%,1.55%,-0.12%,0.60%,3.54%,-0.75%,-0.65%,-0.49%,0.35%,1.34%,0.55%,100,99,99,114,105,91,100,92,93,83,3.44%,-5.88%,-12.68%,-1.42%,-8.61%,58.25%,82.44%,59.45%,-16.04%,-9.51%
2004/06/30,2004/05/31,1.58%,-1.87%,2.40%,-0.57%,-1.08%,2.99%,0.80%,3.90%,1.68%,0.73%,-1.83%,-2.10%,-2.60%,1.61%,1.96%,2.23%,101,97,101,113,104,93,101,96,94,84,0.69%,-8.00%,-14.28%,-3.49%,-6.81%,61.78%,82.93%,62.01%,-17.57%,-11.40%
2004/07/31,2004/06/30,0.45%,2.15%,0.42%,-1.50%,-1.46%,-2.28%,-1.50%,-3.12%,-4.92%,-7.27%,0.16%,0.85%,-2.04%,-8.82%,-3.87%,-9.08%,102,99,102,112,102,91,99,93,90,78,-1.24%,-12.59%,-14.14%,-2.66%,-10.42%,47.10%,73.41%,47.72%,-17.44%,-10.65%
2004/08/31,2004/07/31,0.71%,2.80%,-0.49%,0.06%,-2.10%,1.16%,3.03%,-0.20%,0.04%,-2.45%,0.51%,0.72%,-1.20%,-2.32%,0.29%,-2.53%,102,102,101,112,100,92,102,93,90,76,-4.01%,-15.74%,-13.70%,-1.97%,-10.15%,43.37%,68.50%,44.29%,-17.02%,-10.01%
2004/09/30,2004/08/31,0.04%,-0.03%,0.40%,-1.05%,0.69%,1.14%,1.32%,2.04%,0.52%,3.84%,-0.53%,-1.02%,-0.84%,3.88%,1.66%,4.18%,102,102,102,110,101,93,104,95,90,79,-3.38%,-13.46%,-14.16%,-2.97%,-8.67%,49.37%,72.76%,49.89%,-17.46%,-10.93%
2004/10/31,2004/09/30,0.30%,0.83%,-0.25%,-0.86%,0.41%,1.35%,1.95%,1.29%,0.75%,2.69%,-1.14%,-0.55%,-0.99%,1.69%,1.55%,1.85%,103,103,101,110,101,95,106,96,91,81,-3.28%,-12.29%,-15.14%,-3.50%,-7.25%,52.14%,73.29%,52.42%,-18.40%,-11.42%
2004/11/30,2004/10/31,1.04%,-0.36%,-0.33%,0.08%,-0.42%,4.15%,4.35%,4.14%,4.64%,6.36%,-1.37%,-1.54%,-0.68%,9.47%,4.65%,9.94%,104,102,101,110,101,99,110,100,95,86,-4.70%,-10.36%,-16.30%,-4.99%,-2.94%,67.26%,82.44%,66.86%,-19.52%,-12.79%
2004/12/31,2004/11/30,1.92%,0.52%,-1.18%,0.88%,-1.59%,4.48%,3.50%,2.50%,4.42%,3.74%,-1.61%,-0.74%,1.03%,7.21%,3.62%,7.43%,106,103,100,111,99,103,114,102,99,89,-8.05%,-11.02%,-17.65%,-5.69%,0.58%,79.68%,89.39%,78.88%,-20.81%,-13.43%
2005/01/31,2004/12/31,-2.21%,-0.26%,0.74%,0.30%,0.74%,-3.68%,-1.65%,-1.77%,-2.61%,-4.78%,0.92%,0.80%,1.32%,-5.11%,-2.69%,-5.35%,103,103,101,111,100,99,112,100,97,85,-5.34%,-11.99%,-16.90%,-4.94%,-2.13%,70.07%,84.35%,69.74%,-20.09%,-12.74%
2005/02/28,2005/01/31,-1.04%,0.97%,0.22%,0.60%,-0.46%,0.61%,3.07%,2.38%,2.29%,0.98%,1.34%,1.17%,-0.27%,1.05%,2.06%,0.70%,102,104,101,112,100,100,116,103,99,86,-4.78%,-11.67%,-15.78%,-3.83%,-0.11%,71.26%,81.85%,71.52%,-19.02%,-11.72%
2005/03/31,2005/02/28,-1.68%,-2.07%,-0.79%,1.83%,1.58%,-2.52%,-2.42%,-2.35%,-0.74%,-1.01%,1.25%,1.84%,0.76%,-2.96%,-1.73%,-3.51%,101,102,100,114,101,97,113,100,98,85,-1.67%,-10.35%,-14.73%,-2.06%,-1.84%,65.25%,78.61%,66.45%,-18.00%,-10.09%
2005/04/30,2005/03/31,1.07%,-0.30%,0.49%,-0.42%,0.92%,-1.53%,-1.62%,-1.98%,-4.04%,-1.66%,0.57%,0.72%,0.99%,-6.36%,-2.23%,-6.58%,102,101,100,113,102,96,111,98,94,83,-1.82%,-10.46%,-14.24%,-1.36%,-4.03%,54.38%,70.84%,55.86%,-17.53%,-9.45%
2005/05/31,2005/04/30,1.18%,0.40%,-0.58%,0.43%,-0.53%,4.27%,3.18%,3.36%,5.53%,3.58%,0.14%,0.03%,-2.74%,5.82%,3.88%,5.81%,103,102,100,114,102,100,115,102,99,86,-3.50%,-11.08%,-14.12%,-1.33%,-0.31%,63.34%,74.15%,64.93%,-17.42%,-9.42%
2005/06/30,2005/05/31,-0.51%,0.68%,-0.43%,-0.20%,0.01%,1.36%,1.92%,0.71%,1.06%,-0.52%,-3.24%,-2.69%,-0.88%,2.42%,0.85%,3.23%,102,102,99,113,102,101,117,102,100,86,-3.00%,-12.76%,-16.90%,-3.98%,0.54%,68.61%,78.28%,68.92%,-20.09%,-11.86%
2005/07/31,2005/06/30,2.05%,-0.09%,-0.38%,-0.26%,-0.03%,5.94%,2.81%,3.89%,4.73%,4.62%,0.80%,1.25%,-0.74%,8.07%,4.20%,7.69%,104,102,99,113,102,107,120,106,105,90,-5.01%,-13.90%,-16.24%,-2.78%,4.76%,81.58%,84.50%,82.54%,-19.45%,-10.75%
2005/08/31,2005/07/31,-1.68%,-0.36%,1.27%,-1.13%,0.83%,-2.34%,-0.94%,0.45%,-2.56%,-0.75%,-1.29%,-2.21%,0.73%,-2.01%,-1.01%,-1.34%,103,102,100,112,102,105,119,107,102,89,-2.63%,-12.54%,-17.32%,-4.93%,3.70%,79.14%,83.90%,78.88%,-20.49%,-12.73%
2005/09/30,2005/08/31,0.32%,0.64%,1.66%,-0.85%,-0.36%,1.03%,1.31%,2.03%,-0.27%,-0.29%,0.36%,0.45%,1.58%,0.97%,0.77%,0.83%,103,103,102,111,102,106,120,109,102,89,-3.29%,-13.69%,-17.02%,-4.50%,4.50%,80.64%,84.01%,80.61%,-20.21%,-12.34%
2005/10/31,2005/09/30,1.04%,0.62%,-2.35%,1.75%,-0.17%,-0.98%,-0.68%,-3.70%,-0.49%,-2.07%,-1.61%,-0.44%,-1.63%,-3.92%,-1.76%,-3.79%,104,103,100,113,102,105,120,105,102,87,-4.46%,-14.64%,-18.36%,-4.92%,2.66%,73.79%,80.28%,73.53%,-21.49%,-12.72%
2005/11/30,2005/10/31,1.08%,1.37%,0.08%,-0.05%,-1.09%,5.66%,4.23%,3.58%,3.98%,2.68%,0.66%,-0.02%,-1.03%,3.46%,3.93%,3.47%,105,105,100,113,101,111,125,109,106,90,-6.54%,-17.18%,-17.82%,-4.94%,6.69%,79.82%,79.46%,79.54%,-20.98%,-12.74%
2005/12/31,2005/11/30,-0.82%,0.47%,-0.21%,0.22%,0.81%,-0.70%,0.39%,-0.11%,0.04%,0.69%,-0.15%,-0.31%,1.38%,0.77%,0.04%,0.86%,104,105,99,113,102,110,125,109,106,90,-5.02%,-16.02%,-17.95%,-5.23%,6.73%,81.37%,80.93%,80.92%,-21.10%,-13.01%
2006/01/31,2005/12/31,-1.37%,0.22%,2.47%,-3.43%,-0.95%,2.39%,3.31%,5.45%,2.21%,2.65%,-1.32%,-1.55%,-1.08%,8.74%,3.44%,9.20%,103,105,102,109,101,113,129,115,108,93,-4.62%,-15.80%,-19.03%,-6.70%,10.40%,98.06%,91.37%,96.72%,-22.14%,-14.36%
2006/02/28,2006/01/31,0.05%,1.14%,-1.74%,0.63%,0.49%,0.03%,1.41%,-1.76%,0.49%,0.79%,2.57%,3.04%,1.81%,2.14%,0.09%,1.23%,103,106,100,110,101,113,131,113,109,93,-4.21%,-15.17%,-16.95%,-3.87%,10.50%,100.5%,93.54%,100.9%,-20.14%,-11.75%
2006/03/31,2006/02/28,1.40%,-2.42%,1.29%,-0.91%,-1.42%,2.57%,-0.22%,3.12%,2.22%,0.88%,-0.49%,-0.22%,-2.22%,4.60%,1.90%,4.67%,104,104,101,109,100,116,131,116,111,94,-6.90%,-16.60%,-17.36%,-4.08%,12.59%,109.8%,98.91%,110.2%,-20.53%,-11.95%
2006/04/30,2006/03/31,0.25%,0.89%,1.29%,-1.74%,-0.44%,1.76%,3.03%,2.52%,-0.96%,-0.27%,-0.94%,-0.44%,0.00%,-0.13%,0.99%,0.00%,105,105,103,107,99,118,135,119,110,94,-7.55%,-18.29%,-18.14%,-4.50%,13.71%,109.9%,96.94%,109.9%,-21.28%,-12.33%
2006/05/31,2006/04/30,-0.94%,-1.86%,0.19%,0.40%,0.75%,-3.46%,-2.60%,-2.58%,-4.12%,-2.67%,0.19%,1.65%,-0.43%,-5.44%,-3.11%,-5.94%,104,103,103,107,100,114,131,116,105,91,-5.99%,-17.65%,-17.99%,-2.92%,10.17%,97.39%,91.37%,98.49%,-21.13%,-10.88%
2006/06/30,2006/05/31,-0.59%,-0.32%,1.28%,0.33%,-0.44%,-0.43%,0.07%,1.67%,0.17%,-0.75%,0.02%,0.10%,-1.22%,-1.58%,0.19%,-1.61%,103,103,104,108,100,113,131,118,106,91,-5.85%,-17.90%,-17.97%,-2.82%,10.39%,94.21%,87.91%,95.34%,-21.12%,-10.79%
2006/07/31,2006/06/30,-0.30%,0.84%,-0.51%,-0.10%,1.00%,0.06%,1.14%,-0.01%,-2.15%,-0.03%,0.14%,1.74%,-0.37%,-3.69%,-0.28%,-4.21%,103,103,104,108,101,113,133,118,103,91,-4.63%,-17.98%,-17.85%,-1.13%,10.08%,86.03%,80.51%,88.14%,-21.01%,-9.24%
2006/08/31,2006/07/31,0.33%,-0.23%,-1.40%,1.66%,0.34%,2.34%,1.32%,0.60%,4.30%,3.70%,-0.78%,-0.51%,-1.76%,2.71%,2.48%,2.86%,103,103,102,109,101,116,135,119,108,94,-4.62%,-16.86%,-18.49%,-1.63%,12.81%,91.35%,81.21%,93.24%,-21.62%,-9.70%
2006/09/30,2006/08/31,0.72%,0.61%,-1.74%,1.85%,-0.43%,2.81%,3.04%,0.48%,3.62%,2.05%,-0.89%,-0.85%,-0.98%,0.85%,2.24%,1.11%,104,104,101,111,100,119,139,119,112,96,-5.71%,-17.50%,-19.22%,-2.47%,15.33%,93.47%,79.17%,94.88%,-22.32%,-10.47%
2006/10/31,2006/09/30,-0.14%,-0.99%,1.76%,0.65%,-1.43%,3.64%,2.62%,5.13%,4.47%,2.52%,-0.96%,-1.29%,-0.78%,5.19%,3.69%,5.58%,104,103,102,112,99,123,142,125,117,98,-6.94%,-18.42%,-20.00%,-3.73%,19.59%,104.3%,82.55%,105.0%,-23.07%,-11.62%
2006/11/30,2006/10/31,-0.35%,-1.76%,1.78%,-0.24%,-0.44%,1.97%,0.48%,3.99%,1.79%,1.81%,-0.55%,0.17%,-1.27%,2.61%,2.16%,2.56%,103,101,104,112,99,126,143,130,119,100,-7.01%,-18.56%,-20.44%,-3.57%,22.17%,109.5%,83.28%,110.3%,-23.50%,-11.48%
2006/12/31,2006/11/30,0.75%,1.30%,-1.96%,0.50%,-0.48%,2.36%,3.36%,0.83%,0.45%,0.03%,-0.99%,1.04%,-0.23%,1.86%,1.18%,1.54%,104,102,102,112,98,129,148,131,119,100,-8.15%,-20.45%,-21.23%,-2.56%,23.61%,112.7%,83.94%,114.3%,-24.25%,-10.55%
2007/01/31,2006/12/31,0.32%,-1.36%,-0.16%,1.27%,0.52%,2.09%,0.41%,1.37%,3.37%,2.50%,1.31%,1.02%,1.54%,3.75%,2.01%,3.44%,104,101,102,114,99,131,149,133,123,103,-7.97%,-20.13%,-20.20%,-1.56%,26.09%,120.0%,86.58%,122.3%,-23.26%,-9.64%
2007/02/28,2007/01/31,-0.74%,-0.07%,0.71%,0.19%,-0.90%,-2.50%,-2.02%,-0.56%,-1.14%,-2.24%,1.46%,2.24%,1.53%,1.31%,-1.63%,0.63%,104,101,103,114,98,128,146,132,122,100,-8.11%,-19.92%,-19.04%,0.65%,24.04%,121.4%,90.79%,125.2%,-22.15%,-7.61%
2007/03/31,2007/02/28,-0.81%,-0.59%,1.44%,-0.79%,-0.39%,0.19%,0.41%,2.46%,1.06%,0.68%,0.29%,-1.50%,-0.20%,0.24%,1.00%,0.69%,103,100,104,113,97,128,146,136,123,101,-7.73%,-19.53%,-18.80%,-0.86%,25.28%,123.0%,90.20%,125.7%,-21.92%,-9.00%
2007/04/30,2007/03/31,-0.26%,-0.92%,0.41%,0.24%,0.72%,3.21%,3.60%,3.32%,3.48%,5.22%,2.09%,1.36%,1.29%,3.84%,3.86%,3.43%,103,99,105,113,98,132,151,140,127,106,-6.83%,-17.91%,-17.11%,0.48%,30.12%,130.6%,89.38%,134.4%,-20.29%,-7.76%
2007/05/31,2007/04/30,-1.33%,0.04%,1.38%,-0.05%,-0.70%,2.26%,3.78%,4.68%,3.37%,3.47%,0.41%,0.36%,-1.48%,3.27%,3.54%,3.17%,101,99,106,113,97,135,157,147,132,110,-6.25%,-16.92%,-16.77%,0.84%,34.73%,137.9%,88.66%,142.1%,-19.96%,-7.43%
2007/06/30,2007/05/31,-1.10%,1.79%,-0.41%,-0.02%,-0.41%,-3.19%,-0.84%,-2.08%,-0.80%,-1.53%,1.19%,0.60%,1.20%,-0.28%,-1.77%,-0.46%,100,101,106,113,97,131,156,144,131,108,-5.60%,-15.54%,-15.77%,1.44%,32.35%,136.8%,91.14%,141.4%,-19.01%,-6.88%
2007/07/31,2007/06/30,-1.83%,0.25%,2.55%,-0.30%,0.28%,-5.84%,-4.39%,-2.16%,-2.44%,-2.84%,2.58%,0.75%,3.74%,-4.23%,-3.46%,-4.46%,98,101,108,113,97,124,149,140,127,105,-3.61%,-13.01%,-13.60%,2.21%,27.77%,126.3%,89.22%,131.2%,-16.92%,-6.18%
2007/08/31,2007/07/31,0.97%,0.87%,-0.44%,-0.55%,0.26%,1.85%,1.20%,0.87%,1.38%,2.14%,1.06%,0.32%,-2.42%,-1.20%,1.50%,-1.30%,99,102,108,112,97,126,151,142,129,107,-4.29%,-12.75%,-12.69%,2.53%,29.69%,123.3%,83.93%,128.4%,-16.04%,-5.88%
2007/09/30,2007/08/31,-1.12%,0.47%,1.27%,-0.95%,-0.44%,2.82%,4.34%,5.25%,2.75%,2.81%,-1.08%,-1.87%,-0.05%,1.09%,3.55%,1.65%,98,103,109,111,97,129,157,149,133,110,-3.65%,-12.76%,-13.63%,0.61%,34.30%,127.0%,80.43%,130.9%,-16.94%,-7.64%
2007/10/31,2007/09/30,-1.50%,-0.19%,-1.39%,1.59%,0.07%,-0.23%,-0.48%,2.88%,4.11%,2.27%,0.01%,-0.59%,-0.76%,1.57%,2.05%,1.75%,97,103,108,113,97,129,157,153,138,113,-2.13%,-10.58%,-13.62%,0.02%,37.05%,131.0%,79.90%,134.5%,-16.93%,-8.19%
2007/11/30,2007/10/31,-0.55%,-2.71%,0.78%,1.12%,0.57%,-4.29%,-8.06%,-3.81%,-3.60%,-3.96%,-0.26%,-0.50%,-0.92%,-9.14%,-4.49%,-8.99%,96,100,108,114,98,123,144,148,133,109,-1.03%,-10.29%,-13.84%,-0.49%,30.89%,110.2%,71.81%,113.1%,-17.15%,-8.65%
2007/12/31,2007/11/30,0.34%,-1.84%,-1.65%,0.61%,-0.39%,-0.71%,-0.91%,-0.14%,0.23%,-1.96%,-1.44%,-2.65%,-0.72%,-2.04%,-0.68%,-1.24%,96,98,107,115,97,123,143,147,134,106,-1.76%,-11.41%,-15.08%,-3.13%,30.00%,107.6%,70.85%,108.7%,-18.34%,-11.08%
2008/01/31,2007/12/31,-0.11%,2.73%,1.44%,0.99%,-1.15%,-5.07%,-3.60%,-7.54%,-5.71%,-7.99%,-1.44%,0.09%,0.30%,-6.71%,-5.98%,-6.74%,96,101,108,116,96,116,137,136,126,98,-2.79%,-14.00%,-16.30%,-3.04%,22.22%,93.62%,69.55%,94.72%,-19.52%,-11.00%
2008/02/29,2008/01/31,-2.32%,-2.13%,1.56%,-1.51%,2.98%,-4.97%,-5.31%,-0.17%,-3.83%,-0.89%,1.06%,1.91%,2.19%,-1.32%,-3.00%,-1.89%,94,98,110,114,99,111,130,136,121,97,2.37%,-10.49%,-15.42%,-1.19%,18.56%,89.96%,71.43%,92.16%,-18.66%,-9.29%
2008/03/31,2008/02/29,-0.17%,0.35%,-0.18%,-0.45%,0.05%,-0.77%,-0.54%,-0.02%,-0.98%,-1.07%,1.16%,1.54%,-2.78%,-2.45%,-0.63%,-2.92%,94,99,110,114,99,110,129,136,120,96,2.59%,-10.76%,-14.44%,0.33%,17.81%,84.42%,67.51%,87.44%,-17.72%,-7.90%
2008/04/30,2008/03/31,-0.83%,-0.17%,0.36%,2.68%,-1.30%,3.19%,4.37%,5.09%,6.64%,3.85%,0.09%,-0.18%,-1.25%,2.69%,4.79%,2.75%,93,99,110,117,98,113,135,143,128,100,2.12%,-10.16%,-14.36%,0.15%,23.46%,89.49%,64.09%,92.49%,-17.65%,-8.06%
2008/05/31,2008/04/30,-1.74%,-2.44%,-0.09%,-0.07%,1.53%,0.32%,-1.18%,2.55%,3.32%,4.01%,-1.87%,-1.17%,-1.38%,3.89%,1.98%,4.25%,92,96,110,117,99,114,134,147,132,104,5.46%,-6.86%,-15.96%,-1.02%,25.90%,97.53%,67.81%,99.98%,-19.19%,-9.14%
2008/06/30,2008/05/31,-2.64%,-0.13%,-1.47%,-0.41%,-0.50%,-10.73%,-7.35%,-9.48%,-7.32%,-7.68%,-1.17%,-0.89%,-0.46%,-9.25%,-8.40%,-8.98%,89,96,108,116,99,101,124,133,122,96,7.72%,-4.02%,-16.94%,-1.90%,15.32%,79.80%,66.83%,81.49%,-20.13%,-9.95%
2008/07/31,2008/06/30,0.52%,-3.75%,-2.98%,2.28%,4.73%,1.15%,-3.64%,-3.56%,0.89%,2.21%,-0.80%,0.84%,-1.43%,1.62%,-0.54%,1.36%,90,92,105,119,103,103,119,128,124,98,12.24%,-3.00%,-17.61%,-1.07%,14.70%,82.25%,70.01%,84.42%,-20.77%,-9.19%
2008/08/31,2008/07/31,-1.01%,-0.78%,0.51%,-0.02%,0.05%,1.70%,0.01%,1.77%,2.68%,2.16%,0.61%,1.22%,-2.50%,3.23%,1.65%,2.86%,89,92,106,119,104,104,119,130,127,100,13.43%,-2.56%,-17.11%,0.14%,16.60%,87.47%,72.07%,90.38%,-20.29%,-8.08%
2008/09/30,2008/08/31,3.91%,1.19%,-1.87%,-1.17%,0.57%,-6.31%,-4.11%,-10.32%,-11.91%,-9.75%,-2.63%,-1.43%,-3.21%,-13.70%,-8.85%,-13.27%,92,93,104,118,104,98,114,117,112,90,9.63%,-5.91%,-19.29%,-1.30%,6.28%,62.60%,64.46%,64.31%,-22.39%,-9.39%
2008/10/31,2008/09/30,-6.44%,0.67%,-0.12%,0.28%,-0.96%,-23.31%,-16.16%,-16.39%,-16.95%,-16.55%,-0.37%,-0.69%,-1.60%,-23.92%,-17.40%,-23.71%,86,93,104,118,103,75,96,98,93,75,15.64%,0.46%,-19.59%,-1.98%,-12.22%,24.04%,54.09%,25.01%,-22.68%,-10.02%
2008/11/30,2008/10/31,0.16%,2.29%,1.15%,-1.66%,-1.91%,-9.56%,-7.74%,-6.40%,-8.48%,-8.45%,3.38%,2.09%,-2.24%,-14.33%,-7.97%,-14.96%,86,96,105,116,101,68,88,91,85,69,13.24%,1.57%,-16.88%,0.07%,-19.21%,5.49%,43.32%,7.09%,-20.07%,-8.14%
2008/12/31,2008/11/30,-0.26%,-2.10%,0.39%,0.12%,3.01%,0.71%,-1.29%,1.56%,3.02%,5.31%,-2.73%,-1.89%,-1.71%,4.32%,2.00%,4.89%,86,94,105,116,104,68,87,93,88,73,16.94%,6.23%,-19.15%,-1.83%,-17.59%,10.65%,47.45%,11.72%,-22.25%,-9.88%
2009/01/31,2008/12/31,-2.36%,1.21%,-2.91%,0.20%,1.82%,-12.70%,-12.08%,-8.67%,-5.64%,-3.30%,-2.11%,-2.61%,9.28%,-2.16%,-8.28%,-1.37%,84,95,102,116,106,60,77,85,83,70,21.83%,16.22%,-20.86%,-4.39%,-24.42%,9.13%,57.64%,9.31%,-23.89%,-12.23%
2009/02/28,2009/01/31,-0.29%,-4.84%,0.32%,0.84%,-1.62%,-10.38%,-15.27%,-8.38%,-8.08%,-9.27%,1.44%,-0.19%,-1.10%,-11.67%,-10.22%,-11.61%,84,90,102,117,104,53,65,78,76,64,20.21%,17.50%,-19.72%,-4.57%,-32.14%,-3.55%,55.45%,-3.45%,-22.80%,-12.40%
2009/03/31,2009/02/28,1.90%,1.42%,0.11%,-0.66%,0.85%,9.00%,9.43%,8.11%,8.59%,9.29%,-1.00%,1.74%,0.59%,13.84%,8.87%,13.32%,85,91,103,117,105,58,71,84,82,70,18.95%,17.84%,-20.52%,-2.91%,-26.13%,9.30%,62.37%,9.92%,-23.57%,-10.87%
2009/04/30,2009/03/31,4.18%,5.57%,4.82%,-4.33%,-4.37%,9.06%,12.79%,12.87%,12.20%,7.55%,0.35%,5.00%,2.70%,25.57%,10.45%,24.07%,89,97,107,111,101,64,80,95,93,75,8.78%,16.07%,-20.24%,1.95%,-18.40%,35.61%,84.47%,38.03%,-23.30%,-6.41%
2009/05/31,2009/04/30,-2.59%,3.11%,0.07%,-2.39%,-0.30%,3.13%,9.67%,4.98%,3.14%,4.63%,1.83%,4.59%,3.60%,11.40%,5.16%,10.02%,87,100,108,109,100,66,88,100,95,78,11.28%,17.81%,-18.78%,6.64%,-14.20%,49.19%,93.44%,53.75%,-21.90%,-2.11%
2009/06/30,2009/05/31,1.76%,0.74%,-2.04%,-0.30%,0.54%,1.58%,-2.26%,-0.72%,1.23%,1.80%,-2.04%,-2.12%,2.34%,5.18%,0.39%,5.81%,88,100,105,109,101,67,86,99,97,80,9.92%,18.07%,-20.44%,4.38%,-13.86%,57.86%,103.9%,61.71%,-23.49%,-4.19%
2009/07/31,2009/06/30,-1.42%,-1.87%,0.10%,0.19%,1.02%,6.65%,7.74%,8.08%,7.86%,8.23%,0.25%,1.35%,-1.28%,10.26%,7.78%,9.85%,87,98,105,109,102,71,93,107,104,86,12.60%,19.94%,-20.24%,5.78%,-7.16%,73.42%,108.2%,78.30%,-23.31%,-2.90%
2009/08/31,2009/07/31,0.81%,-3.74%,-0.47%,1.25%,0.11%,6.34%,4.98%,2.08%,3.47%,2.08%,0.26%,2.20%,4.13%,8.09%,3.49%,7.43%,88,95,105,110,102,75,97,109,108,88,11.81%,14.82%,-20.04%,8.11%,-3.92%,86.30%,116.4%,92.72%,-23.11%,-0.76%
2009/09/30,2009/08/31,-1.56%,-0.85%,0.56%,-1.31%,0.26%,4.02%,2.38%,5.41%,3.84%,4.71%,-1.99%,-0.80%,-0.46%,8.23%,4.15%,8.47%,86,94,106,109,102,79,100,115,112,92,13.83%,15.62%,-21.63%,7.24%,0.06%,102.1%,125.7%,108.6%,-24.64%,-1.56%
2009/10/31,2009/09/30,-0.62%,-0.14%,-0.40%,2.26%,0.76%,-5.27%,-2.60%,-3.15%,-0.97%,-2.16%,1.18%,1.17%,0.55%,-5.59%,-2.59%,-5.94%,86,94,105,111,103,74,97,111,111,90,15.41%,19.22%,-20.71%,8.49%,-2.53%,90.07%,118.1%,96.91%,-23.76%,-0.41%
2009/11/30,2009/10/31,-3.37%,-0.08%,-0.25%,1.41%,1.01%,3.35%,5.83%,5.68%,6.03%,6.07%,0.49%,-2.47%,-1.35%,1.90%,5.59%,2.64%,83,94,105,113,104,77,103,118,118,96,20.47%,22.47%,-20.32%,5.82%,2.92%,95.08%,111.7%,100.6%,-23.38%,-2.86%
2009/12/31,2009/11/30,0.83%,1.34%,0.70%,-1.02%,-0.54%,0.83%,2.60%,2.81%,2.70%,3.99%,-1.24%,-1.45%,-1.83%,6.80%,2.80%,7.24%,84,95,106,112,104,77,105,121,121,100,18.82%,26.34%,-21.31%,4.28%,5.80%,109.2%,121.1%,114.3%,-24.33%,-4.28%
2010/01/31,2009/12/31,1.47%,0.80%,-1.07%,-1.24%,-0.59%,-0.62%,-1.88%,-4.57%,-4.31%,-3.91%,-0.90%,-0.32%,0.14%,-1.85%,-3.38%,-1.76%,85,96,104,110,103,77,103,115,115,96,16.36%,22.18%,-22.02%,3.95%,2.23%,105.5%,124.7%,110.3%,-25.01%,-4.58%
2010/02/28,2010/01/31,-1.35%,-1.54%,0.17%,1.79%,-0.01%,3.81%,2.05%,2.80%,4.58%,3.40%,-0.12%,-0.39%,0.86%,4.21%,3.44%,4.33%,84,94,105,112,103,80,106,119,121,99,17.92%,21.68%,-22.11%,3.54%,5.74%,114.4%,126.7%,119.2%,-25.10%,-4.95%
2010/03/31,2010/02/28,1.82%,0.18%,0.13%,0.76%,-1.29%,8.80%,5.51%,6.76%,6.43%,5.27%,-0.92%,-0.94%,0.60%,8.47%,6.36%,8.75%,85,94,105,113,102,87,111,127,129,104,14.26%,17.38%,-22.83%,2.56%,12.47%,133.2%,132.1%,137.7%,-25.79%,-5.85%
2010/04/30,2010/03/31,0.42%,2.18%,0.31%,0.25%,-1.59%,2.03%,3.03%,2.39%,2.61%,1.18%,3.37%,3.57%,2.43%,8.11%,2.11%,7.04%,86,96,105,113,100,89,115,130,132,105,11.97%,16.39%,-20.23%,6.22%,14.85%,149.6%,143.5%,157.0%,-23.30%,-2.49%
2010/05/31,2010/04/30,0.56%,-0.22%,1.26%,0.46%,0.24%,-8.87%,-9.07%,-7.07%,-7.25%,-7.43%,-0.30%,-0.87%,0.52%,-8.12%,-7.82%,-7.86%,86,96,106,114,100,81,104,120,122,97,11.60%,18.08%,-20.48%,5.30%,5.86%,130.0%,143.4%,136.2%,-23.53%,-3.34%
2010/06/30,2010/05/31,1.21%,3.13%,-1.03%,-0.67%,-0.40%,-6.27%,-4.68%,-6.19%,-5.78%,-5.43%,-0.99%,-1.92%,-1.56%,-8.27%,-5.53%,-7.70%,87,99,105,113,100,76,99,113,115,92,9.81%,19.06%,-21.26%,3.28%,0.01%,112.3%,138.2%,116.6%,-24.28%,-5.19%
2010/07/31,2010/06/30,2.81%,1.20%,0.26%,0.93%,-1.46%,10.55%,6.45%,8.12%,8.34%,5.27%,1.68%,1.16%,-0.81%,6.97%,7.01%,6.62%,90,100,106,114,98,84,106,122,125,97,5.11%,12.78%,-19.94%,4.48%,7.02%,126.3%,137.2%,131.7%,-23.01%,-4.09%
2010/08/31,2010/07/31,0.28%,-1.54%,1.06%,2.93%,-0.24%,-7.05%,-5.70%,-3.61%,-2.65%,-5.09%,1.96%,1.64%,1.73%,-5.75%,-4.66%,-6.24%,90,99,107,117,98,78,100,118,122,92,4.56%,14.99%,-18.37%,6.20%,2.02%,112.2%,133.5%,118.4%,-21.50%,-2.51%
2010/09/30,2010/08/31,-0.11%,2.17%,-2.14%,0.27%,-0.33%,9.62%,6.60%,8.89%,10.35%,11.15%,2.16%,1.13%,-1.62%,13.58%,9.41%,13.24%,90,101,104,118,98,85,106,128,134,102,4.34%,16.75%,-16.61%,7.40%,11.62%,140.3%,142.5%,148.1%,-19.81%,-1.41%
2010/10/31,2010/09/30,0.40%,0.56%,0.32%,1.05%,-0.62%,4.12%,2.15%,4.19%,5.09%,3.99%,1.66%,0.88%,0.23%,5.44%,3.89%,5.18%,90,102,105,119,97,89,109,134,141,106,3.27%,16.59%,-15.22%,8.35%,15.96%,152.7%,145.6%,161.6%,-18.47%,-0.54%
2010/11/30,2010/10/31,-2.30%,0.94%,2.54%,-0.57%,-1.53%,0.91%,-0.07%,1.90%,0.94%,-0.33%,0.71%,0.44%,-0.66%,2.49%,0.54%,2.35%,88,103,107,118,96,90,109,136,142,106,4.07%,15.14%,-14.62%,8.83%,16.58%,158.7%,150.0%,168.1%,-17.90%,-0.10%
2010/12/31,2010/11/30,-3.06%,-0.57%,0.66%,-2.16%,-0.68%,6.80%,7.53%,8.79%,5.03%,6.00%,-0.95%,0.19%,-0.50%,8.67%,6.70%,8.61%,85,102,108,116,95,96,117,148,149,112,6.55%,14.22%,-15.43%,9.04%,24.40%,181.0%,154.8%,191.3%,-18.67%,0.00%
2011/01/31,2010/12/31,0.68%,-0.01%,-0.71%,-0.34%,0.92%,1.25%,2.35%,2.47%,0.97%,2.45%,0.23%,0.80%,1.69%,2.59%,2.06%,2.35%,86,102,107,115,96,97,119,152,151,115,6.81%,15.59%,-15.24%,9.91%,26.96%,187.6%,155.6%,198.8%,-18.49%,0.00%
2011/02/28,2011/01/31,0.35%,0.17%,1.20%,-0.29%,-0.78%,4.81%,3.34%,4.77%,3.29%,2.67%,0.53%,1.40%,0.16%,5.20%,3.59%,4.78%,86,102,109,115,95,102,123,159,156,118,5.60%,13.11%,-14.78%,11.44%,31.52%,201.3%,158.6%,214.4%,-18.06%,0.00%
2011/03/31,2011/02/28,-0.48%,1.15%,1.19%,0.19%,-0.38%,-0.64%,-0.95%,1.18%,1.29%,0.53%,-1.07%,-1.48%,0.15%,1.70%,0.49%,2.14%,86,103,110,115,95,101,122,161,158,119,5.71%,14.43%,-15.70%,9.80%,32.16%,207.8%,162.9%,219.7%,-18.93%,-1.48%
2011/04/30,2011/03/31,0.23%,-0.02%,-0.69%,-0.16%,0.94%,2.65%,0.79%,2.86%,3.03%,4.16%,-0.12%,-0.94%,-0.76%,2.00%,2.97%,2.28%,86,103,109,115,96,104,123,166,163,124,6.46%,16.16%,-15.80%,8.77%,36.08%,214.8%,161.1%,226.1%,-19.03%,-2.40%
2011/05/31,2011/04/30,-0.27%,1.57%,-0.94%,0.64%,0.05%,-2.24%,-0.87%,-2.04%,-0.54%,-0.94%,0.18%,-0.82%,-0.55%,-2.31%,-1.22%,-2.07%,86,105,108,116,96,101,122,162,162,123,6.79%,17.67%,-15.65%,7.88%,34.42%,208.3%,158.9%,218.6%,-18.88%,-3.20%
2011/06/30,2011/05/31,1.84%,-0.87%,0.33%,0.32%,0.34%,-1.10%,-3.05%,-1.57%,-1.60%,-1.47%,-0.97%,-1.48%,-0.48%,-2.86%,-1.74%,-2.42%,87,104,109,116,96,100,118,160,159,121,5.18%,17.23%,-16.46%,6.29%,32.08%,200.8%,157.1%,209.5%,-19.67%,-4.63%
2011/07/31,2011/06/30,0.17%,0.58%,0.19%,0.29%,0.21%,-3.23%,-2.12%,-2.00%,-2.33%,-2.18%,-0.35%,-2.47%,-0.21%,-4.20%,-2.26%,-3.46%,87,105,109,116,96,97,116,156,156,118,5.23%,18.45%,-16.76%,3.66%,29.09%,190.4%,154.0%,196.5%,-19.95%,-6.99%
2011/08/31,2011/07/31,0.66%,0.57%,-0.95%,1.26%,0.78%,-8.18%,-5.55%,-6.61%,-5.09%,-5.21%,0.87%,0.41%,-1.09%,-9.30%,-5.89%,-9.42%,88,105,108,118,97,89,110,146,148,112,5.35%,21.97%,-16.03%,4.09%,21.49%,163.1%,145.1%,168.9%,-19.26%,-6.60%
2011/09/30,2011/08/31,-0.27%,-2.08%,-3.49%,1.19%,2.28%,-10.00%,-8.32%,-10.69%,-6.39%,-5.25%,-0.50%,-1.34%,-1.25%,-11.42%,-7.63%,-11.02%,88,103,104,119,99,80,100,130,138,106,8.03%,27.77%,-16.45%,2.69%,12.22%,134.1%,136.8%,138.2%,-19.66%,-7.85%
2011/10/31,2011/09/30,-1.11%,1.79%,-0.26%,0.72%,-1.09%,14.15%,11.38%,11.83%,11.32%,10.34%,1.76%,2.02%,-1.09%,13.72%,11.39%,13.11%,87,105,104,120,98,92,112,146,154,117,8.06%,22.89%,-14.98%,4.77%,25.00%,164.8%,140.8%,170.9%,-18.25%,-5.99%
2011/11/30,2011/10/31,-1.11%,0.62%,1.28%,1.33%,-0.22%,-2.62%,-0.88%,0.61%,0.97%,-0.67%,1.46%,1.40%,-0.40%,-1.72%,-0.35%,-2.15%,86,106,105,122,98,89,111,147,155,116,9.03%,25.29%,-13.75%,6.23%,24.56%,159.1%,136.5%,166.2%,-17.06%,-4.68%
2011/12/31,2011/11/30,1.83%,1.30%,0.45%,-0.84%,-0.12%,2.66%,2.44%,0.95%,-0.64%,0.13%,-1.60%,-0.93%,-0.97%,-0.76%,0.85%,-0.48%,87,107,106,121,98,92,114,148,154,117,6.91%,22.13%,-15.12%,5.25%,25.62%,157.8%,133.4%,164.2%,-18.38%,-5.56%
2012/01/31,2011/12/31,-2.17%,-1.15%,-2.79%,1.26%,0.03%,5.46%,5.14%,2.69%,7.40%,5.51%,-1.00%,-1.96%,0.84%,9.05%,5.09%,9.63%,85,106,103,122,98,97,119,152,166,123,9.26%,22.20%,-15.97%,3.19%,32.02%,182.7%,144.0%,188.1%,-19.20%,-7.41%
2012/02/29,2012/01/31,0.26%,-0.75%,-0.09%,0.99%,-0.86%,5.25%,3.76%,4.52%,4.65%,3.69%,-0.72%,-0.42%,0.54%,4.27%,4.25%,4.39%,86,105,102,124,97,102,124,159,173,128,8.04%,20.30%,-16.58%,2.76%,37.63%,195.1%,144.3%,200.4%,-19.79%,-7.79%
2012/03/31,2012/02/29,1.46%,1.79%,-2.97%,1.66%,-0.33%,4.81%,4.89%,0.17%,4.24%,2.50%,0.07%,0.15%,0.37%,3.01%,3.15%,2.96%,87,107,99,126,97,106,130,159,181,131,6.11%,17.53%,-16.52%,2.91%,41.95%,203.8%,143.9%,209.4%,-19.73%,-7.65%
2012/04/30,2012/03/31,-0.31%,2.42%,0.46%,1.33%,0.03%,-2.92%,0.81%,-0.89%,0.27%,-0.74%,2.06%,2.29%,1.31%,-0.52%,-0.69%,-1.20%,87,109,100,127,97,103,131,158,181,130,6.47%,20.09%,-14.81%,5.27%,40.97%,200.2%,142.6%,207.8%,-18.08%,-5.54%
2012/05/31,2012/04/30,1.06%,1.96%,-0.97%,1.49%,-0.57%,-8.07%,-3.48%,-7.71%,-3.80%,-6.67%,-0.89%,-0.48%,-0.19%,-7.75%,-6.09%,-7.61%,88,112,99,129,96,95,126,146,174,121,4.74%,21.78%,-15.57%,4.77%,32.39%,177.3%,138.9%,183.9%,-18.81%,-5.99%
2012/06/30,2012/05/31,-0.35%,0.82%,0.76%,-0.41%,-0.14%,4.74%,3.82%,4.65%,3.47%,3.45%,0.14%,-0.07%,-0.78%,3.81%,3.98%,3.83%,87,112,100,129,96,100,131,153,180,125,4.96%,20.21%,-15.45%,4.69%,37.67%,188.0%,138.6%,194.7%,-18.69%,-6.06%
2012/07/31,2012/06/30,-0.71%,1.52%,-0.35%,0.66%,0.41%,-0.32%,1.62%,0.55%,1.08%,1.26%,-1.47%,-1.47%,0.22%,-1.46%,0.87%,-1.02%,87,114,99,129,96,99,133,153,182,127,6.14%,22.10%,-16.69%,3.16%,38.87%,185.0%,134.0%,190.4%,-19.89%,-7.44%
2012/08/31,2012/07/31,-1.10%,-2.21%,-0.29%,1.18%,0.72%,3.04%,0.26%,2.17%,3.56%,2.85%,0.73%,1.08%,-0.49%,3.37%,2.50%,3.04%,86,112,99,131,97,102,134,157,189,130,8.07%,21.86%,-16.08%,4.27%,42.34%,193.7%,135.3%,200.2%,-19.30%,-6.44%
2012/09/30,2012/08/31,-0.38%,-0.61%,0.42%,-0.82%,0.29%,3.50%,1.77%,3.22%,1.63%,2.47%,-1.08%,-0.45%,-0.55%,3.46%,2.56%,3.60%,85,111,99,130,97,106,136,162,192,134,8.79%,20.61%,-16.99%,3.80%,45.99%,204.3%,137.8%,210.6%,-20.17%,-6.86%
2012/10/31,2012/09/30,2.27%,-1.61%,0.25%,-1.52%,0.73%,1.11%,-1.92%,-1.89%,-3.43%,-1.80%,0.10%,0.66%,-0.55%,-2.01%,-1.70%,-2.21%,87,109,100,128,98,107,133,159,185,131,7.12%,17.11%,-16.90%,4.49%,43.50%,197.6%,136.6%,204.4%,-20.09%,-6.24%
2012/11/30,2012/10/31,-0.10%,-0.80%,-0.25%,-0.26%,0.24%,0.35%,-0.10%,0.69%,0.70%,1.14%,0.04%,-0.38%,-0.10%,0.81%,0.66%,0.92%,87,108,99,128,98,107,133,160,187,133,7.48%,18.03%,-16.87%,4.09%,44.45%,200.3%,137.2%,206.9%,-20.06%,-6.60%
2012/12/31,2012/11/30,-0.10%,0.86%,-1.32%,1.43%,0.13%,3.72%,1.75%,-0.32%,2.12%,0.37%,0.19%,0.93%,-0.93%,2.74%,1.26%,2.47%,87,109,98,129,99,111,136,159,191,133,7.74%,14.08%,-16.72%,5.06%,46.27%,207.7%,140.0%,215.3%,-19.91%,-5.73%
2013/01/31,2012/12/31,-1.71%,0.93%,-2.73%,0.96%,1.41%,6.63%,5.75%,2.87%,6.14%,6.32%,1.38%,1.54%,1.61%,7.65%,5.53%,7.19%,86,110,95,131,100,119,143,164,202,142,11.10%,13.72%,-15.57%,6.67%,54.35%,229.8%,144.0%,239.4%,-18.81%,-4.28%
2013/02/28,2013/01/31,0.13%,0.15%,-0.86%,0.29%,0.37%,1.49%,1.37%,0.50%,1.42%,1.57%,0.49%,0.53%,0.26%,1.08%,1.30%,0.92%,86,110,95,131,100,120,145,165,205,144,11.36%,13.81%,-15.16%,7.24%,56.35%,232.9%,143.1%,243.1%,-18.41%,-3.78%
2013/03/31,2013/02/28,0.91%,-1.42%,-0.62%,1.11%,0.07%,4.91%,2.75%,3.73%,5.07%,3.96%,1.16%,1.89%,0.73%,5.59%,4.00%,5.02%,87,109,94,132,100,126,149,171,216,150,10.44%,12.72%,-14.17%,9.26%,62.60%,249.6%,145.6%,262.2%,-17.47%,-1.96%
2013/04/30,2013/03/31,0.49%,-0.22%,-0.47%,1.29%,0.12%,1.25%,1.65%,0.97%,2.33%,1.90%,-0.44%,0.96%,-0.23%,0.69%,1.68%,0.40%,87,109,94,134,101,128,152,172,221,152,10.03%,13.46%,-14.55%,10.31%,65.33%,251.0%,142.5%,264.7%,-17.83%,-1.02%
2013/05/31,2013/04/30,-0.03%,-1.36%,-1.26%,-0.76%,1.20%,4.44%,1.94%,1.25%,1.42%,3.40%,-0.20%,0.24%,0.39%,5.42%,2.46%,5.35%,87,107,92,133,102,134,155,175,224,158,11.38%,12.27%,-14.72%,10.57%,69.40%,269.8%,149.5%,284.5%,-17.99%,-0.79%
2013/06/30,2013/05/31,-0.62%,0.87%,-1.81%,0.91%,0.02%,-1.82%,-0.48%,-2.89%,0.03%,-1.31%,0.79%,1.02%,0.87%,0.29%,-1.25%,-0.01%,86,108,91,134,102,131,154,170,224,156,12.09%,12.85%,-14.05%,11.70%,67.28%,269.7%,152.6%,285.6%,-17.35%,0.00%
2013/07/31,2013/06/30,-1.61%,-1.17%,-0.19%,0.27%,0.63%,5.84%,4.47%,5.80%,6.03%,5.28%,-0.07%,1.25%,0.46%,8.32%,5.46%,7.94%,85,107,91,135,102,139,161,179,237,164,14.60%,12.21%,-14.11%,13.10%,76.41%,299.1%,158.9%,317.7%,-17.41%,0.00%
2013/08/31,2013/07/31,0.96%,-0.92%,1.42%,-0.97%,-0.81%,-4.10%,-4.06%,-0.95%,-2.93%,-2.63%,0.18%,-0.29%,1.00%,-1.98%,-2.84%,-1.90%,86,106,92,133,102,133,154,178,230,160,12.58%,13.87%,-13.96%,12.77%,71.40%,291.5%,161.3%,309.4%,-17.26%,-0.29%
2013/09/30,2013/08/31,0.04%,-0.85%,-0.56%,-0.49%,0.66%,3.57%,2.68%,4.34%,3.66%,4.35%,1.52%,1.93%,1.35%,7.09%,3.76%,6.51%,86,105,91,133,102,138,159,185,239,166,13.28%,14.76%,-12.65%,14.95%,77.84%,317.0%,168.5%,338.5%,-16.00%,0.00%
2013/10/31,2013/09/30,-2.34%,0.38%,-0.14%,0.96%,0.63%,3.23%,5.02%,3.69%,4.76%,4.08%,2.57%,2.89%,0.48%,3.78%,4.19%,2.92%,84,105,91,134,103,142,167,192,250,173,16.64%,15.73%,-10.40%,18.27%,85.29%,329.2%,165.1%,355.0%,-13.84%,0.00%
2013/11/30,2013/10/31,-0.21%,-1.88%,-2.17%,0.57%,0.75%,3.77%,0.87%,1.49%,3.52%,3.56%,-0.75%,-0.64%,0.46%,4.57%,2.86%,4.76%,84,103,89,135,104,148,168,195,259,179,17.76%,15.49%,-11.07%,17.51%,90.59%,349.6%,170.1%,375.8%,-14.48%,-0.64%
2013/12/31,2013/11/30,-1.06%,0.35%,0.04%,-0.13%,-0.36%,2.19%,3.56%,2.67%,2.59%,2.22%,0.96%,1.43%,1.13%,4.12%,2.61%,3.69%,83,104,89,135,103,151,174,200,266,183,18.58%,15.53%,-10.22%,19.19%,95.56%,366.2%,173.0%,395.4%,-13.67%,0.00%
2014/01/31,2013/12/31,1.77%,1.38%,-2.08%,-0.26%,0.88%,-4.13%,-2.52%,-5.06%,-3.06%,-1.82%,0.76%,0.90%,2.90%,0.25%,-3.13%,-0.02%,84,105,87,134,104,145,170,190,258,180,17.54%,18.19%,-9.53%,20.27%,89.43%,366.1%,181.5%,396.7%,-13.01%,0.00%
2014/02/28,2014/01/31,-1.68%,-0.25%,0.29%,0.31%,0.76%,3.24%,4.60%,4.96%,5.05%,4.99%,1.15%,1.04%,0.79%,5.10%,4.67%,4.78%,83,105,88,135,105,149,177,200,271,189,20.41%,20.27%,-8.49%,21.52%,98.28%,388.4%,181.9%,422.0%,-12.01%,0.00%
2014/03/31,2014/02/28,-1.15%,0.71%,1.04%,-0.55%,0.62%,0.69%,2.06%,0.40%,-0.46%,0.14%,0.78%,1.34%,0.81%,0.48%,0.51%,0.08%,82,106,89,134,106,150,181,200,269,189,22.55%,19.61%,-7.78%,23.15%,99.29%,388.8%,180.6%,424.5%,-11.32%,0.00%
2014/04/30,2014/03/31,0.41%,0.06%,2.19%,0.12%,-0.19%,0.31%,-0.16%,0.59%,-0.88%,0.10%,0.93%,0.77%,-0.40%,-3.89%,-0.02%,-4.12%,82,106,91,134,105,151,181,202,267,189,21.82%,19.35%,-6.93%,24.09%,99.24%,368.7%,169.1%,404.1%,-10.50%,0.00%
2014/05/31,2014/04/30,-0.96%,-1.04%,0.08%,2.62%,0.14%,1.27%,1.20%,1.50%,4.05%,2.25%,2.18%,2.11%,1.39%,1.35%,2.10%,0.71%,81,105,91,138,106,153,183,205,278,194,23.16%,20.53%,-4.89%,26.72%,103.4%,372.0%,165.4%,410.9%,-8.54%,0.00%
2014/06/30,2014/05/31,-1.21%,1.53%,-0.34%,-0.48%,-0.18%,2.50%,3.20%,2.83%,2.30%,2.16%,-0.24%,-1.33%,-0.85%,4.36%,2.50%,4.75%,80,106,90,137,105,157,189,210,284,198,24.43%,20.12%,-5.12%,25.03%,108.5%,394.5%,171.4%,433.2%,-8.76%,-1.33%
2014/07/31,2014/06/30,0.73%,-2.37%,0.14%,0.46%,1.09%,-2.39%,-3.46%,-3.12%,-1.73%,-0.53%,0.95%,1.15%,1.77%,-4.27%,-1.95%,-4.62%,81,104,90,138,107,153,182,204,279,197,24.89%,22.35%,-4.22%,26.46%,104.4%,371.6%,164.2%,410.4%,-7.90%,-0.20%
2014/08/31,2014/07/31,-0.41%,-0.48%,-0.81%,-1.03%,1.13%,4.61%,3.16%,3.69%,3.13%,5.17%,1.58%,0.88%,0.49%,4.52%,4.18%,4.26%,81,103,90,136,108,160,188,211,288,207,26.82%,23.04%,-2.71%,27.57%,113.0%,391.7%,164.4%,433.4%,-6.44%,0.00%
2014/09/30,2014/08/31,1.20%,-0.25%,-0.38%,-1.54%,0.48%,-2.32%,-2.03%,-3.73%,-2.47%,-0.96%,-0.55%,-1.43%,0.38%,-5.65%,-2.09%,-5.22%,82,103,89,134,108,156,184,203,281,205,25.91%,24.72%,-3.25%,25.75%,108.5%,366.0%,156.1%,403.3%,-6.96%,-1.43%
2014/10/31,2014/09/30,0.14%,1.59%,-2.93%,-0.10%,1.03%,3.42%,2.04%,0.95%,2.84%,3.49%,-3.68%,-3.43%,-4.65%,2.18%,2.74%,3.21%,82,105,87,134,109,162,188,205,289,212,27.02%,24.80%,-6.81%,21.44%,114.2%,381.0%,157.3%,414.3%,-10.39%,-4.81%
2014/11/30,2014/10/31,-1.04%,-1.31%,-0.52%,0.73%,1.41%,1.52%,-0.10%,0.35%,3.68%,4.90%,3.63%,2.80%,2.48%,1.58%,2.53%,0.74%,81,103,86,135,111,164,188,206,300,223,30.13%,29.01%,-3.43%,24.84%,119.7%,384.6%,152.7%,422.4%,-7.14%,-2.14%
2014/12/31,2014/11/30,0.42%,0.40%,-0.56%,-0.47%,0.38%,0.53%,1.37%,0.24%,-0.64%,-0.81%,-1.19%,-0.54%,-1.76%,1.86%,-0.03%,2.02%,81,104,86,134,111,165,190,207,298,221,30.07%,27.29%,-4.58%,24.16%,119.6%,394.4%,157.9%,432.1%,-8.24%,-2.67%
2015/01/31,2014/12/31,-0.14%,1.80%,0.40%,0.01%,-0.05%,-4.56%,-1.41%,-3.86%,-2.27%,-1.99%,-0.22%,-0.14%,0.57%,-2.36%,-2.75%,-2.32%,81,105,86,134,111,157,188,199,291,216,30.18%,30.56%,-4.79%,23.99%,113.6%,382.9%,159.0%,419.6%,-8.45%,-2.80%
2015/02/28,2015/01/31,-0.93%,-1.32%,1.03%,0.81%,-0.68%,5.75%,3.41%,6.38%,6.70%,6.22%,2.71%,2.47%,3.28%,8.34%,5.76%,7.60%,80,104,87,135,111,166,194,211,310,230,30.52%,31.16%,-2.21%,27.05%,125.9%,419.6%,163.7%,462.9%,-5.97%,-0.40%
2015/03/31,2015/02/28,0.58%,-0.52%,-0.65%,0.02%,-0.04%,-1.01%,-1.17%,-1.03%,-0.90%,-1.10%,1.14%,1.80%,-1.33%,1.36%,-1.06%,0.82%,81,104,86,135,110,165,192,209,308,227,29.70%,31.05%,-1.09%,29.35%,123.5%,423.9%,168.7%,470.6%,-4.89%,0.00%
2015/04/30,2015/03/31,-1.63%,0.36%,1.04%,0.52%,0.23%,-0.47%,0.31%,1.96%,-0.34%,0.55%,-0.22%,-0.00%,0.54%,-1.50%,0.40%,-1.50%,80,104,87,136,111,164,192,213,307,229,32.11%,32.38%,-1.31%,29.35%,124.4%,416.0%,163.6%,462.0%,-5.10%,-0.00%
2015/05/31,2015/04/30,-0.25%,-1.20%,-0.67%,-0.85%,1.11%,1.20%,0.46%,-0.31%,1.65%,2.44%,-0.35%,-0.26%,-0.00%,1.49%,1.29%,1.57%,79,103,87,135,112,166,193,213,312,234,33.91%,34.01%,-1.66%,29.01%,127.3%,424.1%,164.3%,470.4%,-5.43%,-0.26%
2015/06/30,2015/05/31,0.48%,-0.38%,0.09%,-0.02%,-0.85%,-1.11%,-1.67%,-1.65%,-0.54%,-2.50%,-0.85%,-0.79%,-1.58%,-0.11%,-1.63%,0.13%,80,102,87,135,111,164,190,209,310,228,32.13%,32.14%,-2.49%,27.99%,123.6%,424.8%,169.0%,469.8%,-6.23%,-1.05%
2015/07/31,2015/06/30,1.82%,0.99%,0.54%,0.54%,-1.80%,3.14%,1.07%,-0.06%,3.34%,1.38%,1.65%,0.66%,1.46%,-2.64%,1.67%,-2.84%,81,103,87,136,109,169,192,209,320,231,27.34%,29.80%,-0.88%,28.84%,127.3%,409.9%,156.9%,454.7%,-4.68%,-0.39%
2015/08/31,2015/07/31,-0.12%,-1.81%,0.40%,1.14%,0.57%,-6.03%,-6.27%,-5.08%,-5.59%,-6.66%,0.35%,1.12%,-0.75%,-4.69%,-5.98%,-5.03%,81,101,88,137,110,159,180,198,302,216,28.22%,28.99%,-0.53%,30.28%,113.7%,384.2%,159.3%,428.7%,-4.35%,0.00%
2015/09/30,2015/08/31,-0.77%,0.18%,0.43%,0.48%,0.07%,-2.36%,-2.32%,-3.32%,-2.30%,-3.77%,-3.82%,-3.89%,-2.53%,-8.58%,-2.82%,-7.41%,80,102,88,138,110,155,176,192,295,208,29.30%,27.16%,-4.33%,25.21%,107.7%,348.4%,147.4%,383.4%,-8.00%,-3.89%
2015/10/31,2015/09/30,0.16%,-0.18%,2.10%,-1.02%,0.43%,7.33%,6.41%,9.52%,6.73%,8.50%,3.75%,3.11%,0.83%,6.83%,7.68%,5.90%,81,101,90,136,110,167,187,210,315,226,29.65%,28.64%,-0.75%,29.10%,123.6%,374.8%,143.0%,416.4%,-4.56%,-0.91%
2015/11/30,2015/10/31,0.14%,0.41%,0.51%,0.37%,-0.91%,0.68%,0.92%,0.69%,0.99%,-0.21%,1.55%,2.08%,-1.31%,3.73%,0.55%,3.11%,81,102,90,137,109,168,189,211,318,225,28.28%,27.50%,0.79%,31.79%,124.8%,389.6%,149.2%,435.6%,-3.08%,0.00%
2015/12/31,2015/11/30,-0.17%,-0.99%,-1.03%,1.01%,-0.33%,-2.87%,-3.30%,-2.96%,-0.63%,-1.74%,-2.13%,-1.86%,-0.51%,-4.80%,-2.07%,-4.24%,81,101,89,138,109,163,183,205,316,221,28.08%,28.95%,-1.35%,29.34%,120.2%,368.8%,143.8%,409.9%,-5.14%,-1.86%
2016/01/31,2015/12/31,-1.83%,0.38%,0.42%,1.60%,-0.81%,-8.05%,-3.77%,-5.28%,-3.79%,-7.10%,1.71%,1.95%,-1.13%,-9.06%,-5.64%,-9.65%,79,101,90,141,108,150,176,194,304,205,29.39%,30.17%,0.34%,31.85%,107.8%,323.6%,134.1%,363.7%,-3.51%,0.00%
2016/02/29,2016/01/31,-1.66%,1.41%,-0.65%,0.93%,0.50%,-2.55%,0.82%,-0.93%,0.90%,0.70%,1.63%,1.64%,0.32%,1.77%,-0.05%,1.27%,78,103,89,142,108,146,177,192,307,207,32.17%,34.40%,1.98%,34.02%,107.6%,329.0%,137.2%,371.9%,-1.94%,0.00%
2016/03/31,2016/02/29,-0.07%,3.23%,1.14%,0.27%,-0.69%,7.04%,7.96%,7.70%,6.96%,6.30%,-1.22%,-1.02%,-0.42%,7.43%,7.08%,7.74%,78,106,90,142,108,156,191,207,329,220,31.35%,33.41%,0.73%,32.65%,122.4%,362.2%,138.7%,407.0%,-3.14%,-1.02%
2016/04/30,2016/03/31,2.03%,0.31%,0.51%,-1.84%,0.68%,2.04%,1.53%,2.30%,-1.55%,0.98%,2.87%,2.79%,1.96%,3.87%,0.81%,3.03%,79,106,91,140,108,160,194,212,323,222,29.57%,32.00%,3.62%,36.35%,124.2%,376.2%,144.0%,426.6%,-0.36%,0.00%
2016/05/31,2016/04/30,-0.15%,0.42%,-0.62%,-0.33%,0.44%,1.94%,1.69%,0.53%,1.94%,2.53%,-0.39%,0.16%,-0.81%,0.78%,1.79%,0.73%,79,107,90,139,109,163,198,213,330,228,30.34%,32.77%,3.22%,36.56%,128.2%,379.7%,141.4%,430.7%,-0.75%,0.00%
2016/06/30,2016/05/31,-2.06%,-0.04%,1.87%,0.69%,-0.01%,-1.40%,0.29%,0.92%,0.94%,0.14%,-0.02%,0.46%,-0.51%,-0.03%,0.26%,-0.17%,78,107,92,140,109,160,198,215,333,228,33.01%,34.82%,3.20%,37.19%,128.8%,378.9%,140.4%,430.5%,-0.76%,0.00%
2016/07/31,2016/06/30,1.34%,-0.65%,-2.54%,0.18%,1.59%,4.58%,2.21%,1.60%,3.80%,6.08%,-0.95%,-0.98%,-0.19%,6.57%,3.96%,6.86%,79,106,89,140,111,168,203,219,345,242,33.34%,36.84%,2.22%,35.85%,137.9%,411.7%,147.3%,465.4%,-1.71%,-0.98%
2016/08/31,2016/07/31,1.51%,0.02%,-1.44%,0.55%,-0.50%,1.24%,1.93%,-0.38%,0.12%,-0.62%,0.16%,-0.89%,-0.52%,1.11%,0.32%,1.38%,80,106,88,141,110,170,206,218,346,240,30.67%,34.30%,2.38%,34.65%,138.6%,418.8%,150.0%,471.7%,-1.55%,-1.85%
2016/09/30,2016/08/31,-0.69%,-0.32%,0.69%,0.60%,-1.06%,-0.51%,-0.49%,1.03%,0.72%,0.04%,-3.41%,-3.39%,-1.60%,1.90%,0.19%,2.92%,79,106,89,142,109,169,205,220,348,241,30.18%,35.04%,-1.11%,30.08%,139.1%,433.9%,156.8%,482.5%,-4.90%,-5.19%
2016/10/31,2016/09/30,-0.03%,1.34%,-1.11%,-0.36%,-0.03%,-1.41%,0.80%,-3.16%,-2.33%,-4.57%,3.01%,2.38%,1.18%,-5.98%,-2.12%,-6.69%,79,107,88,141,109,167,207,213,340,230,30.19%,30.78%,1.87%,33.17%,134.0%,398.2%,145.1%,447.7%,-2.04%,-2.93%
2016/11/30,2016/10/31,1.18%,-1.22%,4.07%,-0.34%,0.43%,4.84%,6.76%,9.44%,1.77%,3.32%,-2.13%,-1.92%,-3.72%,7.21%,4.59%,7.78%,80,106,91,141,109,175,221,233,346,237,29.21%,28.79%,-0.30%,30.61%,144.7%,436.9%,152.9%,487.2%,-4.13%,-4.79%
2016/12/31,2016/11/30,0.18%,0.79%,-0.24%,0.37%,-0.55%,3.35%,3.33%,2.28%,1.36%,0.08%,-1.31%,-1.15%,-1.11%,0.22%,1.94%,0.57%,80,107,91,142,109,180,228,238,351,237,28.27%,24.58%,-1.61%,29.11%,149.5%,440.0%,149.4%,488.5%,-5.38%,-5.89%
2017/01/31,2016/12/31,0.27%,1.55%,-1.64%,-0.76%,0.95%,1.46%,2.00%,-0.10%,2.03%,3.80%,0.46%,0.92%,0.75%,2.52%,1.89%,2.24%,81,108,90,140,110,183,233,238,358,246,29.15%,27.50%,-1.15%,30.30%,154.2%,452.1%,150.3%,503.3%,-4.95%,-5.02%
2017/02/28,2017/01/31,0.76%,1.39%,-2.75%,-0.13%,0.85%,3.94%,4.21%,0.38%,4.15%,4.88%,-0.50%,0.35%,-0.05%,2.23%,3.64%,2.13%,81,110,87,140,111,190,243,239,373,258,29.27%,28.70%,-1.65%,30.76%,163.5%,463.8%,146.5%,516.8%,-5.43%,-4.69%
2017/03/31,2017/02/28,0.25%,0.59%,-0.07%,0.51%,-1.55%,-1.33%,-0.28%,0.21%,1.31%,0.18%,-1.71%,-1.15%,-1.89%,0.80%,0.13%,1.14%,81,110,87,141,109,188,242,240,378,259,26.95%,30.65%,-3.34%,29.26%,163.8%,470.3%,149.0%,521.7%,-7.05%,-5.78%
2017/04/30,2017/03/31,-0.35%,-0.07%,0.46%,-0.12%,-0.13%,0.11%,0.31%,1.49%,1.58%,1.64%,-0.11%,0.62%,-1.67%,0.76%,1.11%,0.57%,81,110,88,141,109,188,243,243,384,263,27.22%,32.65%,-3.44%,30.06%,166.7%,473.5%,147.6%,526.4%,-7.15%,-5.20%
2017/05/31,2017/04/30,-0.94%,0.21%,-0.34%,0.32%,-0.43%,-0.75%,0.10%,0.89%,2.49%,1.68%,-1.63%,-0.68%,-1.21%,-1.86%,1.06%,-1.65%,80,111,87,141,108,187,243,245,393,268,27.88%,35.88%,-5.01%,29.18%,169.6%,464.1%,140.9%,514.8%,-8.66%,-5.84%
2017/06/30,2017/05/31,2.47%,-0.02%,-1.70%,-1.76%,1.92%,3.71%,1.14%,-0.97%,-1.50%,2.55%,-0.51%,-0.11%,0.61%,3.76%,0.90%,3.79%,82,111,86,139,111,194,246,243,388,274,27.18%,34.30%,-5.50%,29.03%,172.0%,485.5%,147.9%,537.9%,-9.12%,-5.95%
2017/07/31,2017/06/30,-0.48%,-0.36%,-0.42%,0.51%,0.20%,2.14%,1.43%,1.49%,2.56%,1.84%,0.55%,0.51%,0.34%,0.10%,1.93%,-0.05%,82,110,85,139,111,198,249,247,397,279,28.05%,33.89%,-4.97%,29.69%,177.2%,485.1%,143.0%,538.5%,-8.62%,-5.46%
2017/08/31,2017/07/31,-1.11%,0.04%,-1.53%,0.87%,1.04%,-1.12%,-0.15%,-1.13%,1.59%,1.59%,-3.06%,-2.82%,-0.76%,-2.26%,0.26%,-1.41%,81,110,84,141,112,195,249,244,404,284,30.80%,37.52%,-7.88%,26.04%,177.9%,476.9%,138.9%,524.1%,-11.42%,-8.13%
2017/09/30,2017/08/31,-0.54%,-0.71%,0.77%,-0.03%,-0.02%,3.91%,2.69%,2.45%,1.56%,2.15%,1.36%,2.24%,1.92%,8.64%,2.47%,7.97%,81,109,85,141,112,203,256,250,410,290,31.48%,35.09%,-6.63%,28.86%,184.8%,522.8%,152.0%,578.0%,-10.22%,-6.07%
2017/10/31,2017/09/30,-1.25%,-0.30%,-1.33%,1.51%,-0.01%,2.79%,1.71%,0.47%,3.86%,1.93%,-0.29%,0.20%,0.69%,-0.11%,2.24%,-0.17%,80,109,84,143,112,209,260,251,426,296,33.12%,33.93%,-6.91%,29.12%,191.2%,521.7%,146.0%,577.2%,-10.48%,-5.89%
2017/11/30,2017/10/31,-0.22%,0.28%,0.17%,1.07%,-1.43%,3.59%,3.15%,2.95%,4.47%,1.93%,-0.20%,0.38%,0.59%,3.01%,3.22%,2.90%,79,109,84,144,110,216,268,258,445,301,31.50%,31.71%,-7.09%,29.61%,200.6%,539.7%,145.2%,597.6%,-10.66%,-5.53%
2017/12/31,2017/11/30,0.16%,-0.50%,1.61%,-0.78%,-0.27%,1.13%,0.67%,2.83%,0.43%,0.98%,-1.24%,-0.90%,0.57%,0.84%,1.10%,1.11%,79,109,85,143,110,219,270,266,447,304,30.94%,31.51%,-8.24%,28.44%,203.8%,546.8%,145.2%,603.5%,-11.77%,-6.38%
2018/01/31,2017/12/31,-1.41%,-3.53%,-0.39%,0.75%,0.41%,5.55%,1.51%,3.74%,7.48%,6.13%,1.02%,0.85%,2.59%,4.06%,5.34%,3.80%,78,105,85,144,110,231,274,276,480,323,33.32%,32.28%,-7.30%,29.54%,220.1%,571.4%,141.4%,632.0%,-10.86%,-5.58%
2018/02/28,2018/01/31,0.90%,-3.14%,-2.21%,1.24%,0.69%,-3.34%,-6.58%,-5.78%,-2.13%,-2.80%,0.13%,0.60%,-0.97%,-3.96%,-3.65%,-4.14%,79,102,83,146,111,223,256,260,470,314,33.03%,33.00%,-7.18%,30.31%,208.4%,543.6%,140.3%,603.0%,-10.74%,-5.01%
2018/03/31,2018/02/28,-0.92%,3.12%,0.75%,-0.00%,0.07%,-3.49%,1.11%,-2.36%,-2.13%,-2.11%,-2.31%,-1.90%,-2.48%,-0.05%,-1.98%,0.52%,78,105,84,146,111,215,259,254,460,307,34.35%,34.84%,-9.32%,27.84%,202.3%,547.0%,146.2%,602.7%,-12.80%,-6.82%
2018/04/30,2018/03/31,-0.38%,1.22%,1.81%,-0.31%,-1.08%,0.65%,1.47%,2.11%,0.02%,-0.84%,0.48%,0.70%,-1.23%,0.01%,0.43%,-0.20%,78,106,85,146,110,217,263,259,460,305,33.41%,32.83%,-8.88%,28.73%,203.6%,545.7%,144.7%,602.7%,-12.38%,-6.17%
2018/05/31,2018/04/30,-1.68%,0.65%,1.05%,0.75%,-1.40%,1.54%,2.71%,3.59%,3.70%,2.21%,-2.90%,-2.85%,-2.13%,4.30%,2.78%,5.15%,77,107,86,147,108,220,270,268,477,311,33.79%,33.72%,-11.53%,25.06%,212.0%,578.9%,150.5%,632.9%,-14.92%,-8.84%
2018/06/30,2018/05/31,0.48%,0.73%,0.60%,-0.55%,-0.52%,-0.50%,1.30%,1.22%,0.89%,0.88%,0.83%,2.97%,-1.55%,2.15%,0.75%,1.26%,77,108,86,146,108,219,273,272,481,314,32.44%,35.57%,-10.79%,28.77%,214.4%,587.5%,151.8%,648.7%,-14.21%,-6.14%
2018/07/31,2018/06/30,-2.03%,-1.06%,1.04%,-0.39%,1.08%,2.32%,2.55%,4.20%,2.50%,4.23%,0.10%,1.00%,-0.49%,1.12%,3.27%,0.82%,76,106,87,145,109,224,280,283,494,327,36.56%,38.15%,-10.70%,30.06%,224.7%,593.1%,145.6%,657.1%,-14.13%,-5.20%
2018/08/31,2018/07/31,-1.17%,-0.35%,-0.69%,1.23%,-0.14%,1.58%,3.20%,2.41%,5.59%,4.48%,-0.33%,-0.83%,0.93%,4.16%,3.55%,4.41%,75,106,87,147,109,228,289,290,521,342,37.97%,42.16%,-11.00%,28.98%,236.2%,623.7%,147.7%,688.6%,-14.41%,-5.99%
2018/09/30,2018/08/31,-1.38%,-0.09%,-0.04%,0.00%,0.61%,-2.13%,-0.24%,0.30%,0.29%,1.52%,2.25%,2.52%,0.38%,-0.84%,0.10%,-1.60%,74,106,87,147,110,223,289,291,523,347,40.70%,47.35%,-8.99%,32.23%,236.6%,612.2%,143.5%,682.0%,-12.49%,-3.62%
2018/10/31,2018/09/30,1.12%,-0.52%,-0.48%,3.23%,0.56%,-6.29%,-8.23%,-8.34%,-5.63%,-7.70%,1.16%,1.24%,-0.17%,-10.26%,-7.27%,-10.63%,74,105,86,152,110,209,265,266,493,321,39.91%,45.27%,-7.94%,33.88%,212.1%,536.5%,135.3%,601.7%,-11.47%,-2.42%
2018/11/30,2018/10/31,-0.52%,-1.65%,0.33%,-1.60%,2.54%,1.64%,0.25%,2.41%,0.14%,4.23%,-1.71%,-2.07%,-2.09%,-0.96%,1.99%,-0.34%,74,104,87,149,113,212,266,273,494,334,44.20%,49.02%,-9.51%,31.11%,218.3%,534.3%,129.8%,595.0%,-12.98%,-4.43%
2018/12/31,2018/11/30,0.68%,0.18%,-0.39%,-0.07%,-0.30%,-10.48%,-9.73%,-9.07%,-9.42%,-8.26%,-0.94%,-0.89%,-4.32%,-14.38%,-9.28%,-14.11%,75,104,86,149,113,190,240,248,447,307,42.78%,52.34%,-10.36%,29.94%,188.8%,444.8%,118.7%,495.1%,-13.80%,-5.28%
2019/01/31,2018/12/31,2.29%,1.71%,-1.23%,0.21%,-1.42%,11.80%,9.00%,8.30%,8.06%,7.23%,-2.71%,0.47%,1.50%,15.65%,8.72%,15.51%,76,106,85,150,111,212,261,269,483,329,37.48%,45.38%,-12.79%,30.55%,214.0%,529.3%,133.6%,588.2%,-16.14%,-4.84%
2019/02/28,2019/01/31,0.09%,1.04%,-1.99%,0.28%,0.34%,2.49%,3.52%,2.00%,4.63%,4.65%,-0.35%,-0.19%,-0.59%,5.75%,3.43%,5.81%,76,107,83,150,111,218,270,274,506,344,37.83%,48.52%,-13.10%,30.30%,224.7%,565.8%,139.1%,627.8%,-16.43%,-5.03%
2019/03/31,2019/02/28,0.32%,-1.19%,1.22%,-0.35%,-0.65%,0.49%,-0.64%,2.26%,1.72%,2.23%,-1.25%,-0.11%,-0.55%,-0.64%,1.41%,-0.60%,77,105,84,150,111,219,269,280,515,352,36.49%,51.11%,-14.18%,30.16%,229.3%,561.8%,134.3%,623.2%,-17.48%,-5.13%
2019/04/30,2019/03/31,0.39%,0.13%,0.05%,-0.10%,-0.58%,4.43%,6.10%,3.86%,3.92%,2.92%,0.39%,1.23%,-1.80%,2.11%,4.02%,1.74%,77,106,85,149,110,228,285,291,535,362,35.16%,48.83%,-13.85%,31.75%,242.5%,573.3%,129.0%,638.4%,-17.15%,-3.96%
2019/05/31,2019/04/30,2.18%,0.96%,0.62%,0.86%,-1.74%,-5.31%,-7.36%,-6.62%,-5.86%,-6.75%,0.42%,-1.99%,1.28%,-9.24%,-6.47%,-8.64%,79,107,85,151,108,216,264,272,503,337,29.86%,46.68%,-13.48%,29.13%,220.4%,515.2%,124.0%,570.2%,-16.80%,-5.88%
2019/06/30,2019/05/31,-1.45%,-0.13%,-0.71%,-0.53%,1.66%,5.21%,6.74%,5.93%,7.12%,8.90%,1.32%,2.99%,-2.86%,7.37%,6.83%,6.47%,77,107,84,150,110,228,282,288,539,368,33.89%,52.09%,-12.34%,32.98%,242.2%,555.0%,123.2%,619.6%,-15.70%,-3.07%
2019/07/31,2019/06/30,0.43%,-0.94%,0.22%,0.76%,-0.27%,2.25%,0.45%,0.95%,2.40%,0.77%,-0.08%,-0.93%,-0.72%,-2.40%,1.45%,-2.12%,78,106,85,151,110,233,283,291,552,370,32.95%,49.85%,-12.40%,31.75%,247.2%,541.1%,115.2%,602.3%,-15.77%,-3.97%
2019/08/31,2019/07/31,0.58%,-0.06%,1.67%,-1.03%,-1.07%,-4.00%,-2.67%,-1.01%,-1.74%,-1.46%,-1.25%,-2.96%,-0.74%,-6.40%,-2.11%,-5.51%,78,105,86,149,108,223,276,288,543,365,30.76%,53.66%,-13.50%,27.84%,239.9%,505.7%,107.9%,557.3%,-16.82%,-6.81%
2019/09/30,2019/08/31,-0.66%,0.34%,-0.13%,0.21%,3.50%,3.70%,1.60%,1.38%,-0.14%,2.53%,-0.10%,0.58%,1.17%,1.73%,1.76%,1.56%,78,106,86,150,112,232,280,292,542,374,36.20%,51.86%,-13.58%,28.59%,245.8%,515.2%,107.5%,568.7%,-16.90%,-6.27%
2019/10/31,2019/09/30,1.13%,-2.46%,-0.97%,-0.15%,1.76%,2.74%,-0.12%,1.18%,2.37%,4.50%,0.88%,1.44%,-2.64%,0.99%,2.20%,0.56%,79,103,85,150,114,238,280,295,555,391,37.05%,54.53%,-12.82%,30.44%,253.4%,518.6%,104.1%,575.3%,-16.17%,-4.92%
2019/11/30,2019/10/31,0.89%,-0.96%,-1.97%,-0.03%,0.85%,4.27%,3.10%,2.11%,4.17%,5.13%,0.25%,1.66%,-2.13%,5.48%,3.75%,4.98%,79,102,83,149,115,248,288,301,578,411,37.01%,55.86%,-12.61%,32.60%,266.7%,549.4%,106.6%,612.4%,-15.96%,-3.35%
2019/12/31,2019/11/30,-2.06%,-1.47%,-0.41%,0.17%,2.77%,0.71%,2.55%,2.20%,2.56%,5.32%,0.75%,-0.43%,2.16%,6.39%,2.79%,6.52%,78,101,83,150,118,250,296,308,593,433,43.63%,63.03%,-11.96%,32.03%,276.9%,591.7%,114.3%,657.9%,-15.34%,-3.77%
2020/01/31,2019/12/31,2.04%,-0.56%,-0.78%,-0.03%,-1.60%,1.88%,-4.45%,-0.28%,1.63%,-0.12%,-0.57%,-0.51%,1.72%,-0.22%,0.06%,-0.07%,79,100,82,150,117,255,283,307,602,432,38.40%,59.77%,-12.46%,31.35%,277.2%,591.3%,114.0%,656.2%,-15.82%,-4.26%
2020/02/29,2020/01/31,-2.43%,1.16%,-1.11%,0.42%,0.64%,-8.79%,-10.79%,-8.19%,-6.84%,-7.53%,-0.10%,1.11%,0.41%,-5.44%,-8.00%,-5.77%,77,101,82,150,117,232,252,282,561,400,42.66%,61.78%,-12.54%,32.81%,247.0%,551.4%,118.8%,615.0%,-15.90%,-3.19%
2020/03/31,2020/02/29,-0.76%,0.09%,-5.94%,-2.28%,2.40%,-18.87%,-12.80%,-18.43%,-11.91%,-8.04%,-6.48%,-4.92%,-4.93%,-22.19%,-13.57%,-20.72%,77,101,77,147,120,188,220,230,494,368,47.17%,79.29%,-18.21%,26.28%,199.9%,416.4%,103.2%,456.4%,-21.35%,-7.96%
2020/04/30,2020/03/31,-3.86%,2.77%,1.83%,0.03%,0.56%,10.36%,16.92%,13.57%,14.03%,13.09%,3.91%,5.33%,3.77%,22.91%,13.44%,21.31%,74,104,78,147,121,208,257,261,564,416,53.67%,84.18%,-15.01%,33.01%,240.2%,526.5%,119.2%,583.9%,-18.27%,-3.05%
2020/05/31,2020/04/30,0.32%,-7.43%,0.33%,0.86%,-0.92%,4.59%,1.47%,4.94%,7.57%,5.60%,-2.58%,-2.25%,-0.47%,9.66%,5.40%,10.33%,74,96,78,148,120,217,261,274,606,439,51.76%,86.05%,-17.20%,30.01%,258.6%,591.2%,130.0%,649.9%,-20.38%,-5.23%
2020/06/30,2020/05/31,-1.59%,2.58%,-2.05%,0.78%,-0.00%,-0.17%,5.41%,0.50%,3.58%,2.82%,-2.00%,-1.64%,-0.38%,6.62%,2.43%,7.11%,73,99,77,149,120,217,275,275,628,452,54.16%,91.62%,-18.86%,27.88%,267.3%,640.4%,140.7%,699.5%,-21.97%,-6.79%
2020/07/31,2020/06/30,-1.25%,-0.37%,1.08%,-3.28%,0.03%,6.88%,4.26%,6.06%,4.12%,6.72%,3.91%,2.44%,2.31%,5.59%,5.73%,4.86%,72,99,78,144,120,232,287,292,654,482,56.15%,91.32%,-15.68%,31.00%,288.3%,676.4%,138.7%,744.2%,-18.92%,-4.51%
2020/08/31,2020/07/31,-1.37%,-2.83%,0.97%,-0.61%,-0.96%,5.86%,6.72%,8.47%,7.57%,7.40%,1.74%,2.68%,-5.09%,4.54%,7.38%,3.73%,71,96,78,144,119,246,306,317,703,518,56.78%,94.27%,-14.21%,34.51%,317.0%,705.4%,130.0%,782.5%,-17.50%,-1.95%
2020/09/30,2020/08/31,1.15%,-2.70%,-0.56%,1.16%,-1.10%,-3.05%,-5.57%,-3.83%,-2.40%,-3.65%,0.28%,-0.51%,1.25%,-2.33%,-3.61%,-2.17%,72,93,78,145,117,238,289,305,686,499,53.26%,93.10%,-13.97%,33.82%,301.9%,687.8%,133.3%,762.0%,-17.27%,-2.45%
2020/10/31,2020/09/30,2.29%,3.01%,0.64%,-0.17%,-1.63%,1.65%,-0.51%,-1.29%,-2.94%,-4.32%,-2.03%,-1.61%,-3.19%,-0.91%,-2.11%,-0.43%,73,96,78,145,115,242,287,301,666,477,47.26%,81.57%,-15.71%,31.67%,293.4%,684.4%,137.2%,754.1%,-18.95%,-4.03%
2020/11/30,2020/10/31,0.40%,-1.52%,0.06%,0.76%,0.18%,13.82%,12.51%,11.13%,13.25%,11.46%,0.56%,1.96%,-0.25%,20.74%,12.26%,20.16%,74,95,78,146,116,276,323,334,754,532,46.94%,77.28%,-15.24%,34.24%,341.6%,842.6%,155.9%,931.3%,-18.49%,-2.15%
2020/12/31,2020/11/30,-2.17%,2.07%,-2.47%,-0.80%,1.27%,4.09%,6.56%,2.14%,4.67%,6.69%,2.70%,4.26%,-0.23%,11.49%,4.57%,10.21%,72,97,76,145,117,287,344,341,790,567,51.98%,81.90%,-12.95%,39.96%,361.8%,938.8%,170.4%,1050%,-16.29%,0.00%
2021/01/31,2020/12/31,-1.90%,-3.41%,-1.62%,-0.72%,1.10%,1.92%,0.02%,-0.89%,-0.60%,0.21%,-2.81%,0.80%,6.32%,14.07%,-0.12%,13.83%,71,93,75,144,118,292,345,338,785,569,56.54%,78.78%,-15.40%,41.08%,361.3%,1082%,208.1%,1211%,-18.65%,0.00%
