Date,fdate,PE_AR_1,PE_AR_2,PE_AR_3,PE_AR_4,PE_AR_5,PE_TR_1,PE_TR_2,PE_TR_3,PE_TR_4,PE_TR_5,PE_AR_Sig,PE_TR_Sig,PE_AR_130,PE_TR_130,PE_TR_BP,PE_TR_LO,PE_CAR_1,PE_CAR_2,PE_CAR_3,PE_CAR_4,PE_CAR_5,PE_CTR_1,PE_CTR_2,PE_CTR_3,PE_CTR_4,PE_CTR_5,PE_CAR_LS,PE_CTR_LS,PE_CAR_SW,PE_CTR_SW,PE_CTR_BP,PE_CTR_LO,PE_CXR_LO,PE_CTR_13,PE_CADD,PE_CTDD
2001/02/28,2001/01/31,1.54%,0.32%,1.07%,2.40%,7.71%,-4.33%,-5.55%,-14.57%,-12.22%,-3.93%,-9.12%,6.77%,10.89%,-1.40%,-9.48%,-3.43%,102,100,101,102,108,96,94,85,88,96,6.17%,0.40%,-9.12%,6.77%,-9.48%,-3.43%,6.05%,-1.40%,-9.12%,0.00%
2001/03/31,2001/02/28,-2.11%,1.32%,-1.95%,3.60%,2.07%,-6.02%,-3.75%,-8.13%,-7.87%,-7.94%,-0.36%,8.05%,4.34%,-2.90%,-6.73%,-5.32%,99,102,99,106,110,90,91,78,81,88,10.61%,-1.52%,-9.44%,15.37%,-15.57%,-8.57%,7.54%,-4.26%,-9.44%,0.00%
2001/04/30,2001/03/31,1.28%,-1.67%,0.42%,0.44%,-0.82%,6.80%,4.87%,7.41%,12.87%,11.31%,5.16%,-2.30%,-3.32%,6.72%,8.26%,7.41%,101,100,100,107,109,96,95,84,91,98,8.28%,2.92%,-4.77%,12.71%,-8.60%,-1.79%,6.63%,2.17%,-4.77%,-2.30%
2001/05/31,2001/04/30,0.90%,-1.10%,-0.93%,1.18%,-0.96%,2.55%,1.32%,0.59%,-0.10%,0.78%,-4.22%,-1.12%,4.19%,8.77%,1.01%,9.11%,102,99,99,108,108,98,97,85,91,99,6.27%,1.10%,-8.79%,11.45%,-7.68%,7.16%,15.27%,11.13%,-8.79%,-3.40%
2001/06/30,2001/05/31,1.32%,0.81%,0.37%,1.17%,1.35%,-2.73%,-2.72%,-2.06%,-0.31%,1.54%,7.49%,6.20%,-0.55%,4.01%,-1.54%,2.15%,103,100,99,109,109,96,94,83,91,101,6.30%,5.41%,-1.95%,18.36%,-9.10%,9.46%,19.53%,15.60%,-1.95%,0.00%
2001/07/31,2001/06/30,-3.53%,-1.00%,0.88%,-0.60%,2.11%,-2.23%,0.84%,0.48%,-6.38%,-2.25%,0.52%,6.60%,6.03%,0.44%,-1.79%,-1.54%,99,99,100,108,112,94,95,83,85,98,12.30%,5.40%,-1.45%,26.18%,-10.73%,7.78%,19.83%,16.11%,-1.45%,0.00%
2001/08/31,2001/07/31,2.44%,0.77%,1.98%,-0.73%,-1.43%,-2.83%,-4.88%,-3.40%,-9.71%,-9.70%,0.42%,1.39%,2.04%,-3.49%,-5.97%,-3.91%,102,99,102,108,110,91,90,81,77,89,7.95%,-1.84%,-1.03%,27.93%,-16.06%,3.57%,22.30%,12.05%,-1.03%,0.00%
2001/09/30,2001/08/31,-2.85%,-1.18%,-1.94%,-2.41%,5.65%,-6.89%,-7.86%,-6.96%,-15.56%,-8.71%,-3.72%,-1.08%,4.23%,-16.39%,-8.92%,-16.06%,99,98,100,105,116,85,83,75,65,81,17.12%,-3.63%,-4.72%,26.54%,-23.54%,-13.07%,13.57%,-6.31%,-4.72%,-1.08%
2001/10/31,2001/09/30,3.18%,3.15%,4.12%,3.57%,-3.06%,1.60%,-0.31%,1.07%,10.31%,4.31%,-1.00%,-11.54%,-6.47%,4.34%,2.68%,7.81%,102,101,104,109,113,86,83,76,72,85,9.82%,-1.02%,-5.67%,11.93%,-21.50%,-6.28%,19.39%,-2.24%,-5.67%,-12.50%
2001/11/30,2001/10/31,-3.94%,-1.83%,-0.02%,2.23%,1.01%,3.10%,7.22%,5.89%,10.76%,10.39%,-3.03%,-2.89%,-4.30%,6.74%,7.75%,7.61%,98,99,104,111,114,89,89,80,79,93,15.25%,6.20%,-8.53%,8.70%,-15.41%,0.85%,19.22%,4.35%,-8.53%,-15.03%
2001/12/31,2001/11/30,3.09%,1.81%,1.36%,-2.45%,0.16%,3.57%,3.57%,3.09%,-1.42%,1.71%,0.43%,0.29%,2.76%,9.76%,1.71%,9.68%,101,101,105,108,114,92,92,83,78,95,11.88%,4.24%,-8.13%,9.01%,-13.96%,10.61%,28.72%,14.54%,-8.13%,-14.78%
2002/01/31,2001/12/31,-0.30%,-0.05%,-1.77%,0.35%,0.92%,-0.24%,-0.33%,-1.42%,-1.82%,-2.06%,-5.29%,-1.76%,3.47%,4.53%,-1.25%,5.05%,101,101,103,109,115,92,92,82,77,93,13.24%,2.34%,-12.99%,7.10%,-15.04%,16.20%,36.84%,19.73%,-12.99%,-16.29%
2002/02/28,2002/01/31,3.64%,2.68%,0.92%,-1.95%,-2.95%,2.52%,1.22%,-0.23%,-4.85%,-7.28%,-0.03%,1.70%,-0.04%,-4.74%,-2.10%,-5.25%,104,104,104,107,112,94,93,81,73,86,5.78%,-7.69%,-13.02%,8.92%,-16.83%,10.09%,32.52%,14.05%,-13.02%,-14.86%
2002/03/31,2002/02/28,1.75%,-0.29%,0.18%,1.69%,-0.38%,3.70%,4.03%,3.76%,4.74%,6.08%,1.85%,2.19%,2.74%,12.84%,4.42%,12.19%,106,104,105,109,111,97,96,84,76,92,3.52%,-5.50%,-11.41%,11.30%,-13.15%,23.51%,42.82%,28.69%,-11.41%,-13.00%
2002/04/30,2002/03/31,2.33%,2.85%,2.17%,-2.28%,-3.20%,-1.71%,-1.82%,-0.59%,-8.18%,-10.81%,1.67%,7.08%,3.82%,4.85%,-5.00%,2.72%,109,107,107,106,108,96,95,84,70,82,-2.21%,-14.11%,-9.92%,19.18%,-17.49%,26.87%,53.84%,34.93%,-9.92%,-6.84%
2002/05/31,2002/04/30,-0.80%,-1.69%,0.78%,-0.18%,0.44%,-0.60%,-1.19%,0.00%,-1.27%,-2.67%,2.50%,3.76%,4.23%,-0.07%,-1.20%,-1.20%,108,105,108,106,108,95,94,84,69,80,-1.00%,-15.88%,-7.67%,23.67%,-18.48%,25.35%,53.85%,34.84%,-7.67%,-3.33%
2002/06/30,2002/05/31,2.81%,3.64%,-0.07%,-4.79%,1.33%,-2.26%,-4.12%,-7.40%,-11.48%,-7.90%,4.82%,5.45%,-2.57%,-7.72%,-6.92%,-9.36%,111,109,108,101,110,93,90,78,61,73,-2.46%,-20.62%,-3.22%,30.41%,-24.12%,13.62%,50.10%,24.43%,-3.22%,0.00%
2002/07/31,2002/06/30,-4.89%,1.34%,2.14%,-3.06%,2.91%,-8.21%,-6.48%,-8.99%,-8.14%,-8.76%,1.89%,-2.71%,5.12%,-13.15%,-7.99%,-12.34%,105,110,110,98,113,85,84,71,56,67,5.14%,-21.06%,-1.39%,26.87%,-30.19%,-0.40%,43.57%,8.06%,-1.39%,-2.71%
2002/08/31,2002/07/31,-1.10%,-2.04%,-2.41%,-0.87%,3.08%,0.63%,0.87%,-0.28%,-0.07%,2.14%,-2.13%,-1.37%,2.85%,1.41%,0.64%,1.82%,104,108,107,97,116,86,85,71,56,68,9.54%,-19.86%,-3.49%,25.14%,-29.74%,1.42%,45.27%,9.58%,-3.49%,-4.04%
2002/09/30,2002/08/31,-1.48%,-1.23%,0.84%,0.02%,-2.53%,-7.31%,-9.59%,-8.34%,-9.64%,-18.29%,0.37%,2.21%,0.25%,-11.84%,-10.13%,-12.51%,103,106,108,97,113,80,77,65,51,56,8.39%,-28.67%,-3.13%,27.91%,-36.86%,-11.27%,41.81%,-3.39%,-3.13%,-1.92%
2002/10/31,2002/09/30,0.28%,-1.16%,-1.34%,5.29%,2.89%,4.26%,4.43%,3.57%,12.81%,14.07%,-0.26%,-4.62%,-2.10%,4.78%,7.77%,6.16%,103,105,107,102,117,83,80,67,57,64,11.23%,-21.67%,-3.39%,21.99%,-31.95%,-5.80%,39.54%,1.22%,-3.39%,-6.45%
2002/11/30,2002/10/31,-2.11%,-2.28%,-0.17%,0.73%,5.95%,1.71%,1.96%,6.12%,8.27%,17.39%,-4.17%,-10.98%,3.68%,17.62%,6.03%,20.91%,101,103,107,103,124,85,82,71,62,75,20.19%,-9.38%,-7.42%,8.60%,-27.85%,13.90%,60.31%,19.05%,-7.42%,-16.72%
2002/12/31,2002/11/30,-0.59%,-0.13%,1.40%,0.17%,-1.01%,-4.14%,-4.00%,-3.65%,-9.20%,-6.44%,4.58%,5.12%,4.48%,-3.93%,-5.58%,-5.47%,100,103,108,103,122,81,78,68,56,70,19.69%,-11.47%,-3.18%,14.17%,-31.88%,7.67%,60.49%,14.37%,-3.18%,-12.46%
2003/01/31,2002/12/31,-1.00%,-0.83%,0.03%,0.19%,2.65%,-2.97%,-3.48%,-2.70%,-2.19%,-0.77%,-0.21%,-2.52%,3.77%,0.73%,-2.56%,1.48%,99,102,108,103,126,79,76,67,55,69,24.06%,-9.52%,-3.38%,11.29%,-33.63%,9.26%,66.98%,15.20%,-3.38%,-14.66%
2003/02/28,2003/01/31,-0.56%,0.50%,-0.88%,0.60%,1.10%,-2.12%,-1.48%,-3.11%,-0.99%,-1.83%,1.02%,1.32%,0.27%,-3.17%,-1.81%,-3.56%,99,102,107,104,127,77,74,65,55,68,26.12%,-9.26%,-2.39%,12.76%,-34.83%,5.37%,64.05%,11.55%,-2.39%,-13.54%
2003/03/31,2003/02/28,4.34%,1.89%,-1.51%,-0.94%,1.94%,3.96%,1.66%,-1.57%,0.40%,2.54%,0.81%,-0.51%,0.77%,2.36%,1.22%,2.51%,103,104,106,103,129,80,76,64,55,70,23.09%,-10.54%,-1.60%,12.18%,-34.03%,8.01%,66.16%,14.18%,-1.60%,-13.98%
2003/04/30,2003/03/31,0.11%,1.54%,0.40%,-2.66%,-0.15%,6.61%,8.42%,8.99%,8.51%,8.18%,1.22%,-1.06%,0.83%,12.27%,8.22%,12.59%,103,106,106,100,129,85,82,69,60,75,22.77%,-9.14%,-0.40%,10.99%,-28.61%,21.61%,73.42%,28.19%,-0.40%,-14.89%
2003/05/31,2003/04/30,-2.46%,-0.04%,1.29%,-0.58%,0.60%,2.90%,5.05%,7.95%,7.55%,7.33%,-12.04%,-17.03%,-2.02%,11.44%,6.23%,16.55%,100,106,107,99,130,88,86,75,64,81,26.53%,-5.12%,-12.39%,-7.91%,-24.16%,41.73%,91.31%,42.85%,-12.39%,-29.39%
2003/06/30,2003/05/31,-0.91%,-0.81%,0.88%,0.43%,0.02%,0.38%,0.57%,2.33%,2.23%,1.96%,0.30%,-0.28%,5.04%,9.65%,1.49%,9.73%,100,105,108,100,130,88,87,77,65,83,27.71%,-3.61%,-12.13%,-8.17%,-23.03%,55.52%,107.1%,56.63%,-12.13%,-29.58%
2003/07/31,2003/06/30,1.06%,0.73%,-0.32%,2.34%,-0.62%,2.53%,2.28%,1.89%,4.85%,0.82%,-1.13%,-1.78%,-0.17%,6.53%,2.46%,7.06%,101,106,108,102,129,90,89,78,69,83,25.57%,-5.26%,-13.13%,-9.80%,-21.14%,66.51%,116.6%,66.86%,-13.13%,-30.84%
2003/08/31,2003/07/31,1.24%,0.12%,-1.51%,0.97%,-1.56%,3.66%,2.77%,1.10%,3.78%,0.75%,-1.04%,-0.31%,-0.73%,5.32%,2.35%,5.42%,102,106,106,103,127,94,91,79,71,84,22.06%,-8.02%,-14.03%,-10.08%,-19.28%,75.53%,123.3%,75.74%,-14.03%,-31.05%
2003/09/30,2003/08/31,-2.86%,-0.10%,0.95%,-0.60%,1.44%,-3.65%,-1.10%,0.15%,-1.73%,0.32%,-3.00%,-4.46%,3.62%,3.81%,-1.08%,5.15%,99,106,107,103,129,90,90,79,70,84,27.30%,-4.37%,-16.61%,-14.09%,-20.15%,84.57%,137.2%,82.44%,-16.61%,-34.12%
2003/10/31,2003/09/30,0.92%,0.24%,0.22%,1.92%,-1.45%,6.48%,5.92%,5.38%,7.60%,4.40%,-3.20%,-2.34%,-1.12%,6.78%,6.06%,7.48%,100,106,108,105,127,96,95,83,75,88,24.29%,-6.36%,-19.28%,-16.10%,-15.32%,98.38%,140.5%,94.81%,-19.28%,-35.66%
2003/11/30,2003/10/31,-1.72%,-0.56%,0.25%,0.80%,0.37%,0.03%,1.20%,1.60%,2.21%,1.80%,-0.08%,1.31%,0.39%,4.45%,1.47%,4.06%,98,105,108,105,128,96,97,85,77,89,26.88%,-4.70%,-19.34%,-15.00%,-14.07%,106.4%,146.7%,103.5%,-19.34%,-34.82%
2003/12/31,2003/11/30,-0.74%,-0.11%,0.20%,-2.37%,1.00%,3.40%,4.28%,4.74%,3.14%,6.25%,4.41%,3.23%,3.83%,8.22%,4.39%,7.25%,97,105,108,103,129,99,101,89,79,95,29.10%,-1.99%,-15.79%,-12.25%,-10.30%,121.4%,153.8%,120.2%,-15.79%,-32.71%
2004/01/31,2003/12/31,-2.70%,-0.74%,0.33%,0.76%,0.86%,0.02%,1.83%,2.35%,3.31%,2.80%,-6.36%,-5.95%,2.01%,7.32%,2.25%,9.11%,95,105,108,104,130,99,103,91,82,98,33.69%,0.73%,-21.15%,-17.47%,-8.28%,141.6%,171.2%,136.3%,-21.15%,-36.72%
2004/02/29,2004/01/31,1.16%,1.25%,-0.07%,-2.07%,0.10%,2.57%,2.71%,1.16%,-0.50%,2.00%,2.42%,2.83%,1.83%,3.73%,1.48%,2.88%,96,106,108,102,130,102,105,92,82,100,32.26%,0.16%,-19.24%,-15.14%,-6.92%,148.5%,175.0%,145.1%,-19.24%,-34.92%
2004/03/31,2004/02/29,0.47%,0.08%,-0.08%,0.58%,-1.17%,-0.44%,-1.00%,-0.92%,-0.40%,-2.43%,1.92%,0.83%,1.18%,1.60%,-1.09%,1.35%,96,106,108,102,129,101,104,91,81,97,30.09%,-1.84%,-17.69%,-14.43%,-7.94%,151.9%,181.7%,149.1%,-17.69%,-34.39%
2004/04/30,2004/03/31,0.51%,0.69%,-2.39%,-1.25%,0.29%,-2.17%,-1.00%,-3.38%,-2.78%,-0.96%,5.10%,2.66%,4.16%,-0.70%,-2.03%,-1.49%,97,107,106,101,129,99,103,88,79,96,29.80%,-0.65%,-13.49%,-12.16%,-9.81%,148.1%,183.2%,147.3%,-13.49%,-32.64%
2004/05/31,2004/04/30,-1.09%,0.83%,-0.16%,1.25%,-0.40%,0.04%,1.88%,0.80%,2.65%,0.49%,1.68%,2.06%,-0.26%,0.17%,1.34%,-0.44%,96,108,105,102,129,99,105,88,81,97,30.70%,-0.20%,-12.04%,-10.35%,-8.61%,147.0%,178.2%,147.8%,-12.04%,-31.26%
2004/06/30,2004/05/31,-1.60%,0.52%,1.01%,-0.57%,0.23%,0.78%,2.27%,3.15%,1.72%,1.58%,2.35%,3.41%,0.40%,5.14%,1.96%,4.12%,94,108,106,102,129,100,108,91,83,98,33.09%,0.60%,-9.97%,-7.30%,-6.81%,157.2%,184.2%,160.5%,-9.97%,-28.92%
2004/07/31,2004/06/30,-1.12%,0.54%,1.21%,0.52%,-1.85%,-5.04%,-2.77%,-2.89%,-5.21%,-3.92%,3.33%,3.58%,-0.65%,-4.34%,-3.87%,-5.42%,93,109,108,102,126,95,105,89,78,94,32.12%,1.73%,-6.97%,-3.98%,-10.42%,143.2%,179.8%,149.2%,-6.97%,-26.37%
2004/08/31,2004/07/31,0.02%,0.31%,1.17%,-0.74%,0.23%,-0.06%,0.69%,1.15%,-0.89%,0.71%,2.25%,2.65%,0.17%,-0.36%,0.29%,-1.15%,93,109,109,101,127,95,105,90,78,95,32.40%,2.51%,-4.87%,-1.43%,-10.15%,140.4%,175.8%,148.3%,-4.87%,-24.41%
2004/09/30,2004/08/31,-0.83%,0.99%,-0.26%,0.60%,-1.39%,1.25%,2.25%,1.86%,2.78%,-0.32%,-0.32%,0.08%,-0.07%,3.57%,1.66%,3.55%,92,110,109,102,125,96,108,91,80,95,31.67%,0.90%,-5.17%,-1.35%,-8.67%,149.0%,181.0%,157.2%,-5.17%,-24.35%
2004/10/31,2004/09/30,0.92%,0.04%,1.08%,-0.26%,-1.06%,2.38%,1.34%,2.25%,1.53%,0.70%,0.52%,0.06%,-0.20%,1.34%,1.55%,1.32%,93,110,110,102,124,98,109,93,81,95,29.06%,-0.79%,-4.68%,-1.29%,-7.25%,152.2%,180.3%,160.6%,-4.68%,-24.31%
2004/11/30,2004/10/31,-0.98%,1.51%,0.27%,-1.18%,-0.62%,4.22%,5.00%,5.38%,4.63%,3.86%,-2.46%,-3.56%,0.73%,9.82%,4.65%,10.89%,92,112,110,100,123,103,115,98,85,99,29.53%,-1.14%,-7.02%,-4.80%,-2.94%,179.7%,197.8%,186.2%,-7.02%,-27.00%
2004/12/31,2004/11/30,0.25%,0.11%,0.13%,-0.79%,0.50%,3.59%,3.07%,3.46%,3.61%,4.52%,-2.55%,-4.11%,1.98%,5.96%,3.62%,7.19%,93,112,110,100,124,106,118,102,88,104,29.86%,-0.22%,-9.40%,-8.72%,0.58%,199.8%,208.5%,203.3%,-9.40%,-30.01%
2005/01/31,2004/12/31,0.41%,-0.14%,-0.53%,0.77%,-0.26%,-1.82%,-2.41%,-2.60%,-3.04%,-3.33%,2.13%,3.18%,1.98%,-1.86%,-2.69%,-2.81%,93,112,110,100,123,104,115,99,85,100,28.99%,-1.73%,-7.47%,-5.82%,-2.13%,191.4%,208.1%,197.6%,-7.47%,-27.78%
2005/02/28,2005/01/31,-1.90%,1.03%,-0.96%,-0.66%,1.89%,0.18%,2.71%,1.26%,1.27%,3.59%,1.27%,1.28%,0.08%,1.30%,2.06%,0.92%,91,113,109,100,126,105,118,100,86,104,33.88%,1.62%,-6.29%,-4.62%,-0.11%,194.1%,204.6%,201.5%,-6.29%,-26.86%
2005/03/31,2005/02/28,0.81%,-1.10%,0.43%,-0.65%,0.97%,-0.51%,-2.21%,-1.53%,-2.74%,-1.06%,3.24%,3.90%,1.17%,-0.72%,-1.73%,-1.89%,92,112,109,99,127,104,116,99,84,103,34.10%,1.07%,-3.26%,-0.90%,-1.84%,188.5%,204.1%,199.3%,-3.26%,-24.01%
2005/04/30,2005/03/31,-1.44%,-0.56%,0.02%,1.04%,1.86%,-3.84%,-2.35%,-2.54%,-2.34%,-0.70%,1.66%,1.82%,1.17%,-5.30%,-2.23%,-5.85%,91,111,109,100,129,100,113,96,82,102,38.53%,4.24%,-1.66%,0.91%,-4.03%,171.6%,193.1%,183.4%,-1.66%,-22.62%
2005/05/31,2005/04/30,0.24%,-0.14%,0.03%,0.55%,-0.50%,3.82%,2.89%,3.90%,5.92%,3.14%,3.80%,4.18%,0.49%,7.91%,3.88%,6.65%,91,111,109,101,128,104,116,100,87,105,37.51%,3.54%,2.08%,5.13%,-0.31%,189.7%,201.2%,205.8%,0.00%,-19.39%
2005/06/30,2005/05/31,-0.41%,-0.49%,-0.11%,-0.20%,0.87%,0.41%,0.50%,0.98%,0.73%,1.62%,-0.33%,-0.32%,-0.59%,3.65%,0.85%,3.75%,90,110,109,100,130,104,117,101,87,107,39.27%,4.78%,1.75%,4.79%,0.54%,200.6%,209.9%,217.0%,-0.33%,-19.65%
2005/07/31,2005/06/30,0.25%,0.65%,0.56%,-1.15%,0.13%,4.16%,4.15%,4.34%,4.13%,4.22%,1.62%,0.37%,1.03%,7.87%,4.20%,7.76%,91,111,110,99,130,109,122,105,91,111,39.11%,4.85%,3.39%,5.18%,4.76%,223.9%,220.9%,242.0%,0.00%,-19.35%
2005/08/31,2005/07/31,-0.85%,-0.34%,-0.84%,0.91%,0.77%,-1.86%,-1.18%,-1.49%,-0.52%,-0.42%,1.18%,2.24%,1.49%,0.39%,-1.01%,-0.29%,90,111,109,100,131,107,120,104,90,111,41.36%,6.36%,4.61%,7.54%,3.70%,223.0%,223.3%,243.3%,0.00%,-17.54%
2005/09/30,2005/08/31,0.44%,0.08%,0.20%,0.46%,0.42%,0.48%,0.68%,1.23%,0.80%,0.53%,-0.42%,-0.51%,0.83%,-0.17%,0.77%,-0.02%,90,111,109,101,131,107,121,105,91,112,41.34%,6.41%,4.17%,6.99%,4.50%,222.9%,220.7%,242.7%,-0.42%,-17.96%
2005/10/31,2005/09/30,-0.36%,1.50%,-0.21%,-0.27%,-1.25%,-2.09%,0.09%,-1.97%,-2.36%,-2.78%,1.90%,1.73%,-0.83%,-3.45%,-1.76%,-3.97%,90,112,109,100,130,105,121,103,89,108,40.09%,5.67%,6.15%,8.84%,2.66%,210.1%,213.6%,230.9%,0.00%,-16.54%
2005/11/30,2005/10/31,-0.19%,0.61%,1.54%,0.03%,-0.81%,3.57%,3.89%,5.28%,3.96%,3.03%,2.07%,2.18%,-0.23%,4.36%,3.93%,3.71%,90,113,110,100,129,109,126,109,93,112,39.22%,5.10%,8.35%,11.22%,6.69%,221.6%,213.0%,245.3%,0.00%,-14.72%
2005/12/31,2005/11/30,-1.13%,-0.27%,-0.15%,-0.04%,1.41%,-1.16%,-0.24%,-0.05%,-0.10%,1.31%,1.29%,-0.23%,2.55%,1.39%,0.04%,1.46%,89,113,110,100,130,107,126,108,92,113,42.76%,7.70%,9.75%,10.97%,6.73%,226.3%,217.4%,250.1%,0.00%,-14.91%
2006/01/31,2005/12/31,-0.85%,-0.50%,-0.16%,-0.99%,1.07%,2.86%,2.13%,4.52%,3.63%,4.57%,-2.52%,-3.26%,-2.94%,6.48%,3.44%,7.45%,88,112,110,99,132,110,128,113,96,118,45.50%,9.54%,6.99%,7.35%,10.40%,250.6%,230.2%,272.8%,-2.52%,-17.68%
2006/02/28,2006/01/31,0.09%,-0.00%,0.28%,0.06%,-0.26%,0.38%,0.13%,0.26%,-0.08%,-0.01%,-0.46%,-0.46%,0.28%,0.50%,0.09%,0.64%,88,112,110,99,131,111,128,114,96,118,44.99%,9.12%,6.50%,6.86%,10.50%,252.8%,232.0%,274.7%,-2.96%,-18.06%
2006/03/31,2006/02/28,0.04%,0.66%,0.27%,-1.22%,-0.95%,1.65%,2.35%,2.02%,2.32%,1.11%,1.41%,1.63%,-0.27%,5.93%,1.90%,5.44%,88,113,111,98,130,113,131,116,98,120,43.56%,8.53%,7.99%,8.60%,12.59%,272.0%,243.7%,296.9%,-1.60%,-16.72%
2006/04/30,2006/03/31,0.69%,-1.31%,0.71%,-0.20%,0.13%,0.99%,-0.08%,1.72%,0.74%,1.56%,2.50%,2.44%,2.14%,2.98%,0.99%,2.25%,89,112,112,98,130,114,131,118,99,122,42.75%,9.15%,10.69%,11.26%,13.71%,280.4%,248.0%,308.7%,0.00%,-14.69%
2006/05/31,2006/04/30,1.67%,-0.35%,-0.06%,-0.11%,-0.77%,-1.62%,-2.36%,-3.70%,-4.42%,-3.12%,2.86%,4.47%,0.80%,-2.17%,-3.11%,-3.51%,90,111,111,98,129,112,128,114,94,118,39.27%,7.51%,13.85%,16.23%,10.17%,267.0%,246.6%,299.8%,0.00%,-10.87%
2006/06/30,2006/05/31,0.34%,0.82%,-0.34%,-0.84%,0.42%,0.33%,0.93%,-0.50%,-0.43%,0.46%,1.86%,1.00%,0.20%,-0.31%,0.19%,-0.61%,91,112,111,97,130,112,129,113,94,118,39.38%,7.65%,15.97%,17.39%,10.39%,264.8%,243.8%,298.6%,0.00%,-9.98%
2006/07/31,2006/06/30,-3.01%,-0.07%,-0.68%,1.50%,1.24%,-3.20%,-0.10%,-1.49%,0.54%,1.32%,1.71%,3.15%,0.07%,-1.53%,-0.28%,-2.47%,88,112,110,99,132,109,129,111,94,120,45.31%,12.52%,17.96%,21.09%,10.08%,255.8%,236.3%,292.5%,0.00%,-7.15%
2006/08/31,2006/07/31,-0.76%,0.45%,-0.22%,0.79%,-0.23%,1.84%,2.55%,2.27%,2.98%,2.41%,-0.41%,-0.24%,-2.08%,1.95%,2.48%,2.03%,87,113,110,99,131,111,133,114,97,123,46.07%,13.15%,17.47%,20.79%,12.81%,263.0%,234.8%,300.1%,-0.41%,-7.37%
2006/09/30,2006/08/31,-1.89%,-0.17%,0.03%,1.48%,-0.25%,0.27%,1.93%,2.57%,3.38%,2.10%,2.50%,2.69%,1.26%,2.80%,2.24%,2.00%,85,112,110,101,131,111,135,117,100,125,48.47%,15.22%,20.40%,24.04%,15.33%,270.2%,234.0%,311.4%,0.00%,-4.88%
2006/10/31,2006/09/30,0.16%,-0.02%,0.70%,-1.08%,0.10%,3.88%,3.13%,4.20%,3.59%,3.74%,1.63%,0.80%,0.95%,6.71%,3.69%,6.47%,86,112,111,100,131,115,139,122,104,130,48.39%,15.05%,22.37%,25.04%,19.59%,294.2%,243.3%,339.0%,0.00%,-4.12%
2006/11/30,2006/10/31,0.95%,-0.35%,-0.01%,0.73%,-0.73%,3.11%,1.64%,2.13%,3.16%,1.53%,-0.34%,-0.82%,-1.33%,1.76%,2.16%,2.00%,86,112,111,100,130,119,142,124,107,132,45.89%,13.23%,21.95%,24.01%,22.17%,302.1%,242.7%,346.7%,-0.34%,-4.91%
2006/12/31,2006/11/30,-0.29%,1.28%,-0.78%,-1.12%,-0.21%,0.92%,2.38%,0.65%,-0.19%,1.81%,1.77%,2.15%,1.08%,3.40%,1.18%,2.75%,86,113,110,99,130,120,145,125,107,134,46.02%,14.23%,24.11%,26.67%,23.61%,313.1%,248.1%,361.8%,0.00%,-2.87%
2007/01/31,2006/12/31,0.21%,0.42%,-0.40%,0.31%,0.52%,1.86%,2.18%,1.43%,2.38%,2.24%,1.10%,0.99%,2.57%,4.83%,2.01%,4.53%,86,114,110,100,131,122,148,127,110,137,46.47%,14.66%,25.47%,27.92%,26.09%,331.9%,256.9%,384.2%,0.00%,-1.91%
2007/02/28,2007/01/31,-1.56%,0.75%,0.59%,0.40%,-1.45%,-2.49%,-0.47%,-1.06%,-1.25%,-3.05%,-0.19%,-1.14%,0.40%,-0.43%,-1.63%,-0.09%,85,115,110,100,129,119,148,126,108,133,46.64%,14.02%,25.23%,26.46%,24.04%,331.5%,262.4%,382.1%,-0.19%,-3.03%
2007/03/31,2007/02/28,1.14%,0.14%,-0.45%,-0.46%,-0.16%,2.11%,1.07%,0.85%,0.93%,0.89%,2.80%,1.30%,-0.21%,-0.23%,1.00%,-0.62%,86,115,110,100,128,122,149,127,109,134,44.73%,12.63%,28.74%,28.11%,25.28%,328.8%,256.5%,381.0%,0.00%,-1.76%
2007/04/30,2007/03/31,-0.73%,-0.91%,-0.90%,0.00%,2.00%,3.23%,2.24%,2.51%,4.19%,5.96%,2.14%,1.01%,3.04%,4.40%,3.86%,4.10%,85,114,109,100,131,126,152,130,114,142,48.68%,15.71%,31.49%,29.41%,30.12%,346.4%,257.4%,402.1%,0.00%,-0.77%
2007/05/31,2007/04/30,0.33%,0.00%,-0.05%,-0.84%,0.26%,4.02%,3.17%,3.41%,2.90%,4.34%,4.15%,3.87%,0.01%,4.15%,3.54%,2.99%,86,114,109,99,131,131,157,134,117,149,48.58%,16.08%,36.94%,34.41%,34.73%,359.7%,255.4%,423.0%,0.00%,0.00%
2007/06/30,2007/05/31,-0.04%,-1.79%,-0.13%,0.58%,0.07%,-1.82%,-3.06%,-0.96%,-0.98%,-2.31%,0.76%,-0.22%,1.26%,-0.82%,-1.77%,-0.76%,86,112,109,99,131,128,152,133,116,145,48.74%,15.51%,37.98%,34.12%,32.35%,356.3%,259.0%,418.7%,0.00%,-0.22%
2007/07/31,2007/06/30,1.09%,0.42%,0.49%,-0.11%,-0.20%,-2.36%,-4.24%,-2.35%,-3.00%,-4.84%,0.10%,-1.83%,0.64%,-7.86%,-3.46%,-7.31%,87,112,109,99,131,125,146,130,113,138,46.82%,12.64%,38.11%,31.67%,27.77%,322.9%,245.2%,377.9%,0.00%,-2.04%
2007/08/31,2007/07/31,-0.12%,1.24%,-0.15%,0.36%,-0.39%,1.49%,2.06%,1.36%,2.09%,0.49%,2.08%,0.38%,-2.46%,-3.34%,1.50%,-3.45%,86,114,109,100,131,127,149,132,115,139,46.42%,11.51%,40.99%,32.17%,29.69%,308.3%,228.1%,362.0%,0.00%,-1.67%
2007/09/30,2007/08/31,0.70%,1.99%,-0.73%,-1.22%,-0.57%,5.01%,4.05%,3.64%,2.99%,3.16%,3.79%,1.87%,2.01%,2.19%,3.55%,1.63%,87,116,108,98,130,134,155,136,118,143,44.57%,9.44%,46.34%,34.64%,34.30%,315.0%,221.8%,372.1%,0.00%,0.00%
2007/10/31,2007/09/30,-0.05%,1.40%,-1.43%,-0.22%,-0.64%,3.23%,2.73%,1.81%,2.33%,0.77%,2.38%,-2.17%,-0.21%,-2.12%,2.05%,-1.47%,87,118,107,98,129,138,159,139,121,144,43.72%,6.75%,49.81%,31.72%,37.05%,308.9%,210.4%,362.1%,0.00%,-2.17%
2007/11/30,2007/10/31,1.86%,1.69%,-0.11%,-0.71%,-1.02%,-2.72%,-2.53%,-4.17%,-5.85%,-6.14%,3.14%,2.94%,-1.25%,-9.85%,-4.49%,-10.73%,89,119,106,97,128,134,155,133,114,135,39.58%,3.11%,54.52%,35.58%,30.89%,265.0%,191.1%,316.6%,0.00%,0.00%
2007/12/31,2007/11/30,-1.83%,0.18%,-0.60%,0.77%,-2.53%,-1.30%,-0.41%,0.35%,0.21%,-3.43%,4.25%,2.32%,1.74%,-1.32%,-0.68%,-2.01%,87,120,106,98,125,132,155,134,114,131,38.59%,0.91%,61.08%,38.73%,30.00%,257.6%,187.2%,311.1%,0.00%,0.00%
2008/01/31,2007/12/31,2.48%,0.52%,1.06%,0.98%,0.29%,-5.32%,-4.65%,-9.02%,-5.80%,-4.52%,-2.52%,-2.03%,0.11%,-2.91%,-5.98%,-2.30%,89,120,107,99,125,125,147,121,108,125,35.55%,1.71%,57.02%,35.91%,22.22%,249.4%,197.8%,299.1%,-2.52%,-2.03%
2008/02/29,2008/01/31,-2.68%,0.04%,-1.67%,1.43%,0.52%,-5.19%,-2.47%,-3.58%,-1.49%,-3.69%,-2.21%,-3.46%,1.20%,-4.75%,-3.00%,-3.71%,87,120,105,101,126,119,144,117,106,120,39.88%,3.24%,53.56%,31.21%,18.56%,236.5%,195.7%,280.2%,-4.67%,-5.42%
2008/03/31,2008/02/29,1.01%,1.87%,-0.33%,-0.72%,-1.90%,0.26%,1.74%,-0.65%,-1.15%,-3.60%,4.32%,2.98%,-1.64%,-3.04%,-0.63%,-3.94%,88,123,105,100,123,119,146,116,105,116,35.82%,-0.74%,60.20%,35.11%,17.81%,223.2%,185.9%,268.6%,-0.55%,-2.61%
2008/04/30,2008/03/31,-2.08%,-0.77%,2.08%,1.39%,-0.67%,3.24%,3.08%,6.88%,5.75%,4.35%,2.06%,2.71%,-0.70%,3.42%,4.79%,2.61%,86,122,107,101,122,123,151,124,111,121,37.73%,0.37%,63.49%,38.77%,23.46%,231.7%,179.7%,281.2%,0.00%,0.00%
2008/05/31,2008/04/30,-1.01%,-0.56%,-1.87%,0.59%,0.72%,1.73%,1.81%,0.66%,3.77%,1.88%,-0.49%,-1.20%,-1.14%,2.11%,1.98%,2.47%,85,121,105,102,123,125,154,125,115,123,40.12%,0.52%,62.70%,37.11%,25.90%,239.9%,181.0%,289.3%,-0.49%,-1.20%
2008/06/30,2008/05/31,-1.43%,-3.23%,-1.75%,-0.94%,3.62%,-9.28%,-8.52%,-8.66%,-8.91%,-6.55%,2.73%,1.87%,2.15%,-10.91%,-8.40%,-11.47%,84,117,103,101,128,113,140,114,105,115,47.20%,3.27%,67.14%,39.68%,15.32%,200.9%,172.4%,246.8%,0.00%,0.00%
2008/07/31,2008/06/30,1.84%,-0.81%,-1.54%,1.02%,2.44%,0.59%,-2.11%,-2.92%,0.19%,2.83%,1.29%,0.57%,-3.34%,1.28%,-0.54%,1.11%,85,116,102,102,131,114,137,111,105,118,48.08%,5.58%,69.30%,40.47%,14.70%,204.2%,176.9%,251.2%,0.00%,0.00%
2008/08/31,2008/07/31,-0.14%,-0.32%,-0.21%,0.34%,-0.89%,2.58%,0.92%,1.13%,2.48%,1.45%,3.90%,3.87%,-0.80%,5.56%,1.65%,4.40%,85,116,101,102,130,117,139,112,108,120,46.98%,4.38%,75.90%,45.90%,16.60%,217.6%,184.5%,270.8%,0.00%,0.00%
2008/09/30,2008/08/31,-1.14%,0.05%,0.68%,2.74%,-3.41%,-11.35%,-8.72%,-7.51%,-8.75%,-9.85%,4.00%,3.47%,-2.83%,-12.44%,-8.85%,-13.49%,84,116,102,105,125,104,127,104,98,108,43.65%,5.95%,82.94%,50.97%,6.28%,174.8%,171.3%,224.6%,0.00%,0.00%
2008/10/31,2008/09/30,-0.88%,0.50%,1.37%,-4.43%,-0.74%,-17.35%,-15.80%,-15.76%,-21.03%,-16.74%,-3.61%,-4.18%,-2.72%,-27.28%,-17.40%,-26.03%,83,116,103,100,124,86,107,87,78,90,43.86%,6.60%,76.35%,44.66%,-12.22%,103.2%,147.9%,136.1%,-3.61%,-4.18%
2008/11/30,2008/10/31,3.81%,-0.58%,0.94%,-1.26%,-1.14%,-4.55%,-9.56%,-6.71%,-8.54%,-8.12%,3.07%,1.04%,-1.86%,-16.31%,-7.97%,-16.62%,87,116,104,99,123,82,96,82,71,83,36.74%,2.80%,81.76%,46.16%,-19.21%,69.46%,126.5%,97.57%,-0.65%,-3.18%
2008/12/31,2008/11/30,-1.35%,-0.43%,-0.14%,-1.36%,5.89%,0.51%,-0.09%,1.83%,1.59%,7.66%,7.13%,7.65%,1.37%,10.04%,2.00%,7.75%,85,115,104,98,130,82,96,83,72,89,46.63%,10.14%,94.72%,57.34%,-17.59%,82.59%,139.5%,117.4%,0.00%,0.00%
2009/01/31,2008/12/31,-2.90%,-0.52%,2.64%,-3.49%,2.44%,-8.70%,-7.96%,-9.54%,-10.60%,-4.19%,-12.57%,-17.49%,8.82%,-7.25%,-8.28%,-2.00%,83,115,107,94,133,75,89,75,64,85,54.46%,15.11%,70.25%,29.82%,-24.42%,78.93%,154.5%,101.6%,-12.57%,-17.49%
2009/02/28,2009/01/31,0.98%,-0.27%,-0.71%,-1.07%,-4.12%,-9.37%,-8.36%,-10.66%,-11.62%,-11.70%,0.04%,-3.39%,-3.61%,-18.03%,-10.22%,-17.02%,84,114,106,93,128,68,81,67,57,75,46.59%,12.43%,70.31%,25.43%,-32.14%,48.48%,137.2%,65.28%,-12.54%,-20.28%
2009/03/31,2009/02/28,0.09%,0.68%,0.60%,0.94%,1.02%,9.02%,7.80%,9.58%,10.42%,8.38%,-7.02%,-15.36%,0.67%,14.23%,8.87%,18.84%,84,115,107,94,129,74,88,74,63,82,47.96%,11.70%,58.36%,6.16%,-26.13%,76.46%,160.9%,88.80%,-18.67%,-32.53%
2009/04/30,2009/03/31,1.44%,-1.29%,1.06%,1.21%,0.49%,13.00%,7.94%,12.62%,14.50%,6.54%,15.25%,6.74%,16.30%,35.53%,10.45%,33.51%,85,114,108,95,130,84,95,83,72,87,46.54%,4.48%,82.50%,13.31%,-18.40%,135.6%,221.0%,155.9%,-6.28%,-27.98%
2009/05/31,2009/04/30,-4.58%,-1.17%,-1.36%,-1.02%,2.97%,2.39%,3.07%,4.13%,4.89%,8.61%,1.96%,-4.79%,9.10%,16.80%,5.16%,18.24%,81,112,107,94,134,86,97,86,75,95,57.60%,10.97%,86.08%,7.89%,-14.20%,178.6%,263.0%,198.9%,-4.44%,-31.43%
2009/06/30,2009/05/31,-1.57%,0.33%,0.00%,0.83%,0.12%,-0.44%,1.36%,1.17%,-0.08%,-0.56%,-0.64%,-2.93%,3.66%,3.50%,0.39%,4.38%,80,113,107,95,134,86,99,87,75,94,60.27%,10.84%,84.89%,4.72%,-13.86%,190.8%,277.5%,209.3%,-5.05%,-33.44%
2009/07/31,2009/06/30,0.86%,-0.85%,-0.97%,0.54%,-0.25%,9.50%,6.27%,7.14%,9.31%,7.32%,3.24%,6.19%,0.57%,14.43%,7.78%,12.58%,81,112,106,96,133,94,105,94,82,101,58.49%,8.42%,90.88%,11.21%,-7.16%,227.3%,295.6%,254.0%,-1.97%,-29.32%
2009/08/31,2009/07/31,-0.16%,-0.49%,0.84%,-1.74%,-0.95%,3.79%,2.40%,3.31%,4.54%,3.44%,-6.15%,-8.00%,5.50%,13.07%,3.49%,15.47%,80,111,106,94,132,97,108,97,86,104,57.24%,8.05%,79.14%,2.31%,-3.92%,278.0%,343.0%,300.2%,-8.00%,-34.98%
2009/09/30,2009/08/31,-0.16%,0.81%,-1.03%,-1.70%,0.46%,6.63%,5.19%,3.74%,3.39%,3.96%,-0.92%,-3.69%,1.35%,7.70%,4.15%,8.80%,80,112,105,92,133,104,113,100,89,109,58.21%,5.17%,77.48%,-1.47%,0.06%,311.2%,363.6%,331.1%,-8.85%,-37.38%
2009/10/31,2009/09/30,-0.77%,0.12%,2.10%,1.25%,-1.50%,-6.00%,-3.28%,-1.85%,-2.10%,-2.64%,6.68%,7.24%,1.53%,-2.68%,-2.59%,-4.85%,80,112,108,94,131,97,109,98,87,106,57.06%,8.70%,89.34%,5.67%,-2.53%,291.3%,353.1%,319.5%,-2.76%,-32.84%
2009/11/30,2009/10/31,-0.18%,1.09%,0.56%,-0.17%,-0.88%,5.69%,5.77%,5.64%,5.32%,5.69%,3.44%,2.61%,-3.09%,1.58%,5.59%,0.80%,80,113,108,93,130,103,116,104,92,112,55.96%,8.70%,95.86%,8.42%,2.92%,294.4%,331.4%,326.1%,0.00%,-31.09%
2009/12/31,2009/11/30,1.60%,0.74%,-0.78%,0.51%,0.05%,5.09%,4.68%,2.93%,4.09%,-0.07%,0.11%,-3.07%,1.53%,5.45%,2.80%,6.36%,81,114,107,94,130,108,121,107,96,112,53.53%,3.09%,96.08%,5.10%,5.80%,319.5%,346.8%,349.4%,0.00%,-33.20%
2010/01/31,2009/12/31,-0.28%,-1.57%,-1.45%,-0.20%,1.62%,-3.18%,-4.52%,-4.72%,-3.23%,-1.18%,-3.75%,-7.39%,1.03%,-1.67%,-3.38%,0.55%,81,112,106,94,132,105,116,102,93,110,56.46%,5.16%,88.72%,-2.67%,2.23%,321.8%,364.3%,341.9%,-3.75%,-38.14%
2010/02/28,2010/01/31,1.02%,-0.30%,0.73%,0.54%,-1.41%,4.32%,3.59%,3.91%,3.83%,2.11%,2.86%,2.86%,1.47%,4.06%,3.44%,3.21%,81,112,107,94,130,109,120,106,96,113,52.65%,2.83%,94.12%,0.11%,5.74%,335.3%,363.3%,359.8%,-1.00%,-36.37%
2010/03/31,2010/02/28,0.49%,0.37%,-0.28%,-0.30%,0.76%,7.92%,6.89%,6.31%,5.60%,6.61%,2.97%,1.77%,5.07%,10.56%,6.36%,10.03%,82,113,106,94,131,118,128,113,102,120,53.07%,1.49%,99.90%,1.88%,12.47%,379.0%,380.2%,408.3%,0.00%,-35.25%
2010/04/30,2010/03/31,2.09%,-0.99%,0.09%,0.32%,-0.18%,4.60%,1.86%,2.51%,2.26%,0.77%,-5.58%,-8.05%,4.87%,8.40%,2.11%,10.82%,84,111,106,94,131,123,130,115,104,121,49.60%,-2.40%,88.74%,-6.32%,14.85%,430.8%,422.0%,451.1%,-5.58%,-40.46%
2010/05/31,2010/04/30,0.83%,2.22%,0.42%,-0.42%,-0.15%,-7.88%,-7.13%,-7.41%,-8.07%,-8.60%,4.65%,5.31%,1.04%,-6.68%,-7.82%,-8.28%,84,114,107,94,130,114,121,107,95,111,48.12%,-3.10%,97.52%,-1.35%,5.86%,386.9%,419.7%,414.2%,-1.19%,-37.30%
2010/06/30,2010/05/31,-0.03%,1.15%,-0.37%,0.12%,0.70%,-6.01%,-5.50%,-5.57%,-5.50%,-5.37%,5.28%,5.79%,-0.63%,-6.80%,-5.53%,-8.54%,84,115,106,94,131,107,114,101,90,105,49.20%,-2.48%,107.9%,4.37%,0.01%,345.3%,404.0%,379.2%,0.00%,-33.67%
2010/07/31,2010/06/30,1.09%,-0.33%,-0.42%,0.09%,1.02%,7.93%,6.65%,6.73%,7.27%,6.95%,0.66%,-0.46%,-0.47%,5.69%,7.01%,5.82%,85,115,106,94,133,115,122,108,97,112,49.09%,-3.43%,109.3%,3.89%,7.02%,371.2%,398.0%,406.5%,0.00%,-33.97%
2010/08/31,2010/07/31,1.86%,1.16%,1.44%,-0.81%,-0.99%,-3.34%,-3.59%,-3.85%,-6.42%,-5.46%,0.83%,-0.25%,-0.34%,-8.03%,-4.66%,-7.95%,87,116,107,93,131,111,118,104,91,106,44.84%,-5.47%,111.0%,3.63%,2.02%,333.8%,381.7%,365.8%,0.00%,-34.14%
2010/09/30,2010/08/31,-0.36%,-0.00%,-1.47%,-0.65%,2.40%,9.22%,8.90%,9.94%,9.58%,9.21%,2.40%,1.68%,-0.62%,11.77%,9.41%,11.27%,86,116,106,93,135,122,128,114,99,116,48.85%,-5.49%,116.1%,5.37%,11.62%,382.6%,390.6%,420.7%,0.00%,-33.03%
2010/10/31,2010/09/30,0.60%,0.05%,-0.03%,0.63%,-0.03%,4.25%,3.77%,4.73%,4.47%,2.36%,2.00%,1.29%,1.97%,5.62%,3.89%,5.23%,87,116,106,93,135,127,133,119,104,118,47.92%,-7.27%,120.4%,6.73%,15.96%,407.9%,397.2%,449.9%,0.00%,-32.17%
2010/11/30,2010/10/31,0.24%,0.38%,-0.60%,0.33%,-0.06%,0.71%,0.97%,0.64%,0.90%,-0.61%,5.96%,6.17%,1.52%,4.36%,0.54%,2.51%,87,117,105,94,134,128,134,120,105,118,47.48%,-8.49%,133.6%,13.32%,16.58%,420.6%,407.0%,473.9%,0.00%,-27.98%
2010/12/31,2010/11/30,-2.57%,-2.37%,-0.31%,-0.77%,0.55%,5.07%,5.15%,6.24%,7.29%,8.97%,-0.64%,-1.10%,0.11%,9.12%,6.70%,9.44%,85,114,105,93,135,134,141,128,112,128,52.08%,-4.92%,132.1%,12.08%,24.40%,469.8%,420.9%,526.2%,-0.64%,-28.77%
2011/01/31,2010/12/31,-2.23%,-0.33%,1.16%,0.51%,-0.26%,-0.44%,1.14%,3.00%,2.70%,2.22%,-0.42%,-2.46%,3.74%,4.40%,2.06%,5.14%,83,114,106,93,135,134,143,131,115,131,55.07%,-2.40%,131.1%,9.32%,26.96%,499.1%,437.0%,553.8%,-1.06%,-30.52%
2011/02/28,2011/01/31,0.70%,0.39%,0.45%,-0.38%,-0.49%,4.45%,3.87%,3.88%,3.31%,2.82%,3.36%,3.19%,2.07%,6.62%,3.59%,5.66%,84,114,107,93,134,140,148,136,119,135,53.22%,-3.99%,138.9%,12.81%,31.52%,533.0%,448.1%,597.1%,0.00%,-28.30%
2011/03/31,2011/02/28,0.88%,-0.26%,-0.27%,0.27%,1.45%,1.61%,0.46%,0.68%,-0.00%,0.33%,1.68%,0.58%,-0.09%,0.18%,0.49%,0.01%,84,114,106,93,136,142,149,137,119,135,54.10%,-5.22%,142.9%,13.45%,32.16%,533.0%,445.5%,598.3%,0.00%,-27.89%
2011/04/30,2011/03/31,0.31%,0.07%,-0.32%,0.04%,0.71%,3.21%,2.98%,3.23%,2.97%,2.57%,2.33%,2.69%,-0.41%,2.01%,2.97%,1.20%,85,114,106,93,137,146,153,142,123,139,54.72%,-5.83%,148.6%,16.51%,36.08%,540.7%,435.9%,612.4%,0.00%,-25.95%
2011/05/31,2011/04/30,1.22%,0.67%,0.10%,-0.58%,0.24%,-0.13%,-0.50%,-0.94%,-2.07%,-1.55%,0.86%,0.45%,-0.69%,-2.50%,-1.22%,-2.64%,86,115,106,93,137,146,153,140,120,136,53.20%,-7.17%,150.7%,17.03%,34.42%,523.8%,428.3%,594.6%,0.00%,-25.62%
2011/06/30,2011/05/31,1.58%,0.95%,-0.45%,0.22%,0.09%,-0.58%,-1.05%,-2.34%,-1.82%,-2.03%,1.32%,0.28%,-0.55%,-3.43%,-1.74%,-3.52%,87,116,106,93,138,145,151,137,118,134,50.92%,-8.51%,154.0%,17.36%,32.08%,501.8%,418.9%,570.7%,0.00%,-25.41%
2011/07/31,2011/06/30,0.76%,-0.22%,0.28%,1.53%,-1.48%,-2.04%,-2.92%,-2.22%,-0.87%,-4.00%,1.48%,-0.29%,2.26%,-1.54%,-2.26%,-1.46%,88,115,106,94,136,142,147,134,117,128,47.54%,-10.30%,157.8%,17.02%,29.09%,493.1%,423.1%,560.4%,0.00%,-25.62%
2011/08/31,2011/07/31,1.70%,0.81%,1.07%,0.22%,-1.25%,-5.04%,-5.77%,-4.93%,-5.91%,-7.73%,1.48%,1.12%,-1.84%,-10.23%,-5.89%,-10.56%,89,116,107,95,134,135,138,128,110,118,43.19%,-12.71%,161.6%,18.33%,21.49%,430.4%,398.6%,492.8%,0.00%,-24.79%
2011/09/30,2011/08/31,-0.30%,-0.37%,1.14%,0.22%,-2.29%,-8.20%,-8.48%,-6.44%,-6.78%,-9.86%,1.83%,0.69%,-1.62%,-12.34%,-7.63%,-12.54%,89,116,108,95,131,124,126,119,102,107,40.34%,-14.16%,166.4%,19.14%,12.22%,363.9%,374.1%,419.7%,0.00%,-24.28%
2011/10/31,2011/09/30,-2.48%,-0.24%,0.16%,0.33%,0.92%,9.41%,11.44%,11.06%,11.85%,12.78%,2.99%,2.89%,-2.43%,13.07%,11.39%,12.20%,87,116,108,95,132,136,141,132,115,120,45.11%,-11.26%,174.3%,22.59%,25.00%,420.5%,378.0%,487.6%,0.00%,-22.09%
2011/11/30,2011/10/31,0.59%,1.50%,0.34%,0.59%,-0.89%,-0.19%,0.68%,-0.23%,-0.20%,-1.96%,3.24%,4.62%,-0.34%,-1.54%,-0.35%,-2.92%,87,117,109,96,131,136,142,132,114,118,42.96%,-12.83%,183.2%,28.25%,24.56%,405.3%,365.7%,478.5%,0.00%,-18.49%
2011/12/31,2011/11/30,0.43%,-0.52%,0.91%,0.21%,0.26%,0.61%,-0.15%,1.32%,0.90%,1.14%,2.43%,3.60%,0.32%,1.44%,0.85%,0.36%,88,117,110,96,131,136,142,134,115,119,42.72%,-12.37%,190.1%,32.87%,25.62%,407.1%,363.4%,486.9%,0.00%,-15.55%
2012/01/31,2011/12/31,-2.67%,-1.00%,-1.97%,-0.16%,1.42%,3.18%,4.24%,3.63%,6.51%,8.21%,0.61%,-2.99%,3.87%,12.39%,5.09%,13.28%,85,116,108,96,133,141,148,139,123,129,48.56%,-7.96%,191.9%,28.89%,32.02%,474.4%,401.3%,559.6%,0.00%,-18.08%
2012/02/29,2012/01/31,0.33%,-0.54%,1.21%,-0.15%,-2.50%,3.98%,3.07%,5.53%,4.61%,3.08%,1.03%,1.33%,2.50%,6.48%,4.25%,6.08%,86,115,109,96,130,146,152,146,129,133,44.36%,-8.80%,194.9%,30.61%,37.63%,509.4%,410.5%,602.3%,0.00%,-16.99%
2012/03/31,2012/02/29,1.05%,0.20%,0.18%,-0.62%,0.58%,3.41%,2.65%,3.31%,2.47%,3.92%,2.43%,2.78%,2.39%,5.84%,3.15%,5.00%,86,115,109,95,130,151,156,151,132,138,43.67%,-8.33%,202.0%,34.24%,41.95%,539.9%,420.0%,643.3%,0.00%,-14.68%
2012/04/30,2012/03/31,2.78%,1.45%,0.39%,1.22%,-1.35%,1.45%,0.36%,-0.87%,-0.52%,-2.84%,2.58%,2.33%,2.34%,0.01%,-0.69%,-0.69%,89,117,109,96,129,153,157,150,131,134,37.74%,-12.27%,209.8%,37.38%,40.97%,535.4%,420.0%,643.4%,0.00%,-12.69%
2012/05/31,2012/04/30,0.70%,-0.11%,1.04%,-0.21%,0.35%,-4.80%,-4.90%,-5.65%,-7.23%,-7.93%,0.11%,0.26%,0.84%,-8.92%,-6.09%,-9.00%,89,117,111,96,129,146,149,142,122,124,37.26%,-15.02%,210.2%,37.74%,32.39%,478.2%,404.9%,577.0%,0.00%,-12.46%
2012/06/30,2012/05/31,1.11%,0.18%,-0.35%,-0.51%,0.52%,4.79%,3.52%,3.50%,3.95%,4.79%,2.78%,2.97%,-0.80%,4.72%,3.98%,3.83%,90,117,110,95,130,153,154,146,126,130,36.45%,-15.01%,218.8%,41.82%,37.67%,500.4%,404.1%,609.0%,0.00%,-9.86%
2012/07/31,2012/06/30,0.03%,-0.55%,0.92%,-0.38%,0.63%,1.34%,-0.20%,2.00%,-0.08%,0.49%,-1.29%,-3.16%,-0.03%,-3.57%,0.87%,-2.62%,90,116,111,95,131,155,154,149,126,130,37.27%,-15.73%,214.7%,37.34%,38.87%,484.7%,386.5%,583.7%,-1.29%,-12.71%
2012/08/31,2012/07/31,-0.34%,-0.60%,0.61%,-0.01%,-0.58%,1.70%,1.58%,3.19%,2.88%,2.58%,1.32%,1.31%,-0.51%,3.72%,2.50%,3.33%,90,116,112,95,130,158,157,154,130,134,36.95%,-14.99%,218.8%,39.14%,42.34%,504.1%,390.5%,609.2%,0.00%,-11.57%
2012/09/30,2012/08/31,0.84%,0.08%,-1.14%,-0.36%,0.78%,3.01%,2.46%,1.60%,2.58%,3.80%,-0.21%,-2.29%,0.15%,4.60%,2.56%,5.29%,91,116,111,95,131,163,160,157,133,139,36.87%,-14.31%,218.1%,35.96%,45.99%,536.1%,403.9%,641.8%,-0.21%,-13.59%
2012/10/31,2012/09/30,0.75%,-0.62%,-0.86%,-0.21%,2.13%,-2.03%,-2.02%,-2.68%,-1.84%,0.24%,3.72%,5.19%,1.52%,2.00%,-1.70%,0.44%,92,115,110,95,134,159,157,152,131,139,38.76%,-12.38%,230.0%,43.01%,43.50%,538.9%,414.7%,656.6%,0.00%,-9.11%
2012/11/30,2012/10/31,0.55%,0.45%,0.50%,-1.12%,-0.43%,1.68%,1.23%,1.40%,-0.36%,0.21%,1.98%,2.09%,-0.11%,1.47%,0.66%,0.85%,92,115,110,93,133,162,159,155,130,139,37.40%,-13.66%,236.5%,46.00%,44.45%,544.3%,415.6%,667.8%,0.00%,-7.21%
2012/12/31,2012/11/30,1.71%,-0.62%,0.91%,-1.31%,0.73%,1.41%,0.08%,1.28%,0.43%,3.15%,0.98%,1.02%,-1.72%,3.76%,1.26%,3.45%,94,115,111,92,134,164,159,157,131,144,36.05%,-12.16%,239.8%,47.49%,46.27%,566.5%,426.9%,696.6%,0.00%,-6.26%
2013/01/31,2012/12/31,1.31%,0.99%,0.64%,-3.72%,1.37%,6.01%,5.53%,6.30%,2.63%,7.73%,1.16%,0.32%,3.17%,9.90%,5.53%,9.80%,95,116,112,89,136,174,168,166,134,155,36.15%,-10.65%,243.8%,47.96%,54.35%,631.8%,449.5%,775.4%,0.00%,-5.96%
2013/02/28,2013/01/31,0.05%,1.10%,-0.12%,-0.94%,0.13%,1.37%,2.48%,1.23%,0.28%,1.17%,2.14%,1.94%,0.80%,1.88%,1.30%,1.30%,95,117,112,88,136,176,172,168,135,157,36.25%,-10.82%,251.1%,50.84%,56.35%,641.3%,449.5%,791.9%,0.00%,-4.13%
2013/03/31,2013/02/28,0.19%,0.04%,-0.16%,-0.55%,0.35%,4.37%,4.17%,3.59%,3.59%,4.40%,2.26%,2.56%,1.12%,6.42%,4.00%,5.65%,95,117,112,87,137,184,179,175,140,164,36.47%,-10.79%,259.0%,54.70%,62.60%,683.2%,458.6%,849.2%,0.00%,-1.68%
2013/04/30,2013/03/31,0.90%,0.08%,0.09%,0.01%,0.36%,1.92%,1.49%,1.78%,1.45%,1.88%,3.24%,4.12%,1.83%,2.30%,1.68%,1.06%,96,117,112,87,137,188,182,178,142,167,35.74%,-10.83%,270.7%,61.07%,65.33%,691.5%,455.1%,871.0%,0.00%,0.00%
2013/05/31,2013/04/30,-0.51%,-0.35%,-1.84%,-0.16%,0.96%,1.40%,1.72%,0.59%,3.91%,3.83%,-0.57%,-0.27%,-0.28%,6.24%,2.46%,6.32%,95,117,110,87,138,190,185,179,147,173,37.72%,-8.66%,268.6%,60.64%,69.40%,741.6%,476.5%,931.5%,-0.57%,-0.27%
2013/06/30,2013/05/31,1.13%,0.99%,-0.28%,-0.03%,-1.64%,0.29%,-0.18%,-1.56%,-1.30%,-2.78%,1.17%,1.49%,0.48%,-0.17%,-1.25%,-0.62%,97,118,109,87,136,191,185,176,145,168,33.91%,-11.46%,272.9%,63.03%,67.28%,736.4%,480.2%,929.8%,0.00%,0.00%
2013/07/31,2013/06/30,-0.22%,-0.90%,-1.32%,-0.52%,1.82%,5.12%,4.26%,4.29%,6.08%,7.42%,0.49%,-0.63%,1.23%,9.64%,5.46%,9.83%,96,117,108,87,139,201,193,183,154,181,36.63%,-9.42%,274.7%,62.01%,76.41%,818.6%,505.6%,1029%,0.00%,-0.63%
2013/08/31,2013/07/31,0.11%,-0.27%,-1.58%,0.46%,0.55%,-1.63%,-2.58%,-4.22%,-2.98%,-2.06%,3.62%,4.26%,4.47%,1.42%,-2.84%,0.14%,96,117,106,87,139,197,188,176,149,177,37.23%,-9.81%,288.3%,68.91%,71.40%,819.9%,523.6%,1045%,0.00%,0.00%
2013/09/30,2013/08/31,1.52%,0.11%,-0.31%,-0.47%,-0.67%,6.00%,4.46%,3.54%,2.92%,3.15%,-0.10%,-0.18%,0.52%,6.51%,3.76%,6.56%,98,117,106,87,138,209,196,182,154,183,34.22%,-12.38%,287.9%,68.60%,77.84%,880.2%,541.1%,1120%,-0.10%,-0.18%
2013/10/31,2013/09/30,1.41%,1.06%,-0.07%,-1.57%,0.48%,4.73%,4.54%,4.69%,2.86%,4.69%,2.87%,3.33%,0.87%,5.59%,4.19%,4.60%,99,118,106,85,139,219,205,190,158,191,32.98%,-12.42%,299.0%,74.21%,85.29%,925.3%,543.7%,1188%,0.00%,0.00%
2013/11/30,2013/10/31,-1.04%,-0.86%,-2.84%,0.97%,1.02%,2.19%,2.18%,0.47%,4.18%,4.22%,-0.49%,-0.82%,-0.34%,3.81%,2.86%,4.06%,98,117,103,86,140,224,209,191,165,199,35.71%,-10.64%,297.0%,72.78%,90.59%,966.9%,551.4%,1237%,-0.49%,-0.82%
2013/12/31,2013/11/30,1.56%,-0.37%,0.66%,-0.91%,-0.90%,4.09%,2.37%,3.66%,2.02%,1.87%,0.55%,-0.30%,-0.05%,2.71%,2.61%,2.80%,100,117,104,86,139,233,214,198,168,203,32.37%,-12.62%,299.2%,72.26%,95.56%,996.7%,552.7%,1273%,0.00%,-1.12%
2014/01/31,2013/12/31,-1.74%,-0.56%,0.46%,-0.19%,2.76%,-4.42%,-3.77%,-3.05%,-3.63%,-1.25%,-4.99%,-5.81%,2.37%,-1.04%,-3.13%,0.71%,98,116,104,85,143,223,206,192,162,200,38.33%,-9.85%,279.3%,62.25%,89.43%,1004%,577.7%,1259%,-4.99%,-6.87%
2014/02/28,2014/01/31,-0.33%,-0.21%,0.36%,-0.35%,0.69%,4.71%,4.55%,5.27%,3.88%,5.18%,-0.41%,-0.98%,-0.14%,4.24%,4.67%,4.54%,98,116,104,85,144,233,216,202,168,211,39.74%,-9.42%,277.7%,60.65%,98.28%,1055%,576.8%,1316%,-5.38%,-7.78%
2014/03/31,2014/02/28,-2.19%,-0.44%,0.32%,1.88%,0.07%,-2.65%,-0.92%,0.71%,2.20%,1.29%,2.01%,3.99%,1.57%,3.56%,0.51%,2.36%,96,115,105,87,144,227,214,204,172,214,42.89%,-5.85%,285.3%,67.06%,99.29%,1082%,589.3%,1367%,-3.48%,-4.11%
2014/04/30,2014/03/31,-1.19%,0.91%,-0.09%,0.14%,0.82%,-1.97%,-0.52%,-0.19%,0.16%,1.07%,3.63%,4.83%,1.67%,-0.83%,-0.02%,-2.28%,94,116,105,87,145,223,213,203,172,216,45.76%,-2.99%,299.3%,75.13%,99.24%,1055%,573.8%,1355%,0.00%,0.00%
2014/05/31,2014/04/30,0.47%,-0.03%,-0.09%,0.07%,0.32%,2.75%,1.78%,2.06%,2.44%,1.64%,2.33%,1.88%,0.71%,0.48%,2.10%,-0.08%,95,116,105,87,146,229,216,208,177,219,45.53%,-4.07%,308.6%,78.43%,103.4%,1054%,559.0%,1362%,0.00%,0.00%
2014/06/30,2014/05/31,0.40%,-1.01%,-0.23%,0.32%,-0.38%,3.66%,2.24%,2.12%,2.26%,2.88%,-0.07%,-1.11%,-1.38%,3.29%,2.50%,3.63%,95,115,104,87,145,237,221,212,181,226,44.41%,-4.81%,308.3%,76.44%,108.5%,1096%,566.5%,1410%,-0.07%,-1.11%
2014/07/31,2014/06/30,-0.99%,-0.36%,-0.94%,-0.34%,3.16%,-3.18%,-3.21%,-2.72%,-1.52%,-0.01%,2.42%,2.43%,3.06%,-2.33%,-1.95%,-3.06%,94,115,103,87,150,230,214,206,178,226,50.39%,-1.80%,318.2%,80.72%,104.4%,1059%,559.1%,1375%,0.00%,0.00%
2014/08/31,2014/07/31,-0.21%,-0.26%,-0.10%,-0.36%,0.72%,4.43%,4.14%,3.67%,3.96%,4.84%,1.30%,-0.32%,-0.47%,3.04%,4.18%,3.14%,94,114,103,87,151,240,223,214,185,237,51.79%,-1.40%,323.6%,80.14%,113.0%,1096%,552.3%,1419%,0.00%,-0.32%
2014/09/30,2014/08/31,-0.99%,0.18%,-0.44%,-1.18%,1.79%,-2.97%,-1.75%,-2.26%,-2.67%,-1.19%,2.14%,1.45%,0.01%,-5.96%,-2.09%,-6.39%,93,114,103,85,154,233,219,209,180,234,56.02%,0.35%,332.7%,82.75%,108.5%,1019%,524.2%,1329%,0.00%,0.00%
2014/10/31,2014/09/30,-0.69%,0.48%,0.53%,0.54%,-0.38%,2.18%,3.36%,2.32%,2.52%,3.02%,5.31%,5.30%,-2.75%,3.41%,2.74%,1.82%,93,115,103,86,153,238,226,214,184,241,56.51%,1.20%,355.7%,92.44%,114.2%,1040%,518.4%,1378%,0.00%,0.00%
2014/11/30,2014/10/31,-0.39%,-0.85%,0.34%,1.15%,0.02%,2.65%,2.00%,1.97%,3.99%,2.00%,2.59%,1.88%,0.03%,-0.30%,2.53%,-0.86%,92,114,104,87,153,244,231,218,192,246,57.16%,0.53%,367.5%,96.06%,119.7%,1030%,497.4%,1373%,0.00%,0.00%
2014/12/31,2014/11/30,-1.54%,0.75%,0.59%,0.47%,-0.50%,-1.37%,0.84%,0.49%,-0.35%,-0.33%,2.53%,1.21%,-2.69%,-0.06%,-0.03%,-0.43%,91,115,104,87,152,241,233,219,191,245,58.80%,1.57%,379.3%,98.43%,119.6%,1025%,495.1%,1372%,0.00%,0.00%
2015/01/31,2014/12/31,0.45%,-1.36%,2.15%,-0.03%,0.47%,-2.86%,-3.79%,-0.91%,-2.84%,-3.26%,-1.18%,-2.53%,-0.15%,-5.64%,-2.75%,-4.88%,91,113,106,87,153,234,224,217,186,237,58.83%,1.17%,373.6%,93.40%,113.6%,970.0%,482.4%,1289%,-1.18%,-2.53%
2015/02/28,2015/01/31,0.12%,-0.53%,-0.56%,0.20%,-0.47%,6.14%,5.73%,4.70%,6.45%,5.67%,-1.30%,-2.54%,2.54%,7.83%,5.76%,8.59%,91,113,106,88,152,248,237,227,198,250,57.89%,0.70%,367.5%,88.50%,125.9%,1062%,498.9%,1398%,-2.47%,-5.01%
2015/03/31,2015/02/28,-0.88%,-0.11%,0.33%,0.46%,-0.53%,-1.80%,-0.79%,-0.31%,-1.34%,-1.28%,4.98%,5.56%,0.53%,1.79%,-1.06%,0.12%,91,113,106,88,151,244,235,227,195,247,58.43%,1.22%,390.7%,98.98%,123.5%,1063%,505.9%,1425%,0.00%,0.00%
2015/04/30,2015/03/31,2.32%,-0.01%,-0.98%,0.26%,-0.26%,1.81%,-0.79%,-0.70%,1.26%,0.99%,0.93%,-3.94%,3.51%,2.85%,0.40%,4.04%,93,113,105,88,151,248,233,225,197,250,54.33%,0.40%,395.3%,91.14%,124.4%,1110%,528.0%,1468%,0.00%,-3.94%
2015/05/31,2015/04/30,-1.12%,-2.17%,0.52%,0.39%,1.54%,0.61%,-0.10%,1.89%,0.98%,2.97%,0.32%,-1.27%,-1.71%,-2.27%,1.29%,-1.89%,92,110,106,88,153,250,233,229,199,257,58.45%,2.76%,396.9%,88.71%,127.3%,1087%,508.0%,1433%,0.00%,-5.16%
2015/06/30,2015/05/31,1.03%,-0.13%,-0.14%,-0.77%,-0.53%,-0.62%,-1.08%,-1.34%,-2.34%,-2.23%,2.33%,2.26%,-0.49%,-1.37%,-1.63%,-2.05%,93,110,106,88,153,248,231,226,195,251,55.98%,1.10%,408.5%,92.97%,123.6%,1063%,505.5%,1412%,0.00%,-3.02%
2015/07/31,2015/06/30,1.91%,-0.43%,0.92%,2.08%,-2.60%,3.57%,2.47%,1.56%,1.13%,0.69%,4.42%,3.97%,-0.37%,-6.10%,1.67%,-7.29%,94,110,107,90,149,257,236,230,197,253,48.95%,-1.82%,431.0%,100.6%,127.3%,978.3%,451.2%,1320%,0.00%,0.00%
2015/08/31,2015/07/31,0.26%,0.81%,0.35%,-0.40%,-0.55%,-6.75%,-5.19%,-5.58%,-6.04%,-6.90%,-0.99%,-3.25%,-0.38%,-3.69%,-5.98%,-2.72%,95,110,107,89,148,240,224,217,185,235,47.74%,-1.97%,425.7%,94.12%,113.7%,949.0%,469.2%,1267%,-0.99%,-3.25%
2015/09/30,2015/08/31,0.59%,0.84%,0.85%,0.58%,-2.21%,-2.45%,-1.16%,-1.98%,-2.63%,-5.74%,-3.03%,-2.14%,-4.43%,-10.85%,-2.82%,-10.21%,95,111,108,90,145,234,221,213,180,222,43.61%,-5.19%,409.8%,89.97%,107.7%,841.9%,427.2%,1119%,-4.00%,-5.32%
2015/10/31,2015/09/30,-0.59%,0.74%,-0.09%,0.53%,0.07%,7.91%,6.83%,6.59%,8.26%,8.68%,4.05%,4.42%,-1.04%,8.38%,7.68%,7.06%,95,112,108,90,145,252,236,227,195,241,44.55%,-4.47%,430.4%,98.36%,123.6%,908.4%,423.9%,1221%,-0.11%,-1.13%
2015/11/30,2015/10/31,0.30%,-0.65%,0.99%,-0.09%,-0.19%,0.65%,0.13%,1.28%,0.76%,0.15%,1.24%,-8.43%,-3.38%,-3.89%,0.55%,-1.36%,95,111,109,90,144,254,237,230,196,242,43.85%,-4.95%,437.0%,81.65%,124.8%,894.6%,413.9%,1170%,0.00%,-9.46%
2015/12/31,2015/11/30,-2.20%,0.84%,0.89%,0.60%,-1.45%,-3.48%,-0.44%,-0.93%,-2.16%,-3.84%,4.30%,3.85%,1.18%,-4.83%,-2.07%,-5.99%,93,112,110,91,142,245,236,227,192,232,44.91%,-5.29%,460.0%,88.64%,120.2%,835.1%,393.8%,1108%,0.00%,-5.98%
2016/01/31,2015/12/31,1.31%,1.29%,0.24%,-1.39%,-1.52%,-4.73%,-3.89%,-4.62%,-7.05%,-8.01%,-2.24%,-3.21%,-5.48%,-15.03%,-5.64%,-14.06%,94,114,110,89,140,233,227,217,179,214,40.80%,-8.39%,447.5%,82.58%,107.8%,703.6%,352.2%,926.7%,-2.24%,-9.00%
2016/02/29,2016/01/31,0.43%,0.50%,0.01%,1.39%,-1.23%,0.20%,-0.40%,-0.26%,1.01%,-0.58%,3.55%,5.15%,0.01%,2.89%,-0.05%,1.34%,94,114,110,91,138,234,226,216,180,212,38.47%,-9.11%,466.9%,91.99%,107.6%,714.4%,358.5%,956.4%,0.00%,-4.31%
2016/03/31,2016/02/29,0.18%,2.21%,0.78%,0.38%,-0.95%,7.68%,7.10%,6.44%,7.35%,7.17%,-0.21%,-0.40%,2.26%,13.86%,7.08%,13.98%,95,117,111,91,137,252,242,230,194,228,36.91%,-9.57%,465.7%,91.21%,122.4%,828.2%,390.1%,1103%,-0.21%,-4.70%
2016/04/30,2016/03/31,1.74%,0.38%,-1.35%,-0.84%,1.18%,2.14%,-0.31%,-0.55%,0.25%,2.83%,-2.14%,-5.01%,0.88%,3.71%,0.81%,5.21%,96,117,109,90,139,257,241,229,194,234,36.14%,-8.95%,453.6%,81.63%,124.2%,876.6%,411.7%,1147%,-2.35%,-9.47%
2016/05/31,2016/04/30,-1.52%,-0.80%,0.57%,1.04%,0.26%,0.69%,1.39%,2.23%,2.75%,1.81%,2.92%,2.62%,-0.03%,0.77%,1.79%,-0.01%,95,116,110,91,139,259,244,234,200,238,38.55%,-7.94%,469.8%,86.39%,128.2%,876.5%,402.4%,1157%,0.00%,-7.10%
2016/06/30,2016/05/31,-0.44%,2.15%,0.17%,-2.14%,0.31%,-0.21%,2.73%,0.37%,-2.05%,-0.28%,-2.17%,-4.59%,-0.48%,-2.35%,0.26%,-0.97%,94,119,110,89,139,258,251,235,195,238,39.59%,-8.00%,457.4%,77.84%,128.8%,867.0%,396.2%,1128%,-2.17%,-11.36%
2016/07/31,2016/06/30,-1.04%,0.20%,-0.22%,2.32%,-0.29%,3.37%,2.96%,2.89%,6.70%,4.44%,1.94%,1.62%,0.31%,9.28%,3.96%,8.80%,93,119,110,91,139,267,258,242,209,248,40.64%,-7.01%,468.2%,80.72%,137.9%,952.1%,420.2%,1242%,-0.27%,-9.93%
2016/08/31,2016/07/31,1.06%,-0.62%,0.24%,0.89%,-0.77%,0.96%,-0.67%,0.14%,1.60%,0.14%,0.07%,-2.92%,-0.45%,1.42%,0.32%,2.29%,94,118,110,92,138,270,257,242,212,249,38.08%,-7.77%,468.7%,75.44%,138.6%,976.2%,430.5%,1261%,-0.20%,-12.56%
2016/09/30,2016/08/31,1.95%,-1.28%,-0.82%,-0.31%,1.07%,2.36%,-1.08%,-0.81%,0.32%,1.58%,3.52%,4.08%,2.37%,5.16%,0.19%,3.94%,96,117,109,92,139,276,254,240,213,253,36.86%,-8.49%,488.7%,82.59%,139.1%,1019%,450.4%,1331%,0.00%,-9.00%
2016/10/31,2016/09/30,0.83%,-0.83%,0.19%,1.26%,-0.96%,-2.03%,-2.62%,-1.04%,-1.07%,-3.80%,5.39%,4.88%,1.44%,-4.90%,-2.12%,-6.36%,97,116,110,93,138,270,247,238,210,243,34.40%,-10.10%,520.4%,91.50%,134.0%,947.5%,427.1%,1261%,0.00%,-4.56%
2016/11/30,2016/10/31,0.63%,-0.70%,-0.03%,2.62%,-0.00%,3.64%,3.16%,2.53%,8.92%,5.14%,5.27%,2.78%,1.21%,10.58%,4.59%,9.75%,98,115,110,95,138,280,255,244,229,255,33.55%,-8.75%,553.1%,96.82%,144.7%,1050%,454.3%,1405%,0.00%,-1.90%
2016/12/31,2016/11/30,-0.33%,-0.01%,0.98%,-1.11%,0.71%,1.00%,1.87%,2.59%,1.39%,2.28%,2.79%,2.40%,1.38%,2.48%,1.94%,1.76%,97,115,111,94,139,283,260,250,232,261,34.93%,-7.58%,571.3%,101.5%,149.5%,1070%,453.2%,1442%,0.00%,0.00%
2017/01/31,2016/12/31,1.69%,0.12%,0.24%,0.08%,-1.69%,4.79%,1.80%,2.13%,1.42%,0.72%,-3.13%,-6.42%,-1.07%,-0.31%,1.89%,1.62%,99,115,111,94,137,297,264,255,236,263,30.37%,-11.34%,550.3%,88.59%,154.2%,1089%,451.7%,1437%,-3.13%,-6.42%
2017/02/28,2017/01/31,-3.06%,0.46%,0.21%,0.26%,0.61%,1.74%,3.55%,3.44%,3.87%,4.61%,1.81%,1.06%,-0.34%,1.93%,3.64%,1.61%,96,116,111,95,138,302,274,264,245,275,35.15%,-8.79%,562.0%,90.58%,163.5%,1108%,440.5%,1467%,-1.38%,-5.43%
2017/03/31,2017/02/28,0.63%,-0.96%,0.22%,0.37%,-0.63%,1.50%,-0.81%,0.37%,-0.25%,0.25%,1.98%,0.63%,-1.00%,0.51%,0.13%,0.32%,96,115,111,95,137,306,272,265,244,276,33.44%,-9.93%,575.2%,91.79%,163.8%,1112%,441.6%,1475%,0.00%,-4.83%
2017/04/30,2017/03/31,1.05%,-0.33%,0.84%,0.06%,-1.42%,2.78%,0.85%,1.84%,0.91%,0.01%,4.92%,4.21%,-0.38%,1.05%,1.11%,-0.21%,97,114,112,95,135,315,274,270,246,276,30.15%,-12.43%,608.4%,99.86%,166.7%,1109%,434.4%,1491%,0.00%,-0.83%
2017/05/31,2017/04/30,0.33%,-0.55%,0.37%,-0.18%,-0.82%,2.50%,0.52%,1.96%,0.63%,0.42%,4.97%,5.14%,-0.32%,-1.08%,1.06%,-2.62%,98,114,113,95,134,323,275,275,248,277,28.65%,-14.25%,643.6%,110.1%,169.6%,1077%,414.7%,1474%,0.00%,0.00%
2017/06/30,2017/05/31,-0.90%,-0.20%,-0.23%,0.41%,1.18%,-0.44%,0.47%,0.33%,1.47%,1.97%,0.32%,-3.84%,1.87%,3.43%,0.90%,4.58%,97,113,112,95,135,321,277,276,251,283,31.32%,-12.18%,646.0%,102.1%,172.0%,1131%,433.7%,1528%,0.00%,-3.84%
2017/07/31,2017/06/30,-1.45%,-1.15%,1.73%,-0.51%,0.10%,0.86%,0.88%,3.47%,1.57%,2.05%,2.20%,2.48%,0.27%,0.58%,1.93%,-0.17%,96,112,114,95,135,324,279,286,255,288,33.36%,-11.14%,662.4%,107.1%,177.2%,1129%,422.5%,1538%,0.00%,-1.46%
2017/08/31,2017/07/31,-0.79%,-1.18%,-0.78%,-0.37%,2.53%,-0.10%,-0.40%,-0.23%,-0.75%,3.08%,1.00%,1.33%,-0.20%,-1.93%,0.26%,-2.32%,95,111,113,95,139,324,278,285,253,297,37.78%,-8.32%,670.0%,109.8%,177.9%,1101%,409.0%,1506%,0.00%,-0.15%
2017/09/30,2017/08/31,-0.77%,0.13%,0.76%,-0.08%,-0.89%,1.37%,3.25%,2.10%,3.40%,1.50%,-3.45%,-5.81%,-1.52%,4.45%,2.47%,6.19%,94,111,114,94,138,328,287,291,262,302,37.62%,-8.20%,643.5%,97.63%,184.8%,1175%,428.0%,1577%,-3.45%,-5.95%
2017/10/31,2017/09/30,0.28%,-2.50%,1.10%,-0.01%,-0.50%,2.81%,-0.02%,3.39%,2.85%,1.35%,0.61%,0.56%,-0.37%,-1.18%,2.24%,-1.35%,94,108,116,94,137,337,287,301,270,306,36.55%,-9.54%,648.0%,98.72%,191.2%,1158%,409.0%,1558%,-2.86%,-5.43%
2017/11/30,2017/10/31,0.78%,1.56%,-0.26%,-0.87%,-0.95%,4.53%,4.21%,2.79%,2.69%,2.67%,0.23%,-1.20%,0.80%,2.84%,3.22%,3.20%,95,110,115,94,136,353,299,309,277,314,34.18%,-11.23%,649.7%,96.35%,200.6%,1198%,408.9%,1605%,-2.64%,-6.56%
2017/12/31,2017/11/30,-0.83%,0.75%,-0.08%,-0.34%,-0.41%,0.74%,1.75%,1.15%,0.97%,0.48%,1.94%,2.31%,2.50%,3.94%,1.10%,3.25%,94,111,115,93,135,355,304,313,280,316,34.74%,-11.47%,664.2%,100.9%,203.8%,1240%,419.9%,1672%,-0.75%,-4.40%
2018/01/31,2017/12/31,3.68%,-1.08%,-1.23%,-1.12%,-0.24%,10.27%,4.10%,4.90%,5.20%,4.97%,2.12%,1.50%,3.40%,4.66%,5.34%,4.21%,98,110,114,92,135,392,317,328,294,331,29.47%,-16.16%,680.4%,103.9%,220.1%,1297%,414.0%,1754%,0.00%,-2.97%
2018/02/28,2018/01/31,1.64%,-2.16%,-0.75%,1.39%,0.73%,-2.41%,-5.31%,-4.23%,-2.41%,-3.07%,2.29%,2.32%,0.86%,-3.71%,-3.65%,-4.40%,99,107,113,94,136,382,300,314,287,321,28.29%,-16.72%,698.3%,108.6%,208.4%,1235%,410.1%,1686%,0.00%,-0.72%
2018/03/31,2018/02/28,2.27%,2.12%,0.00%,-1.13%,-0.72%,-1.11%,0.02%,-2.86%,-3.37%,-1.74%,3.75%,1.98%,0.56%,2.12%,-1.98%,1.53%,102,109,113,92,135,378,300,305,277,315,24.46%,-17.25%,728.2%,112.8%,202.3%,1256%,428.0%,1724%,0.00%,0.00%
2018/04/30,2018/03/31,4.07%,-0.62%,1.02%,-1.45%,-1.53%,4.27%,-0.18%,1.16%,-0.89%,-0.78%,1.71%,2.09%,-0.20%,1.01%,0.43%,0.39%,106,109,114,91,133,394,300,309,275,313,17.48%,-21.43%,742.4%,117.2%,203.6%,1261%,427.8%,1742%,0.00%,0.00%
2018/05/31,2018/04/30,-0.14%,0.30%,0.84%,0.09%,-3.10%,3.54%,2.81%,2.73%,2.70%,2.38%,3.17%,3.30%,-0.81%,7.01%,2.78%,6.02%,106,109,115,91,129,408,308,317,282,320,14.01%,-22.34%,769.2%,124.4%,212.0%,1343%,444.9%,1871%,0.00%,0.00%
2018/06/30,2018/05/31,2.77%,0.46%,0.45%,-0.79%,-1.49%,3.83%,0.97%,0.85%,-0.36%,0.11%,4.21%,1.06%,0.39%,3.00%,0.75%,2.68%,108,110,116,90,127,424,311,320,281,321,9.15%,-25.23%,805.8%,126.7%,214.4%,1382%,455.4%,1930%,0.00%,0.00%
2018/07/31,2018/06/30,-2.05%,-0.78%,-0.39%,0.70%,1.12%,1.60%,2.01%,3.11%,4.39%,4.40%,5.44%,6.55%,0.19%,3.23%,3.27%,1.27%,106,109,115,91,128,431,317,330,294,335,12.61%,-23.13%,855.0%,141.6%,224.7%,1400%,444.2%,1996%,0.00%,0.00%
2018/08/31,2018/07/31,0.88%,0.68%,-1.02%,-0.03%,-1.25%,5.24%,3.76%,2.84%,3.63%,2.83%,2.67%,2.82%,0.32%,3.46%,3.55%,2.62%,107,109,114,91,126,453,329,339,304,344,10.21%,-24.99%,880.6%,148.4%,236.2%,1440%,439.2%,2069%,0.00%,0.00%
2018/09/30,2018/08/31,0.27%,0.10%,0.11%,-0.89%,0.35%,0.92%,-0.05%,0.31%,-0.49%,0.23%,1.87%,1.30%,0.46%,-1.19%,0.10%,-1.58%,107,110,114,90,127,457,329,340,303,345,10.30%,-25.50%,898.9%,151.6%,236.6%,1415%,430.1%,2043%,0.00%,0.00%
2018/10/31,2018/09/30,-1.44%,1.30%,1.20%,1.12%,1.51%,-9.89%,-6.58%,-6.24%,-6.66%,-8.01%,-0.18%,-1.53%,0.07%,-11.86%,-7.27%,-11.40%,106,111,115,91,129,412,307,319,283,318,13.55%,-24.10%,897.2%,147.8%,212.1%,1243%,408.2%,1789%,-0.18%,-1.53%
2018/11/30,2018/10/31,1.04%,0.94%,0.04%,-1.97%,1.90%,3.00%,2.63%,1.81%,0.01%,3.92%,3.05%,3.14%,-3.13%,-1.39%,1.99%,-2.34%,107,112,115,89,131,425,315,325,283,330,14.53%,-23.40%,927.6%,155.6%,218.3%,1211%,386.2%,1762%,0.00%,0.00%
2018/12/31,2018/11/30,1.17%,-0.91%,-0.46%,-0.22%,0.87%,-9.78%,-8.31%,-10.12%,-8.88%,-9.25%,3.50%,3.52%,-2.16%,-14.64%,-9.28%,-15.70%,108,111,115,89,132,383,289,292,258,299,14.18%,-22.99%,963.5%,164.6%,188.8%,1005%,355.0%,1490%,0.00%,0.00%
2019/01/31,2018/12/31,-0.97%,0.88%,0.54%,1.46%,-3.49%,8.73%,8.56%,8.20%,10.13%,7.17%,-6.25%,-8.94%,-1.47%,14.63%,8.72%,17.31%,107,112,116,91,128,417,314,316,284,321,11.30%,-24.20%,897.0%,140.9%,214.0%,1197%,394.0%,1722%,-6.25%,-8.94%
2019/02/28,2019/01/31,-1.18%,0.39%,0.28%,-0.30%,-0.48%,2.98%,3.79%,3.68%,3.32%,3.37%,1.19%,0.55%,0.46%,6.50%,3.43%,6.34%,106,112,116,90,127,429,326,328,293,332,12.08%,-23.90%,908.9%,142.3%,224.7%,1279%,408.4%,1841%,-5.13%,-8.44%
2019/03/31,2019/02/28,1.21%,-0.26%,-0.55%,0.08%,-1.23%,3.12%,1.53%,1.27%,1.44%,-0.35%,-2.05%,-4.79%,-1.75%,-4.29%,1.41%,-2.85%,107,112,115,90,126,442,331,332,297,331,9.35%,-26.55%,888.2%,130.7%,229.3%,1240%,386.8%,1757%,-7.08%,-12.82%
2019/04/30,2019/03/31,0.32%,0.65%,0.57%,0.80%,-4.54%,4.35%,3.52%,4.79%,5.56%,-0.17%,1.41%,1.16%,-3.28%,1.55%,4.02%,1.20%,108,113,116,91,120,462,342,348,314,330,4.04%,-29.87%,902.1%,133.3%,242.5%,1256%,373.1%,1786%,-5.77%,-11.81%
2019/05/31,2019/04/30,0.07%,1.83%,1.10%,-1.20%,0.51%,-6.96%,-3.19%,-5.73%,-8.73%,-6.43%,-4.30%,-2.69%,-2.53%,-13.52%,-6.47%,-12.72%,108,115,117,90,120,429,331,328,286,309,4.50%,-29.50%,859.1%,127.1%,220.4%,1083%,343.5%,1531%,-9.82%,-14.18%
2019/06/30,2019/05/31,-1.08%,-0.50%,-0.96%,0.30%,1.35%,6.84%,5.00%,5.86%,8.16%,8.26%,7.52%,6.23%,-1.29%,8.14%,6.83%,6.27%,106,114,116,90,122,459,348,347,310,334,7.04%,-28.50%,931.2%,141.2%,242.2%,1157%,341.0%,1664%,-3.04%,-8.83%
2019/07/31,2019/06/30,-1.07%,0.73%,1.10%,0.64%,-1.60%,0.39%,1.52%,2.71%,2.35%,-0.97%,1.84%,2.09%,-0.73%,-2.24%,1.45%,-2.86%,105,115,117,91,120,461,353,356,317,331,6.48%,-29.47%,950.2%,146.3%,247.2%,1121%,322.0%,1625%,-1.26%,-6.93%
2019/08/31,2019/07/31,-0.63%,2.23%,-0.90%,-0.15%,-0.69%,-2.46%,0.50%,-3.06%,-2.45%,-3.06%,-0.58%,1.08%,0.93%,-5.12%,-2.11%,-5.45%,105,118,116,91,119,449,355,346,309,321,6.40%,-29.90%,944.0%,148.9%,239.9%,1055%,307.9%,1536%,-1.83%,-5.92%
2019/09/30,2019/08/31,-0.04%,0.93%,-0.32%,2.41%,0.53%,0.62%,0.77%,1.69%,3.95%,1.21%,5.95%,6.28%,4.39%,7.84%,1.76%,5.95%,105,119,116,93,120,452,358,351,322,325,7.02%,-29.49%,1006%,164.5%,245.8%,1124%,325.1%,1664%,0.00%,-0.01%
2019/10/31,2019/09/30,-1.25%,-1.53%,0.30%,0.34%,2.28%,1.27%,0.47%,2.35%,2.81%,4.57%,3.73%,-1.01%,-2.24%,-1.14%,2.20%,-0.84%,103,117,116,93,123,458,360,360,331,340,10.79%,-27.16%,1047%,161.9%,253.4%,1113%,312.1%,1644%,0.00%,-1.02%
2019/11/30,2019/10/31,-2.44%,-0.89%,1.09%,0.16%,0.79%,1.93%,2.48%,4.77%,4.58%,4.93%,4.29%,2.04%,-2.92%,2.64%,3.75%,2.02%,101,116,118,93,124,467,368,377,346,356,14.37%,-24.97%,1097%,167.2%,266.7%,1138%,305.0%,1690%,0.00%,0.00%
2019/12/31,2019/11/30,-0.39%,-0.22%,-0.21%,0.36%,1.01%,2.35%,1.95%,2.67%,3.49%,3.59%,0.36%,0.50%,3.51%,9.06%,2.79%,8.91%,100,116,117,94,125,478,376,387,358,369,15.97%,-24.04%,1101%,168.5%,276.9%,1248%,329.8%,1852%,0.00%,0.00%
2020/01/31,2019/12/31,-0.51%,0.71%,0.55%,-1.10%,-2.00%,0.37%,0.60%,1.29%,-0.63%,-2.18%,-7.03%,-13.71%,-1.46%,-9.99%,0.06%,-5.88%,100,117,118,93,122,479,378,392,356,361,14.23%,-25.97%,1016%,131.7%,277.2%,1169%,304.3%,1657%,-7.03%,-13.71%
2020/02/29,2020/01/31,0.28%,-3.37%,1.61%,-0.02%,-0.18%,-7.80%,-8.27%,-7.55%,-9.03%,-6.69%,1.10%,-2.90%,0.13%,-9.85%,-8.00%,-8.98%,100,113,120,93,122,442,347,362,323,337,13.70%,-25.14%,1029%,125.0%,247.0%,1055%,300.4%,1484%,-6.01%,-16.21%
2020/03/31,2020/02/29,-1.05%,-5.33%,-1.31%,-1.46%,2.74%,-11.69%,-15.03%,-13.71%,-15.76%,-9.98%,-2.18%,-12.98%,-3.31%,-34.12%,-13.57%,-30.22%,99,107,118,91,126,390,295,313,272,303,18.00%,-23.86%,1004%,95.79%,199.9%,706.0%,233.7%,943.8%,-8.05%,-27.09%
2020/04/30,2020/03/31,2.59%,-0.97%,0.08%,-1.65%,1.48%,17.21%,10.98%,12.66%,13.10%,12.64%,8.53%,8.82%,15.59%,38.63%,13.44%,35.99%,102,106,118,90,127,457,327,352,308,342,16.70%,-27.34%,1098%,113.1%,240.2%,996.1%,309.0%,1347%,-0.21%,-20.66%
2020/05/31,2020/04/30,-2.17%,1.39%,-0.51%,-0.24%,-1.66%,5.36%,7.02%,4.98%,5.82%,3.85%,-3.69%,-9.64%,-4.25%,0.36%,5.40%,3.25%,99,107,118,90,125,482,350,370,326,355,17.30%,-28.44%,1054%,92.52%,258.6%,1032%,300.2%,1352%,-3.89%,-28.31%
2020/06/30,2020/05/31,0.35%,0.34%,-0.75%,1.71%,-2.97%,3.35%,3.39%,1.19%,4.11%,0.11%,-0.58%,-5.13%,5.12%,9.30%,2.43%,10.84%,100,107,117,91,122,498,362,374,339,355,13.42%,-30.76%,1047%,82.64%,267.3%,1154%,333.8%,1487%,-4.45%,-31.99%
2020/07/31,2020/06/30,0.72%,-2.45%,-0.17%,0.52%,-2.13%,6.53%,6.11%,5.45%,7.37%,2.21%,-3.47%,-7.16%,-0.82%,0.34%,5.73%,2.48%,101,105,117,92,119,531,384,394,364,363,10.19%,-33.75%,1008%,69.57%,288.3%,1186%,319.7%,1493%,-7.76%,-36.86%
2020/08/31,2020/07/31,3.17%,-1.91%,-1.97%,1.63%,-3.89%,11.63%,7.02%,5.71%,9.79%,3.08%,5.95%,4.18%,0.09%,7.31%,7.38%,6.05%,104,103,114,93,114,592,411,417,400,374,2.41%,-39.41%,1074%,76.66%,317.0%,1263%,314.2%,1609%,-2.27%,-34.22%
2020/09/30,2020/08/31,-1.48%,-0.03%,-1.20%,1.61%,-0.16%,-4.98%,-2.98%,-4.14%,-2.58%,-3.21%,1.51%,-0.45%,2.02%,-4.38%,-3.61%,-4.25%,102,103,113,95,114,563,399,400,390,362,3.77%,-38.34%,1091%,75.87%,301.9%,1205%,311.6%,1534%,-0.80%,-34.51%
2020/10/31,2020/09/30,-0.52%,0.52%,0.81%,2.54%,-2.58%,-3.97%,-2.15%,-2.21%,1.06%,-3.61%,1.90%,4.17%,-2.93%,3.04%,-2.11%,1.79%,102,103,114,97,111,540,390,391,394,349,1.63%,-38.12%,1114%,83.20%,293.4%,1229%,327.6%,1584%,0.00%,-31.78%
2020/11/30,2020/10/31,7.58%,-1.16%,-1.49%,-0.86%,1.63%,19.36%,10.81%,10.23%,11.97%,14.23%,-0.75%,-0.27%,1.98%,29.33%,12.26%,29.42%,109,102,112,96,113,645,432,431,441,399,-4.42%,-41.29%,1105%,82.69%,341.6%,1620%,401.0%,2078%,-0.75%,-31.97%
2020/12/31,2020/11/30,3.24%,-2.37%,-0.82%,-0.20%,-0.69%,8.20%,3.95%,3.74%,4.85%,4.65%,-1.73%,-1.95%,-1.40%,10.70%,4.57%,11.29%,113,100,111,96,112,698,449,447,463,417,-8.18%,-43.37%,1084%,79.12%,361.8%,1814%,434.6%,2311%,-2.47%,-33.30%
2021/01/31,2020/12/31,0.43%,-2.93%,0.87%,-2.01%,3.04%,-0.36%,-1.52%,0.18%,-0.84%,3.02%,-16.10%,-23.00%,0.33%,4.46%,-0.12%,11.36%,113,97,112,94,116,696,442,448,459,430,-5.78%,-41.46%,893.3%,37.92%,361.3%,2031%,496.0%,2419%,-18.18%,-48.64%
