Date,fdate,FIRMTANG_AR_1,FIRMTANG_AR_2,FIRMTANG_AR_3,FIRMTANG_AR_4,FIRMTANG_AR_5,FIRMTANG_TR_1,FIRMTANG_TR_2,FIRMTANG_TR_3,FIRMTANG_TR_4,FIRMTANG_TR_5,FIRMTANG_AR_Sig,FIRMTANG_TR_Sig,FIRMTANG_AR_130,FIRMTANG_TR_130,FIRMTANG_TR_BP,FIRMTANG_TR_LO,FIRMTANG_CAR_1,FIRMTANG_CAR_2,FIRMTANG_CAR_3,FIRMTANG_CAR_4,FIRMTANG_CAR_5,FIRMTANG_CTR_1,FIRMTANG_CTR_2,FIRMTANG_CTR_3,FIRMTANG_CTR_4,FIRMTANG_CTR_5,FIRMTANG_CAR_LS,FIRMTANG_CTR_LS,FIRMTANG_CAR_SW,FIRMTANG_CTR_SW,FIRMTANG_CTR_BP,FIRMTANG_CTR_LO,FIRMTANG_CXR_LO,FIRMTANG_CTR_13,FIRMTANG_CADD,FIRMTANG_CTDD
2001/02/28,2001/01/31,1.01%,4.13%,4.99%,0.93%,-4.75%,-8.25%,-6.91%,-9.35%,-9.71%,-19.01%,-3.36%,-3.07%,8.38%,-12.20%,-9.48%,-11.28%,101,104,105,101,95,92,93,91,90,81,-5.76%,-10.76%,-3.36%,-3.07%,-9.48%,-11.28%,-1.80%,-12.20%,-3.36%,-3.07%
2001/03/31,2001/02/28,-3.79%,2.87%,1.24%,4.22%,-1.18%,-9.30%,-3.58%,-5.53%,-5.72%,-10.75%,-0.21%,-0.50%,2.26%,-9.03%,-6.73%,-8.88%,97,107,106,105,94,83,90,86,85,72,-3.30%,-12.06%,-3.57%,-3.56%,-15.57%,-19.15%,-3.91%,-20.13%,-3.57%,-3.56%
2001/04/30,2001/03/31,0.12%,-0.66%,-1.01%,1.03%,0.77%,6.99%,7.51%,6.99%,11.54%,12.27%,1.72%,1.86%,-2.52%,10.36%,8.26%,9.80%,97,106,105,106,95,89,96,92,95,81,-2.67%,-7.41%,-1.91%,-1.76%,-8.60%,-11.23%,-2.43%,-11.85%,-1.91%,-1.76%
2001/05/31,2001/04/30,0.37%,-0.17%,-0.52%,-0.90%,-1.25%,1.27%,1.08%,0.56%,1.36%,0.68%,2.03%,1.14%,6.35%,8.11%,1.01%,7.76%,98,106,105,105,94,90,98,92,96,82,-4.25%,-7.95%,0.08%,-0.64%,-7.68%,-4.34%,4.16%,-4.71%,0.00%,-0.64%
2001/06/30,2001/05/31,1.37%,-1.78%,0.83%,4.19%,2.76%,-1.62%,-4.42%,-1.59%,1.81%,1.98%,0.48%,1.01%,-2.34%,2.76%,-1.54%,2.45%,99,104,106,110,96,89,93,91,98,83,-2.92%,-4.64%,0.56%,0.37%,-9.10%,-1.99%,8.32%,-2.08%,0.00%,0.00%
2001/07/31,2001/06/30,-1.32%,0.75%,-0.79%,0.95%,-2.50%,-1.94%,0.54%,-2.18%,-1.81%,-6.46%,-0.22%,-1.04%,3.91%,-4.76%,-1.79%,-4.45%,98,105,105,111,94,87,94,89,96,78,-4.06%,-8.95%,0.34%,-0.67%,-10.73%,-6.35%,5.44%,-6.74%,-0.22%,-1.04%
2001/08/31,2001/07/31,-0.03%,2.89%,0.51%,0.14%,-1.54%,-6.10%,-3.47%,-5.69%,-7.51%,-9.53%,-1.37%,-1.00%,0.00%,-5.24%,-5.97%,-4.94%,98,108,105,111,92,82,90,84,89,71,-5.50%,-12.07%,-1.04%,-1.66%,-16.06%,-10.98%,6.53%,-11.63%,-1.59%,-2.02%
2001/09/30,2001/08/31,-1.35%,-0.52%,0.26%,-0.82%,0.52%,-7.90%,-8.00%,-8.05%,-11.62%,-12.88%,-1.88%,-0.34%,2.52%,-14.61%,-8.92%,-14.50%,96,108,106,110,93,75,83,77,79,61,-3.74%,-16.45%,-2.90%,-2.00%,-23.54%,-23.89%,0.58%,-24.54%,-3.44%,-2.36%
2001/10/31,2001/09/30,2.18%,2.19%,0.85%,2.79%,3.01%,2.57%,1.66%,0.44%,5.61%,7.27%,0.89%,2.37%,-2.55%,11.99%,2.68%,11.28%,98,110,106,113,96,77,85,77,83,66,-2.94%,-12.52%,-2.03%,0.32%,-21.50%,-15.31%,9.23%,-15.49%,-2.58%,-0.04%
2001/11/30,2001/10/31,0.90%,-0.95%,-1.90%,-0.59%,0.18%,7.75%,7.11%,6.58%,9.24%,9.90%,3.81%,1.63%,2.57%,10.24%,7.75%,9.75%,99,109,104,112,96,83,91,82,91,72,-3.64%,-10.64%,1.70%,1.96%,-15.41%,-7.05%,11.42%,-6.83%,0.00%,0.00%
2001/12/31,2001/11/30,-0.21%,-0.68%,2.14%,2.20%,0.42%,0.28%,0.94%,3.36%,4.45%,2.97%,1.65%,1.19%,2.92%,8.68%,1.71%,8.32%,99,108,107,115,96,83,91,85,95,75,-3.03%,-8.24%,3.39%,3.17%,-13.96%,0.69%,18.78%,1.25%,0.00%,0.00%
2002/01/31,2001/12/31,-1.66%,1.67%,-0.37%,-1.30%,2.81%,-2.91%,0.58%,-1.01%,-1.88%,-0.27%,1.21%,-0.25%,4.00%,1.67%,-1.25%,1.74%,97,110,106,113,99,81,92,84,93,74,1.30%,-5.81%,4.64%,2.91%,-15.04%,2.44%,22.34%,2.94%,0.00%,-0.25%
2002/02/28,2002/01/31,0.68%,-0.26%,2.00%,-0.15%,-2.55%,-1.36%,-2.38%,0.06%,-2.38%,-6.64%,-1.85%,-1.72%,-2.11%,-6.88%,-2.10%,-6.37%,98,110,108,113,96,80,90,84,91,69,-1.97%,-10.79%,2.71%,1.14%,-16.83%,-4.08%,17.12%,-4.14%,-1.85%,-1.97%
2002/03/31,2002/02/28,0.08%,1.99%,1.01%,1.49%,-1.20%,2.85%,6.14%,4.36%,6.57%,4.55%,0.87%,0.59%,0.10%,8.06%,4.42%,7.88%,98,112,109,115,95,82,95,88,97,73,-3.23%,-9.27%,3.61%,1.74%,-13.15%,3.48%,21.18%,3.58%,-0.99%,-1.39%
2002/04/30,2002/03/31,-1.52%,1.73%,1.04%,1.77%,-0.84%,-6.59%,-2.84%,-3.63%,-2.68%,-8.62%,-0.67%,-1.48%,0.17%,-2.90%,-5.00%,-2.45%,97,114,111,117,94,77,93,85,94,66,-2.57%,-11.11%,2.91%,0.24%,-17.49%,0.94%,24.26%,0.58%,-1.65%,-2.84%
2002/05/31,2002/04/30,-0.90%,0.42%,-0.20%,-0.39%,-1.37%,-1.33%,-0.15%,-0.41%,-1.49%,-4.14%,-0.19%,-0.48%,1.35%,-3.46%,-1.20%,-3.32%,96,114,110,117,93,76,92,84,93,64,-3.04%,-13.61%,2.72%,-0.24%,-18.48%,-2.41%,21.63%,-2.90%,-1.84%,-3.31%
2002/06/30,2002/05/31,-3.77%,0.70%,2.98%,5.03%,0.55%,-10.71%,-6.24%,-3.89%,-3.22%,-8.12%,1.13%,1.48%,-2.52%,-7.11%,-6.92%,-7.56%,92,115,114,122,94,68,87,81,90,58,1.15%,-11.38%,3.88%,1.24%,-24.12%,-9.79%,20.85%,-9.81%,-0.73%,-1.87%
2002/07/31,2002/06/30,2.15%,-0.85%,-3.52%,-0.44%,0.02%,-5.18%,-8.49%,-9.10%,-10.57%,-9.97%,-0.95%,0.38%,0.32%,-11.68%,-7.99%,-11.79%,94,114,110,122,94,64,79,74,80,53,-1.00%,-15.63%,2.89%,1.62%,-30.19%,-20.43%,16.26%,-20.34%,-1.67%,-1.50%
2002/08/31,2002/07/31,0.11%,-1.69%,-1.79%,-0.70%,0.54%,1.59%,0.07%,0.24%,0.82%,0.20%,0.45%,-1.00%,2.37%,-0.58%,0.64%,-0.28%,94,112,108,121,94,65,79,74,81,53,-0.58%,-16.80%,3.36%,0.61%,-29.74%,-20.65%,15.20%,-20.80%,-1.23%,-2.49%
2002/09/30,2002/08/31,-1.46%,-1.62%,-1.35%,1.25%,1.97%,-10.70%,-10.43%,-9.15%,-8.24%,-11.21%,1.19%,0.72%,2.75%,-8.26%,-10.13%,-8.47%,93,110,106,122,96,58,71,67,74,47,2.83%,-17.23%,4.59%,1.33%,-36.86%,-27.37%,17.10%,-27.34%,-0.05%,-1.79%
2002/10/31,2002/09/30,1.52%,0.60%,2.33%,-0.94%,4.42%,7.97%,6.66%,7.00%,5.00%,14.72%,1.23%,2.87%,-0.65%,7.73%,7.77%,6.87%,94,111,109,121,100,63,76,72,78,54,5.81%,-11.64%,5.87%,4.24%,-31.95%,-22.38%,16.05%,-21.72%,0.00%,0.00%
2002/11/30,2002/10/31,2.39%,-0.68%,-1.61%,-2.90%,-0.89%,7.14%,5.67%,3.72%,4.88%,9.13%,-0.78%,-1.16%,0.65%,13.53%,6.03%,13.87%,97,110,107,118,99,67,80,75,82,59,2.34%,-9.88%,5.05%,3.03%,-27.85%,-11.61%,25.16%,-11.14%,-0.78%,-1.16%
2002/12/31,2002/11/30,-0.81%,1.00%,-0.04%,-0.01%,0.35%,-6.03%,-3.94%,-4.89%,-6.09%,-8.32%,1.57%,0.68%,3.49%,-4.86%,-5.58%,-5.06%,96,111,107,118,100,63,77,71,77,54,3.54%,-11.95%,6.69%,3.73%,-31.88%,-16.08%,25.81%,-15.45%,0.00%,-0.49%
2003/01/31,2002/12/31,0.31%,-0.40%,0.26%,-0.51%,-0.17%,-2.18%,-2.99%,-2.34%,-2.89%,-3.01%,1.39%,2.32%,3.26%,2.53%,-2.56%,1.84%,96,111,107,117,100,62,75,69,75,52,3.04%,-12.68%,8.18%,6.13%,-33.63%,-14.54%,31.35%,-13.31%,0.00%,0.00%
2003/02/28,2003/01/31,-0.40%,0.18%,-0.05%,2.25%,0.61%,-2.19%,-1.90%,-2.10%,-0.01%,-1.39%,-0.46%,0.37%,-0.65%,-2.58%,-1.81%,-2.69%,96,111,107,120,100,60,73,68,75,51,4.08%,-11.98%,7.68%,6.52%,-34.83%,-16.84%,30.19%,-15.55%,-0.46%,0.00%
2003/03/31,2003/02/28,1.01%,0.44%,1.73%,1.26%,-0.02%,1.33%,0.51%,1.46%,1.32%,1.71%,1.20%,2.37%,1.00%,3.63%,1.22%,2.92%,97,112,109,121,100,61,74,69,76,52,3.01%,-11.65%,8.97%,9.04%,-34.03%,-14.41%,32.41%,-12.48%,0.00%,0.00%
2003/04/30,2003/03/31,0.81%,-0.71%,-0.45%,-0.27%,-1.22%,8.59%,7.89%,7.07%,8.84%,9.21%,-0.23%,0.09%,-0.41%,11.00%,8.22%,10.97%,97,111,109,121,99,67,79,74,82,57,0.92%,-11.11%,8.72%,9.14%,-28.61%,-5.01%,36.05%,-2.85%,-0.23%,0.00%
2003/05/31,2003/04/30,0.29%,0.52%,0.00%,-0.46%,-3.56%,5.64%,7.30%,5.52%,7.60%,6.24%,1.93%,2.85%,5.12%,18.61%,6.23%,17.76%,98,111,109,120,95,70,85,78,88,61,-2.96%,-10.58%,10.82%,12.25%,-24.16%,11.85%,51.74%,15.23%,0.00%,0.00%
2003/06/30,2003/05/31,0.01%,0.64%,-0.20%,0.16%,-1.54%,1.43%,2.04%,1.17%,2.44%,0.63%,0.84%,0.76%,2.85%,6.43%,1.49%,6.20%,98,112,108,121,94,71,87,79,91,61,-4.46%,-11.29%,11.75%,13.11%,-23.03%,18.79%,58.89%,22.64%,0.00%,0.00%
2003/07/31,2003/06/30,0.64%,0.06%,0.95%,0.60%,1.14%,1.77%,1.69%,2.65%,4.22%,4.81%,2.14%,2.79%,2.76%,9.99%,2.46%,9.16%,98,112,109,121,95,73,88,81,94,64,-3.99%,-8.60%,14.14%,16.26%,-21.14%,29.66%,69.53%,34.90%,0.00%,0.00%
2003/08/31,2003/07/31,-0.61%,-1.75%,1.80%,0.09%,1.02%,1.63%,0.68%,4.24%,4.07%,3.83%,1.81%,1.28%,1.60%,6.13%,2.35%,5.75%,98,110,111,121,96,74,89,84,98,66,-2.43%,-6.59%,16.21%,17.74%,-19.28%,37.12%,75.28%,43.17%,0.00%,0.00%
2003/09/30,2003/08/31,-0.04%,-0.77%,0.25%,-0.30%,0.40%,-1.16%,-1.66%,-0.67%,-1.09%,-0.49%,2.34%,2.59%,4.92%,5.09%,-1.08%,4.31%,98,109,112,121,96,73,88,84,97,66,-2.00%,-5.97%,18.93%,20.80%,-20.15%,43.03%,84.73%,50.45%,0.00%,0.00%
2003/10/31,2003/09/30,-0.61%,-0.40%,2.50%,1.67%,0.74%,4.44%,5.56%,8.30%,8.70%,5.58%,3.19%,2.05%,3.70%,9.63%,6.06%,9.02%,97,109,114,123,97,76,92,90,106,70,-0.68%,-4.90%,22.73%,23.27%,-15.32%,55.93%,90.20%,64.95%,0.00%,0.00%
2003/11/30,2003/10/31,0.45%,-0.09%,-0.51%,-0.66%,-0.18%,1.57%,1.74%,1.11%,1.98%,0.95%,0.43%,-0.25%,1.22%,3.33%,1.47%,3.40%,98,109,114,122,97,77,94,91,108,70,-1.30%,-5.49%,23.26%,22.97%,-14.07%,61.23%,93.87%,70.43%,0.00%,-0.25%
2003/12/31,2003/11/30,0.53%,0.87%,-1.01%,-3.43%,-2.10%,6.03%,4.33%,3.54%,1.73%,3.11%,-2.71%,-2.10%,-3.23%,1.78%,4.39%,2.41%,98,110,113,118,95,82,98,95,110,73,-3.89%,-8.25%,19.91%,20.39%,-10.30%,65.11%,90.03%,73.46%,-2.71%,-2.34%
2004/01/31,2003/12/31,1.18%,-0.60%,-1.41%,-2.21%,1.20%,2.91%,2.35%,1.43%,0.86%,2.82%,3.58%,2.56%,7.46%,10.26%,2.25%,9.49%,99,109,111,116,96,84,100,96,111,75,-3.87%,-8.33%,24.21%,23.48%,-8.28%,80.78%,103.8%,91.26%,0.00%,0.00%
2004/02/29,2004/01/31,-1.33%,0.83%,1.28%,1.82%,-1.63%,0.46%,2.16%,2.78%,3.15%,-0.41%,-0.57%,-0.31%,-1.13%,-0.09%,1.48%,0.00%,98,110,112,118,94,85,103,99,114,74,-4.16%,-9.13%,23.50%,23.09%,-6.92%,80.78%,100.8%,91.08%,-0.57%,-0.31%
2004/03/31,2004/02/29,-0.90%,0.21%,0.78%,1.36%,-0.79%,-2.24%,-0.46%,-0.32%,0.80%,-1.72%,-0.16%,-0.38%,-0.68%,-0.32%,-1.09%,-0.20%,97,110,113,119,94,83,102,98,115,73,-4.06%,-8.66%,23.30%,22.62%,-7.94%,80.42%,102.6%,90.48%,-0.73%,-0.69%
2004/04/30,2004/03/31,-0.49%,1.40%,-0.42%,-1.34%,-3.13%,-0.91%,-1.05%,-2.58%,-4.45%,-3.85%,-2.94%,-1.78%,-3.52%,-4.96%,-2.03%,-4.43%,97,112,113,118,91,82,101,96,110,70,-6.59%,-11.35%,19.68%,20.44%,-9.81%,72.42%,97.70%,81.02%,-3.64%,-2.46%
2004/05/31,2004/04/30,0.01%,-0.32%,0.46%,2.03%,0.13%,1.00%,0.78%,1.58%,3.10%,1.46%,0.48%,0.53%,-0.56%,0.02%,1.34%,-0.14%,97,111,113,120,91,83,102,97,113,71,-6.48%,-10.94%,20.25%,21.08%,-8.61%,72.18%,94.79%,81.06%,-3.19%,-1.94%
2004/06/30,2004/05/31,0.43%,-0.12%,-0.27%,-1.08%,0.70%,1.54%,2.18%,2.27%,1.64%,2.97%,-0.07%,-0.57%,-1.83%,1.23%,1.96%,1.40%,97,111,113,119,92,84,104,100,115,73,-6.23%,-9.66%,20.17%,20.39%,-6.81%,74.59%,93.69%,83.28%,-3.25%,-2.50%
2004/07/31,2004/06/30,-1.27%,-0.59%,1.88%,0.26%,1.32%,-4.18%,-4.00%,-2.64%,-3.21%,-5.41%,-0.54%,-0.70%,-3.34%,-8.22%,-3.87%,-8.01%,96,111,115,119,93,81,100,97,111,69,-3.80%,-10.76%,19.52%,19.55%,-10.42%,60.60%,85.66%,68.21%,-3.78%,-3.18%
2004/08/31,2004/07/31,-0.20%,1.47%,-1.26%,1.91%,-1.05%,0.21%,1.44%,-0.97%,2.14%,-1.58%,-0.51%,-0.56%,-1.10%,-1.74%,0.29%,-1.57%,96,112,114,121,92,81,101,96,114,68,-4.62%,-12.35%,18.91%,18.88%,-10.15%,58.08%,82.20%,65.28%,-4.26%,-3.72%
2004/09/30,2004/08/31,-0.47%,-0.21%,0.01%,1.50%,0.00%,0.37%,1.87%,2.23%,3.34%,2.45%,0.90%,0.46%,1.67%,4.58%,1.66%,4.45%,95,112,114,123,92,81,103,98,118,70,-4.16%,-10.53%,19.98%,19.43%,-8.67%,65.10%,87.28%,72.86%,-3.40%,-3.28%
2004/10/31,2004/09/30,-0.98%,0.20%,0.14%,1.67%,0.81%,0.66%,1.57%,1.46%,3.00%,2.72%,0.19%,0.30%,0.14%,2.23%,1.55%,2.14%,94,112,114,125,93,82,105,100,121,72,-2.44%,-8.69%,20.20%,19.78%,-7.25%,68.64%,88.39%,76.72%,-3.23%,-2.99%
2004/11/30,2004/10/31,0.06%,0.31%,-1.04%,-0.50%,0.86%,3.79%,5.40%,4.27%,4.49%,6.46%,1.11%,1.02%,1.55%,9.50%,4.65%,9.20%,94,113,113,125,93,85,111,104,127,77,-1.66%,-6.26%,21.54%,21.00%,-2.94%,84.15%,96.95%,93.51%,-2.15%,-2.01%
2004/12/31,2004/11/30,0.08%,-0.28%,-0.09%,0.65%,-0.04%,3.91%,3.07%,3.07%,4.14%,4.05%,1.95%,2.24%,3.78%,8.39%,3.62%,7.72%,94,112,113,125,93,88,114,107,132,80,-1.78%,-6.13%,23.91%,23.72%,0.58%,98.36%,105.0%,109.7%,-0.24%,0.00%
2005/01/31,2004/12/31,-0.91%,0.79%,0.47%,-1.18%,2.01%,-3.74%,-1.45%,-2.17%,-3.20%,-2.17%,0.68%,0.42%,1.01%,-3.62%,-2.69%,-3.75%,94,113,113,124,95,85,112,105,128,78,1.09%,-4.66%,24.75%,24.23%,-2.13%,90.93%,102.8%,102.1%,0.00%,0.00%
2005/02/28,2005/01/31,-0.69%,0.87%,3.17%,-0.87%,-1.82%,0.83%,3.09%,4.94%,1.54%,-0.44%,0.13%,0.05%,-0.87%,0.33%,2.06%,0.31%,93,114,117,123,93,85,116,110,130,78,-0.06%,-5.87%,24.91%,24.29%,-0.11%,91.52%,99.30%,102.8%,0.00%,0.00%
2005/03/31,2005/02/28,1.12%,-1.23%,-0.86%,-0.30%,0.63%,-0.69%,-2.43%,-2.29%,-1.45%,-2.68%,-1.40%,-1.58%,-2.12%,-4.97%,-1.73%,-4.49%,94,113,116,122,94,85,113,107,128,75,-0.55%,-7.74%,23.16%,22.33%,-1.84%,82.91%,93.79%,92.73%,-1.40%,-1.58%
2005/04/30,2005/03/31,0.61%,0.76%,-0.88%,0.01%,0.55%,-1.58%,-1.45%,-3.07%,-3.05%,-3.24%,-0.70%,-0.53%,-0.45%,-6.25%,-2.23%,-6.09%,94,114,115,122,95,84,111,104,124,73,-0.61%,-9.27%,22.30%,21.69%,-4.03%,71.78%,86.32%,80.69%,-2.09%,-2.09%
2005/05/31,2005/04/30,-0.15%,-0.27%,-0.64%,1.97%,-0.23%,3.41%,3.25%,3.29%,6.26%,4.80%,0.85%,0.99%,-0.91%,5.68%,3.88%,5.38%,94,113,114,125,94,86,115,108,132,77,-0.69%,-8.01%,23.34%,22.89%,-0.31%,81.02%,89.13%,90.95%,-1.26%,-1.13%
2005/06/30,2005/05/31,-0.55%,0.10%,0.04%,0.59%,0.04%,-0.55%,1.29%,1.92%,1.84%,1.07%,1.77%,1.75%,1.20%,4.58%,0.85%,4.06%,94,113,114,126,94,86,116,110,134,77,-0.10%,-6.53%,25.53%,25.04%,0.54%,88.37%,95.19%,99.70%,0.00%,0.00%
2005/07/31,2005/06/30,-0.12%,0.03%,0.35%,0.47%,-0.40%,3.73%,3.97%,3.91%,5.20%,5.20%,0.07%,-0.47%,-0.64%,6.02%,4.20%,6.16%,94,114,114,126,94,89,121,114,141,81,-0.38%,-5.16%,25.62%,24.45%,4.76%,99.97%,99.01%,111.7%,0.00%,-0.47%
2005/08/31,2005/07/31,0.34%,0.01%,-0.35%,-2.05%,2.14%,-0.92%,-0.70%,-1.18%,-2.72%,0.42%,0.23%,0.42%,0.91%,-0.99%,-1.01%,-1.11%,94,114,114,124,96,88,120,113,137,82,1.41%,-3.88%,25.90%,24.98%,3.70%,97.75%,98.81%,109.6%,0.00%,-0.05%
2005/09/30,2005/08/31,-0.32%,0.75%,1.32%,-1.71%,1.42%,-0.09%,1.45%,1.92%,-0.74%,1.28%,0.94%,0.97%,2.07%,1.46%,0.77%,1.17%,94,114,116,122,97,88,122,115,136,83,3.18%,-2.57%,27.08%,26.19%,4.50%,100.1%,99.61%,112.7%,0.00%,0.00%
2005/10/31,2005/09/30,0.11%,-0.64%,-1.46%,0.31%,2.56%,-1.38%,-2.10%,-3.25%,-1.51%,0.22%,-0.21%,-0.66%,-0.93%,-3.68%,-1.76%,-3.48%,94,114,114,122,100,87,119,111,134,83,5.71%,-1.00%,26.82%,25.35%,2.66%,93.09%,96.17%,104.9%,-0.21%,-0.66%
2005/11/30,2005/10/31,-0.68%,0.32%,0.55%,0.86%,1.13%,2.79%,3.85%,4.50%,4.49%,5.42%,0.05%,0.45%,-1.06%,3.83%,3.93%,3.69%,93,114,114,123,101,89,124,116,140,87,7.63%,1.60%,26.89%,25.92%,6.69%,100.2%,95.72%,112.7%,-0.15%,-0.21%
2005/12/31,2005/11/30,0.69%,0.11%,-0.95%,0.33%,-0.04%,0.59%,0.21%,-0.82%,0.37%,-0.33%,0.85%,0.83%,1.67%,1.31%,0.04%,1.06%,94,114,113,123,101,90,124,115,141,87,6.84%,0.66%,27.96%,26.96%,6.73%,102.3%,97.72%,115.5%,0.00%,0.00%
2006/01/31,2005/12/31,-1.33%,0.52%,0.10%,-1.32%,1.47%,1.98%,3.82%,4.01%,2.62%,6.30%,1.69%,2.14%,0.52%,9.85%,3.44%,9.20%,93,115,114,122,102,92,129,120,144,93,9.82%,5.01%,30.12%,29.67%,10.40%,121.0%,109.1%,136.7%,0.00%,0.00%
2006/02/28,2006/01/31,0.65%,0.44%,-1.27%,1.04%,-1.52%,1.01%,0.52%,-1.32%,0.97%,-1.44%,-0.03%,-0.06%,0.37%,0.45%,0.09%,0.47%,93,115,112,123,101,93,130,118,146,91,7.44%,2.43%,30.08%,29.60%,10.50%,122.0%,109.9%,137.8%,-0.03%,-0.06%
2006/03/31,2006/02/28,-1.11%,0.35%,0.84%,-0.36%,-0.88%,0.54%,2.51%,2.63%,2.39%,2.16%,0.62%,0.49%,-1.05%,4.34%,1.90%,4.20%,92,116,113,123,100,93,133,121,149,93,7.69%,4.09%,30.89%,30.23%,12.59%,131.3%,114.7%,148.1%,0.00%,0.00%
2006/04/30,2006/03/31,-0.11%,0.44%,0.25%,-1.72%,0.21%,0.88%,1.81%,1.85%,-0.59%,-0.17%,0.14%,0.50%,0.08%,0.59%,0.99%,0.44%,92,116,113,120,100,94,135,123,148,93,8.03%,2.99%,31.07%,30.87%,13.71%,132.3%,113.6%,149.6%,0.00%,0.00%
2006/05/31,2006/04/30,-0.24%,-0.59%,0.40%,0.50%,-0.61%,-2.80%,-2.92%,-2.21%,-3.40%,-5.71%,-0.63%,-1.38%,-1.06%,-6.45%,-3.11%,-6.04%,92,115,114,121,100,91,131,121,143,88,7.64%,0.00%,30.25%,29.07%,10.17%,118.3%,107.3%,133.5%,-0.63%,-1.38%
2006/06/30,2006/05/31,-0.07%,0.14%,-0.58%,0.66%,1.25%,-0.21%,0.36%,-0.30%,0.87%,1.09%,-0.36%,-0.09%,-1.14%,-1.14%,0.19%,-1.11%,92,116,113,122,101,91,132,120,144,89,9.06%,1.29%,29.78%,28.95%,10.39%,115.9%,104.6%,130.8%,-0.99%,-1.47%
2006/07/31,2006/06/30,0.63%,-0.73%,-0.72%,-0.55%,2.93%,0.84%,-0.57%,-0.57%,-2.13%,-0.28%,0.66%,-0.47%,0.09%,-4.04%,-0.28%,-3.90%,92,115,112,121,104,92,131,120,141,89,11.57%,0.17%,30.63%,28.34%,10.08%,107.5%,97.18%,121.5%,-0.34%,-1.94%
2006/08/31,2006/07/31,0.63%,-0.31%,0.52%,-0.54%,-0.50%,3.43%,1.77%,2.56%,1.73%,2.06%,0.66%,-0.04%,-0.26%,2.70%,2.48%,2.71%,93,114,113,121,103,95,133,123,144,90,10.30%,-1.21%,31.50%,28.29%,12.81%,113.1%,97.65%,127.5%,0.00%,-1.98%
2006/09/30,2006/08/31,-0.62%,-0.78%,0.20%,-0.23%,3.47%,1.87%,1.65%,2.22%,1.66%,5.26%,-0.11%,-0.50%,-0.21%,0.81%,2.24%,0.96%,92,114,113,120,107,97,136,125,146,95,14.82%,2.14%,31.35%,27.65%,15.33%,115.1%,95.12%,129.3%,-0.11%,-2.46%
2006/10/31,2006/09/30,-0.49%,-0.48%,0.08%,0.44%,1.84%,3.18%,3.15%,3.52%,4.61%,5.79%,0.22%,0.69%,-0.12%,5.91%,3.69%,5.71%,92,113,113,121,109,100,140,130,153,101,17.49%,4.80%,31.64%,28.53%,19.59%,127.4%,99.06%,142.9%,0.00%,-1.79%
2006/11/30,2006/10/31,-1.09%,0.60%,0.36%,0.54%,0.12%,1.26%,2.73%,2.49%,2.74%,2.07%,0.74%,0.28%,-0.20%,2.52%,2.16%,2.44%,91,114,114,121,109,101,144,133,157,103,18.90%,5.65%,32.61%,28.89%,22.17%,133.0%,99.62%,149.0%,0.00%,-1.52%
2006/12/31,2006/11/30,0.17%,0.34%,-1.24%,-0.90%,0.26%,1.38%,2.03%,0.75%,0.02%,0.74%,-0.06%,-0.20%,0.38%,1.48%,1.18%,1.54%,91,114,112,120,109,103,147,134,157,103,19.00%,4.98%,32.54%,28.62%,23.61%,136.6%,100.3%,152.7%,-0.06%,-1.72%
2007/01/31,2006/12/31,0.75%,-0.22%,-0.46%,0.85%,0.52%,2.48%,1.52%,1.26%,2.82%,2.77%,-0.46%,-0.38%,0.24%,2.29%,2.01%,2.41%,92,114,112,121,110,105,149,136,162,106,18.73%,5.29%,31.92%,28.13%,26.09%,142.3%,101.1%,158.5%,-0.52%,-2.09%
2007/02/28,2007/01/31,-0.54%,0.44%,0.30%,0.28%,-1.80%,-1.92%,-1.11%,-1.08%,-1.08%,-3.74%,0.60%,0.59%,0.84%,0.49%,-1.63%,0.31%,91,114,112,122,108,103,147,134,160,102,17.23%,3.37%,32.72%,28.88%,24.04%,143.0%,105.0%,159.7%,0.00%,-1.52%
2007/03/31,2007/02/28,-0.14%,0.62%,0.03%,-1.32%,-1.07%,0.66%,1.75%,1.14%,-0.14%,1.37%,-0.48%,0.57%,-1.22%,0.72%,1.00%,0.55%,91,115,112,120,107,104,150,136,160,104,16.14%,4.11%,32.09%,29.61%,25.28%,144.3%,104.1%,161.6%,-0.48%,-0.96%
2007/04/30,2007/03/31,-0.23%,-0.11%,0.67%,0.67%,-0.12%,3.99%,3.76%,3.60%,3.61%,4.62%,0.11%,0.22%,0.61%,3.17%,3.86%,3.10%,91,115,113,121,107,108,155,141,165,109,16.26%,4.77%,32.23%,29.90%,30.12%,151.9%,102.6%,169.9%,-0.37%,-0.74%
2007/05/31,2007/04/30,-0.47%,0.31%,0.25%,-0.72%,-0.06%,3.14%,3.87%,3.66%,3.04%,4.29%,-1.86%,-1.67%,-3.36%,1.03%,3.54%,1.54%,90,115,113,120,106,111,161,146,170,113,16.74%,5.97%,29.77%,27.73%,34.73%,155.8%,98.48%,172.7%,-2.22%,-2.40%
2007/06/30,2007/05/31,-0.25%,-0.20%,0.51%,-1.80%,0.57%,-1.87%,-1.91%,-1.02%,-2.91%,-1.28%,-0.21%,0.27%,0.08%,-0.68%,-1.77%,-0.76%,90,115,114,118,107,109,158,144,166,112,17.70%,6.60%,29.50%,28.07%,32.35%,153.8%,100.5%,170.8%,-2.43%,-2.14%
2007/07/31,2007/06/30,-0.42%,0.39%,1.26%,0.90%,-1.16%,-3.80%,-3.11%,-2.35%,-5.21%,-3.91%,-0.52%,0.61%,0.58%,-4.30%,-3.46%,-4.48%,90,115,115,119,106,105,153,141,157,107,16.82%,6.48%,28.83%,28.85%,27.77%,142.5%,98.45%,159.2%,-2.93%,-1.55%
2007/08/31,2007/07/31,0.59%,0.42%,-0.52%,1.57%,-1.42%,1.71%,1.78%,0.78%,2.73%,0.39%,-1.00%,-0.62%,-2.93%,-1.63%,1.50%,-1.45%,90,116,114,121,104,107,156,142,161,108,14.48%,5.07%,27.54%,28.05%,29.69%,139.0%,92.60%,154.9%,-3.90%,-2.16%
2007/09/30,2007/08/31,0.06%,-0.62%,-0.82%,0.64%,0.72%,3.31%,3.48%,3.86%,2.17%,6.05%,-0.28%,0.49%,0.24%,2.34%,3.55%,2.19%,90,115,114,122,105,110,162,148,165,114,15.24%,7.94%,27.19%,28.68%,34.30%,144.2%,89.98%,160.9%,-4.17%,-1.68%
2007/10/31,2007/09/30,-0.13%,-1.28%,-2.08%,3.19%,1.88%,1.42%,1.07%,1.18%,4.63%,5.50%,-0.11%,0.37%,-1.30%,1.09%,2.05%,0.98%,90,114,111,125,107,112,163,149,172,121,17.56%,12.35%,27.05%,29.16%,37.05%,146.6%,87.94%,163.8%,-4.27%,-1.31%
2007/11/30,2007/10/31,1.67%,-0.37%,0.32%,-1.72%,-0.94%,-2.64%,-4.67%,-4.28%,-7.29%,-6.49%,-0.52%,-0.17%,-2.16%,-8.65%,-4.49%,-8.60%,92,113,112,123,106,109,156,143,160,113,14.50%,8.02%,26.38%,28.94%,30.89%,125.4%,80.23%,141.0%,-4.77%,-1.48%
2007/12/31,2007/11/30,-0.98%,0.44%,-0.24%,-1.02%,-2.39%,-1.88%,-0.05%,0.17%,-0.76%,-0.74%,-1.02%,-0.41%,-1.64%,-1.98%,-0.68%,-1.86%,91,114,111,122,104,107,156,143,159,112,12.88%,9.25%,25.09%,28.41%,30.00%,121.2%,78.12%,136.2%,-5.74%,-1.88%
2008/01/31,2007/12/31,-0.65%,0.97%,3.15%,2.48%,-0.72%,-5.75%,-5.22%,-4.67%,-5.65%,-11.42%,-0.19%,-0.69%,-0.21%,-6.16%,-5.98%,-5.96%,90,115,115,125,103,101,147,136,150,99,12.80%,3.06%,24.86%,27.52%,22.22%,108.0%,78.16%,121.6%,-5.92%,-2.56%
2008/02/29,2008/01/31,0.89%,-0.38%,-0.36%,1.81%,-4.59%,-2.00%,-3.17%,-2.36%,-2.67%,-6.96%,-0.98%,-0.51%,-0.31%,-3.48%,-3.00%,-3.33%,91,115,114,127,98,99,143,133,146,92,6.62%,-2.06%,23.63%,26.87%,18.56%,101.1%,77.57%,113.9%,-6.85%,-3.06%
2008/03/31,2008/02/29,-0.52%,0.73%,-0.05%,-0.00%,-1.52%,-1.23%,0.07%,-0.18%,-0.98%,-2.15%,-0.69%,-0.35%,-3.54%,-3.33%,-0.63%,-3.23%,91,115,114,127,97,98,143,133,144,90,5.55%,-2.96%,22.78%,26.43%,17.81%,94.61%,72.95%,106.8%,-7.49%,-3.40%
2008/04/30,2008/03/31,-1.69%,-0.18%,1.52%,1.81%,3.58%,2.82%,4.21%,5.57%,5.87%,10.25%,0.19%,0.81%,-0.96%,3.16%,4.79%,2.91%,89,115,116,130,100,100,149,140,153,100,11.12%,4.25%,23.01%,27.45%,23.46%,100.3%,69.70%,113.3%,-7.32%,-2.62%
2008/05/31,2008/04/30,0.87%,-0.69%,-1.14%,-0.48%,-1.70%,2.41%,1.41%,1.98%,3.01%,1.50%,-0.87%,-0.35%,-1.56%,2.76%,1.98%,2.87%,90,114,115,129,98,103,151,143,157,101,8.26%,3.30%,21.93%,27.00%,25.90%,106.0%,71.22%,119.2%,-8.13%,-2.96%
2008/06/30,2008/05/31,-1.23%,-1.94%,0.16%,0.88%,-1.36%,-8.29%,-9.22%,-5.46%,-8.59%,-11.70%,0.42%,0.89%,-0.47%,-8.66%,-8.40%,-8.93%,89,112,115,130,97,94,137,135,144,89,8.11%,-0.22%,22.44%,28.13%,15.32%,87.63%,70.31%,100.2%,-7.74%,-2.09%
2008/07/31,2008/06/30,3.48%,0.55%,-4.59%,-1.89%,2.98%,2.78%,-0.15%,-5.22%,-1.89%,-0.60%,1.07%,0.47%,-0.65%,1.27%,-0.54%,1.13%,92,113,110,128,100,97,137,128,141,89,7.58%,-3.60%,23.75%,28.73%,14.70%,89.76%,73.16%,102.8%,-6.76%,-1.64%
2008/08/31,2008/07/31,0.58%,-1.27%,0.87%,-0.96%,0.11%,2.40%,0.65%,1.87%,2.34%,1.42%,-0.79%,-1.66%,-3.05%,0.96%,1.65%,1.46%,92,111,111,126,100,99,138,131,144,90,7.07%,-4.54%,22.77%,26.60%,16.60%,92.53%,72.82%,104.7%,-7.49%,-3.27%
2008/09/30,2008/08/31,-0.06%,-0.64%,0.11%,2.48%,0.51%,-6.82%,-9.20%,-9.12%,-8.86%,-14.18%,-0.76%,-0.84%,-2.52%,-11.92%,-8.85%,-11.67%,92,111,111,130,100,92,125,119,132,77,7.68%,-11.57%,21.84%,25.54%,6.28%,70.05%,67.94%,80.30%,-8.20%,-4.08%
2008/10/31,2008/09/30,-0.61%,-2.68%,0.37%,-2.20%,3.98%,-16.21%,-18.35%,-14.05%,-20.66%,-20.21%,3.21%,3.63%,1.56%,-18.42%,-17.40%,-19.51%,92,108,111,127,104,77,102,102,104,62,12.62%,-15.11%,25.75%,30.10%,-12.22%,36.88%,64.41%,47.09%,-5.25%,-0.59%
2008/11/30,2008/10/31,0.93%,-0.72%,2.44%,-3.34%,-3.37%,-7.01%,-9.11%,-3.83%,-12.85%,-11.45%,-1.00%,0.23%,-3.43%,-13.24%,-7.97%,-13.31%,93,107,114,123,101,72,93,98,91,55,7.78%,-18.88%,24.49%,30.40%,-19.21%,18.67%,55.63%,27.62%,-6.20%,-0.36%
2008/12/31,2008/11/30,2.75%,-1.61%,-0.96%,0.63%,1.26%,4.35%,-0.08%,0.38%,4.49%,2.67%,-0.34%,-0.84%,-1.15%,3.34%,2.00%,3.60%,95,105,113,123,102,75,93,99,95,56,6.17%,-20.24%,24.06%,29.30%,-17.59%,22.94%,58.11%,31.89%,-6.52%,-1.20%
2009/01/31,2008/12/31,0.74%,-2.39%,-0.15%,-2.48%,5.39%,-6.34%,-11.77%,-8.14%,-8.60%,-3.59%,3.57%,4.57%,10.47%,2.07%,-8.28%,0.69%,96,103,113,120,108,70,82,91,87,54,11.11%,-18.05%,28.49%,35.22%,-24.42%,23.79%,72.31%,34.61%,-3.18%,0.00%
2009/02/28,2009/01/31,-2.06%,-2.45%,-0.36%,1.83%,1.86%,-10.64%,-12.77%,-8.49%,-8.41%,-7.82%,0.78%,2.44%,-0.92%,-8.48%,-10.22%,-9.21%,94,100,112,122,110,63,71,83,80,50,15.46%,-15.74%,29.50%,38.52%,-32.14%,12.39%,74.05%,23.20%,-2.43%,0.00%
2009/03/31,2009/02/28,-0.80%,2.02%,1.53%,-0.25%,1.19%,8.12%,10.26%,7.37%,10.19%,11.11%,1.50%,0.57%,2.49%,13.22%,8.87%,13.05%,93,102,114,122,111,68,79,89,88,55,17.75%,-13.22%,31.44%,39.30%,-26.13%,27.06%,81.34%,39.50%,-0.96%,0.00%
2009/04/30,2009/03/31,-3.01%,1.34%,3.62%,3.11%,0.73%,8.36%,11.77%,7.26%,19.88%,13.40%,-3.20%,-1.80%,-3.69%,17.98%,10.45%,18.52%,90,104,118,126,112,74,88,95,105,63,22.16%,-8.85%,27.23%,36.80%,-18.40%,50.59%,95.96%,64.57%,-4.13%,-1.80%
2009/05/31,2009/04/30,0.07%,0.60%,0.22%,-4.86%,-1.69%,5.16%,6.24%,4.29%,2.71%,6.15%,0.62%,2.16%,3.06%,11.51%,5.16%,10.86%,90,104,118,120,110,78,93,99,108,67,20.01%,-7.95%,28.02%,39.76%,-14.20%,66.94%,107.1%,83.51%,-3.54%,0.00%
2009/06/30,2009/05/31,1.10%,0.04%,-0.91%,-0.28%,0.01%,1.07%,-0.63%,-0.60%,1.64%,1.56%,1.56%,1.40%,4.35%,5.83%,0.39%,5.41%,91,104,117,119,110,78,93,99,110,68,18.70%,-7.49%,30.02%,41.72%,-13.86%,75.98%,117.5%,94.22%,-2.04%,0.00%
2009/07/31,2009/06/30,-0.58%,-0.32%,0.59%,-1.26%,0.93%,7.17%,8.26%,6.88%,8.64%,8.91%,0.98%,0.28%,-0.46%,8.61%,7.78%,8.53%,91,104,118,118,111,84,101,106,119,74,20.48%,-5.89%,31.29%,42.12%,-7.16%,90.98%,119.2%,110.9%,-1.08%,0.00%
2009/08/31,2009/07/31,-1.02%,-1.63%,-0.13%,0.61%,3.06%,3.24%,3.88%,2.81%,3.87%,4.11%,0.35%,-0.98%,3.59%,6.73%,3.49%,7.02%,90,102,118,119,114,87,104,109,124,77,25.40%,-5.07%,31.74%,40.73%,-3.92%,104.4%,126.9%,125.1%,-0.73%,-0.98%
2009/09/30,2009/08/31,-0.30%,-0.57%,-0.64%,-0.63%,0.56%,3.85%,3.25%,3.76%,5.96%,6.53%,1.14%,1.72%,1.38%,9.12%,4.15%,8.60%,90,102,117,118,115,90,108,113,131,82,26.48%,-2.53%,33.24%,43.15%,0.06%,122.0%,137.0%,145.7%,0.00%,0.00%
2009/10/31,2009/09/30,0.59%,-0.30%,-0.12%,3.27%,0.08%,-2.58%,-2.76%,-2.92%,-1.92%,-2.40%,-2.08%,-1.30%,-2.89%,-7.29%,-2.59%,-6.90%,90,101,117,122,115,88,105,109,129,80,25.83%,-2.35%,30.47%,41.29%,-2.53%,106.7%,126.8%,127.8%,-2.08%,-1.30%
2009/11/30,2009/10/31,1.24%,-1.30%,1.57%,0.11%,-1.75%,5.96%,4.78%,7.15%,5.33%,4.90%,-0.65%,0.28%,-3.16%,2.16%,5.59%,2.07%,91,100,119,122,113,93,110,117,135,84,22.06%,-3.38%,29.62%,41.68%,2.92%,110.9%,118.8%,132.7%,-2.72%,-1.02%
2009/12/31,2009/11/30,0.31%,0.11%,0.40%,-0.63%,-0.09%,3.11%,1.00%,3.27%,5.50%,3.46%,0.19%,0.19%,0.32%,7.12%,2.80%,7.06%,92,100,119,121,113,96,111,121,143,86,21.57%,-3.05%,29.86%,41.96%,5.80%,125.8%,128.2%,149.2%,-2.54%,-0.83%
2010/01/31,2009/12/31,-0.54%,0.68%,0.09%,-1.46%,-2.39%,-3.24%,-2.39%,-3.32%,-4.75%,-5.41%,0.59%,1.10%,1.12%,-0.34%,-3.38%,-0.67%,91,101,119,119,110,93,108,117,136,82,19.34%,-5.15%,30.62%,43.52%,2.23%,124.3%,134.3%,148.4%,-1.97%,0.00%
2010/02/28,2010/01/31,-0.11%,-1.03%,1.28%,0.90%,1.05%,3.19%,2.66%,4.35%,4.99%,3.24%,0.16%,-0.77%,0.63%,2.86%,3.44%,3.09%,91,100,121,120,111,96,111,122,143,84,20.72%,-5.11%,30.82%,42.42%,5.74%,131.2%,133.5%,155.5%,-1.81%,-0.77%
2010/03/31,2010/02/28,-0.52%,0.38%,0.07%,-0.05%,1.40%,5.35%,6.43%,7.08%,7.27%,7.41%,0.69%,-0.24%,2.09%,8.20%,6.36%,8.27%,91,100,121,120,113,101,118,131,153,91,23.04%,-3.15%,31.73%,42.08%,12.47%,150.4%,137.9%,176.4%,-1.13%,-1.00%
2010/04/30,2010/03/31,-1.31%,-0.14%,2.66%,1.61%,-1.20%,0.92%,1.46%,5.00%,4.51%,0.14%,2.17%,1.02%,4.66%,8.34%,2.11%,8.04%,89,100,124,122,112,102,120,137,160,91,23.17%,-3.91%,34.59%,43.53%,14.85%,170.5%,152.0%,199.5%,0.00%,0.00%
2010/05/31,2010/04/30,-0.27%,0.15%,1.81%,0.44%,1.45%,-7.64%,-7.93%,-7.17%,-9.17%,-7.16%,-0.77%,-0.23%,-0.73%,-8.15%,-7.82%,-8.08%,89,100,126,123,113,94,111,128,146,84,25.30%,-3.45%,33.56%,43.20%,5.86%,148.6%,151.4%,175.1%,-0.77%,-0.23%
2010/06/30,2010/05/31,1.10%,0.16%,0.18%,-0.57%,-0.87%,-4.21%,-5.79%,-5.82%,-7.88%,-5.43%,-1.52%,-0.75%,-2.59%,-7.94%,-5.53%,-7.72%,90,100,127,122,112,90,104,120,134,80,22.83%,-4.62%,31.52%,42.12%,0.01%,129.4%,145.9%,153.2%,-2.28%,-0.98%
2010/07/31,2010/06/30,0.08%,-0.26%,0.31%,1.65%,-0.46%,6.23%,6.54%,7.49%,9.20%,7.46%,-0.39%,-0.27%,-2.12%,5.08%,7.01%,5.16%,90,100,127,124,112,96,111,129,146,86,22.17%,-3.45%,31.01%,41.74%,7.02%,141.3%,141.3%,166.1%,-2.66%,-1.25%
2010/08/31,2010/07/31,0.51%,-0.13%,1.13%,0.05%,1.14%,-3.98%,-4.87%,-4.46%,-6.55%,-4.09%,-0.72%,-0.08%,-0.25%,-6.38%,-4.66%,-6.35%,91,100,128,124,113,92,106,123,137,82,22.95%,-3.56%,30.06%,41.62%,2.02%,125.9%,137.3%,149.1%,-3.36%,-1.33%
2010/09/30,2010/08/31,0.37%,-0.10%,-0.00%,-0.48%,-0.78%,8.64%,9.61%,9.35%,9.14%,11.70%,0.24%,0.83%,-1.87%,11.91%,9.41%,11.66%,91,100,128,124,112,100,116,135,149,92,21.53%,-0.61%,30.38%,42.81%,11.62%,152.3%,142.6%,178.8%,-3.13%,-0.50%
2010/10/31,2010/09/30,0.42%,-0.72%,-0.27%,1.86%,1.01%,3.66%,3.30%,3.33%,5.00%,6.06%,0.27%,0.94%,0.15%,5.47%,3.89%,5.19%,91,99,128,126,113,103,120,139,157,97,22.25%,1.77%,30.73%,44.15%,15.96%,165.4%,145.8%,194.0%,-2.87%,0.00%
2010/11/30,2010/10/31,-1.48%,0.82%,2.53%,-0.73%,-1.11%,-0.83%,1.12%,2.93%,-0.41%,-0.14%,-0.48%,-0.37%,-1.78%,1.46%,0.54%,1.57%,90,100,131,125,112,103,121,143,156,97,22.71%,2.48%,30.11%,43.62%,16.58%,169.6%,148.3%,198.3%,-3.33%,-0.37%
2010/12/31,2010/11/30,-0.67%,0.94%,-1.02%,-5.64%,-0.50%,6.14%,8.50%,5.87%,5.44%,6.76%,-0.19%,-1.01%,0.20%,7.75%,6.70%,8.06%,89,101,130,118,111,109,131,152,165,104,22.91%,3.11%,29.87%,42.16%,24.40%,191.3%,151.7%,221.5%,-3.51%,-1.38%
2011/01/31,2010/12/31,-0.41%,1.02%,0.35%,0.20%,-1.53%,1.24%,3.48%,2.14%,2.15%,0.52%,0.72%,0.83%,1.53%,2.12%,2.06%,1.87%,89,102,130,118,110,110,136,155,168,104,21.54%,2.36%,30.80%,43.34%,26.96%,196.7%,151.2%,228.3%,-2.82%,-0.56%
2011/02/28,2011/01/31,0.37%,0.71%,-0.28%,-1.24%,-0.69%,3.57%,4.30%,3.22%,3.16%,2.59%,-1.09%,-2.27%,-0.48%,3.24%,3.59%,3.92%,89,103,130,117,109,114,142,160,173,107,20.26%,1.36%,29.37%,40.10%,31.52%,208.4%,152.0%,238.9%,-3.88%,-2.81%
2011/03/31,2011/02/28,0.62%,0.50%,0.87%,0.03%,-1.09%,0.88%,0.45%,1.04%,-0.45%,-0.59%,-0.14%,0.48%,-0.48%,1.65%,0.49%,1.51%,90,103,131,117,108,115,142,162,173,106,18.20%,-0.14%,29.19%,40.77%,32.16%,213.0%,154.6%,244.5%,-4.01%,-2.35%
2011/04/30,2011/03/31,1.43%,-0.65%,-0.30%,1.66%,-1.88%,3.73%,2.57%,2.34%,4.01%,2.02%,-0.84%,-0.55%,-1.90%,1.07%,2.97%,1.23%,91,102,131,119,106,119,146,166,180,108,14.29%,-1.85%,28.10%,39.99%,36.08%,216.9%,150.2%,248.2%,-4.82%,-2.88%
2011/05/31,2011/04/30,1.31%,-0.44%,0.04%,0.69%,-1.46%,0.02%,-1.73%,-1.45%,-1.43%,-2.35%,-0.81%,-0.42%,-1.17%,-2.26%,-1.22%,-2.13%,92,102,131,119,104,119,143,163,177,106,11.12%,-4.18%,27.06%,39.41%,34.42%,210.1%,147.9%,240.3%,-5.59%,-3.29%
2011/06/30,2011/05/31,-0.03%,0.15%,0.55%,0.49%,0.95%,-1.77%,-1.87%,-1.45%,-2.16%,-1.30%,-1.18%,-1.10%,-1.44%,-3.53%,-1.74%,-3.20%,92,102,131,120,105,117,141,161,173,105,12.21%,-3.73%,25.56%,37.87%,32.08%,200.2%,144.3%,228.3%,-6.71%,-4.35%
2011/07/31,2011/06/30,-1.20%,0.59%,0.31%,1.59%,2.12%,-3.47%,-1.82%,-2.35%,-1.70%,-0.55%,0.21%,0.47%,0.46%,-2.27%,-2.26%,-2.41%,91,103,132,122,107,113,138,157,170,104,15.93%,-0.92%,25.83%,38.53%,29.09%,192.9%,143.9%,220.9%,-6.51%,-3.90%
2011/08/31,2011/07/31,1.03%,-0.06%,0.29%,0.45%,0.03%,-4.65%,-6.15%,-6.02%,-7.78%,-6.39%,-1.92%,-1.31%,-2.77%,-10.03%,-5.89%,-9.63%,92,103,132,123,108,108,130,148,157,97,14.77%,-2.64%,23.41%,36.71%,21.49%,164.7%,134.8%,188.7%,-8.31%,-5.16%
2011/09/30,2011/08/31,0.88%,0.15%,-1.67%,-0.83%,-0.43%,-6.19%,-6.96%,-9.32%,-10.08%,-8.20%,-0.20%,0.15%,-1.14%,-9.97%,-7.63%,-10.01%,93,103,130,122,107,101,121,134,141,89,13.27%,-4.60%,23.16%,36.91%,12.22%,138.2%,129.2%,159.9%,-8.49%,-5.02%
2011/10/31,2011/09/30,-1.05%,-0.33%,2.28%,2.09%,-1.95%,9.44%,10.31%,14.10%,15.80%,11.49%,-1.49%,-1.28%,-4.01%,10.42%,11.39%,10.80%,92,102,133,124,105,111,133,153,164,100,12.25%,-2.64%,21.32%,35.16%,25.00%,163.9%,127.8%,187.0%,-9.86%,-6.23%
2011/11/30,2011/10/31,0.39%,0.66%,1.77%,-0.34%,-1.39%,-0.17%,0.23%,0.76%,-1.91%,-2.49%,-1.56%,-1.53%,-2.51%,-3.64%,-0.35%,-3.18%,92,103,135,124,104,111,133,154,160,97,10.26%,-4.91%,19.42%,33.09%,24.56%,155.5%,121.4%,176.5%,-11.27%,-7.67%
2011/12/31,2011/11/30,1.55%,0.73%,-2.08%,0.01%,-0.52%,1.92%,1.70%,-1.56%,0.70%,-0.82%,-0.03%,-0.23%,-0.16%,-0.45%,0.85%,-0.38%,94,104,133,124,103,113,136,151,162,96,7.98%,-7.52%,19.38%,32.78%,25.62%,154.6%,118.7%,175.3%,-11.30%,-7.88%
2012/01/31,2011/12/31,-0.06%,-1.89%,-1.02%,-0.23%,-1.08%,5.19%,3.44%,4.80%,7.25%,7.34%,0.99%,1.86%,1.63%,10.82%,5.09%,10.26%,94,102,131,123,102,119,140,159,173,103,6.87%,-5.53%,20.56%,35.25%,32.02%,180.7%,130.0%,205.1%,-10.42%,-6.17%
2012/02/29,2012/01/31,1.04%,-0.32%,-1.74%,-0.85%,-0.05%,4.95%,4.66%,2.88%,3.39%,4.35%,0.87%,1.55%,1.26%,5.06%,4.25%,4.60%,95,102,129,122,102,125,147,163,179,108,5.71%,-6.10%,21.61%,37.34%,37.63%,193.6%,130.8%,220.5%,-9.65%,-4.72%
2012/03/31,2012/02/29,1.33%,-0.68%,-1.77%,0.77%,1.81%,4.03%,2.58%,1.27%,3.73%,4.58%,-0.00%,-0.04%,0.78%,3.22%,3.15%,3.23%,96,101,127,123,104,130,151,165,186,113,6.21%,-5.58%,21.60%,37.28%,41.95%,203.1%,131.0%,230.8%,-9.65%,-4.77%
2012/04/30,2012/03/31,0.47%,0.33%,0.92%,2.16%,0.28%,-0.54%,-0.95%,-0.23%,-0.24%,-1.57%,-0.76%,-0.83%,0.05%,-1.85%,-0.69%,-1.60%,96,101,128,126,104,129,149,165,185,111,6.02%,-6.55%,20.68%,36.14%,40.97%,198.2%,128.9%,224.7%,-10.34%,-5.56%
2012/05/31,2012/04/30,0.80%,1.34%,-0.75%,-0.05%,-0.89%,-5.19%,-4.99%,-7.35%,-7.31%,-8.38%,0.32%,-0.49%,1.00%,-7.19%,-6.09%,-7.04%,97,103,127,126,103,122,142,153,172,102,4.23%,-9.54%,21.06%,35.47%,32.39%,177.2%,126.7%,201.4%,-10.05%,-6.02%
2012/06/30,2012/05/31,0.07%,0.96%,-0.05%,-1.36%,-0.75%,3.70%,4.57%,4.05%,3.12%,3.71%,-0.79%,-0.61%,-1.30%,3.46%,3.98%,3.64%,97,104,127,124,102,127,148,159,177,106,3.37%,-9.53%,20.10%,34.64%,37.67%,187.3%,125.9%,211.8%,-10.76%,-6.59%
2012/07/31,2012/06/30,1.03%,0.00%,0.96%,0.14%,-1.94%,1.58%,1.19%,1.04%,0.07%,-1.38%,-1.08%,-1.17%,-0.16%,-1.82%,0.87%,-1.47%,98,104,128,124,100,129,150,161,177,104,0.31%,-12.21%,18.81%,33.06%,38.87%,183.1%,120.6%,206.1%,-11.73%,-7.69%
2012/08/31,2012/07/31,0.97%,-1.34%,-0.77%,0.20%,1.45%,3.33%,1.09%,1.68%,3.59%,4.56%,-0.46%,0.21%,-0.96%,3.25%,2.50%,3.19%,99,102,127,125,102,133,152,163,184,109,0.78%,-11.13%,18.26%,33.34%,42.34%,192.1%,122.2%,216.1%,-12.13%,-7.50%
2012/09/30,2012/08/31,0.29%,0.22%,-0.37%,-1.70%,-0.17%,2.61%,3.05%,2.27%,1.48%,2.72%,0.09%,0.57%,0.20%,4.21%,2.56%,4.04%,100,102,127,122,102,136,156,167,186,112,0.33%,-11.03%,18.37%,34.11%,45.99%,204.0%,125.4%,229.4%,-12.05%,-6.97%
2012/10/31,2012/09/30,-0.55%,-0.44%,1.70%,1.51%,-0.35%,-2.31%,-1.53%,-0.71%,-0.44%,-3.26%,-1.83%,-1.53%,-2.53%,-3.72%,-1.70%,-3.27%,99,102,129,124,101,133,154,166,186,108,0.52%,-11.87%,16.20%,32.06%,43.50%,194.0%,121.9%,217.1%,-13.66%,-8.39%
2012/11/30,2012/10/31,0.52%,-0.72%,-1.03%,0.75%,0.09%,1.33%,-0.05%,-0.11%,1.54%,1.17%,-0.51%,0.07%,-0.91%,0.59%,0.66%,0.57%,100,101,127,125,101,135,154,166,188,109,0.09%,-12.02%,15.61%,32.15%,44.45%,195.7%,121.7%,219.0%,-14.10%,-8.32%
2012/12/31,2012/11/30,-0.75%,0.45%,-0.06%,0.40%,1.63%,-0.17%,1.87%,1.24%,2.18%,2.70%,-0.25%,-0.01%,-1.74%,2.07%,1.26%,2.08%,99,102,127,126,103,135,157,168,193,112,2.47%,-9.50%,15.32%,32.14%,46.27%,201.8%,123.5%,225.6%,-14.32%,-8.33%
2013/01/31,2012/12/31,-0.68%,-0.19%,1.04%,-0.22%,0.23%,4.48%,5.61%,6.52%,5.54%,6.85%,-0.01%,0.36%,1.25%,7.86%,5.53%,7.75%,98,101,129,125,103,141,165,179,203,120,3.40%,-7.35%,15.31%,32.61%,54.35%,225.2%,128.5%,251.2%,-14.33%,-8.00%
2013/02/28,2013/01/31,0.06%,0.29%,-0.34%,-0.21%,0.12%,1.26%,1.63%,0.78%,1.20%,1.32%,-0.42%,-0.12%,-0.41%,0.95%,1.30%,0.98%,98,102,128,125,103,143,168,180,206,122,3.46%,-7.30%,14.82%,32.45%,56.35%,228.4%,127.8%,254.5%,-14.69%,-8.12%
2013/03/31,2013/02/28,0.97%,-0.15%,-0.78%,-0.31%,-1.25%,4.83%,3.80%,3.40%,3.99%,3.14%,-0.79%,-1.09%,-0.75%,3.43%,4.00%,3.76%,99,102,127,125,102,150,174,186,214,125,1.16%,-8.86%,13.92%,31.00%,62.60%,240.8%,127.2%,266.7%,-15.36%,-9.12%
2013/04/30,2013/03/31,-0.11%,-0.15%,0.28%,0.97%,1.29%,1.51%,1.48%,1.26%,2.15%,2.89%,-0.06%,0.16%,-0.03%,0.37%,1.68%,0.32%,99,101,128,126,103,152,177,189,218,129,2.59%,-7.61%,13.85%,31.21%,65.33%,241.9%,124.2%,268.0%,-15.41%,-8.98%
2013/05/31,2013/04/30,0.38%,-1.56%,-0.84%,-1.90%,3.21%,2.65%,1.60%,1.90%,1.04%,6.45%,0.71%,0.99%,0.51%,5.30%,2.46%,5.00%,99,100,127,124,107,156,180,192,221,137,5.48%,-4.10%,14.66%,32.51%,69.40%,259.0%,129.8%,287.5%,-14.81%,-8.07%
2013/06/30,2013/05/31,-0.21%,-0.15%,-0.26%,-0.20%,0.84%,-1.42%,-1.39%,-1.14%,-1.46%,-0.40%,-0.02%,0.10%,0.45%,-0.15%,-1.25%,-0.18%,99,100,126,123,108,154,177,190,217,137,6.59%,-3.12%,14.65%,32.65%,67.28%,258.3%,132.3%,286.9%,-14.82%,-7.97%
2013/07/31,2013/06/30,1.72%,-0.46%,-1.38%,-2.16%,-1.09%,6.86%,5.39%,4.81%,3.84%,4.66%,0.64%,0.41%,0.98%,7.77%,5.46%,7.64%,101,99,124,121,106,164,187,199,226,143,3.59%,-5.25%,15.38%,33.20%,76.41%,285.7%,137.4%,317.0%,-14.27%,-7.59%
2013/08/31,2013/07/31,0.10%,-0.41%,-0.43%,-1.55%,1.28%,-2.09%,-3.75%,-3.13%,-4.18%,-0.93%,1.04%,1.29%,1.62%,-0.94%,-2.84%,-1.33%,101,99,124,119,108,161,180,193,216,142,4.81%,-4.15%,16.59%,34.91%,71.40%,280.6%,141.0%,313.1%,-13.38%,-6.41%
2013/09/30,2013/08/31,-0.28%,-0.65%,-0.72%,0.84%,1.28%,3.37%,2.90%,3.80%,4.81%,5.67%,0.71%,0.78%,1.42%,6.75%,3.76%,6.52%,101,98,123,120,109,166,185,200,227,150,6.45%,-1.94%,17.42%,35.97%,77.84%,305.4%,147.6%,340.9%,-12.76%,-5.67%
2013/10/31,2013/09/30,0.53%,-0.44%,-0.69%,-0.60%,1.67%,4.60%,4.07%,3.52%,3.52%,4.98%,-1.53%,-1.79%,-2.60%,0.76%,4.19%,1.30%,101,98,122,119,111,174,193,207,235,157,7.67%,-1.57%,15.63%,33.54%,85.29%,310.6%,140.5%,344.3%,-14.09%,-7.36%
2013/11/30,2013/10/31,1.15%,-0.60%,-2.17%,-2.02%,0.72%,4.00%,2.64%,1.26%,1.31%,4.10%,-0.51%,-0.53%,0.17%,4.15%,2.86%,4.30%,102,97,120,117,112,181,198,210,238,164,7.21%,-1.48%,15.03%,32.83%,90.59%,328.3%,143.9%,362.7%,-14.53%,-7.85%
2013/12/31,2013/11/30,-0.56%,0.33%,-0.98%,0.10%,-0.02%,2.17%,3.24%,2.07%,2.93%,2.67%,0.02%,0.49%,0.12%,3.28%,2.61%,3.13%,102,98,118,117,112,185,204,214,245,168,7.78%,-0.98%,15.05%,33.49%,95.56%,341.7%,145.2%,377.9%,-14.52%,-7.40%
2014/01/31,2013/12/31,0.03%,-0.45%,0.26%,0.80%,1.94%,-2.89%,-4.35%,-3.16%,-3.00%,-1.36%,4.20%,4.51%,6.92%,4.62%,-3.13%,3.27%,102,97,119,118,114,179,195,207,237,166,9.84%,0.53%,19.88%,39.51%,89.43%,356.2%,160.9%,400.0%,-10.93%,-3.22%
2014/02/28,2014/01/31,0.37%,-0.23%,-0.16%,-0.26%,0.36%,4.96%,4.40%,4.74%,4.34%,4.79%,-0.83%,-0.98%,-0.56%,3.98%,4.67%,4.27%,102,97,118,117,114,188,204,217,248,174,9.83%,0.36%,18.89%,38.15%,98.28%,375.7%,159.9%,419.9%,-11.67%,-4.16%
2014/03/31,2014/02/28,0.09%,0.71%,1.97%,-0.89%,-1.75%,0.02%,1.88%,1.57%,0.01%,-2.05%,-1.44%,-1.59%,-1.29%,-1.93%,0.51%,-1.45%,102,98,121,116,112,188,208,221,248,170,7.80%,-1.71%,17.18%,35.95%,99.29%,368.7%,154.8%,409.9%,-12.94%,-5.69%
2014/04/30,2014/03/31,0.77%,0.54%,0.86%,0.32%,-1.60%,0.73%,0.61%,-0.22%,-0.08%,-2.66%,-1.86%,-1.88%,-2.77%,-5.90%,-0.02%,-5.34%,103,98,122,117,111,190,209,220,248,166,5.25%,-5.04%,15.00%,33.39%,99.24%,343.7%,141.2%,379.8%,-14.56%,-7.46%
2014/05/31,2014/04/30,0.10%,-0.15%,-0.90%,0.93%,1.30%,2.38%,1.85%,1.37%,2.61%,2.31%,-1.15%,-1.27%,-1.31%,-0.92%,2.10%,-0.54%,103,98,121,118,112,194,213,223,254,170,6.51%,-5.11%,13.68%,31.70%,103.4%,341.3%,134.9%,375.4%,-15.54%,-8.63%
2014/06/30,2014/05/31,-0.26%,0.58%,-0.06%,-1.08%,-1.14%,1.91%,2.97%,2.87%,1.93%,3.02%,0.55%,1.06%,-0.16%,5.29%,2.50%,4.97%,103,99,121,117,111,198,219,230,259,175,5.58%,-4.05%,14.30%,33.10%,108.5%,363.3%,140.7%,400.5%,-15.07%,-7.66%
2014/07/31,2014/06/30,0.46%,-0.58%,-0.95%,0.67%,2.45%,-0.95%,-2.59%,-3.45%,-1.96%,-1.03%,-1.09%,-0.89%,-0.30%,-5.15%,-1.95%,-4.88%,103,98,120,117,113,196,214,222,254,173,7.68%,-4.13%,13.06%,31.92%,104.4%,340.6%,133.6%,374.7%,-16.00%,-8.48%
2014/08/31,2014/07/31,0.86%,-0.88%,-0.81%,0.28%,0.15%,4.94%,3.34%,3.57%,4.59%,4.57%,-0.03%,0.30%,-0.39%,4.20%,4.18%,4.11%,104,97,119,118,114,206,221,230,266,181,6.91%,-4.49%,13.02%,32.31%,113.0%,358.8%,133.5%,394.7%,-16.03%,-8.21%
2014/09/30,2014/08/31,-0.05%,-0.23%,-0.52%,-1.01%,1.85%,-1.14%,-2.54%,-3.06%,-3.12%,-1.02%,-0.91%,-0.38%,-0.75%,-4.68%,-2.09%,-4.57%,104,97,118,117,116,203,215,223,257,179,8.95%,-4.38%,11.99%,31.81%,108.5%,337.8%,127.7%,371.5%,-16.79%,-8.56%
2014/10/31,2014/09/30,1.96%,-0.03%,-2.47%,1.32%,-2.19%,4.00%,2.20%,0.09%,4.31%,2.20%,-1.92%,-1.16%,-3.69%,2.63%,2.74%,2.98%,106,97,115,118,113,211,220,223,268,183,4.43%,-6.09%,9.83%,30.28%,114.2%,350.8%,128.2%,383.9%,-18.39%,-9.62%
2014/11/30,2014/10/31,0.46%,-0.59%,-0.33%,1.43%,-0.16%,3.87%,1.07%,1.22%,3.90%,2.63%,-1.12%,-0.14%,-1.69%,0.02%,2.53%,0.07%,107,96,115,120,113,220,222,225,279,188,3.78%,-7.25%,8.60%,30.09%,119.7%,351.1%,122.6%,384.0%,-19.31%,-9.75%
2014/12/31,2014/11/30,0.15%,-0.71%,0.37%,1.44%,0.12%,-0.61%,-0.05%,0.51%,1.20%,-0.37%,0.24%,-0.44%,-0.68%,1.22%,-0.03%,1.36%,107,96,115,121,113,218,222,227,282,187,3.75%,-7.03%,8.87%,29.52%,119.6%,357.2%,125.6%,389.9%,-19.11%,-10.15%
2015/01/31,2014/12/31,0.92%,-0.64%,0.81%,1.46%,-1.28%,-1.38%,-4.52%,-2.23%,-1.85%,-4.10%,-0.12%,1.63%,0.64%,-0.90%,-2.75%,-1.39%,108,95,116,123,112,215,212,222,277,179,1.48%,-9.56%,8.74%,31.64%,113.6%,350.9%,128.7%,385.5%,-19.21%,-8.68%
2015/02/28,2015/01/31,-0.08%,0.41%,-0.75%,-1.11%,-0.37%,6.31%,5.58%,4.51%,5.09%,6.98%,-1.01%,-1.23%,0.30%,5.70%,5.76%,6.07%,108,95,115,122,111,229,224,232,291,192,1.18%,-8.96%,7.64%,30.01%,125.9%,378.2%,129.4%,413.2%,-20.02%,-9.81%
2015/03/31,2015/02/28,0.32%,-0.58%,-0.73%,0.90%,-0.57%,-0.70%,-1.60%,-1.39%,-0.12%,-1.54%,-1.25%,-0.57%,-2.47%,-0.44%,-1.06%,-0.27%,108,95,114,123,111,227,220,228,291,189,0.28%,-9.72%,6.29%,29.28%,123.5%,376.9%,131.2%,410.9%,-21.03%,-10.32%
2015/04/30,2015/03/31,-0.27%,0.42%,0.45%,-1.06%,1.49%,-0.55%,1.24%,0.30%,-0.54%,2.52%,2.35%,2.79%,3.20%,2.13%,0.40%,1.29%,108,95,115,122,112,226,223,229,289,194,2.04%,-6.96%,8.79%,32.88%,124.4%,383.1%,133.3%,421.8%,-19.17%,-7.81%
2015/05/31,2015/04/30,0.51%,-0.12%,-1.93%,-0.78%,1.12%,2.92%,0.73%,-0.33%,0.66%,1.23%,-0.95%,-0.70%,-1.40%,1.05%,1.29%,1.27%,108,95,113,121,113,233,225,228,291,196,2.67%,-8.52%,7.76%,31.95%,127.3%,389.2%,133.2%,427.3%,-19.93%,-8.46%
2015/06/30,2015/05/31,0.06%,0.27%,-1.63%,-0.89%,0.36%,-1.18%,-1.55%,-2.62%,-2.01%,-1.21%,-0.95%,-0.59%,-1.87%,-0.92%,-1.63%,-0.75%,109,95,111,120,114,230,221,222,285,194,2.98%,-8.56%,6.74%,31.17%,123.6%,385.6%,135.3%,422.4%,-20.70%,-9.00%
2015/07/31,2015/06/30,-2.31%,-0.04%,-0.82%,2.96%,4.58%,1.89%,-0.02%,-0.26%,4.76%,3.54%,-1.92%,-1.16%,-2.75%,-3.31%,1.67%,-2.97%,106,95,110,123,119,234,221,222,299,201,10.06%,-7.05%,4.69%,29.65%,127.3%,371.2%,124.4%,405.1%,-22.22%,-10.05%
2015/08/31,2015/07/31,-0.26%,0.34%,-0.69%,1.20%,0.19%,-7.12%,-5.07%,-5.91%,-4.89%,-6.57%,0.68%,1.21%,0.20%,-4.21%,-5.98%,-4.57%,106,96,109,125,119,218,210,209,284,187,10.55%,-6.54%,5.40%,31.23%,113.7%,349.6%,127.6%,383.9%,-21.69%,-8.96%
2015/09/30,2015/08/31,-0.47%,0.58%,0.33%,-0.71%,1.00%,-3.41%,-2.66%,-3.05%,-1.75%,-2.61%,0.07%,0.02%,-0.83%,-5.62%,-2.82%,-5.62%,105,96,109,124,121,210,204,202,279,183,12.18%,-5.80%,5.48%,31.25%,107.7%,324.3%,121.2%,356.7%,-21.63%,-8.95%
2015/10/31,2015/09/30,0.15%,0.20%,-1.62%,1.84%,0.41%,7.98%,7.80%,5.22%,7.74%,9.20%,-0.68%,-0.64%,-1.96%,4.48%,7.68%,4.68%,105,96,108,126,121,227,220,213,301,199,12.48%,-4.66%,4.76%,30.40%,123.6%,344.2%,114.5%,377.2%,-22.16%,-9.53%
2015/11/30,2015/10/31,-1.43%,0.18%,0.25%,0.85%,1.76%,-0.68%,0.45%,1.37%,1.38%,1.86%,1.85%,3.72%,0.21%,5.84%,0.55%,4.73%,104,97,108,127,123,225,221,216,305,203,16.07%,-2.24%,6.70%,35.26%,124.8%,365.2%,123.5%,405.0%,-20.72%,-6.17%
2015/12/31,2015/11/30,-0.73%,0.58%,-0.53%,-0.15%,0.10%,-2.16%,-1.93%,-3.06%,-1.15%,-1.91%,0.59%,0.35%,0.02%,-4.27%,-2.07%,-4.37%,103,97,107,127,123,220,217,209,301,199,17.03%,-1.99%,7.33%,35.73%,120.2%,344.9%,118.4%,383.5%,-20.25%,-5.84%
2016/01/31,2015/12/31,0.28%,-0.05%,1.96%,-0.92%,-1.76%,-6.22%,-5.03%,-3.51%,-5.71%,-7.94%,-2.26%,-2.62%,-4.03%,-12.01%,-5.64%,-11.23%,103,97,109,126,121,207,206,202,284,183,14.65%,-3.68%,4.90%,32.17%,107.8%,294.9%,106.2%,325.4%,-22.06%,-8.31%
2016/02/29,2016/01/31,0.51%,0.98%,-0.22%,0.05%,-1.63%,0.46%,0.76%,-0.38%,-0.97%,-1.37%,-2.19%,-1.61%,-2.07%,-0.92%,-0.05%,-0.44%,104,98,109,126,119,208,208,201,281,181,12.19%,-5.44%,2.61%,30.05%,107.6%,293.2%,105.4%,321.5%,-23.76%,-9.78%
2016/03/31,2016/02/29,-0.87%,0.50%,1.94%,2.77%,-0.15%,6.07%,7.23%,7.55%,8.09%,7.35%,0.12%,0.96%,-0.01%,8.30%,7.08%,8.01%,103,99,111,129,119,220,223,216,304,194,13.00%,-4.23%,2.73%,31.30%,122.4%,324.7%,107.3%,356.5%,-23.67%,-8.92%
2016/04/30,2016/03/31,0.58%,-0.34%,1.77%,-0.56%,-0.47%,0.64%,1.37%,2.23%,-0.58%,-0.18%,-0.04%,-0.15%,1.69%,3.09%,0.81%,3.14%,104,98,113,129,118,222,226,221,302,194,11.82%,-5.01%,2.69%,31.10%,124.2%,338.0%,112.1%,370.6%,-23.70%,-9.05%
2016/05/31,2016/04/30,0.60%,-0.42%,-0.25%,-1.43%,0.91%,2.84%,0.84%,1.39%,0.60%,3.33%,-0.55%,-0.71%,-1.14%,0.38%,1.79%,0.59%,104,98,113,127,119,228,228,224,304,200,12.17%,-4.54%,2.12%,30.17%,128.2%,340.6%,109.6%,372.4%,-24.12%,-9.70%
2016/06/30,2016/05/31,-0.05%,1.78%,0.29%,-0.65%,-1.84%,0.25%,1.20%,0.34%,0.20%,-1.60%,-0.19%,-0.05%,-1.03%,0.13%,0.26%,0.15%,104,99,113,126,117,229,230,225,305,197,10.16%,-6.31%,1.92%,30.10%,128.8%,341.2%,109.3%,373.0%,-24.27%,-9.74%
2016/07/31,2016/06/30,0.46%,-1.46%,-1.03%,2.18%,1.92%,4.71%,2.06%,2.60%,5.30%,6.24%,0.43%,0.81%,0.28%,6.89%,3.96%,6.65%,105,98,112,129,120,239,235,231,321,209,11.77%,-4.88%,2.36%,31.16%,137.9%,370.6%,114.9%,405.6%,-23.95%,-9.01%
2016/08/31,2016/07/31,0.26%,-1.06%,-0.64%,0.37%,1.92%,-0.06%,0.15%,0.62%,-0.02%,1.42%,0.55%,-0.20%,0.67%,1.85%,0.32%,1.91%,105,97,111,129,122,239,235,232,321,212,13.63%,-3.48%,2.92%,30.90%,138.6%,379.5%,118.3%,414.9%,-23.53%,-9.19%
2016/09/30,2016/08/31,-0.27%,0.04%,-0.33%,-0.89%,0.91%,0.42%,0.02%,-0.03%,-0.52%,1.07%,1.65%,2.20%,1.19%,4.09%,0.19%,3.43%,105,97,111,128,123,240,235,232,319,215,14.97%,-2.85%,4.62%,33.78%,139.1%,396.0%,125.4%,436.0%,-22.27%,-7.19%
2016/10/31,2016/09/30,0.14%,-0.48%,-0.24%,-0.65%,1.50%,-3.09%,-1.54%,-1.84%,-2.70%,-0.99%,-1.07%,-1.50%,-1.48%,-7.49%,-2.12%,-7.04%,105,97,111,127,125,233,232,228,311,212,16.52%,-0.80%,3.50%,31.77%,134.0%,361.1%,114.3%,395.9%,-23.10%,-8.58%
2016/11/30,2016/10/31,0.08%,0.75%,-0.39%,0.61%,1.15%,2.51%,6.75%,5.70%,3.49%,4.24%,1.01%,0.67%,-0.95%,7.23%,4.59%,7.03%,105,97,110,128,126,239,247,241,321,221,17.77%,0.91%,4.54%,32.66%,144.7%,393.5%,119.6%,431.7%,-22.32%,-7.97%
2016/12/31,2016/11/30,0.53%,0.49%,-0.98%,0.25%,-0.28%,1.33%,3.09%,1.28%,1.74%,1.66%,-0.55%,-0.63%,-0.56%,0.65%,1.94%,0.84%,105,98,109,128,126,242,255,244,327,225,16.81%,1.25%,3.97%,31.82%,149.5%,397.6%,117.1%,435.2%,-22.75%,-8.55%
2017/01/31,2016/12/31,-0.07%,-0.93%,-0.08%,-0.72%,1.83%,2.66%,0.44%,1.16%,0.85%,4.68%,1.16%,1.30%,1.25%,3.08%,1.89%,2.69%,105,97,109,127,128,248,256,247,330,236,19.03%,3.29%,5.18%,33.53%,154.2%,411.0%,118.9%,451.6%,-21.86%,-7.37%
2017/02/28,2017/01/31,0.71%,-0.26%,-0.51%,0.94%,-1.21%,4.87%,2.79%,2.48%,4.03%,3.77%,-0.27%,0.03%,0.06%,2.64%,3.64%,2.63%,106,97,109,129,127,260,263,253,343,245,16.74%,2.15%,4.89%,33.57%,163.5%,424.5%,116.7%,466.2%,-22.07%,-7.34%
2017/03/31,2017/02/28,-0.74%,-0.07%,0.14%,-0.06%,0.94%,0.46%,-0.98%,0.14%,0.13%,1.45%,1.58%,2.16%,0.41%,2.76%,0.13%,2.11%,105,97,109,128,128,262,261,253,344,248,18.70%,3.17%,6.54%,36.45%,163.8%,435.5%,121.0%,481.8%,-20.84%,-5.34%
2017/04/30,2017/03/31,-0.76%,-0.26%,-0.06%,0.46%,1.13%,0.91%,0.27%,0.84%,1.68%,2.67%,-1.13%,-0.38%,-2.38%,0.41%,1.11%,0.52%,105,96,109,129,129,264,262,255,349,255,20.95%,4.99%,5.34%,35.94%,166.7%,438.3%,119.7%,484.2%,-21.74%,-5.70%
2017/05/31,2017/04/30,-0.47%,-0.48%,0.47%,-0.14%,0.02%,1.65%,-0.46%,0.56%,1.23%,2.87%,-0.04%,0.31%,-1.51%,-1.51%,1.06%,-1.60%,104,96,109,129,129,268,260,257,354,262,21.55%,6.28%,5.29%,36.36%,169.6%,429.7%,113.8%,475.4%,-21.77%,-5.41%
2017/06/30,2017/05/31,0.02%,0.58%,-0.83%,0.47%,0.41%,0.46%,1.87%,0.30%,1.30%,0.42%,0.17%,1.44%,1.54%,5.51%,0.90%,5.07%,104,96,108,129,130,269,265,257,358,263,22.02%,6.24%,5.47%,38.32%,172.0%,456.6%,122.7%,507.1%,-21.63%,-4.04%
2017/07/31,2017/06/30,0.84%,-1.31%,0.49%,-0.70%,0.35%,2.75%,0.58%,1.91%,1.53%,3.04%,-0.23%,-0.29%,-0.91%,-0.43%,1.93%,-0.34%,105,95,109,129,130,277,267,262,364,271,21.43%,6.55%,5.23%,37.92%,177.2%,454.7%,117.7%,504.5%,-21.81%,-4.32%
2017/08/31,2017/07/31,0.50%,-0.43%,0.04%,-0.58%,-0.37%,1.24%,-0.92%,-0.25%,0.16%,0.75%,1.33%,0.92%,0.80%,-0.59%,0.26%,-0.87%,105,95,109,128,130,280,264,262,364,273,20.38%,6.03%,6.63%,39.19%,177.9%,449.9%,115.2%,500.9%,-20.78%,-3.44%
2017/09/30,2017/08/31,-1.20%,0.30%,0.88%,-0.18%,0.66%,0.70%,3.78%,4.09%,2.59%,1.66%,0.86%,1.19%,1.22%,7.75%,2.47%,7.39%,104,95,110,128,131,282,274,272,374,278,22.63%,7.04%,7.55%,40.84%,184.8%,490.5%,125.8%,547.5%,-20.09%,-2.29%
2017/10/31,2017/09/30,-1.74%,-0.12%,0.55%,-0.99%,2.43%,0.41%,2.33%,2.17%,1.80%,5.56%,0.21%,0.05%,-0.23%,-0.06%,2.24%,-0.07%,102,95,111,126,134,283,281,278,380,293,27.75%,12.55%,7.77%,40.91%,191.2%,490.1%,120.6%,547.1%,-19.93%,-2.25%
2017/11/30,2017/10/31,-0.38%,-0.31%,2.13%,-0.17%,-0.70%,2.72%,3.06%,4.73%,2.92%,3.33%,-0.12%,-0.44%,-0.08%,2.35%,3.22%,2.48%,102,95,113,126,133,291,289,292,392,303,27.33%,13.24%,7.64%,40.29%,200.6%,504.7%,119.0%,562.3%,-20.03%,-2.68%
2017/12/31,2017/11/30,-0.29%,0.04%,0.74%,0.02%,-0.65%,0.76%,1.19%,1.82%,0.86%,1.11%,-0.07%,0.22%,0.68%,1.66%,1.10%,1.59%,102,95,114,126,132,293,293,297,395,306,26.86%,13.64%,7.56%,40.60%,203.8%,514.3%,120.1%,573.2%,-20.09%,-2.46%
2018/01/31,2017/12/31,-1.62%,-0.35%,-0.25%,-2.27%,2.29%,3.92%,5.18%,3.99%,3.67%,10.37%,0.38%,0.09%,0.76%,3.26%,5.34%,3.23%,100,94,113,123,135,305,308,309,409,338,31.82%,20.97%,7.96%,40.72%,220.1%,534.2%,115.4%,595.2%,-19.78%,-2.38%
2018/02/28,2018/01/31,-0.21%,-0.12%,-3.07%,-1.09%,3.18%,-3.38%,-4.15%,-6.28%,-4.06%,-1.12%,1.12%,0.92%,0.16%,-3.42%,-3.65%,-3.70%,100,94,110,122,139,295,295,289,393,334,36.30%,23.71%,9.17%,42.01%,208.4%,510.8%,115.3%,571.4%,-18.89%,-1.48%
2018/03/31,2018/02/28,-0.15%,0.07%,2.30%,0.62%,0.13%,-2.04%,-2.14%,0.76%,-2.28%,-3.37%,0.85%,1.26%,0.07%,1.52%,-1.98%,1.15%,100,94,112,123,140,289,289,291,384,323,36.69%,22.07%,10.10%,43.79%,202.3%,517.8%,122.1%,581.6%,-18.20%,-0.25%
2018/04/30,2018/03/31,-0.98%,0.08%,0.71%,0.77%,0.18%,-0.65%,0.73%,1.22%,1.08%,0.44%,0.52%,0.39%,-0.35%,0.88%,0.43%,0.77%,99,94,113,124,140,287,291,295,388,324,38.28%,23.40%,10.67%,44.35%,203.6%,522.5%,122.8%,587.7%,-17.77%,0.00%
2018/05/31,2018/04/30,-0.88%,-0.55%,-0.42%,0.08%,1.46%,2.59%,1.91%,1.55%,3.87%,4.64%,2.89%,3.15%,0.64%,7.93%,2.78%,6.99%,98,94,113,124,142,294,296,300,403,339,41.51%,25.92%,13.87%,48.89%,212.0%,566.0%,132.2%,642.2%,-15.39%,0.00%
2018/06/30,2018/05/31,-0.43%,0.50%,-0.61%,1.60%,-0.96%,0.92%,0.50%,0.21%,2.16%,-0.21%,-0.23%,-0.17%,-1.61%,0.90%,0.75%,0.95%,97,94,112,126,140,297,298,300,412,339,40.76%,24.51%,13.61%,48.64%,214.4%,572.3%,132.6%,648.9%,-15.59%,-0.17%
2018/07/31,2018/06/30,0.52%,-0.02%,0.18%,-0.15%,-1.51%,3.62%,3.46%,3.15%,3.35%,2.41%,-1.77%,-1.29%,-2.90%,-0.61%,3.27%,-0.22%,98,94,112,126,138,308,308,310,425,347,37.91%,23.00%,11.60%,46.72%,224.7%,570.8%,124.5%,644.3%,-17.08%,-1.46%
2018/08/31,2018/07/31,0.66%,-0.85%,0.58%,-1.23%,-0.00%,5.04%,1.23%,3.06%,3.49%,5.33%,1.26%,1.71%,1.26%,5.35%,3.55%,4.83%,99,93,113,124,138,323,312,319,440,365,37.00%,23.35%,13.01%,49.22%,236.2%,603.3%,127.4%,684.1%,-16.03%,0.00%
2018/09/30,2018/08/31,0.12%,0.30%,1.21%,-0.99%,-1.21%,0.79%,-0.22%,0.54%,-0.32%,-0.59%,0.40%,0.22%,-0.30%,-1.55%,0.10%,-1.62%,99,94,114,123,137,326,311,321,439,363,35.17%,21.65%,13.46%,49.55%,236.6%,591.9%,123.5%,671.9%,-15.70%,0.00%
2018/10/31,2018/09/30,1.93%,0.07%,-0.64%,-0.06%,2.04%,-6.21%,-6.63%,-7.26%,-9.38%,-7.67%,-0.23%,-1.03%,0.27%,-10.59%,-7.27%,-10.28%,101,94,114,123,139,305,291,298,398,335,35.31%,19.87%,13.20%,48.01%,212.1%,520.7%,116.7%,590.1%,-15.89%,-1.03%
2018/11/30,2018/10/31,-0.65%,0.91%,0.63%,0.97%,-1.24%,1.09%,2.95%,2.44%,2.98%,0.56%,-1.93%,-2.09%,-3.32%,-1.95%,1.99%,-1.32%,100,95,114,124,138,309,299,305,410,337,34.51%,19.23%,11.01%,44.92%,218.3%,512.5%,109.5%,576.7%,-17.52%,-3.10%
2018/12/31,2018/11/30,-0.17%,-0.58%,-0.72%,1.12%,0.32%,-8.32%,-10.32%,-9.77%,-9.40%,-8.96%,-0.08%,0.30%,-2.38%,-12.51%,-9.28%,-12.60%,100,94,113,125,138,283,268,275,371,307,35.18%,18.48%,10.93%,45.36%,188.8%,435.4%,102.6%,492.1%,-17.58%,-2.80%
2019/01/31,2018/12/31,-1.42%,-0.29%,-1.39%,1.07%,2.77%,6.68%,9.03%,8.80%,10.49%,10.23%,1.02%,1.19%,2.58%,15.48%,8.72%,15.13%,98,94,112,127,142,302,293,299,410,338,40.85%,22.68%,12.05%,47.09%,214.0%,516.3%,115.6%,583.7%,-16.74%,-1.65%
2019/02/28,2019/01/31,0.57%,0.71%,-1.45%,-2.04%,-0.16%,4.31%,3.30%,2.26%,2.21%,4.26%,0.07%,0.63%,-0.73%,5.17%,3.43%,4.99%,99,95,110,124,142,315,302,306,419,353,39.82%,22.62%,12.13%,48.01%,224.7%,547.1%,118.9%,619.1%,-16.69%,-1.03%
2019/03/31,2019/02/28,-0.36%,0.02%,0.24%,0.11%,-0.54%,2.24%,-0.08%,-0.17%,2.25%,2.13%,1.28%,1.18%,1.04%,0.91%,1.41%,0.55%,99,95,111,124,141,322,302,306,429,360,39.57%,22.50%,13.57%,49.76%,229.3%,550.6%,117.0%,625.6%,-15.62%,0.00%
2019/04/30,2019/03/31,-0.85%,0.06%,-0.39%,-0.86%,2.24%,2.56%,5.13%,3.48%,3.44%,6.33%,-0.73%,-1.56%,-2.26%,0.87%,4.02%,1.33%,98,95,110,123,144,330,318,316,443,383,43.89%,27.11%,12.73%,47.43%,242.5%,559.3%,111.2%,631.9%,-16.24%,-1.56%
2019/05/31,2019/04/30,0.19%,1.33%,-0.35%,0.52%,-0.84%,-5.18%,-6.61%,-8.04%,-6.42%,-7.61%,-1.36%,-0.67%,0.93%,-7.74%,-6.47%,-7.54%,98,96,110,124,143,313,297,291,415,354,42.41%,24.03%,11.20%,46.44%,220.4%,509.6%,109.0%,575.3%,-17.38%,-2.22%
2019/06/30,2019/05/31,0.46%,-0.00%,1.42%,-2.34%,-0.64%,7.04%,6.68%,8.02%,5.63%,7.31%,-1.25%,-1.42%,-4.16%,3.85%,6.83%,4.28%,98,96,111,121,142,335,316,314,438,380,40.84%,24.36%,9.81%,44.36%,242.2%,535.7%,103.6%,601.3%,-18.41%,-3.60%
2019/07/31,2019/06/30,-0.04%,0.22%,0.54%,0.32%,-0.08%,1.30%,1.52%,1.09%,1.54%,1.81%,0.14%,0.15%,-0.04%,-0.90%,1.45%,-0.94%,98,96,112,121,142,340,321,317,445,387,40.79%,25.00%,9.96%,44.57%,247.2%,529.7%,98.76%,595.0%,-18.30%,-3.46%
2019/08/31,2019/07/31,0.46%,0.94%,0.13%,-0.75%,-1.66%,-0.41%,-2.66%,-3.76%,-2.43%,-2.84%,0.22%,1.02%,-0.21%,-4.11%,-2.11%,-4.41%,99,97,112,120,140,338,313,306,434,376,37.81%,21.97%,10.20%,46.05%,239.9%,501.9%,94.18%,566.4%,-18.12%,-2.48%
2019/09/30,2019/08/31,0.28%,1.50%,0.29%,1.55%,-0.54%,0.85%,3.40%,2.80%,1.37%,0.09%,-0.80%,-2.38%,-0.11%,-0.60%,1.76%,0.12%,99,98,112,122,139,341,323,314,440,376,36.68%,21.04%,9.32%,42.57%,245.8%,502.6%,91.00%,562.4%,-18.77%,-4.80%
2019/10/31,2019/09/30,0.24%,0.87%,-0.71%,-2.41%,0.69%,2.44%,2.80%,1.32%,0.32%,3.41%,-0.59%,0.17%,-3.29%,0.11%,2.20%,0.06%,99,99,112,119,140,349,332,318,441,389,37.30%,22.20%,8.67%,42.81%,253.4%,503.0%,86.92%,563.2%,-19.26%,-4.64%
2019/11/30,2019/10/31,-0.11%,0.33%,-2.21%,-1.56%,1.12%,3.68%,3.80%,2.29%,3.04%,5.61%,0.19%,0.03%,-2.31%,3.26%,3.75%,3.25%,99,100,109,117,141,362,345,326,455,411,38.98%,24.56%,8.88%,42.85%,266.7%,522.6%,85.99%,584.8%,-19.11%,-4.62%
2019/12/31,2019/11/30,-0.04%,0.97%,-0.55%,-1.02%,0.15%,2.17%,3.97%,2.81%,1.84%,2.89%,1.87%,1.79%,2.04%,5.95%,2.79%,5.41%,99,101,108,116,142,370,359,335,463,423,39.25%,25.45%,10.91%,45.40%,276.9%,556.3%,90.86%,625.6%,-17.59%,-2.91%
2020/01/31,2019/12/31,-0.63%,-1.39%,-1.76%,1.44%,0.69%,0.62%,-2.05%,-2.70%,1.91%,2.43%,-0.90%,1.10%,1.48%,1.15%,0.06%,0.82%,99,99,107,118,143,372,351,326,472,433,41.08%,27.73%,9.91%,47.00%,277.2%,561.7%,92.31%,633.9%,-18.33%,-1.84%
2020/02/29,2020/01/31,-1.49%,-0.97%,-0.27%,-0.01%,2.78%,-7.91%,-9.33%,-8.40%,-8.10%,-5.77%,-0.12%,-0.04%,-1.14%,-6.93%,-8.00%,-6.92%,97,98,106,118,147,343,318,298,434,408,47.09%,30.46%,9.78%,46.95%,247.0%,515.9%,94.41%,583.1%,-18.43%,-1.88%
2020/03/31,2020/02/29,-2.23%,-0.23%,-0.58%,-3.49%,-1.21%,-11.58%,-14.76%,-17.06%,-14.81%,-11.31%,-3.08%,-0.47%,-8.04%,-21.93%,-13.57%,-21.79%,95,98,106,114,145,303,271,247,370,362,48.59%,30.81%,6.40%,46.25%,199.9%,381.7%,78.43%,433.3%,-20.95%,-2.34%
2020/04/30,2020/03/31,0.49%,0.37%,-0.47%,1.25%,-0.79%,12.37%,12.68%,13.92%,16.01%,13.81%,1.99%,2.34%,3.46%,20.37%,13.44%,19.67%,95,98,105,115,144,341,306,282,429,412,46.69%,32.70%,8.51%,49.67%,240.2%,476.5%,89.55%,541.9%,-19.38%,-0.06%
2020/05/31,2020/04/30,-0.64%,0.70%,1.45%,-4.21%,-1.04%,4.83%,5.53%,8.02%,3.63%,5.99%,-0.02%,0.36%,0.23%,8.71%,5.40%,8.60%,95,99,107,110,142,357,323,304,444,436,46.10%,34.23%,8.49%,50.22%,258.6%,526.0%,95.61%,597.8%,-19.39%,0.00%
2020/06/30,2020/05/31,-2.11%,0.19%,-1.88%,2.16%,1.91%,0.14%,2.42%,1.28%,5.09%,4.94%,1.33%,2.05%,3.08%,9.61%,2.43%,8.99%,93,99,105,113,145,358,331,308,467,458,51.98%,40.67%,9.94%,53.30%,267.3%,582.3%,108.4%,664.8%,-18.32%,0.00%
2020/07/31,2020/06/30,-1.52%,-1.08%,0.23%,0.97%,-1.48%,4.36%,5.45%,5.08%,8.65%,5.97%,-1.36%,-0.67%,-0.62%,3.68%,5.73%,3.88%,91,98,105,114,143,373,349,324,507,485,52.04%,42.93%,8.45%,52.27%,288.3%,608.8%,104.6%,693.0%,-19.43%,-0.67%
2020/08/31,2020/07/31,-2.67%,0.50%,-3.32%,-2.09%,3.05%,4.69%,8.18%,3.65%,7.67%,12.17%,1.70%,2.76%,-3.15%,5.79%,7.38%,4.96%,89,99,101,111,147,391,377,336,546,544,60.74%,53.61%,10.29%,56.47%,317.0%,644.0%,99.65%,738.9%,-18.05%,0.00%
2020/09/30,2020/08/31,0.53%,-0.65%,2.03%,-1.22%,-1.55%,-2.44%,-4.20%,-1.55%,-4.44%,-4.60%,0.54%,1.90%,1.71%,-0.94%,-3.61%,-1.51%,89,98,104,110,145,381,361,331,522,519,57.40%,50.29%,10.89%,59.44%,301.9%,632.7%,103.9%,731.0%,-17.61%,0.00%
2020/10/31,2020/09/30,-1.02%,-0.57%,-0.61%,2.25%,2.09%,-3.50%,-2.38%,-0.57%,-1.59%,-1.01%,1.32%,0.27%,-1.28%,0.27%,-2.11%,0.19%,88,97,103,112,148,368,353,329,514,514,62.30%,54.03%,12.36%,59.87%,293.4%,634.1%,108.5%,733.2%,-16.52%,0.00%
2020/11/30,2020/10/31,0.52%,0.82%,-0.10%,-1.93%,0.70%,11.29%,12.67%,14.19%,10.65%,13.63%,0.06%,-0.47%,1.71%,20.36%,12.26%,20.50%,89,98,103,110,149,409,397,375,568,584,62.59%,57.63%,12.42%,59.12%,341.6%,784.6%,125.7%,902.8%,-16.47%,-0.47%
2020/12/31,2020/11/30,-0.81%,1.16%,-1.59%,-2.71%,-0.45%,3.68%,5.75%,4.80%,2.77%,5.68%,1.72%,2.03%,0.74%,10.70%,4.57%,10.09%,88,99,101,107,148,424,420,393,584,617,63.17%,60.79%,14.35%,62.35%,361.8%,873.8%,138.2%,1010%,-15.04%,0.00%
2021/01/31,2020/12/31,-0.76%,-1.62%,-1.71%,-0.80%,1.86%,-1.39%,-0.59%,-0.13%,0.35%,1.89%,5.09%,3.99%,9.24%,14.33%,-0.12%,13.13%,88,98,99,106,151,419,418,393,586,629,67.45%,66.06%,20.18%,68.83%,361.3%,1002%,169.7%,1169%,-10.71%,0.00%
