Date,fdate,prcdelay2_AR_1,prcdelay2_AR_2,prcdelay2_AR_3,prcdelay2_AR_4,prcdelay2_AR_5,prcdelay2_TR_1,prcdelay2_TR_2,prcdelay2_TR_3,prcdelay2_TR_4,prcdelay2_TR_5,prcdelay2_AR_Sig,prcdelay2_TR_Sig,prcdelay2_AR_130,prcdelay2_TR_130,prcdelay2_TR_BP,prcdelay2_TR_LO,prcdelay2_CAR_1,prcdelay2_CAR_2,prcdelay2_CAR_3,prcdelay2_CAR_4,prcdelay2_CAR_5,prcdelay2_CTR_1,prcdelay2_CTR_2,prcdelay2_CTR_3,prcdelay2_CTR_4,prcdelay2_CTR_5,prcdelay2_CAR_LS,prcdelay2_CTR_LS,prcdelay2_CAR_SW,prcdelay2_CTR_SW,prcdelay2_CTR_BP,prcdelay2_CTR_LO,prcdelay2_CXR_LO,prcdelay2_CTR_13,prcdelay2_CADD,prcdelay2_CTDD
2001/02/28,2001/01/31,-0.55%,1.45%,5.06%,2.20%,0.23%,-9.66%,-11.08%,-14.83%,-6.16%,-2.64%,-0.28%,3.19%,6.53%,-3.31%,-9.48%,-4.27%,99,101,105,102,100,90,89,85,94,97,0.78%,7.02%,-0.28%,3.19%,-9.48%,-4.27%,5.21%,-3.31%,-0.28%,0.00%
2001/03/31,2001/02/28,-0.73%,0.88%,3.04%,-0.18%,-0.84%,-9.02%,-7.61%,-6.36%,-4.46%,-3.26%,1.94%,5.20%,3.04%,-0.78%,-6.73%,-2.34%,99,102,108,102,99,82,82,80,90,94,0.68%,13.18%,1.65%,8.56%,-15.57%,-6.51%,9.82%,-4.07%,0.00%,0.00%
2001/04/30,2001/03/31,-3.05%,0.90%,-0.38%,2.15%,0.27%,6.43%,10.37%,10.82%,9.70%,4.97%,0.72%,-1.05%,-2.81%,4.12%,8.26%,4.43%,96,103,108,104,100,87,91,88,98,99,4.02%,11.53%,2.39%,7.42%,-8.60%,-2.37%,5.62%,-0.11%,0.00%,-1.05%
2001/05/31,2001/04/30,0.27%,0.38%,-1.36%,-0.86%,-0.33%,1.26%,0.60%,-0.13%,1.83%,1.77%,0.08%,0.91%,3.33%,7.36%,1.01%,7.09%,96,104,106,103,99,89,91,88,100,101,3.40%,12.10%,2.47%,8.40%,-7.68%,4.55%,12.05%,7.23%,0.00%,-0.15%
2001/06/30,2001/05/31,2.50%,0.59%,2.14%,-2.15%,1.08%,-0.12%,-1.94%,-0.71%,-4.17%,-1.41%,0.21%,-0.08%,0.27%,2.93%,-1.54%,2.95%,98,104,109,101,100,88,89,88,96,99,1.94%,10.66%,2.69%,8.31%,-9.10%,7.64%,17.08%,10.38%,0.00%,-0.23%
2001/07/31,2001/06/30,0.74%,-2.80%,-0.52%,-0.50%,0.68%,-3.32%,-3.77%,-2.22%,-0.10%,2.33%,-0.93%,1.65%,2.04%,-0.59%,-1.79%,-1.09%,99,101,108,101,101,86,86,86,96,102,1.88%,16.92%,1.73%,10.10%,-10.73%,6.47%,17.91%,9.72%,-0.93%,0.00%
2001/08/31,2001/07/31,-0.04%,0.52%,1.88%,1.35%,0.19%,-7.51%,-7.75%,-4.22%,-4.30%,-3.27%,-0.63%,0.64%,0.78%,-2.11%,-5.97%,-2.30%,99,102,110,102,101,79,79,82,92,98,2.11%,21.88%,1.10%,10.80%,-16.06%,4.02%,22.24%,7.41%,-1.55%,0.00%
2001/09/30,2001/08/31,0.54%,-2.94%,-0.17%,0.80%,-0.37%,-8.84%,-11.17%,-10.59%,-8.18%,-3.00%,-0.20%,1.61%,1.79%,-10.56%,-8.92%,-11.05%,100,99,110,103,101,72,71,73,84,95,1.19%,28.99%,0.89%,12.59%,-23.54%,-7.47%,19.63%,-3.93%,-1.75%,0.00%
2001/10/31,2001/09/30,1.19%,2.84%,4.55%,2.12%,-1.08%,1.87%,2.83%,7.59%,1.47%,-2.09%,3.26%,-0.65%,-0.40%,6.55%,2.68%,6.75%,101,102,115,105,100,73,73,79,85,93,-1.11%,23.89%,4.18%,11.85%,-21.50%,-1.22%,24.50%,2.36%,0.00%,-0.65%
2001/11/30,2001/10/31,0.55%,-0.77%,0.88%,-1.93%,-1.82%,7.82%,7.71%,9.76%,8.28%,3.35%,-0.66%,-0.81%,-0.65%,5.47%,7.75%,5.72%,101,101,116,103,98,79,78,87,93,96,-3.46%,18.35%,3.49%,10.94%,-15.41%,4.42%,21.97%,7.96%,-0.66%,-1.46%
2001/12/31,2001/11/30,1.17%,0.02%,-0.73%,-0.18%,2.53%,1.94%,1.92%,0.52%,2.14%,2.95%,-1.13%,-0.46%,0.69%,5.89%,1.71%,6.03%,103,101,115,103,100,81,80,87,95,99,-2.14%,19.55%,2.33%,10.43%,-13.96%,10.71%,27.23%,14.32%,-1.78%,-1.91%
2002/01/31,2001/12/31,1.35%,0.01%,-0.21%,-2.08%,-1.76%,-0.30%,-2.06%,-1.10%,-1.37%,-1.49%,0.78%,2.70%,3.56%,4.17%,-1.25%,3.36%,104,101,115,101,99,80,78,86,93,98,-5.19%,18.13%,3.12%,13.41%,-15.04%,14.43%,33.10%,19.08%,-1.02%,0.00%
2002/02/28,2002/01/31,0.63%,0.37%,0.16%,0.65%,-1.89%,-1.41%,-2.86%,-2.75%,-0.59%,-2.14%,0.03%,0.84%,-0.13%,-2.69%,-2.10%,-2.94%,105,101,115,101,97,79,76,84,93,96,-7.58%,17.26%,3.16%,14.36%,-16.83%,11.07%,31.98%,15.88%,-0.98%,0.00%
2002/03/31,2002/02/28,0.56%,1.16%,-0.25%,0.92%,0.91%,2.69%,7.30%,5.36%,5.81%,2.61%,0.66%,0.71%,2.62%,7.99%,4.42%,7.78%,105,102,115,102,98,81,81,88,98,98,-7.26%,17.17%,3.84%,15.17%,-13.15%,19.71%,36.42%,25.14%,-0.33%,0.00%
2002/04/30,2002/03/31,0.30%,0.69%,0.07%,0.50%,-1.38%,-4.60%,-6.47%,-5.07%,-2.37%,-4.32%,-1.02%,0.01%,1.53%,1.04%,-5.00%,1.03%,105,103,115,103,96,78,76,84,96,94,-8.82%,17.49%,2.78%,15.18%,-17.49%,20.94%,44.64%,26.43%,-1.35%,0.00%
2002/05/31,2002/04/30,-1.02%,0.30%,-0.06%,-0.81%,-1.13%,-0.93%,-1.95%,-1.19%,-1.76%,-0.17%,0.46%,0.22%,1.53%,-1.52%,-1.20%,-1.59%,104,103,115,102,95,77,75,83,94,94,-8.92%,18.38%,3.25%,15.43%,-18.48%,19.02%,44.08%,24.51%,-0.89%,0.00%
2002/06/30,2002/05/31,1.40%,-0.27%,3.10%,1.91%,-2.70%,-5.53%,-9.31%,-5.82%,-5.27%,-6.53%,-0.24%,-0.02%,-3.34%,-5.91%,-6.92%,-5.91%,106,103,118,104,93,73,68,78,89,88,-12.66%,17.21%,3.00%,15.41%,-24.12%,11.99%,45.54%,17.15%,-1.13%,-0.02%
2002/07/31,2002/06/30,-1.47%,1.34%,1.68%,3.61%,-6.13%,-6.01%,-9.62%,-9.85%,-6.90%,-7.64%,-0.02%,0.24%,-3.15%,-11.27%,-7.99%,-11.34%,104,105,120,108,87,68,61,70,83,81,-16.72%,15.29%,2.98%,15.68%,-30.19%,-0.71%,40.67%,3.95%,-1.15%,0.00%
2002/08/31,2002/07/31,-0.78%,-0.37%,-0.65%,-1.20%,-2.00%,0.72%,0.38%,1.03%,0.97%,0.01%,-0.90%,-0.94%,1.45%,0.04%,0.64%,0.33%,103,104,120,106,85,69,61,71,84,81,-17.74%,14.47%,2.05%,14.60%,-29.74%,-0.38%,40.23%,3.99%,-2.04%,-0.94%
2002/09/30,2002/08/31,-3.06%,0.53%,1.12%,1.10%,-1.71%,-9.37%,-11.51%,-10.99%,-10.62%,-5.70%,0.09%,0.34%,-0.18%,-6.22%,-10.13%,-6.32%,100,105,121,107,84,62,54,63,75,76,-16.63%,18.67%,2.15%,14.99%,-36.86%,-6.68%,45.57%,-2.47%,-1.95%,-0.60%
2002/10/31,2002/09/30,3.38%,0.85%,-0.08%,0.86%,-1.72%,9.45%,8.86%,6.13%,6.78%,0.99%,-1.42%,-2.20%,-2.33%,1.74%,7.77%,2.40%,104,106,121,108,82,68,59,67,80,77,-20.89%,8.64%,0.70%,12.46%,-31.95%,-4.44%,37.76%,-0.78%,-3.34%,-2.79%
2002/11/30,2002/10/31,-0.84%,0.04%,0.86%,-1.02%,1.28%,4.57%,8.13%,7.44%,5.55%,3.34%,2.01%,1.44%,2.03%,11.41%,6.03%,10.98%,103,106,122,107,83,71,64,72,84,80,-19.21%,7.30%,2.72%,14.07%,-27.85%,6.05%,44.58%,10.55%,-1.40%,-1.39%
2002/12/31,2002/11/30,0.02%,-0.58%,0.09%,0.31%,1.65%,-3.97%,-7.08%,-8.02%,-7.30%,-0.36%,-0.31%,-0.36%,1.58%,-2.95%,-5.58%,-2.84%,103,105,122,108,85,69,59,66,78,79,-17.89%,11.18%,2.40%,13.66%,-31.88%,3.04%,48.55%,7.28%,-1.71%,-1.75%
2003/01/31,2002/12/31,0.35%,-0.54%,-0.09%,0.30%,0.13%,-1.81%,-3.32%,-3.14%,-3.05%,-1.71%,0.57%,1.17%,1.81%,1.36%,-2.56%,1.00%,103,105,122,108,85,67,57,64,76,78,-18.07%,11.29%,2.99%,14.99%,-33.63%,4.07%,53.84%,8.74%,-1.15%,-0.60%
2003/02/28,2003/01/31,0.23%,0.49%,1.32%,-1.26%,-1.46%,-1.21%,-1.56%,-1.84%,-4.12%,-2.52%,-0.01%,-0.51%,-0.55%,-2.74%,-1.81%,-2.59%,103,105,123,107,84,67,56,63,73,76,-19.45%,9.83%,2.97%,14.40%,-34.83%,1.38%,52.65%,5.76%,-1.16%,-1.11%
2003/03/31,2003/02/28,1.37%,0.09%,0.52%,1.65%,2.86%,1.58%,0.59%,0.67%,1.48%,3.20%,0.46%,0.70%,0.68%,2.05%,1.22%,1.84%,105,105,124,108,86,68,57,63,74,78,-18.26%,11.61%,3.45%,15.19%,-34.03%,3.25%,53.60%,7.93%,-0.70%,-0.42%
2003/04/30,2003/03/31,0.37%,-1.17%,0.20%,0.47%,0.14%,6.23%,8.81%,11.09%,11.32%,6.12%,-0.50%,-1.23%,1.11%,8.14%,8.22%,8.51%,105,104,124,109,86,72,62,71,82,83,-18.44%,11.49%,2.93%,13.77%,-28.61%,12.04%,54.04%,16.71%,-1.20%,-1.65%
2003/05/31,2003/04/30,0.26%,-1.17%,-0.58%,-0.43%,2.62%,4.40%,6.21%,9.36%,8.85%,7.61%,1.26%,1.32%,5.49%,13.84%,6.23%,13.44%,106,103,124,108,88,75,66,77,89,90,-16.51%,15.06%,4.22%,15.27%,-24.16%,27.10%,65.15%,32.87%,0.00%,-0.36%
2003/06/30,2003/05/31,0.18%,-0.16%,0.23%,-0.62%,-0.81%,1.14%,1.84%,2.43%,2.17%,0.25%,2.15%,1.87%,3.93%,6.31%,1.49%,5.75%,106,102,124,108,88,76,67,79,91,90,-17.34%,14.04%,6.46%,17.43%,-23.03%,34.41%,72.20%,41.25%,0.00%,0.00%
2003/07/31,2003/06/30,0.56%,0.68%,2.23%,-1.99%,0.90%,1.75%,2.08%,5.59%,1.38%,2.56%,0.89%,0.73%,2.35%,7.16%,2.46%,6.94%,106,103,127,106,89,77,68,83,93,92,-17.06%,14.96%,7.41%,18.29%,-21.14%,43.73%,79.90%,51.36%,0.00%,0.00%
2003/08/31,2003/07/31,-0.26%,-0.59%,0.49%,-0.25%,-0.42%,1.43%,2.25%,3.50%,4.56%,1.88%,-0.43%,-0.13%,0.50%,4.19%,2.35%,4.23%,106,103,127,105,88,78,70,86,97,94,-17.19%,15.48%,6.95%,18.14%,-19.28%,49.82%,83.29%,57.71%,-0.43%,-0.13%
2003/09/30,2003/08/31,0.43%,-0.83%,-0.26%,-0.19%,-0.33%,-0.50%,-1.94%,-1.02%,-1.37%,-1.13%,0.66%,0.43%,3.36%,3.07%,-1.08%,2.94%,106,102,127,105,88,78,68,85,96,93,-17.82%,14.76%,7.65%,18.65%,-20.15%,54.23%,90.66%,62.56%,0.00%,0.00%
2003/10/31,2003/09/30,0.64%,1.14%,-0.24%,-0.46%,0.13%,5.96%,6.12%,5.77%,7.09%,5.11%,0.58%,0.48%,1.62%,7.77%,6.06%,7.63%,107,103,127,105,88,82,73,90,102,98,-18.24%,13.79%,8.28%,19.21%,-15.32%,65.99%,93.65%,75.19%,0.00%,0.00%
2003/11/30,2003/10/31,-0.31%,-0.13%,0.38%,-0.45%,1.10%,0.64%,1.36%,2.18%,2.15%,3.08%,-0.27%,0.07%,1.28%,3.84%,1.47%,3.82%,107,103,127,104,89,83,74,92,104,101,-17.09%,16.57%,7.98%,19.30%,-14.07%,72.33%,98.19%,81.92%,-0.27%,0.00%
2003/12/31,2003/11/30,-0.57%,-0.30%,0.00%,-0.89%,-0.59%,4.11%,5.15%,4.39%,4.06%,3.15%,0.70%,0.89%,0.45%,3.70%,4.39%,3.44%,106,102,127,103,88,86,77,96,109,104,-17.11%,15.45%,8.73%,20.36%,-10.30%,78.25%,96.31%,88.65%,0.00%,0.00%
2004/01/31,2003/12/31,0.00%,0.05%,0.00%,-1.08%,0.12%,1.62%,2.46%,2.59%,2.84%,2.29%,1.13%,1.13%,4.22%,7.55%,2.25%,7.21%,106,102,127,102,89,88,79,99,112,106,-17.01%,16.22%,9.96%,21.72%,-8.28%,91.10%,106.0%,102.9%,0.00%,0.00%
2004/02/29,2004/01/31,0.11%,-1.09%,-0.18%,1.19%,0.95%,1.65%,0.56%,1.49%,2.66%,2.14%,-0.44%,-0.33%,0.02%,0.92%,1.48%,1.02%,106,101,127,103,89,89,80,100,115,108,-16.31%,16.79%,9.48%,21.32%,-6.92%,93.05%,105.1%,104.8%,-0.44%,-0.33%
2004/03/31,2004/02/29,-0.69%,0.11%,-0.39%,1.12%,0.00%,-1.71%,-0.89%,-1.66%,0.27%,-0.97%,-0.63%,-0.76%,0.02%,0.36%,-1.09%,0.59%,106,101,126,104,89,88,79,99,115,107,-15.74%,17.65%,8.78%,20.41%,-7.94%,94.19%,108.5%,105.5%,-1.07%,-1.08%
2004/04/30,2004/03/31,-0.04%,-0.98%,-1.24%,-1.21%,1.18%,-1.28%,-2.41%,-2.13%,-3.03%,-1.96%,1.13%,0.57%,2.31%,-1.99%,-2.03%,-2.16%,106,100,125,103,90,87,77,97,112,105,-14.71%,16.84%,10.02%,21.09%,-9.81%,89.99%,108.3%,101.4%,0.00%,-0.52%
2004/05/31,2004/04/30,1.19%,0.79%,-0.96%,-0.95%,0.41%,2.12%,1.91%,0.27%,0.36%,1.36%,-0.77%,-0.71%,-0.65%,-0.05%,1.34%,0.16%,107,101,124,102,91,88,79,97,112,107,-15.37%,15.96%,9.17%,20.23%,-8.61%,90.30%,105.8%,101.3%,-0.77%,-1.23%
2004/06/30,2004/05/31,0.03%,0.28%,0.74%,-0.11%,-1.16%,2.45%,1.67%,3.01%,1.85%,0.73%,-0.40%,0.04%,-1.14%,2.74%,1.96%,2.72%,107,102,124,102,90,91,80,100,114,107,-16.38%,13.97%,8.73%,20.28%,-6.81%,95.48%,107.4%,106.8%,-1.17%,-1.19%
2004/07/31,2004/06/30,-0.66%,0.10%,-0.60%,2.60%,-3.21%,-4.20%,-3.97%,-3.96%,-2.22%,-5.66%,-0.46%,-0.61%,-1.63%,-6.16%,-3.87%,-5.98%,106,102,124,105,87,87,77,96,112,101,-18.52%,12.30%,8.23%,19.54%,-10.42%,83.80%,103.0%,94.08%,-1.62%,-1.79%
2004/08/31,2004/07/31,-0.56%,0.55%,0.30%,0.68%,0.63%,-0.24%,0.63%,0.35%,0.71%,0.75%,-0.37%,-0.91%,-1.75%,-2.69%,0.29%,-2.42%,106,102,124,105,87,87,77,96,112,102,-17.55%,13.42%,7.83%,18.45%,-10.15%,79.36%,97.53%,88.86%,-1.99%,-2.69%
2004/09/30,2004/08/31,0.13%,0.07%,-0.28%,0.40%,-0.70%,1.45%,1.33%,1.84%,3.08%,1.17%,0.41%,0.71%,1.26%,4.13%,1.66%,3.92%,106,102,124,106,87,88,78,98,116,103,-18.23%,13.10%,8.27%,19.30%,-8.67%,86.39%,102.0%,96.66%,-1.58%,-1.99%
2004/10/31,2004/09/30,0.24%,-1.09%,0.55%,0.45%,0.68%,1.58%,0.52%,2.29%,2.36%,1.52%,-0.44%,-0.75%,0.25%,1.41%,1.55%,1.64%,106,101,124,106,87,89,79,100,119,105,-17.86%,13.03%,7.80%,18.40%,-7.25%,89.43%,102.2%,99.43%,-2.01%,-2.73%
2004/11/30,2004/10/31,-0.70%,0.14%,0.56%,0.21%,-0.44%,3.72%,4.47%,5.63%,6.04%,3.48%,-0.28%,0.13%,1.79%,8.88%,4.65%,8.84%,105,101,125,107,87,93,82,106,126,109,-17.65%,12.76%,7.50%,18.55%,-2.94%,106.2%,110.6%,117.1%,-2.29%,-2.61%
2004/12/31,2004/11/30,0.80%,-0.43%,-0.54%,0.52%,0.04%,3.91%,3.05%,3.51%,4.57%,3.90%,0.99%,1.20%,3.47%,7.30%,3.62%,6.94%,106,101,124,107,87,96,85,110,131,113,-18.27%,12.75%,8.56%,19.97%,0.58%,120.5%,117.6%,133.0%,-1.32%,-1.44%
2005/01/31,2004/12/31,0.23%,-0.65%,0.64%,0.75%,-0.82%,-1.73%,-3.56%,-2.61%,-3.24%,-2.28%,1.33%,1.04%,1.07%,-2.10%,-2.69%,-2.42%,106,100,125,108,86,95,82,107,127,110,-19.13%,12.13%,10.01%,21.22%,-2.13%,115.2%,118.2%,128.1%,-0.01%,-0.42%
2005/02/28,2005/01/31,0.58%,-0.17%,0.16%,-0.51%,0.67%,2.55%,1.78%,1.65%,1.39%,2.66%,0.17%,0.15%,-0.62%,0.92%,2.06%,0.88%,107,100,125,107,87,97,83,108,129,113,-19.06%,12.26%,10.20%,21.40%,-0.11%,117.0%,115.6%,130.2%,0.00%,-0.27%
2005/03/31,2005/02/28,-1.21%,0.13%,1.15%,0.70%,0.77%,-2.17%,-2.09%,-1.21%,-1.70%,-0.43%,-0.40%,-0.51%,-1.67%,-2.76%,-1.73%,-2.61%,106,100,127,108,88,95,81,107,127,113,-17.45%,14.22%,9.76%,20.78%,-1.84%,111.4%,113.7%,123.8%,-0.40%,-0.78%
2005/04/30,2005/03/31,1.10%,-0.35%,1.03%,0.24%,-1.05%,-0.95%,-2.69%,-2.81%,-3.64%,-1.74%,-0.79%,-0.79%,-1.62%,-5.77%,-2.23%,-5.53%,107,100,128,108,87,94,79,104,122,111,-19.23%,13.31%,8.89%,19.83%,-4.03%,99.70%,106.7%,110.9%,-1.19%,-1.56%
2005/05/31,2005/04/30,-0.25%,0.39%,0.92%,-0.51%,-0.61%,2.60%,4.37%,6.40%,5.12%,1.72%,-2.05%,-2.20%,-2.25%,2.06%,3.88%,2.71%,106,100,129,108,86,96,83,111,128,113,-19.52%,12.31%,6.65%,17.19%,-0.31%,105.1%,104.3%,115.3%,-3.22%,-3.72%
2005/06/30,2005/05/31,-0.54%,-0.26%,0.40%,-0.00%,1.33%,-0.14%,0.74%,2.03%,1.43%,1.68%,-0.88%,-0.04%,-0.60%,3.16%,0.85%,3.18%,106,100,130,108,87,96,83,113,130,114,-18.02%,14.35%,5.71%,17.14%,0.54%,111.6%,109.1%,122.1%,-4.07%,-3.76%
2005/07/31,2005/06/30,-0.25%,0.08%,0.27%,-0.44%,0.95%,3.07%,4.61%,5.79%,5.34%,3.06%,-0.23%,-0.43%,0.98%,6.24%,4.20%,6.37%,106,100,130,107,88,99,87,120,137,118,-17.03%,14.34%,5.47%,16.64%,4.76%,125.1%,113.6%,135.9%,-4.29%,-4.18%
2005/08/31,2005/07/31,-0.02%,-1.05%,1.47%,1.65%,-0.31%,-1.04%,-1.92%,-0.05%,0.01%,-0.77%,-0.52%,-0.98%,-0.18%,-1.98%,-1.01%,-1.68%,106,99,132,109,88,98,85,120,137,117,-17.27%,14.64%,4.92%,15.49%,3.70%,121.3%,112.2%,131.3%,-4.79%,-5.12%
2005/09/30,2005/08/31,-0.67%,0.20%,0.80%,2.61%,0.60%,-0.14%,1.18%,1.19%,2.84%,-0.28%,-0.76%,-0.69%,-0.16%,-0.35%,0.77%,-0.15%,105,99,133,112,88,98,86,121,141,117,-16.22%,14.48%,4.12%,14.70%,4.50%,121.0%,110.2%,130.5%,-5.52%,-5.77%
2005/10/31,2005/09/30,-0.63%,-0.39%,0.46%,1.50%,0.16%,-1.97%,-2.35%,-2.04%,-0.94%,-0.39%,-1.31%,-1.35%,-1.66%,-3.57%,-1.76%,-3.17%,104,99,134,114,88,96,84,118,140,116,-15.56%,16.28%,2.75%,13.14%,2.66%,114.0%,107.3%,122.2%,-6.76%,-7.05%
2005/11/30,2005/10/31,0.38%,0.19%,0.05%,-0.62%,0.68%,3.88%,4.24%,4.39%,3.30%,3.27%,-0.21%,-0.56%,-0.67%,3.07%,3.93%,3.24%,105,99,134,113,89,100,88,124,144,120,-15.30%,15.57%,2.54%,12.51%,6.69%,121.0%,105.8%,129.1%,-6.95%,-7.57%
2005/12/31,2005/11/30,0.24%,-0.31%,0.84%,0.22%,-0.53%,0.12%,-0.18%,0.67%,0.32%,-0.62%,1.33%,1.47%,2.03%,1.71%,0.04%,1.27%,105,99,135,113,89,100,88,124,145,119,-15.96%,14.72%,3.91%,14.17%,6.73%,123.8%,108.4%,133.0%,-5.71%,-6.20%
2006/01/31,2005/12/31,-0.36%,0.15%,-0.63%,-0.01%,-1.19%,2.64%,3.47%,5.08%,5.21%,1.16%,-0.27%,0.11%,-0.24%,8.00%,3.44%,7.97%,105,99,134,113,88,103,91,131,152,121,-16.65%,13.02%,3.62%,14.30%,10.40%,141.6%,117.8%,151.6%,-5.97%,-6.10%
2006/02/28,2006/01/31,0.84%,-0.45%,-0.48%,0.36%,-1.04%,1.15%,-0.60%,-0.61%,0.43%,-0.41%,0.37%,0.51%,0.79%,1.14%,0.09%,0.98%,105,98,134,114,87,104,90,130,153,120,-18.22%,11.26%,4.00%,14.88%,10.50%,144.0%,119.8%,154.5%,-5.63%,-5.62%
2006/03/31,2006/02/28,0.33%,-0.59%,-1.18%,-0.26%,0.45%,1.68%,1.95%,2.09%,2.49%,1.51%,0.12%,0.69%,-0.78%,4.27%,1.90%,4.07%,106,98,132,113,87,106,92,133,157,122,-18.11%,11.07%,4.13%,15.67%,12.59%,153.9%,124.5%,165.4%,-5.51%,-4.97%
2006/04/30,2006/03/31,-0.42%,0.63%,-1.11%,-1.11%,1.05%,-0.16%,2.17%,1.02%,0.72%,1.03%,-0.66%,0.38%,-0.55%,0.27%,0.99%,0.15%,105,98,131,112,88,105,94,134,158,123,-16.91%,12.38%,3.44%,16.12%,13.71%,154.3%,122.7%,166.1%,-6.13%,-4.61%
2006/05/31,2006/04/30,0.05%,-0.13%,0.11%,0.32%,-0.98%,-2.59%,-3.30%,-3.90%,-2.69%,-3.41%,-2.00%,-1.02%,-1.55%,-5.10%,-3.11%,-4.79%,105,98,131,112,87,103,91,129,154,119,-17.77%,11.46%,1.37%,14.94%,10.17%,142.1%,118.9%,152.5%,-8.01%,-5.57%
2006/06/30,2006/05/31,-0.45%,-0.09%,1.01%,-0.42%,0.75%,-0.58%,0.09%,1.33%,-0.20%,0.51%,0.11%,0.47%,-0.04%,0.07%,0.19%,-0.07%,105,98,132,112,88,102,91,131,153,120,-16.78%,12.69%,1.49%,15.48%,10.39%,141.9%,118.3%,152.7%,-7.91%,-5.13%
2006/07/31,2006/06/30,0.72%,0.44%,-1.80%,0.60%,-0.64%,0.74%,-0.35%,-2.61%,1.12%,-1.58%,-1.38%,-0.41%,-1.08%,-2.81%,-0.28%,-2.69%,106,99,130,113,87,103,91,127,155,118,-17.91%,10.07%,0.09%,15.01%,10.08%,135.4%,113.1%,145.6%,-9.18%,-5.51%
2006/08/31,2006/07/31,0.22%,0.02%,0.47%,-0.82%,0.47%,2.73%,1.90%,3.16%,1.58%,3.01%,-0.00%,0.00%,-0.60%,2.36%,2.48%,2.36%,106,99,130,112,88,106,92,131,158,121,-17.71%,10.38%,0.09%,15.01%,12.81%,141.0%,112.8%,151.4%,-9.18%,-5.51%
2006/09/30,2006/08/31,0.71%,-0.56%,-0.28%,-0.66%,0.82%,2.99%,1.91%,1.80%,1.82%,2.41%,-0.39%,-0.22%,-0.08%,1.34%,2.24%,1.41%,107,98,130,111,88,109,94,134,160,124,-17.62%,9.74%,-0.31%,14.76%,15.33%,144.4%,111.1%,154.8%,-9.54%,-5.72%
2006/10/31,2006/09/30,0.52%,-0.38%,-0.00%,-1.04%,0.33%,3.66%,3.69%,4.19%,3.84%,3.00%,0.34%,0.33%,-0.27%,4.16%,3.69%,4.06%,107,98,130,110,89,113,98,139,167,128,-17.78%,9.01%,0.03%,15.13%,19.59%,154.3%,111.8%,165.4%,-9.23%,-5.41%
2006/11/30,2006/10/31,0.94%,0.45%,-0.13%,-2.59%,-0.43%,2.73%,2.81%,2.60%,0.02%,1.44%,-0.88%,-0.95%,-0.90%,1.66%,2.16%,1.95%,108,98,130,107,88,116,100,143,167,130,-18.91%,7.60%,-0.85%,14.04%,22.17%,159.3%,111.4%,169.8%,-10.03%,-6.32%
2006/12/31,2006/11/30,-1.21%,0.27%,0.40%,0.04%,0.02%,0.73%,1.45%,0.89%,1.58%,1.69%,0.25%,0.48%,-0.68%,1.64%,1.18%,1.49%,107,98,130,107,88,117,102,144,169,132,-17.90%,8.63%,-0.61%,14.58%,23.61%,163.1%,112.1%,174.2%,-9.81%,-5.87%
2007/01/31,2006/12/31,0.62%,0.08%,0.16%,-0.57%,0.26%,2.26%,2.10%,2.29%,1.34%,1.63%,-0.54%,-0.63%,0.77%,2.17%,2.01%,2.36%,108,99,130,106,88,119,104,147,172,134,-18.20%,7.94%,-1.14%,13.86%,26.09%,169.3%,112.8%,180.1%,-10.29%,-6.46%
2007/02/28,2007/01/31,-0.34%,-0.62%,-0.29%,1.23%,-0.14%,-1.76%,-2.18%,-2.19%,-0.03%,-1.32%,0.84%,0.83%,0.65%,0.40%,-1.63%,0.15%,107,98,130,108,88,117,102,144,171,132,-18.04%,8.42%,-0.31%,14.81%,24.04%,169.7%,116.6%,181.3%,-9.54%,-5.68%
2007/03/31,2007/02/28,0.51%,-1.05%,-0.63%,-0.45%,1.10%,1.84%,0.45%,0.63%,0.55%,1.65%,0.32%,-0.25%,-0.56%,-0.03%,1.00%,0.04%,108,97,129,107,89,119,102,145,172,135,-17.56%,8.22%,0.01%,14.52%,25.28%,169.9%,114.5%,181.2%,-9.25%,-5.92%
2007/04/30,2007/03/31,-0.37%,-0.27%,0.27%,1.64%,0.20%,3.61%,3.73%,4.01%,4.99%,3.47%,0.50%,0.43%,0.58%,2.19%,3.86%,2.06%,107,97,130,109,90,124,106,151,181,139,-17.09%,8.07%,0.51%,15.01%,30.12%,175.4%,110.7%,187.3%,-8.80%,-5.51%
2007/05/31,2007/04/30,0.11%,-0.37%,-0.73%,-0.55%,1.42%,3.47%,3.17%,3.82%,3.45%,4.02%,-0.55%,-0.62%,-1.24%,1.70%,3.54%,1.88%,107,96,129,108,91,128,109,157,187,145,-16.00%,8.67%,-0.05%,14.30%,34.73%,180.6%,107.2%,192.2%,-9.30%,-6.10%
2007/06/30,2007/05/31,0.09%,-0.33%,0.64%,-0.54%,-0.91%,-1.94%,-1.85%,-1.17%,-1.82%,-2.05%,0.00%,0.18%,-0.53%,-1.16%,-1.77%,-1.21%,108,96,129,108,90,125,107,155,184,142,-16.84%,8.54%,-0.05%,14.50%,32.35%,177.2%,108.3%,188.8%,-9.30%,-5.93%
2007/07/31,2007/06/30,1.49%,1.00%,-1.96%,0.69%,-0.72%,-2.55%,-2.57%,-4.76%,-3.92%,-3.90%,0.25%,0.38%,0.62%,-4.44%,-3.46%,-4.56%,109,97,127,109,89,122,105,147,177,136,-18.68%,7.07%,0.21%,14.94%,27.77%,164.6%,106.0%,176.0%,-9.07%,-5.57%
2007/08/31,2007/07/31,1.12%,-0.21%,1.25%,-2.75%,0.61%,2.35%,1.02%,2.60%,-1.24%,1.78%,-1.59%,-1.63%,-2.78%,-1.94%,1.50%,-1.45%,110,97,128,106,90,125,106,151,174,139,-19.10%,6.45%,-1.39%,13.06%,29.69%,160.7%,99.95%,170.6%,-10.51%,-7.12%
2007/09/30,2007/08/31,1.26%,-1.36%,-0.97%,0.44%,0.87%,3.45%,3.90%,3.03%,4.37%,3.23%,-0.10%,-0.18%,0.54%,1.14%,3.55%,1.20%,112,95,127,106,91,129,110,156,182,143,-19.41%,6.21%,-1.49%,12.86%,34.30%,163.9%,95.23%,173.7%,-10.61%,-7.28%
2007/10/31,2007/09/30,-0.54%,0.43%,0.92%,-2.49%,0.07%,0.58%,2.63%,3.08%,2.25%,0.87%,-0.12%,0.12%,-1.05%,0.70%,2.05%,0.67%,111,96,128,103,91,130,113,161,186,144,-18.92%,6.52%,-1.60%,13.00%,37.05%,165.6%,92.53%,175.7%,-10.71%,-7.17%
2007/11/30,2007/10/31,-1.05%,0.25%,0.19%,1.06%,0.46%,-5.30%,-4.43%,-4.36%,-4.07%,-4.03%,-1.23%,-1.60%,-2.13%,-8.86%,-4.49%,-8.38%,110,96,129,104,91,123,108,154,179,139,-17.70%,7.87%,-2.81%,11.19%,30.89%,143.4%,85.04%,151.2%,-11.81%,-8.65%
2007/12/31,2007/11/30,-1.35%,-0.14%,0.14%,-1.14%,-0.75%,-3.16%,-0.21%,1.24%,0.24%,-2.09%,-1.05%,-1.14%,-1.61%,-3.32%,-0.68%,-2.98%,109,96,129,103,90,119,107,156,179,136,-17.20%,9.02%,-3.83%,9.92%,30.00%,136.1%,80.80%,142.9%,-12.74%,-9.70%
2008/01/31,2007/12/31,1.11%,0.24%,2.00%,2.48%,-1.19%,-2.62%,-6.24%,-9.38%,-7.64%,-4.00%,0.15%,-0.05%,-0.43%,-3.17%,-5.98%,-3.15%,110,96,131,106,89,116,101,141,165,130,-19.11%,7.51%,-3.69%,9.86%,22.22%,128.7%,85.91%,135.2%,-12.60%,-9.74%
2008/02/29,2008/01/31,-1.06%,0.99%,-1.25%,0.29%,-0.10%,-6.02%,-0.92%,-1.52%,-2.10%,-6.19%,0.26%,-0.40%,0.39%,-4.99%,-3.00%,-4.87%,109,97,130,106,89,109,100,139,162,122,-18.34%,7.33%,-3.44%,9.43%,18.56%,117.5%,82.44%,123.5%,-12.38%,-10.10%
2008/03/31,2008/02/29,2.69%,-0.99%,-1.04%,-2.31%,1.33%,0.72%,-1.15%,-0.92%,-1.29%,-1.10%,1.59%,1.20%,1.06%,-0.14%,-0.63%,-0.50%,111,96,128,104,90,110,99,138,160,121,-19.45%,5.37%,-1.91%,10.74%,17.81%,116.4%,82.67%,123.1%,-10.98%,-9.03%
2008/04/30,2008/03/31,-0.96%,-0.49%,1.54%,1.90%,-0.34%,2.99%,4.48%,6.86%,6.94%,2.45%,0.12%,0.29%,-0.65%,1.93%,4.79%,1.84%,110,96,130,106,90,113,103,147,171,124,-18.95%,4.81%,-1.79%,11.06%,23.46%,120.4%,77.28%,127.4%,-10.88%,-8.76%
2008/05/31,2008/04/30,-0.95%,0.22%,-0.40%,-0.29%,-0.63%,0.22%,2.56%,3.29%,3.58%,0.04%,-1.16%,-2.21%,-1.96%,0.57%,1.98%,1.23%,109,96,130,105,90,114,106,152,177,124,-18.69%,4.62%,-2.92%,8.61%,25.90%,123.1%,75.95%,128.7%,-11.91%,-10.78%
2008/06/30,2008/05/31,-1.80%,-3.25%,0.15%,1.81%,-1.01%,-12.04%,-8.99%,-4.22%,-6.62%,-12.13%,1.71%,-0.04%,-0.60%,-12.02%,-8.40%,-12.01%,107,93,130,107,89,100,96,145,165,109,-18.04%,4.52%,-1.27%,8.56%,15.32%,96.34%,69.60%,101.2%,-10.41%,-10.81%
2008/07/31,2008/06/30,1.95%,-3.30%,1.11%,1.77%,3.21%,4.20%,-3.45%,-1.10%,-2.32%,3.29%,-0.18%,0.37%,-1.93%,3.85%,-0.54%,3.74%,109,90,132,109,92,104,93,144,161,112,-17.01%,3.57%,-1.44%,8.96%,14.70%,103.7%,76.85%,109.0%,-10.56%,-10.48%
2008/08/31,2008/07/31,-1.48%,0.81%,0.83%,0.68%,-4.37%,2.19%,1.89%,1.42%,1.58%,0.20%,0.31%,0.69%,-3.06%,3.64%,1.65%,3.43%,108,90,133,110,88,106,95,146,164,113,-19.42%,1.51%,-1.14%,9.72%,16.60%,110.7%,80.00%,116.6%,-10.29%,-9.86%
2008/09/30,2008/08/31,-0.25%,-1.08%,0.02%,0.04%,4.51%,-4.61%,-10.90%,-10.62%,-13.66%,0.85%,-0.87%,-1.22%,-3.20%,-7.42%,-8.85%,-7.06%,108,89,133,110,91,101,84,130,142,114,-15.58%,7.05%,-2.00%,8.38%,6.28%,95.80%,83.22%,100.5%,-11.07%,-10.96%
2008/10/31,2008/09/30,-2.94%,-1.28%,-1.07%,0.39%,1.66%,-17.13%,-19.71%,-17.31%,-16.91%,-14.35%,-0.30%,-0.87%,0.22%,-19.46%,-17.40%,-19.20%,104,88,131,110,93,84,68,108,118,97,-11.69%,10.01%,-2.29%,7.44%,-12.22%,58.21%,79.93%,61.50%,-11.33%,-11.73%
2008/11/30,2008/10/31,-1.67%,0.25%,0.78%,-0.35%,0.98%,-9.18%,-6.87%,-8.56%,-8.46%,-7.55%,-3.86%,-2.54%,-9.33%,-17.51%,-7.97%,-16.75%,103,89,132,110,94,76,63,99,108,90,-9.35%,11.81%,-6.06%,4.71%,-19.21%,31.72%,64.14%,33.22%,-14.75%,-13.98%
2008/12/31,2008/11/30,1.73%,0.69%,-1.31%,0.05%,0.14%,2.72%,2.09%,1.10%,2.31%,1.79%,-0.31%,-0.04%,-3.58%,1.41%,2.00%,1.42%,104,89,131,110,94,78,64,100,110,92,-10.80%,10.77%,-6.35%,4.67%,-17.59%,33.59%,63.18%,35.10%,-15.01%,-14.01%
2009/01/31,2008/12/31,-2.42%,1.25%,-0.08%,-0.32%,1.06%,-6.12%,-7.46%,-10.14%,-10.79%,-5.47%,4.07%,5.66%,8.64%,2.97%,-8.28%,1.28%,102,90,130,110,95,74,60,90,98,87,-7.70%,11.49%,-2.54%,10.59%,-24.42%,35.29%,78.78%,39.12%,-11.56%,-9.15%
2009/02/28,2009/01/31,-3.32%,-0.37%,0.10%,0.34%,-3.22%,-10.14%,-10.91%,-9.73%,-9.81%,-10.00%,-2.74%,-0.30%,-6.53%,-12.21%,-10.22%,-12.12%,99,90,131,110,92,66,53,81,89,78,-7.60%,11.64%,-5.21%,10.25%,-32.14%,18.89%,75.39%,22.13%,-13.98%,-9.43%
2009/03/31,2009/02/28,1.42%,0.68%,1.23%,-1.34%,0.99%,7.19%,9.02%,11.18%,8.76%,8.82%,0.74%,2.68%,3.70%,14.82%,8.87%,14.01%,100,91,132,109,93,71,58,90,96,85,-7.99%,13.47%,-4.51%,13.20%,-26.13%,35.55%,84.41%,40.22%,-13.35%,-7.00%
2009/04/30,2009/03/31,1.90%,0.72%,0.63%,-0.73%,-7.48%,7.16%,11.28%,15.42%,9.74%,8.31%,3.11%,2.77%,1.33%,21.06%,10.45%,20.23%,102,91,133,108,86,76,64,104,106,92,-16.62%,14.77%,-1.54%,16.34%,-18.40%,62.98%,102.4%,69.75%,-10.65%,-4.42%
2009/05/31,2009/04/30,1.77%,-1.01%,-0.13%,-2.27%,-6.70%,4.72%,4.15%,6.32%,5.84%,4.97%,-2.14%,3.81%,2.01%,13.57%,5.16%,12.42%,104,90,133,105,80,80,67,110,112,96,-23.68%,15.05%,-3.65%,20.77%,-14.20%,83.23%,117.2%,92.78%,-12.56%,-0.79%
2009/06/30,2009/05/31,0.85%,-1.43%,0.11%,2.02%,1.28%,1.30%,-0.22%,-0.23%,0.66%,1.64%,1.26%,1.12%,4.37%,4.86%,0.39%,4.53%,105,89,133,107,81,81,67,110,113,98,-23.35%,15.44%,-2.43%,22.12%,-13.86%,91.52%,126.1%,102.2%,-11.46%,0.00%
2009/07/31,2009/06/30,1.00%,0.79%,-1.77%,-2.01%,2.76%,6.26%,8.61%,7.97%,8.13%,10.66%,1.39%,-0.14%,-0.13%,6.75%,7.78%,6.79%,106,90,131,105,83,86,73,119,122,108,-22.00%,20.52%,-1.07%,21.95%,-7.16%,104.5%,123.9%,115.8%,-10.23%,-0.14%
2009/08/31,2009/07/31,0.30%,-0.20%,-0.88%,-1.88%,-0.04%,1.75%,2.42%,5.21%,5.05%,3.54%,3.28%,1.27%,4.32%,7.31%,3.49%,6.93%,106,89,129,103,83,87,74,125,128,112,-22.27%,22.68%,2.18%,23.50%,-3.92%,118.7%,131.6%,131.6%,-7.28%,0.00%
2009/09/30,2009/08/31,-0.45%,1.10%,-1.29%,-1.13%,-0.67%,2.03%,6.18%,3.81%,5.29%,4.40%,-1.11%,0.61%,-0.15%,7.36%,4.15%,7.18%,105,90,128,102,83,89,79,130,135,117,-22.45%,25.59%,1.04%,24.25%,0.06%,134.4%,138.6%,148.6%,-8.31%,0.00%
2009/10/31,2009/09/30,0.07%,0.36%,0.85%,1.69%,-0.96%,-1.42%,-2.54%,-3.35%,-4.12%,-2.75%,-1.38%,-0.53%,-2.85%,-5.91%,-2.59%,-5.75%,105,91,129,104,82,88,77,125,129,114,-23.25%,23.92%,-0.35%,23.59%,-2.53%,120.9%,131.1%,133.9%,-9.57%,-0.53%
2009/11/30,2009/10/31,0.04%,-0.98%,1.46%,0.56%,1.17%,5.57%,5.04%,6.80%,5.56%,5.37%,-0.58%,-0.20%,-3.06%,1.33%,5.59%,1.39%,106,90,131,104,83,93,81,134,136,120,-22.38%,23.68%,-0.92%,23.34%,2.92%,124.0%,121.4%,137.0%,-10.09%,-0.73%
2009/12/31,2009/11/30,0.04%,0.28%,-0.06%,0.17%,0.06%,2.75%,2.38%,3.14%,3.17%,3.18%,1.63%,0.42%,1.87%,6.92%,2.80%,6.79%,106,90,131,105,83,95,83,138,141,124,-22.37%,24.21%,0.70%,23.87%,5.80%,139.2%,130.2%,153.4%,-8.62%,-0.31%
2010/01/31,2009/12/31,-0.18%,-0.62%,0.17%,-1.58%,0.12%,-3.86%,-3.74%,-2.71%,-3.66%,-1.91%,0.33%,2.35%,2.23%,1.64%,-3.38%,0.93%,105,90,131,103,83,91,80,134,136,122,-22.14%,26.63%,1.03%,26.78%,2.23%,141.4%,140.1%,157.6%,-8.32%,0.00%
2010/02/28,2010/01/31,-0.91%,-0.20%,0.72%,2.44%,-0.25%,3.00%,3.28%,3.79%,5.38%,2.23%,2.55%,-0.10%,1.91%,3.57%,3.44%,3.60%,104,89,132,106,83,94,82,139,143,124,-21.62%,25.66%,3.61%,26.65%,5.74%,150.1%,140.5%,166.8%,-5.98%,-0.10%
2010/03/31,2010/02/28,-1.43%,1.11%,1.70%,0.60%,-0.28%,4.41%,8.01%,8.32%,7.93%,4.67%,1.90%,1.00%,2.14%,7.71%,6.36%,7.41%,103,90,134,106,83,98,89,151,154,130,-20.72%,25.99%,5.58%,27.92%,12.47%,168.6%,143.0%,187.3%,-4.19%,0.00%
2010/04/30,2010/03/31,-1.08%,1.83%,-2.14%,0.94%,-1.78%,1.86%,2.97%,0.54%,2.99%,0.84%,1.75%,1.63%,3.75%,8.62%,2.11%,8.13%,102,92,131,107,81,100,92,152,159,131,-21.27%,24.70%,7.43%,30.00%,14.85%,190.5%,157.6%,212.1%,-2.52%,0.00%
2010/05/31,2010/04/30,0.23%,-0.14%,1.55%,0.01%,1.11%,-7.21%,-9.27%,-8.05%,-6.97%,-4.97%,0.25%,-0.13%,-0.02%,-7.34%,-7.82%,-7.30%,102,92,133,107,82,93,83,140,148,125,-20.58%,27.48%,7.70%,29.82%,5.86%,169.3%,159.0%,189.2%,-2.27%,-0.13%
2010/06/30,2010/05/31,0.39%,0.78%,-0.24%,0.99%,-1.48%,-4.78%,-4.97%,-6.65%,-5.64%,-5.66%,-0.40%,0.04%,-1.73%,-6.75%,-5.53%,-6.76%,102,93,133,108,81,89,79,130,139,118,-22.07%,26.36%,7.27%,29.88%,0.01%,151.1%,155.8%,169.7%,-2.66%,-0.09%
2010/07/31,2010/06/30,-2.07%,0.44%,0.22%,1.08%,1.57%,5.34%,7.65%,6.67%,7.90%,7.41%,-0.17%,-0.35%,-1.90%,4.67%,7.01%,4.78%,100,93,133,109,82,93,85,139,150,126,-19.23%,28.99%,7.08%,29.42%,7.02%,163.1%,150.1%,182.3%,-2.83%,-0.44%
2010/08/31,2010/07/31,1.80%,-1.76%,2.14%,1.21%,1.47%,-2.70%,-6.54%,-3.87%,-3.79%,-4.72%,-0.46%,-1.02%,0.24%,-6.07%,-4.66%,-5.76%,102,91,136,111,83,91,80,134,145,120,-19.50%,26.38%,6.59%,28.10%,2.02%,147.9%,147.3%,165.1%,-3.28%,-1.46%
2010/09/30,2010/08/31,-1.65%,0.95%,0.89%,-0.14%,-1.96%,10.50%,9.36%,9.25%,9.42%,8.17%,-2.48%,-2.00%,-4.14%,8.57%,9.41%,9.17%,100,92,137,111,82,100,87,146,158,130,-19.74%,23.43%,3.95%,25.53%,11.62%,170.6%,146.8%,187.9%,-5.67%,-3.44%
2010/10/31,2010/09/30,-0.32%,1.13%,0.45%,-0.75%,0.14%,3.39%,3.71%,4.59%,3.43%,4.64%,0.13%,0.79%,0.02%,5.31%,3.89%,5.08%,100,93,138,110,82,104,90,153,164,136,-19.38%,24.97%,4.08%,26.52%,15.96%,184.4%,149.7%,203.1%,-5.55%,-2.68%
2010/11/30,2010/10/31,1.63%,0.41%,-0.65%,-0.04%,-2.86%,1.27%,0.59%,0.98%,0.67%,-2.19%,-1.94%,-1.79%,-2.16%,0.50%,0.54%,1.04%,102,94,137,110,80,105,91,154,165,133,-23.00%,20.64%,2.06%,24.25%,16.58%,187.3%,151.0%,204.7%,-7.38%,-4.42%
2010/12/31,2010/11/30,-1.07%,-0.29%,-1.71%,-0.32%,0.09%,6.24%,8.30%,6.55%,6.19%,6.34%,-0.67%,-1.01%,-0.27%,6.97%,6.70%,7.27%,101,93,135,109,80,112,98,164,175,142,-22.11%,20.76%,1.38%,23.00%,24.40%,208.2%,152.4%,225.9%,-8.01%,-5.38%
2011/01/31,2010/12/31,-1.46%,-0.64%,1.72%,0.75%,-0.36%,0.43%,2.12%,3.18%,2.65%,0.95%,0.49%,0.70%,2.16%,3.02%,2.06%,2.81%,99,93,137,110,79,112,100,170,180,143,-21.25%,21.38%,1.88%,23.86%,26.96%,216.9%,154.3%,235.7%,-7.55%,-4.72%
2011/02/28,2011/01/31,1.22%,-0.69%,-0.36%,0.30%,0.85%,4.15%,2.97%,3.40%,3.86%,4.16%,0.75%,1.35%,1.13%,5.76%,3.59%,5.36%,100,92,136,110,80,117,103,175,187,149,-21.54%,21.39%,2.64%,25.53%,31.52%,233.8%,158.8%,255.1%,-6.86%,-3.44%
2011/03/31,2011/02/28,1.14%,0.06%,0.88%,-0.33%,0.07%,0.32%,-0.37%,1.42%,0.65%,1.61%,0.00%,0.28%,0.25%,2.46%,0.49%,2.37%,102,92,138,110,80,117,103,178,188,151,-22.39%,22.95%,2.65%,25.88%,32.16%,241.8%,163.6%,263.8%,-6.85%,-3.17%
2011/04/30,2011/03/31,0.85%,0.02%,-0.31%,0.42%,0.12%,3.17%,2.83%,2.57%,3.45%,3.39%,-0.04%,0.26%,-0.89%,1.68%,2.97%,1.60%,102,92,137,111,80,121,106,182,194,156,-22.95%,23.22%,2.61%,26.20%,36.08%,247.2%,160.0%,269.9%,-6.89%,-2.92%
2011/05/31,2011/04/30,0.68%,-0.50%,-0.53%,0.54%,1.28%,-0.52%,-2.49%,-1.85%,-0.57%,0.61%,-0.42%,-0.07%,-0.20%,-1.17%,-1.22%,-1.15%,103,92,137,111,81,120,103,179,193,157,-22.49%,24.61%,2.18%,26.12%,34.42%,243.3%,160.2%,265.6%,-7.28%,-2.98%
2011/06/30,2011/05/31,0.51%,0.11%,-0.11%,0.40%,0.96%,-1.38%,-2.05%,-2.05%,-1.66%,-1.19%,-0.50%,-0.31%,-0.90%,-2.98%,-1.74%,-2.88%,104,92,136,112,82,118,101,175,190,156,-22.14%,24.84%,1.67%,25.73%,32.08%,233.4%,157.3%,254.7%,-7.74%,-3.28%
2011/07/31,2011/06/30,0.50%,0.36%,-0.89%,1.69%,-0.62%,-1.97%,-2.22%,-3.31%,-0.90%,-3.31%,-0.07%,0.06%,1.09%,-2.21%,-2.26%,-2.23%,104,92,135,114,81,116,99,170,188,150,-23.02%,23.18%,1.60%,25.81%,29.09%,225.9%,157.3%,246.9%,-7.81%,-3.22%
2011/08/31,2011/07/31,1.68%,0.24%,-1.49%,0.36%,2.75%,-3.83%,-6.48%,-7.24%,-7.41%,-2.88%,-0.90%,-0.41%,-1.01%,-8.26%,-5.89%,-8.13%,106,92,133,114,84,112,92,157,174,146,-22.19%,24.34%,0.69%,25.29%,21.49%,199.4%,151.6%,218.2%,-8.63%,-3.62%
2011/09/30,2011/08/31,1.06%,-0.53%,-0.98%,-0.64%,0.72%,-4.74%,-8.24%,-9.87%,-10.22%,-4.32%,-0.51%,-0.32%,-1.38%,-9.41%,-7.63%,-9.31%,107,92,132,113,84,106,85,142,157,140,-22.46%,24.87%,0.17%,24.89%,12.22%,171.5%,147.3%,188.3%,-9.10%,-3.93%
2011/10/31,2011/09/30,-1.44%,-0.39%,1.98%,1.26%,-1.46%,7.69%,12.13%,14.67%,15.20%,7.89%,-1.27%,-0.30%,-4.96%,8.60%,11.39%,8.68%,105,92,134,115,83,115,95,163,180,151,-22.47%,25.12%,-1.10%,24.52%,25.00%,195.1%,140.6%,213.1%,-10.25%,-4.21%
2011/11/30,2011/10/31,0.98%,1.30%,-0.72%,-1.00%,0.74%,0.73%,0.57%,-2.05%,-2.42%,0.64%,0.11%,-0.29%,-0.54%,-1.90%,-0.35%,-1.82%,107,93,133,113,84,115,96,159,176,152,-22.65%,24.99%,-0.99%,24.16%,24.56%,189.8%,137.1%,207.1%,-10.15%,-4.49%
2011/12/31,2011/11/30,1.59%,-0.11%,-1.40%,1.29%,1.08%,2.02%,0.81%,-0.80%,0.94%,1.70%,-0.97%,-1.04%,-0.97%,-1.06%,0.85%,-0.75%,108,93,132,115,85,118,96,158,178,154,-23.04%,24.60%,-1.95%,22.87%,25.62%,187.6%,133.3%,203.9%,-11.03%,-5.48%
2012/01/31,2011/12/31,-1.50%,-0.23%,-0.30%,-1.83%,-0.52%,2.68%,5.61%,7.28%,6.71%,4.71%,-0.47%,0.53%,1.71%,10.19%,5.09%,10.03%,107,93,131,113,84,121,102,169,190,162,-22.29%,27.13%,-2.42%,23.52%,32.02%,216.4%,144.8%,234.8%,-11.45%,-4.98%
2012/02/29,2012/01/31,-0.64%,-0.54%,-0.43%,-1.09%,3.29%,3.47%,4.47%,4.29%,3.16%,6.82%,2.23%,2.29%,2.23%,5.13%,4.25%,4.44%,106,92,131,112,87,125,106,177,196,173,-19.24%,31.39%,-0.24%,26.35%,37.63%,230.5%,145.3%,252.0%,-9.48%,-2.80%
2012/03/31,2012/02/29,0.38%,0.37%,-1.24%,0.85%,0.80%,2.80%,3.60%,2.09%,4.01%,3.34%,-0.06%,0.35%,0.73%,3.08%,3.15%,2.98%,106,92,129,113,88,129,110,180,203,178,-18.89%,32.10%,-0.31%,26.80%,41.95%,240.3%,144.9%,262.8%,-9.53%,-2.46%
2012/04/30,2012/03/31,1.46%,0.19%,0.58%,0.34%,0.93%,0.77%,-1.24%,-1.26%,-1.68%,0.30%,1.15%,1.28%,1.68%,0.19%,-0.69%,-0.19%,108,93,130,113,88,130,109,178,200,179,-19.32%,31.48%,0.84%,28.42%,40.97%,239.7%,146.1%,263.5%,-8.49%,-1.21%
2012/05/31,2012/04/30,1.11%,0.06%,-0.02%,0.27%,0.77%,-3.72%,-7.08%,-7.67%,-7.68%,-3.52%,-1.38%,-1.64%,-1.13%,-7.22%,-6.09%,-6.73%,109,93,130,113,89,125,101,164,185,173,-19.60%,31.75%,-0.56%,26.32%,32.39%,216.8%,144.5%,237.3%,-9.76%,-2.83%
2012/06/30,2012/05/31,1.79%,0.86%,-2.53%,-1.85%,1.05%,4.70%,4.88%,2.60%,2.84%,3.73%,-0.16%,0.35%,-0.04%,4.11%,3.98%,4.00%,111,93,126,111,90,131,106,169,190,179,-20.20%,30.47%,-0.72%,26.75%,37.67%,229.5%,144.6%,251.1%,-9.91%,-2.50%
2012/07/31,2012/06/30,0.49%,-0.40%,0.66%,0.42%,0.79%,1.66%,0.53%,0.50%,0.45%,1.46%,-0.56%,0.05%,0.35%,-0.33%,0.87%,-0.34%,112,93,127,112,91,133,107,170,191,182,-19.95%,30.21%,-1.27%,26.81%,38.87%,228.3%,141.6%,250.0%,-10.41%,-2.45%
2012/08/31,2012/07/31,-0.53%,-0.28%,0.91%,0.63%,-1.60%,1.50%,2.97%,3.66%,4.28%,-0.41%,-0.55%,-0.34%,-1.73%,1.39%,2.50%,1.49%,111,93,128,112,89,135,110,176,199,181,-20.80%,27.72%,-1.81%,26.39%,42.34%,233.3%,139.2%,254.8%,-10.90%,-2.78%
2012/09/30,2012/08/31,1.01%,-1.21%,-0.87%,-0.85%,1.15%,3.14%,2.06%,2.19%,2.69%,2.65%,-0.09%,0.34%,0.42%,3.97%,2.56%,3.86%,112,92,127,111,90,139,112,180,204,186,-20.70%,27.09%,-1.90%,26.82%,45.99%,246.1%,142.3%,268.9%,-10.98%,-2.45%
2012/10/31,2012/09/30,0.39%,-1.36%,0.97%,2.33%,0.01%,-1.14%,-2.40%,-2.03%,-0.63%,-1.66%,1.17%,0.79%,0.08%,-1.21%,-1.70%,-1.44%,113,90,129,114,90,137,109,176,203,183,-21.00%,26.44%,-0.75%,27.82%,43.50%,241.1%,142.9%,264.5%,-9.94%,-1.68%
2012/11/30,2012/10/31,-0.22%,-0.73%,0.86%,0.19%,-1.06%,0.54%,-0.14%,1.76%,1.36%,-0.25%,0.35%,0.37%,-1.10%,-0.29%,0.66%,-0.40%,112,90,130,114,89,138,109,179,206,182,-21.66%,25.43%,-0.40%,28.28%,44.45%,239.8%,140.3%,263.4%,-9.62%,-1.32%
2012/12/31,2012/11/30,0.58%,-0.35%,0.54%,-0.51%,0.78%,0.54%,1.76%,2.45%,0.65%,0.72%,-0.11%,-0.02%,-1.27%,1.94%,1.26%,1.95%,113,89,130,114,90,139,111,184,207,183,-21.50%,25.65%,-0.52%,28.25%,46.27%,246.4%,142.0%,270.5%,-9.73%,-1.34%
2013/01/31,2012/12/31,1.34%,-0.14%,-0.34%,0.52%,-2.82%,5.68%,6.09%,6.17%,7.86%,1.69%,0.27%,0.11%,2.36%,7.51%,5.53%,7.47%,114,89,130,114,88,147,118,195,223,187,-24.77%,20.64%,-0.25%,28.39%,54.35%,272.3%,146.7%,298.3%,-9.49%,-1.24%
2013/02/28,2013/01/31,0.93%,-0.49%,-0.03%,-0.47%,0.17%,2.34%,0.72%,1.08%,0.81%,1.36%,-0.71%,-0.30%,-0.23%,0.95%,1.30%,1.04%,115,89,130,114,88,150,119,197,225,189,-25.34%,19.46%,-0.96%,28.01%,56.35%,276.1%,146.1%,302.0%,-10.12%,-1.53%
2013/03/31,2013/02/28,0.92%,-0.93%,0.19%,0.45%,-0.26%,4.49%,3.28%,4.28%,4.75%,4.06%,0.36%,1.44%,0.51%,5.79%,4.00%,5.35%,117,88,130,114,87,157,123,205,236,197,-26.22%,18.95%,-0.60%,29.85%,62.60%,296.3%,149.4%,325.3%,-9.80%,-0.11%
2013/04/30,2013/03/31,0.51%,-0.28%,0.09%,0.02%,1.73%,1.77%,1.70%,1.24%,1.40%,2.53%,0.29%,0.20%,0.48%,-0.02%,1.68%,-0.08%,117,88,130,114,89,160,125,208,239,202,-25.32%,19.86%,-0.31%,30.11%,65.33%,296.0%,145.0%,325.2%,-9.54%,0.00%
2013/05/31,2013/04/30,0.03%,0.14%,-1.10%,-1.46%,-0.31%,2.70%,2.99%,1.67%,1.75%,1.92%,0.93%,0.24%,1.16%,5.59%,2.46%,5.52%,117,88,129,113,89,164,128,211,243,206,-25.58%,18.92%,0.62%,30.43%,69.40%,317.8%,152.5%,349.0%,-8.69%,0.00%
2013/06/30,2013/05/31,0.49%,0.07%,-0.98%,-0.64%,-0.04%,-0.60%,-1.21%,-2.19%,-1.64%,-1.13%,1.10%,1.08%,0.80%,0.06%,-1.25%,-0.26%,118,88,128,112,89,163,127,207,239,203,-25.98%,18.28%,1.73%,31.84%,67.28%,316.7%,155.0%,349.3%,-7.69%,0.00%
2013/07/31,2013/06/30,0.17%,0.18%,-1.16%,-1.68%,1.12%,5.12%,5.66%,5.06%,5.17%,6.98%,1.44%,2.42%,1.52%,8.92%,5.46%,8.19%,118,88,126,110,90,171,134,217,252,218,-25.27%,20.49%,3.19%,35.03%,76.41%,350.9%,162.0%,389.3%,-6.36%,0.00%
2013/08/31,2013/07/31,-1.20%,-0.12%,0.90%,0.04%,-0.48%,-3.22%,-3.26%,-2.01%,-2.79%,-2.78%,1.00%,0.60%,1.01%,-1.82%,-2.84%,-2.00%,117,88,127,110,89,166,130,213,245,211,-24.74%,21.03%,4.22%,35.84%,71.40%,341.8%,164.2%,380.4%,-5.42%,0.00%
2013/09/30,2013/08/31,0.17%,0.01%,-0.39%,-0.56%,-0.17%,3.72%,3.62%,2.98%,4.71%,6.19%,-0.14%,0.53%,0.69%,6.67%,3.76%,6.51%,117,88,127,109,89,172,134,219,256,225,-25.00%,24.02%,4.07%,36.57%,77.84%,370.6%,171.5%,412.5%,-5.56%,0.00%
2013/10/31,2013/09/30,0.85%,0.08%,-1.05%,0.12%,0.23%,4.23%,4.62%,3.61%,4.22%,3.83%,0.95%,1.00%,-0.48%,2.88%,4.19%,2.58%,118,88,125,109,89,179,141,227,267,233,-25.46%,23.52%,5.06%,37.94%,85.29%,382.7%,167.1%,427.2%,-4.66%,0.00%
2013/11/30,2013/10/31,-0.31%,-0.36%,-1.15%,0.46%,0.68%,2.66%,2.96%,2.19%,3.54%,3.85%,-0.28%,-0.34%,0.34%,4.16%,2.86%,4.26%,117,88,124,110,90,184,145,232,277,242,-24.72%,24.99%,4.76%,37.47%,90.59%,403.3%,170.8%,449.1%,-4.93%,-0.34%
2013/12/31,2013/11/30,-0.11%,0.53%,-1.37%,-0.12%,-0.62%,2.45%,3.21%,1.65%,3.07%,2.35%,0.50%,0.49%,0.49%,3.11%,2.61%,2.97%,117,88,122,110,89,189,149,236,285,248,-25.10%,24.86%,5.29%,38.14%,95.56%,418.2%,171.8%,466.2%,-4.46%,0.00%
2014/01/31,2013/12/31,-0.76%,1.09%,1.22%,-0.93%,0.56%,-3.41%,-2.67%,-2.85%,-4.21%,-2.53%,0.59%,0.77%,3.22%,0.76%,-3.13%,0.53%,116,89,124,109,90,182,145,229,273,242,-24.12%,25.96%,5.91%,39.20%,89.43%,421.0%,181.8%,470.6%,-3.89%,0.00%
2014/02/28,2014/01/31,-0.61%,-0.04%,0.43%,0.34%,0.78%,4.30%,4.44%,4.85%,5.30%,4.98%,0.29%,0.33%,0.39%,4.98%,4.67%,4.89%,116,89,124,109,90,190,152,240,287,254,-23.07%,26.82%,6.22%,39.65%,98.28%,446.4%,182.4%,499.0%,-3.61%,0.00%
2014/03/31,2014/02/28,0.06%,0.39%,0.42%,-0.96%,0.90%,-0.87%,0.22%,2.06%,1.17%,-0.99%,0.04%,-0.42%,0.97%,-0.40%,0.51%,-0.27%,116,90,125,108,91,188,152,245,291,251,-22.42%,26.67%,6.26%,39.06%,99.29%,445.0%,180.2%,496.6%,-3.57%,-0.42%
2014/04/30,2014/03/31,0.41%,0.42%,-0.96%,0.91%,1.67%,-0.65%,0.56%,-0.92%,-0.02%,1.76%,-0.09%,0.12%,-0.19%,-3.15%,-0.02%,-3.19%,116,90,124,109,93,187,153,243,291,256,-21.44%,29.73%,6.17%,39.23%,99.24%,427.6%,171.3%,477.8%,-3.66%,-0.30%
2014/05/31,2014/04/30,-0.23%,0.72%,-0.28%,0.10%,0.35%,2.15%,2.56%,1.49%,2.04%,1.77%,-0.49%,-0.25%,-0.31%,0.09%,2.10%,0.17%,116,91,123,109,93,191,157,247,297,260,-20.99%,29.23%,5.65%,38.89%,103.4%,428.4%,166.0%,478.3%,-4.13%,-0.55%
2014/06/30,2014/05/31,0.64%,-0.41%,-0.96%,-0.27%,-0.62%,2.95%,1.76%,1.89%,3.47%,2.97%,0.28%,0.11%,0.04%,5.23%,2.50%,5.20%,117,90,122,109,93,197,160,251,307,268,-21.98%,29.26%,5.95%,39.03%,108.5%,455.9%,173.2%,508.6%,-3.86%,-0.44%
2014/07/31,2014/06/30,-0.58%,0.20%,0.21%,1.22%,1.14%,-2.51%,-1.88%,-1.94%,-1.29%,-1.74%,0.22%,0.65%,0.24%,-3.81%,-1.95%,-4.01%,116,90,122,110,94,192,157,246,303,263,-20.64%,30.26%,6.18%,39.93%,104.4%,433.6%,167.6%,485.4%,-3.65%,0.00%
2014/08/31,2014/07/31,-0.70%,-0.49%,0.53%,1.56%,-0.40%,3.86%,3.53%,4.11%,5.97%,4.00%,0.32%,0.41%,-0.84%,4.00%,4.18%,3.88%,115,90,123,112,93,199,162,257,321,274,-20.40%,30.44%,6.52%,40.50%,113.0%,454.4%,166.8%,508.8%,-3.34%,0.00%
2014/09/30,2014/08/31,-0.51%,-0.86%,1.56%,2.51%,-1.48%,-1.94%,-2.18%,-1.36%,-2.19%,-3.25%,0.18%,-0.35%,-0.77%,-4.86%,-2.09%,-4.76%,115,89,125,115,92,195,159,253,314,265,-21.17%,28.73%,6.71%,40.02%,108.5%,428.0%,159.7%,479.2%,-3.17%,-0.35%
2014/10/31,2014/09/30,0.55%,0.44%,-0.17%,-0.42%,-0.00%,3.09%,2.45%,1.90%,3.24%,3.39%,-0.58%,-0.17%,-2.16%,3.47%,2.74%,3.52%,115,90,125,114,92,202,163,258,324,274,-21.61%,29.13%,6.09%,39.78%,114.2%,446.6%,161.7%,499.3%,-3.73%,-0.52%
2014/11/30,2014/10/31,-0.20%,0.15%,-0.46%,1.87%,-0.52%,2.55%,3.10%,0.93%,3.25%,2.89%,-0.44%,0.06%,-0.96%,0.92%,2.53%,0.90%,115,90,124,116,91,207,168,260,335,282,-21.86%,29.57%,5.62%,39.86%,119.7%,451.5%,157.5%,504.8%,-4.16%,-0.46%
2014/12/31,2014/11/30,-0.11%,0.13%,0.36%,0.00%,0.04%,0.13%,-0.55%,0.58%,-0.16%,-0.01%,-0.55%,-0.06%,-0.76%,2.17%,-0.03%,2.18%,115,90,125,116,91,207,167,262,334,282,-21.74%,29.39%,5.04%,39.78%,119.6%,463.6%,163.2%,517.9%,-4.68%,-0.52%
2015/01/31,2014/12/31,1.05%,-0.88%,0.94%,-0.51%,2.56%,-1.87%,-3.61%,-2.12%,-4.83%,0.59%,0.56%,-0.23%,1.39%,-3.02%,-2.75%,-2.95%,116,89,126,116,94,203,161,256,318,283,-20.56%,32.56%,5.62%,39.46%,113.6%,446.9%,162.6%,499.3%,-4.15%,-0.74%
2015/02/28,2015/01/31,-0.54%,-0.56%,1.06%,0.45%,-3.00%,5.52%,5.17%,7.01%,6.98%,2.75%,-0.20%,-0.96%,-0.30%,4.38%,5.76%,4.66%,115,88,127,116,91,214,169,274,340,291,-22.51%,28.89%,5.41%,38.12%,125.9%,472.4%,159.7%,525.5%,-4.35%,-1.69%
2015/03/31,2015/02/28,0.02%,0.16%,-0.16%,-0.43%,-0.43%,-0.87%,-0.77%,-1.50%,-1.46%,-0.56%,0.04%,-0.64%,-1.06%,0.57%,-1.06%,0.76%,115,89,127,116,91,212,168,270,335,289,-22.86%,29.28%,5.45%,37.24%,123.5%,476.8%,164.5%,529.0%,-4.31%,-2.32%
2015/04/30,2015/03/31,-0.52%,1.11%,-0.57%,-0.53%,-0.44%,-0.82%,1.46%,0.99%,-0.46%,-1.83%,0.21%,-0.34%,1.33%,-0.90%,0.40%,-0.80%,115,90,126,115,90,211,170,273,334,284,-22.80%,27.98%,5.68%,36.78%,124.4%,472.1%,161.3%,523.3%,-4.10%,-2.65%
2015/05/31,2015/04/30,-0.10%,-0.81%,0.18%,1.25%,-1.49%,1.74%,0.65%,1.33%,2.19%,0.94%,-1.41%,-1.29%,-2.96%,-1.08%,1.29%,-0.70%,115,89,126,117,89,214,171,276,341,287,-23.87%,26.96%,4.19%,35.01%,127.3%,468.1%,156.1%,516.6%,-5.45%,-3.91%
2015/06/30,2015/05/31,-0.62%,0.77%,0.25%,-2.78%,-0.73%,-1.37%,-1.01%,-1.35%,-4.07%,-0.89%,-0.97%,-0.25%,-1.34%,-0.01%,-1.63%,0.06%,114,90,127,113,88,211,170,273,327,284,-23.96%,27.56%,3.18%,34.68%,123.6%,468.5%,160.4%,516.5%,-6.37%,-4.14%
2015/07/31,2015/06/30,0.18%,-0.09%,1.62%,-1.72%,0.81%,-0.27%,1.45%,3.60%,1.10%,2.45%,0.00%,0.97%,0.91%,-2.18%,1.67%,-2.47%,114,89,129,112,89,211,172,282,331,291,-23.48%,31.04%,3.19%,35.99%,127.3%,454.5%,149.6%,503.1%,-6.37%,-3.22%
2015/08/31,2015/07/31,1.34%,-0.21%,0.05%,-0.58%,-0.18%,-5.29%,-6.29%,-5.95%,-6.45%,-5.84%,-1.55%,-1.77%,-1.13%,-5.81%,-5.98%,-5.28%,116,89,129,111,89,200,161,266,310,274,-24.64%,30.32%,1.59%,33.58%,113.7%,425.2%,151.4%,468.0%,-7.82%,-4.93%
2015/09/30,2015/08/31,0.32%,-0.11%,0.12%,0.01%,0.72%,-3.63%,-3.01%,-2.84%,-2.30%,-1.17%,-0.32%,0.66%,-0.10%,-4.16%,-2.82%,-4.36%,116,89,129,111,89,192,156,258,302,271,-24.35%,33.53%,1.26%,34.47%,107.7%,402.3%,147.5%,444.4%,-8.11%,-4.30%
2015/10/31,2015/09/30,1.85%,1.20%,-0.72%,-2.23%,0.37%,7.38%,8.71%,7.51%,6.31%,6.03%,0.21%,-0.36%,-0.88%,3.69%,7.68%,3.79%,118,90,128,108,90,207,170,278,322,287,-25.46%,31.73%,1.47%,33.98%,123.6%,421.4%,137.9%,464.5%,-7.92%,-4.64%
2015/11/30,2015/10/31,-0.58%,0.42%,-0.40%,0.40%,0.25%,0.37%,0.34%,0.50%,0.68%,1.51%,-0.80%,-0.62%,-1.75%,1.27%,0.55%,1.45%,118,91,128,109,90,207,171,279,324,292,-24.84%,33.23%,0.66%,33.15%,124.8%,428.9%,140.1%,471.6%,-8.66%,-5.23%
2015/12/31,2015/11/30,-0.52%,-1.03%,0.22%,0.65%,1.13%,-1.41%,-2.69%,-2.70%,-1.90%,0.29%,0.58%,1.76%,-0.03%,-2.10%,-2.07%,-2.63%,117,90,128,110,91,205,166,271,318,293,-23.60%,35.48%,1.24%,35.50%,120.2%,415.0%,138.7%,459.6%,-8.13%,-3.56%
2016/01/31,2015/12/31,0.62%,0.29%,-0.25%,-1.04%,-1.03%,-3.75%,-5.50%,-6.48%,-8.90%,-4.50%,-1.18%,0.03%,-3.30%,-8.21%,-5.64%,-8.22%,118,90,128,108,90,197,157,254,289,279,-24.86%,34.47%,0.04%,35.54%,107.8%,372.7%,132.6%,413.7%,-9.22%,-3.53%
2016/02/29,2016/01/31,1.06%,-0.14%,0.36%,-2.26%,2.00%,0.23%,0.19%,0.39%,-2.20%,0.91%,0.61%,0.22%,0.30%,0.14%,-0.05%,0.07%,119,90,128,106,92,197,157,255,283,282,-24.16%,35.40%,0.66%,35.83%,107.6%,373.0%,132.9%,414.4%,-8.66%,-3.32%
2016/03/31,2016/02/29,1.65%,-0.10%,0.23%,-0.86%,2.56%,6.80%,6.78%,7.78%,7.40%,6.81%,0.51%,0.76%,2.32%,8.87%,7.08%,8.64%,121,90,128,105,94,211,168,275,304,301,-23.48%,35.41%,1.17%,36.87%,122.4%,413.9%,136.5%,460.0%,-8.20%,-2.59%
2016/04/30,2016/03/31,0.83%,-0.87%,-2.22%,1.60%,2.83%,1.30%,0.21%,-0.95%,1.91%,2.54%,0.10%,-0.84%,1.09%,2.30%,0.81%,2.55%,122,89,125,107,97,213,168,272,310,309,-21.95%,37.10%,1.27%,35.72%,124.2%,427.0%,140.6%,472.9%,-8.11%,-3.41%
2016/05/31,2016/04/30,-0.50%,0.92%,-1.05%,-0.07%,-0.54%,0.94%,2.94%,0.70%,2.22%,1.07%,-0.07%,-0.27%,-1.24%,-0.21%,1.79%,-0.13%,121,90,124,107,96,215,173,274,317,312,-21.98%,37.28%,1.20%,35.36%,128.2%,426.3%,136.0%,471.7%,-8.17%,-3.66%
2016/06/30,2016/05/31,3.45%,0.20%,-1.48%,-1.82%,1.38%,3.35%,0.33%,-1.43%,-1.67%,1.82%,0.14%,1.05%,1.06%,2.39%,0.26%,2.08%,126,90,122,105,98,223,174,270,311,318,-23.59%,35.18%,1.34%,36.78%,128.8%,437.3%,140.3%,485.4%,-8.04%,-2.65%
2016/07/31,2016/06/30,1.28%,-0.13%,1.06%,-1.16%,-0.36%,3.92%,3.34%,5.04%,4.26%,2.82%,0.99%,0.64%,2.29%,6.38%,3.96%,6.19%,127,90,124,104,97,231,179,284,325,327,-24.84%,33.70%,2.34%,37.66%,137.9%,470.5%,145.6%,522.7%,-7.13%,-2.03%
2016/08/31,2016/07/31,-2.03%,0.70%,0.96%,0.91%,-0.41%,-1.54%,0.92%,1.40%,1.37%,-1.05%,-0.73%,-0.13%,-0.55%,1.43%,0.32%,1.47%,125,90,125,104,97,228,181,288,329,323,-23.63%,34.35%,1.59%,37.47%,138.6%,478.9%,148.5%,531.7%,-7.81%,-2.16%
2016/09/30,2016/08/31,0.17%,-1.23%,0.03%,-0.38%,1.18%,0.11%,-0.74%,0.53%,0.25%,1.13%,-0.65%,-1.33%,-0.72%,0.31%,0.19%,0.71%,125,89,125,104,98,228,180,289,330,327,-22.86%,35.71%,0.93%,35.65%,139.1%,483.0%,149.7%,533.6%,-8.41%,-3.45%
2016/10/31,2016/09/30,-1.20%,0.35%,0.79%,1.87%,-1.81%,-2.66%,-1.96%,-1.56%,-1.61%,-2.90%,-0.50%,-0.00%,-1.50%,-5.01%,-2.12%,-5.01%,123,90,126,106,96,222,176,285,324,318,-23.32%,35.38%,0.43%,35.65%,134.0%,453.8%,142.5%,501.9%,-8.86%,-3.46%
2016/11/30,2016/10/31,1.01%,1.30%,-0.05%,-0.70%,-0.05%,3.20%,6.62%,4.74%,6.89%,0.60%,-1.75%,-1.32%,-0.17%,6.52%,4.59%,6.91%,125,91,126,105,96,229,188,298,347,319,-24.14%,31.84%,-1.33%,33.85%,144.7%,492.1%,148.2%,541.1%,-10.46%,-4.73%
2016/12/31,2016/11/30,0.40%,-0.22%,-0.27%,0.17%,0.90%,1.98%,2.40%,1.59%,2.15%,1.53%,-0.27%,-0.64%,-0.20%,1.12%,1.94%,1.31%,125,91,125,105,97,234,192,303,354,324,-23.76%,31.25%,-1.60%,33.00%,149.5%,499.9%,146.6%,548.3%,-10.70%,-5.34%
2017/01/31,2016/12/31,-0.53%,0.53%,-1.07%,0.51%,-0.86%,1.45%,1.85%,0.99%,3.13%,1.11%,-0.15%,-0.72%,0.41%,1.24%,1.89%,1.46%,124,91,124,106,96,237,196,306,365,328,-24.01%,30.81%,-1.74%,32.05%,154.2%,508.6%,145.5%,556.3%,-10.83%,-6.02%
2017/02/28,2017/01/31,0.73%,0.55%,-0.97%,-0.82%,0.60%,3.75%,4.28%,3.31%,3.01%,3.53%,-0.92%,-1.04%,-0.45%,1.12%,3.64%,1.43%,125,92,123,105,97,246,204,316,376,339,-24.11%,30.53%,-2.64%,30.68%,163.5%,517.3%,140.1%,563.7%,-11.65%,-6.99%
2017/03/31,2017/02/28,-0.66%,0.40%,0.29%,-0.69%,0.03%,-0.81%,0.15%,0.65%,0.33%,0.42%,0.02%,-0.30%,-0.50%,0.23%,0.13%,0.32%,124,92,123,104,97,244,205,318,378,341,-23.59%,32.13%,-2.62%,30.29%,163.8%,519.3%,140.6%,565.2%,-11.63%,-7.27%
2017/04/30,2017/03/31,-0.49%,0.18%,0.63%,-0.89%,0.07%,0.38%,1.40%,1.76%,0.51%,1.49%,0.60%,0.40%,-0.36%,1.05%,1.11%,0.93%,124,92,124,103,97,245,207,324,380,346,-23.16%,33.60%,-2.03%,30.81%,166.7%,525.1%,140.1%,572.2%,-11.10%,-6.90%
2017/05/31,2017/04/30,0.28%,-0.71%,0.23%,-0.66%,-0.31%,0.67%,0.98%,1.51%,1.20%,0.68%,1.49%,1.71%,0.58%,-0.80%,1.06%,-1.31%,124,92,124,103,97,246,210,328,384,348,-23.61%,33.62%,-0.57%,33.04%,169.6%,516.9%,134.5%,566.9%,-9.77%,-5.31%
2017/06/30,2017/05/31,-0.47%,0.33%,0.36%,0.30%,0.15%,0.75%,1.12%,0.85%,0.68%,1.28%,-1.17%,-2.33%,-0.28%,2.12%,0.90%,2.82%,124,92,125,103,97,248,212,331,387,353,-23.14%,34.33%,-1.73%,29.94%,172.0%,534.3%,139.0%,581.0%,-10.83%,-7.52%
2017/07/31,2017/06/30,0.07%,-1.00%,0.45%,-0.34%,1.30%,1.68%,0.94%,2.69%,1.92%,2.97%,0.58%,0.76%,0.15%,0.89%,1.93%,0.66%,124,91,125,103,98,253,214,340,394,363,-22.19%,36.06%,-1.17%,30.93%,177.2%,538.5%,135.9%,587.1%,-10.31%,-6.81%
2017/08/31,2017/07/31,0.21%,0.69%,-1.74%,0.51%,0.15%,0.19%,0.83%,-0.69%,0.83%,0.11%,-0.99%,-0.40%,-0.21%,-1.55%,0.26%,-1.43%,124,92,123,103,98,253,216,338,397,364,-22.24%,35.95%,-2.14%,30.41%,177.9%,529.4%,131.9%,576.4%,-11.20%,-7.19%
2017/09/30,2017/08/31,-0.35%,0.93%,0.18%,-1.61%,-0.03%,3.95%,3.28%,1.82%,0.03%,3.80%,-0.55%,-0.65%,-0.08%,7.58%,2.47%,7.77%,124,92,123,102,98,263,223,344,398,377,-21.99%,35.74%,-2.67%,29.56%,184.8%,578.3%,144.2%,627.7%,-11.68%,-7.79%
2017/10/31,2017/09/30,-0.64%,0.48%,0.15%,-0.54%,-1.23%,1.44%,3.22%,2.63%,2.14%,0.37%,0.36%,0.17%,-0.35%,0.00%,2.24%,-0.05%,123,93,123,101,97,267,230,353,406,379,-22.45%,34.29%,-2.32%,29.78%,191.2%,577.9%,138.7%,627.7%,-11.36%,-7.63%
2017/11/30,2017/10/31,-0.59%,0.70%,-1.25%,1.59%,0.35%,2.81%,3.97%,2.30%,4.49%,3.25%,-0.20%,0.20%,0.45%,3.33%,3.22%,3.27%,122,93,122,103,97,274,239,361,424,391,-21.71%,34.88%,-2.52%,30.05%,200.6%,600.1%,138.8%,651.9%,-11.54%,-7.44%
2017/12/31,2017/11/30,0.25%,-0.05%,-0.91%,0.12%,0.53%,1.71%,1.16%,0.32%,1.13%,1.05%,-0.45%,-0.54%,0.05%,0.72%,1.10%,0.88%,122,93,121,103,98,279,242,362,429,395,-21.50%,33.99%,-2.96%,29.35%,203.8%,606.3%,138.3%,657.3%,-11.94%,-7.94%
2018/01/31,2017/12/31,0.57%,-0.35%,-2.53%,-0.63%,1.30%,6.07%,6.22%,3.42%,5.29%,5.68%,-1.86%,-2.59%,-1.18%,0.67%,5.34%,1.45%,123,93,118,102,99,296,257,375,452,418,-20.92%,33.48%,-4.76%,26.00%,220.1%,616.5%,129.0%,662.4%,-13.58%,-10.32%
2018/02/28,2018/01/31,-0.55%,0.04%,-0.03%,-0.66%,1.41%,-3.86%,-3.75%,-3.64%,-4.33%,-2.04%,-0.12%,-0.45%,-0.47%,-4.31%,-3.65%,-4.18%,122,93,118,101,100,284,247,361,432,409,-19.37%,35.91%,-4.87%,25.43%,208.4%,586.6%,127.8%,629.5%,-13.68%,-10.73%
2018/03/31,2018/02/28,-0.31%,0.27%,1.04%,1.57%,-0.14%,-1.82%,-2.34%,-2.11%,-1.53%,-1.53%,-0.12%,-0.01%,-0.04%,1.58%,-1.98%,1.58%,122,93,119,103,100,279,241,353,426,403,-19.23%,36.30%,-4.98%,25.42%,202.3%,597.4%,135.9%,641.0%,-13.78%,-10.73%
2018/04/30,2018/03/31,-0.64%,1.39%,-0.56%,-0.62%,-1.24%,0.03%,1.60%,-0.14%,0.15%,-0.98%,-0.55%,-0.60%,-1.11%,-0.03%,0.43%,0.15%,121,95,118,102,99,279,245,353,426,399,-19.71%,34.92%,-5.50%,24.66%,203.6%,598.4%,135.2%,640.8%,-14.25%,-11.27%
2018/05/31,2018/04/30,0.95%,-0.33%,0.11%,-1.54%,-0.25%,4.46%,2.21%,3.35%,1.39%,2.95%,0.81%,0.86%,0.65%,6.40%,2.78%,6.14%,122,94,118,101,99,292,251,365,432,411,-20.68%,32.88%,-4.74%,25.73%,212.0%,641.3%,143.1%,688.1%,-13.56%,-10.51%
2018/06/30,2018/05/31,-1.10%,-0.16%,1.69%,0.34%,-1.27%,0.49%,0.43%,2.29%,-0.19%,0.04%,-1.36%,-1.15%,-2.78%,-0.57%,0.75%,-0.23%,121,94,120,101,98,293,252,373,431,411,-20.81%,32.27%,-6.04%,24.29%,214.4%,639.6%,140.7%,683.6%,-14.73%,-11.54%
2018/07/31,2018/06/30,-0.90%,0.73%,-1.61%,0.55%,-0.09%,1.98%,4.35%,2.13%,4.08%,2.42%,-0.06%,0.53%,-1.54%,0.54%,3.27%,0.38%,120,95,119,102,97,299,263,381,449,421,-20.18%,32.85%,-6.09%,24.95%,224.7%,642.4%,133.8%,687.9%,-14.78%,-11.07%
2018/08/31,2018/07/31,-0.01%,-1.42%,-0.36%,-0.14%,3.68%,2.97%,2.63%,3.26%,3.41%,8.42%,0.56%,-0.08%,1.51%,4.09%,3.55%,4.11%,120,94,118,102,101,308,270,393,464,456,-17.23%,40.09%,-5.56%,24.85%,236.2%,673.0%,135.1%,720.1%,-14.30%,-11.14%
2018/09/30,2018/08/31,0.20%,0.43%,-0.86%,-0.87%,-0.53%,0.37%,1.09%,-0.62%,-1.48%,-1.07%,0.57%,0.83%,0.50%,-0.94%,0.10%,-1.19%,120,94,117,101,101,309,273,391,457,451,-17.83%,38.06%,-5.02%,25.90%,236.6%,663.8%,132.0%,712.4%,-13.81%,-10.40%
2018/10/31,2018/09/30,1.62%,0.30%,1.33%,0.97%,-0.97%,-7.59%,-8.50%,-5.31%,-7.44%,-7.33%,0.75%,0.65%,-0.61%,-9.64%,-7.27%,-9.84%,122,94,119,102,100,286,249,370,423,418,-19.96%,38.42%,-4.31%,26.72%,212.1%,588.6%,126.1%,634.1%,-13.17%,-9.81%
2018/11/30,2018/10/31,-2.92%,2.01%,-0.05%,1.07%,0.59%,-1.26%,3.96%,1.87%,3.52%,1.88%,-0.36%,-0.27%,-1.83%,-0.36%,1.99%,-0.28%,118,96,119,103,100,282,259,377,438,426,-17.15%,42.75%,-4.65%,26.38%,218.3%,586.7%,120.9%,631.4%,-13.48%,-10.05%
2018/12/31,2018/11/30,-2.25%,-0.08%,0.34%,2.17%,-1.14%,-10.25%,-8.60%,-9.42%,-9.95%,-8.27%,-0.04%,-0.11%,-2.87%,-13.06%,-9.28%,-13.03%,116,96,119,105,99,253,237,342,395,391,-16.23%,45.57%,-4.69%,26.24%,188.8%,497.3%,112.7%,535.9%,-13.51%,-10.15%
2019/01/31,2018/12/31,-1.35%,-0.91%,3.33%,0.84%,-0.35%,6.95%,7.90%,12.29%,10.23%,7.54%,0.14%,-0.78%,1.11%,11.86%,8.72%,12.10%,114,95,123,106,99,271,256,383,435,420,-15.39%,46.43%,-4.55%,25.25%,214.0%,569.5%,119.8%,611.3%,-13.39%,-10.85%
2019/02/28,2019/01/31,0.61%,-0.74%,0.25%,-0.43%,-0.27%,2.96%,2.60%,3.80%,3.88%,5.00%,-1.61%,-1.25%,-1.05%,3.61%,3.43%,3.99%,115,94,123,105,98,279,262,398,452,441,-16.14%,49.41%,-6.09%,23.69%,224.7%,596.2%,121.0%,637.0%,-14.79%,-11.97%
2019/03/31,2019/02/28,0.32%,-1.21%,-0.42%,0.48%,1.39%,0.71%,-0.11%,1.91%,1.96%,3.75%,-0.74%,-0.01%,-0.02%,-1.21%,1.41%,-1.21%,115,93,123,106,100,281,262,406,461,458,-15.25%,53.96%,-6.79%,23.68%,229.3%,587.8%,115.3%,628.1%,-15.42%,-11.97%
2019/04/30,2019/03/31,-0.37%,-0.36%,-0.33%,-1.13%,2.53%,3.69%,4.27%,3.65%,3.14%,5.91%,-0.13%,-0.93%,-1.75%,1.64%,4.02%,1.92%,115,93,122,105,102,291,273,420,475,485,-12.79%,57.37%,-6.92%,22.53%,242.5%,601.0%,110.8%,640.0%,-15.53%,-12.79%
2019/05/31,2019/04/30,-0.00%,1.21%,0.17%,-0.64%,0.63%,-6.93%,-6.49%,-6.08%,-6.77%,-5.32%,0.03%,1.01%,0.91%,-7.45%,-6.47%,-7.76%,115,94,123,104,103,271,256,395,443,459,-12.24%,59.92%,-6.89%,23.76%,220.4%,546.6%,108.1%,584.9%,-15.51%,-11.92%
2019/06/30,2019/05/31,0.77%,-0.45%,-0.34%,-0.67%,0.45%,6.87%,6.52%,7.10%,7.37%,5.77%,-0.88%,-1.23%,-2.97%,3.96%,6.83%,4.32%,116,94,122,103,103,290,272,423,476,486,-12.52%,58.16%,-7.71%,22.24%,242.2%,574.6%,102.8%,612.0%,-16.25%,-13.00%
2019/07/31,2019/06/30,-0.14%,-0.49%,0.75%,0.45%,0.38%,0.76%,0.64%,2.15%,2.36%,1.16%,-1.23%,-0.34%,-0.39%,-0.89%,1.45%,-0.79%,116,93,123,104,104,292,274,432,487,491,-12.07%,58.79%,-8.84%,21.82%,247.2%,569.3%,98.30%,605.6%,-17.28%,-13.30%
2019/08/31,2019/07/31,0.69%,0.65%,-0.26%,-1.43%,-0.73%,-1.85%,-2.48%,-1.33%,-2.79%,-2.64%,0.12%,2.05%,0.87%,-3.68%,-2.11%,-4.29%,116,94,123,102,103,286,267,426,473,478,-13.32%,57.54%,-8.73%,24.32%,239.9%,540.5%,93.97%,579.7%,-17.18%,-11.52%
2019/09/30,2019/08/31,1.19%,-0.23%,1.40%,0.72%,1.13%,2.57%,2.14%,1.53%,0.81%,1.39%,-1.12%,-2.81%,-0.16%,0.27%,1.76%,1.12%,118,94,124,103,104,294,273,433,477,485,-13.37%,55.68%,-9.75%,20.82%,245.8%,547.7%,92.73%,581.5%,-18.10%,-14.01%
2019/10/31,2019/09/30,0.66%,0.58%,-0.60%,-0.34%,-0.92%,2.62%,2.52%,1.99%,2.17%,1.08%,-0.66%,-0.23%,-2.72%,-0.05%,2.20%,0.02%,119,94,124,103,103,301,280,441,488,490,-14.75%,53.29%,-10.35%,20.55%,253.4%,547.8%,88.54%,581.2%,-18.64%,-14.20%
2019/11/30,2019/10/31,0.04%,0.12%,-0.86%,-0.48%,1.03%,3.99%,3.99%,3.45%,3.53%,4.44%,-0.27%,-1.03%,-1.79%,2.95%,3.75%,3.26%,119,94,123,102,104,313,291,457,505,512,-13.90%,53.99%,-10.59%,19.31%,266.7%,568.9%,87.61%,601.3%,-18.87%,-15.09%
2019/12/31,2019/11/30,-0.61%,-0.07%,-0.09%,0.73%,0.16%,1.93%,3.09%,2.88%,3.43%,1.74%,1.12%,1.54%,2.11%,6.25%,2.79%,5.79%,118,94,122,103,104,319,300,470,522,521,-13.24%,53.69%,-9.59%,21.15%,276.9%,607.7%,93.23%,645.2%,-17.96%,-13.78%
2020/01/31,2019/12/31,-1.65%,-0.47%,0.23%,0.26%,-0.58%,-1.42%,-1.89%,1.86%,0.39%,2.32%,2.69%,6.01%,3.11%,4.52%,0.06%,2.72%,116,94,123,103,104,315,294,479,524,533,-12.31%,59.44%,-7.16%,28.42%,277.2%,626.9%,98.37%,678.9%,-15.75%,-8.60%
2020/02/29,2020/01/31,-1.26%,0.00%,1.44%,-0.27%,-2.73%,-7.57%,-8.01%,-8.60%,-8.11%,-7.25%,0.28%,1.58%,-1.18%,-6.00%,-8.00%,-6.47%,114,94,125,103,101,291,271,437,482,494,-13.61%,59.95%,-6.90%,30.45%,247.0%,579.9%,101.4%,632.1%,-15.52%,-7.16%
2020/03/31,2020/02/29,1.42%,-1.48%,-0.31%,-3.97%,-5.08%,-11.96%,-14.42%,-13.83%,-15.01%,-10.63%,-4.30%,-2.01%,-7.79%,-23.54%,-13.57%,-22.94%,116,92,124,99,96,256,232,377,409,442,-19.22%,62.08%,-10.91%,27.82%,199.9%,423.9%,82.55%,459.8%,-19.15%,-9.03%
2020/04/30,2020/03/31,-0.69%,0.61%,1.32%,0.39%,-1.08%,16.50%,15.16%,12.85%,11.66%,12.69%,1.64%,4.26%,2.48%,23.87%,13.44%,22.59%,115,93,126,99,95,299,267,425,457,498,-19.54%,55.90%,-9.44%,33.27%,240.2%,542.2%,99.25%,593.4%,-17.83%,-5.15%
2020/05/31,2020/04/30,-4.31%,-0.46%,1.17%,0.27%,0.41%,3.29%,4.16%,7.54%,6.08%,7.90%,0.31%,1.06%,-0.50%,10.27%,5.40%,9.95%,110,93,127,100,95,308,278,457,485,537,-15.74%,63.08%,-9.16%,34.68%,258.6%,606.2%,108.3%,664.6%,-17.57%,-4.14%
2020/06/30,2020/05/31,0.01%,-0.52%,-0.89%,0.74%,-0.36%,2.48%,1.55%,1.63%,3.61%,4.61%,3.59%,5.96%,4.92%,13.37%,2.43%,11.58%,110,92,126,100,95,316,282,465,502,562,-16.05%,66.56%,-5.90%,42.70%,267.3%,688.0%,127.4%,766.8%,-14.61%,0.00%
2020/07/31,2020/06/30,0.86%,-1.26%,-2.89%,-1.42%,2.62%,7.46%,4.19%,4.52%,4.74%,10.19%,2.25%,1.61%,2.78%,5.55%,5.73%,5.07%,111,91,122,99,97,340,294,486,526,619,-14.57%,71.12%,-3.79%,45.00%,288.3%,727.9%,125.9%,814.9%,-12.69%,0.00%
2020/08/31,2020/07/31,-3.64%,0.18%,-0.19%,-0.97%,1.81%,4.86%,7.85%,7.65%,6.75%,11.20%,-4.83%,-4.33%,-8.29%,0.02%,7.38%,1.32%,107,91,122,98,99,356,317,523,562,689,-9.92%,81.98%,-8.43%,38.73%,317.0%,738.9%,112.2%,815.2%,-16.91%,-4.33%
2020/09/30,2020/08/31,-0.31%,1.41%,-0.50%,-0.34%,-3.57%,-2.84%,-2.70%,-3.67%,-3.88%,-6.23%,0.53%,0.42%,1.08%,-1.99%,-3.61%,-2.11%,107,92,122,98,96,346,308,504,540,646,-12.86%,75.80%,-7.95%,39.31%,301.9%,721.1%,115.4%,797.0%,-16.47%,-3.93%
2020/10/31,2020/09/30,0.64%,-0.22%,0.77%,0.64%,-0.21%,-2.81%,-2.52%,-1.16%,-0.27%,-3.51%,0.87%,0.61%,-0.34%,0.61%,-2.11%,0.42%,108,92,123,98,95,336,301,498,539,623,-13.61%,74.57%,-7.15%,40.16%,293.4%,724.6%,120.9%,802.4%,-15.74%,-3.34%
2020/11/30,2020/10/31,-0.60%,0.17%,3.17%,-2.76%,-0.10%,9.16%,12.48%,15.98%,11.85%,12.48%,1.81%,2.18%,2.44%,20.44%,12.26%,19.79%,107,92,126,95,95,367,338,578,602,701,-13.18%,80.38%,-5.47%,43.22%,341.6%,887.8%,137.5%,986.9%,-14.22%,-1.23%
2020/12/31,2020/11/30,-1.60%,1.64%,-0.49%,-2.96%,1.00%,2.92%,6.48%,4.97%,2.42%,7.49%,-2.34%,-3.77%,-2.39%,5.85%,4.57%,6.98%,105,94,126,93,96,378,360,606,617,753,-10.93%,88.62%,-7.68%,37.82%,361.8%,956.7%,143.2%,1050%,-16.22%,-4.95%
2021/01/31,2020/12/31,-0.03%,1.55%,-2.11%,-3.16%,-0.18%,-0.79%,1.12%,-0.94%,-1.63%,1.58%,2.96%,0.17%,11.42%,14.73%,-0.12%,14.68%,105,95,123,90,96,375,364,601,607,765,-11.06%,93.08%,-4.94%,38.06%,361.3%,1112%,179.2%,1220%,-13.74%,-4.79%
