Date,fdate,CAPEF_AR_1,CAPEF_AR_2,CAPEF_AR_3,CAPEF_AR_4,CAPEF_AR_5,CAPEF_TR_1,CAPEF_TR_2,CAPEF_TR_3,CAPEF_TR_4,CAPEF_TR_5,CAPEF_AR_Sig,CAPEF_TR_Sig,CAPEF_AR_130,CAPEF_TR_130,CAPEF_TR_BP,CAPEF_TR_LO,CAPEF_CAR_1,CAPEF_CAR_2,CAPEF_CAR_3,CAPEF_CAR_4,CAPEF_CAR_5,CAPEF_CTR_1,CAPEF_CTR_2,CAPEF_CTR_3,CAPEF_CTR_4,CAPEF_CTR_5,CAPEF_CAR_LS,CAPEF_CTR_LS,CAPEF_CAR_SW,CAPEF_CTR_SW,CAPEF_CTR_BP,CAPEF_CTR_LO,CAPEF_CXR_LO,CAPEF_CTR_13,CAPEF_CADD,CAPEF_CTDD
2001/02/28,2001/01/31,-0.80%,0.92%,0.43%,3.36%,3.97%,-6.26%,-12.18%,-12.66%,-7.33%,-4.58%,-9.90%,5.42%,6.45%,-0.75%,-9.48%,-2.38%,99,101,100,103,104,94,88,87,93,95,4.77%,1.68%,-9.90%,5.42%,-9.48%,-2.38%,7.10%,-0.75%,-9.90%,0.00%
2001/03/31,2001/02/28,1.50%,0.36%,-2.22%,1.84%,2.02%,-4.88%,-6.14%,-8.71%,-5.95%,-5.32%,-3.46%,4.95%,1.77%,-3.16%,-6.73%,-4.64%,101,101,98,105,106,89,82,80,87,90,5.32%,1.24%,-13.02%,10.64%,-15.57%,-6.91%,9.33%,-3.89%,-13.02%,0.00%
2001/04/30,2001/03/31,-3.13%,-2.35%,1.24%,-0.07%,0.21%,5.53%,6.07%,7.85%,9.16%,10.75%,8.48%,3.23%,-0.37%,8.30%,8.26%,7.33%,98,99,99,105,106,94,87,86,95,100,8.84%,6.52%,-5.65%,14.22%,-8.60%,-0.09%,8.32%,4.09%,-5.65%,0.00%
2001/05/31,2001/04/30,-0.30%,-0.69%,-0.27%,-0.30%,0.48%,2.58%,2.31%,0.66%,0.13%,1.12%,-4.43%,-2.28%,3.61%,7.57%,1.01%,8.25%,97,98,99,105,107,97,89,87,95,101,9.69%,4.96%,-9.83%,11.61%,-7.68%,8.16%,16.16%,11.97%,-9.83%,-2.28%
2001/06/30,2001/05/31,4.11%,3.17%,-1.00%,0.44%,1.19%,-0.74%,-1.09%,-3.43%,-1.35%,0.42%,5.71%,4.52%,-0.13%,3.80%,-1.54%,2.44%,101,101,98,105,108,96,88,84,94,102,6.49%,6.18%,-4.68%,16.66%,-9.10%,10.80%,20.79%,16.22%,-4.68%,0.00%
2001/07/31,2001/06/30,-4.05%,-4.58%,0.68%,0.58%,1.58%,-2.24%,-3.71%,0.99%,-2.53%,-2.78%,-1.11%,5.78%,4.84%,1.75%,-1.79%,0.02%,97,97,99,106,110,94,85,84,92,99,12.48%,5.61%,-5.73%,23.41%,-10.73%,10.82%,22.97%,18.26%,-5.73%,0.00%
2001/08/31,2001/07/31,1.97%,3.30%,1.51%,-1.14%,-1.53%,-5.06%,-4.29%,-3.38%,-8.51%,-8.48%,1.02%,4.33%,2.27%,-1.20%,-5.97%,-2.50%,99,100,100,105,108,89,82,82,84,90,8.54%,2.00%,-4.77%,28.75%,-16.06%,8.05%,27.24%,16.83%,-4.77%,0.00%
2001/09/30,2001/08/31,-0.22%,-0.45%,-1.91%,-1.88%,2.56%,-7.54%,-8.33%,-6.35%,-13.60%,-9.47%,-3.06%,1.14%,2.90%,-13.29%,-8.92%,-13.63%,99,99,98,103,111,82,75,76,72,82,11.57%,0.03%,-7.68%,30.21%,-23.54%,-6.69%,21.24%,1.30%,-7.68%,0.00%
2001/10/31,2001/09/30,5.05%,3.33%,3.00%,2.69%,-2.71%,1.87%,0.05%,1.68%,7.77%,3.51%,6.25%,-4.54%,-0.82%,6.82%,2.68%,8.18%,104,103,101,106,108,84,75,78,78,85,2.90%,1.67%,-1.91%,24.31%,-21.50%,0.95%,27.92%,8.22%,-1.91%,-4.54%
2001/11/30,2001/10/31,-2.09%,-3.78%,1.26%,0.51%,0.38%,6.78%,4.85%,7.31%,10.56%,9.13%,0.85%,0.34%,-1.52%,8.32%,7.75%,8.22%,102,99,103,106,108,89,78,83,86,92,5.45%,4.06%,-1.08%,24.73%,-15.41%,9.25%,28.52%,17.22%,-1.08%,-4.21%
2001/12/31,2001/11/30,0.06%,2.55%,-0.46%,-2.25%,1.68%,0.76%,3.70%,0.33%,0.21%,3.23%,3.06%,2.79%,3.33%,9.19%,1.71%,8.36%,102,101,102,104,110,90,81,84,86,95,7.17%,6.63%,1.94%,28.21%,-13.96%,18.38%,37.06%,28.00%,0.00%,-1.54%
2002/01/31,2001/12/31,-2.37%,-2.04%,0.38%,2.86%,0.03%,-2.95%,-2.38%,-0.22%,0.76%,-2.58%,-5.30%,-2.39%,1.60%,1.97%,-1.25%,2.68%,99,99,103,107,110,87,79,83,87,93,9.73%,7.04%,-3.46%,25.15%,-15.04%,21.56%,42.45%,30.52%,-5.30%,-3.89%
2002/02/28,2002/01/31,-1.87%,1.63%,1.35%,-3.45%,0.62%,-2.93%,-0.00%,0.24%,-7.85%,-2.93%,1.47%,4.93%,1.06%,-2.13%,-2.10%,-3.61%,97,101,104,103,111,85,79,84,80,90,12.47%,7.04%,-2.05%,31.32%,-16.83%,17.17%,40.31%,27.74%,-3.91%,0.00%
2002/03/31,2002/02/28,2.14%,1.43%,-0.18%,2.05%,-1.56%,5.69%,3.78%,3.23%,7.43%,3.21%,-1.37%,-1.89%,-0.59%,8.45%,4.42%,9.01%,100,102,104,105,109,90,82,86,86,93,8.32%,4.38%,-3.39%,28.83%,-13.15%,27.74%,46.76%,38.53%,-5.23%,-1.89%
2002/04/30,2002/03/31,4.93%,1.54%,-0.35%,-0.25%,-3.21%,-1.32%,-3.34%,-3.55%,-6.13%,-10.29%,-3.97%,1.20%,-0.43%,0.27%,-5.00%,-0.09%,104,104,103,105,106,89,80,83,81,84,-0.50%,-4.98%,-7.23%,30.38%,-17.49%,27.62%,53.96%,38.91%,-8.99%,-0.71%
2002/05/31,2002/04/30,-2.27%,-1.20%,-1.44%,0.95%,1.65%,-1.50%,-0.79%,-1.43%,-1.47%,-1.00%,0.54%,1.28%,2.87%,-1.63%,-1.20%,-2.01%,102,103,102,106,107,87,79,82,80,83,3.41%,-4.51%,-6.72%,32.06%,-18.48%,25.05%,52.71%,36.65%,-8.50%,0.00%
2002/06/30,2002/05/31,2.81%,3.36%,-1.52%,-2.34%,-0.55%,-6.10%,-3.80%,-7.44%,-9.78%,-9.06%,5.21%,6.75%,-1.10%,-5.54%,-6.92%,-7.57%,105,106,100,103,107,82,76,76,72,75,-0.07%,-7.34%,-1.87%,40.97%,-24.12%,15.59%,51.72%,29.07%,-3.73%,0.00%
2002/07/31,2002/06/30,0.10%,-1.18%,0.81%,1.65%,-2.70%,-7.44%,-6.57%,-7.13%,-8.37%,-11.89%,-1.62%,-7.24%,2.97%,-15.53%,-7.99%,-13.35%,105,105,101,105,104,76,71,71,66,66,-2.87%,-11.46%,-3.45%,30.76%,-30.19%,0.15%,43.59%,9.03%,-5.29%,-7.24%
2002/08/31,2002/07/31,-1.47%,-1.40%,-0.72%,-1.02%,0.73%,1.96%,0.95%,1.39%,-1.07%,0.00%,-5.48%,-3.90%,0.42%,-0.88%,0.64%,0.29%,103,103,100,104,105,77,72,72,65,66,-0.73%,-13.19%,-8.74%,25.66%,-29.74%,0.45%,43.09%,8.08%,-10.47%,-10.86%
2002/09/30,2002/08/31,-2.81%,-1.87%,-1.33%,0.17%,2.07%,-12.44%,-8.85%,-8.99%,-11.62%,-11.68%,1.66%,4.84%,2.64%,-8.26%,-10.13%,-9.71%,101,102,99,104,107,68,65,65,58,59,4.12%,-12.53%,-7.22%,31.74%,-36.86%,-9.31%,43.69%,-0.85%,-8.99%,-6.55%
2002/10/31,2002/09/30,0.25%,0.09%,-0.07%,1.40%,7.21%,6.98%,4.84%,4.36%,9.74%,17.74%,1.18%,-3.56%,-1.28%,5.10%,7.77%,6.17%,101,102,99,106,114,72,69,68,63,69,11.37%,-3.12%,-6.13%,27.05%,-31.95%,-3.71%,41.39%,4.21%,-7.91%,-9.87%
2002/11/30,2002/10/31,1.71%,-1.28%,-0.60%,1.02%,0.32%,4.97%,2.10%,4.46%,11.24%,11.24%,-9.55%,-18.99%,-1.16%,10.79%,6.03%,16.48%,103,100,98,107,115,76,70,71,70,77,9.81%,2.95%,-15.10%,2.93%,-27.85%,12.16%,56.18%,15.45%,-16.71%,-26.98%
2002/12/31,2002/11/30,-0.79%,0.35%,-0.85%,0.76%,0.50%,-5.47%,-2.92%,-5.61%,-6.41%,-9.43%,2.92%,4.99%,3.41%,-4.34%,-5.58%,-5.83%,102,101,98,107,115,72,68,67,66,69,11.23%,-1.13%,-12.62%,8.07%,-31.88%,5.61%,55.79%,10.44%,-14.28%,-23.34%
2003/01/31,2002/12/31,-0.52%,-0.81%,0.78%,0.09%,0.68%,-3.47%,-2.91%,-1.68%,-2.73%,-2.57%,-3.39%,-4.35%,0.47%,-1.98%,-2.56%,-0.67%,101,100,98,108,116,69,66,66,64,68,12.56%,-0.24%,-15.59%,3.37%,-33.63%,4.90%,58.73%,8.26%,-17.19%,-26.67%
2003/02/28,2003/01/31,-2.25%,0.13%,-0.82%,3.32%,-1.79%,-4.18%,-1.57%,-2.62%,1.17%,-4.53%,0.90%,0.98%,1.19%,-2.18%,-1.81%,-2.47%,99,100,98,111,114,66,65,64,65,65,13.08%,-0.59%,-14.82%,4.38%,-34.83%,2.31%,57.67%,5.90%,-16.44%,-25.96%
2003/03/31,2003/02/28,3.00%,0.96%,1.21%,0.27%,-0.53%,2.89%,0.41%,1.22%,1.36%,0.49%,0.13%,-2.45%,0.35%,0.88%,1.22%,1.62%,102,101,99,111,114,68,65,65,66,65,9.10%,-2.98%,-14.71%,1.82%,-34.03%,3.96%,58.30%,6.83%,-16.33%,-27.77%
2003/04/30,2003/03/31,4.44%,0.47%,-0.68%,-1.69%,-1.77%,11.24%,7.03%,7.79%,6.39%,11.14%,-3.57%,-4.63%,-2.97%,9.35%,8.22%,10.74%,106,101,98,110,112,76,70,70,70,72,2.32%,-3.08%,-17.76%,-2.89%,-28.61%,15.13%,62.29%,16.82%,-19.32%,-31.11%
2003/05/31,2003/04/30,0.85%,-0.18%,-0.17%,1.33%,-3.76%,6.11%,4.33%,6.52%,7.01%,7.88%,-15.00%,-22.64%,-4.18%,7.14%,6.23%,13.93%,107,101,98,111,107,81,73,75,75,78,-2.41%,-1.36%,-30.09%,-24.87%,-24.16%,31.17%,74.79%,25.16%,-31.42%,-46.71%
2003/06/30,2003/05/31,-1.32%,0.41%,0.10%,-0.07%,0.08%,-0.04%,1.64%,1.92%,1.29%,2.43%,-4.08%,-3.40%,1.44%,7.49%,1.49%,8.51%,106,102,98,111,107,81,74,76,76,80,-1.04%,1.09%,-32.94%,-27.43%,-23.03%,42.32%,87.05%,34.53%,-34.22%,-48.52%
2003/07/31,2003/06/30,1.78%,0.89%,0.82%,0.68%,-0.74%,3.07%,2.07%,3.80%,2.01%,2.09%,0.13%,-0.33%,0.51%,7.43%,2.46%,7.53%,108,103,99,112,107,83,75,79,77,81,-3.54%,0.09%,-32.86%,-27.67%,-21.14%,53.04%,96.53%,44.53%,-34.14%,-48.69%
2003/08/31,2003/07/31,-0.90%,-1.25%,-0.54%,0.68%,0.31%,1.57%,1.58%,2.73%,2.55%,2.95%,-0.49%,0.47%,-0.13%,6.11%,2.35%,5.97%,107,101,98,112,107,84,77,81,79,84,-2.37%,1.48%,-33.19%,-27.33%,-19.28%,62.18%,103.6%,53.36%,-34.46%,-48.45%
2003/09/30,2003/08/31,1.50%,0.63%,-0.64%,-0.16%,-1.36%,0.36%,-0.14%,-1.53%,-1.20%,-2.45%,-8.29%,-11.08%,-0.68%,-1.75%,-1.08%,1.57%,108,102,98,112,105,85,77,80,78,82,-5.16%,-1.37%,-38.72%,-35.38%,-20.15%,64.73%,109.0%,50.68%,-39.89%,-54.16%
2003/10/31,2003/09/30,-1.62%,1.13%,-0.01%,1.07%,0.54%,4.44%,6.82%,7.58%,5.65%,5.32%,-2.21%,-1.54%,-0.48%,7.37%,6.06%,7.83%,107,103,98,113,106,88,82,86,83,86,-3.11%,-0.50%,-40.08%,-36.37%,-15.32%,77.63%,112.7%,61.78%,-41.22%,-54.86%
2003/11/30,2003/10/31,-0.70%,-0.03%,-1.82%,1.42%,0.14%,1.55%,1.72%,0.64%,2.34%,1.00%,-0.54%,0.61%,0.66%,4.22%,1.47%,4.03%,106,103,96,115,106,90,83,86,85,87,-2.30%,-1.05%,-40.40%,-35.98%,-14.07%,84.79%,118.2%,68.60%,-41.53%,-54.59%
2003/12/31,2003/11/30,0.26%,0.61%,-2.22%,-2.12%,1.20%,6.29%,4.46%,2.06%,3.11%,6.54%,3.55%,0.70%,2.16%,5.53%,4.39%,5.32%,106,104,94,113,107,96,87,88,87,93,-1.38%,-0.80%,-38.28%,-35.54%,-10.30%,94.62%,120.2%,77.92%,-39.46%,-54.27%
2004/01/31,2003/12/31,2.03%,-0.20%,-2.49%,-0.34%,1.43%,5.21%,2.60%,1.17%,2.61%,1.84%,-12.11%,-13.46%,-1.50%,2.13%,2.25%,6.16%,108,103,91,112,109,101,89,89,90,94,-1.97%,-4.14%,-45.76%,-44.21%,-8.28%,106.6%,128.9%,81.71%,-46.79%,-60.43%
2004/02/29,2004/01/31,0.91%,1.45%,0.93%,-0.54%,-2.13%,2.78%,2.84%,2.24%,0.84%,-0.29%,1.66%,1.01%,0.84%,1.47%,1.48%,1.17%,109,105,92,112,107,103,92,91,90,94,-4.95%,-7.09%,-44.85%,-43.65%,-6.92%,109.0%,128.1%,84.38%,-45.90%,-60.03%
2004/03/31,2004/02/29,-0.33%,0.39%,0.64%,-0.45%,-0.52%,-1.13%,-0.65%,0.17%,-1.52%,-2.03%,2.00%,0.43%,1.03%,1.04%,-1.09%,0.91%,109,105,93,111,106,102,91,91,89,92,-5.13%,-7.92%,-43.75%,-43.41%,-7.94%,110.9%,132.7%,86.29%,-44.82%,-59.86%
2004/04/30,2004/03/31,-2.22%,-0.69%,-0.19%,-0.86%,0.56%,-4.47%,-2.68%,-3.22%,-1.44%,-0.06%,5.14%,1.89%,2.73%,-2.20%,-2.03%,-2.77%,107,105,93,110,107,98,89,88,88,92,-2.49%,-3.86%,-40.86%,-42.34%,-9.81%,105.1%,131.0%,82.19%,-41.99%,-59.09%
2004/05/31,2004/04/30,-0.03%,-0.03%,0.58%,1.32%,-1.20%,0.81%,0.94%,1.65%,2.22%,0.43%,2.01%,2.45%,-0.23%,0.20%,1.34%,-0.53%,107,105,93,112,105,98,89,90,90,93,-3.63%,-4.22%,-39.68%,-40.92%,-8.61%,104.0%,126.7%,82.56%,-40.82%,-58.09%
2004/06/30,2004/05/31,-1.46%,0.46%,-0.98%,0.28%,0.85%,0.87%,2.33%,1.95%,1.70%,2.42%,2.46%,3.44%,-0.30%,4.21%,1.96%,3.17%,105,105,92,112,106,99,92,92,91,95,-1.40%,-2.73%,-38.19%,-38.89%,-6.81%,110.5%,129.4%,90.24%,-39.37%,-56.65%
2004/07/31,2004/06/30,-1.14%,-0.46%,-0.53%,-0.25%,1.51%,-3.65%,-3.70%,-3.86%,-4.74%,-3.10%,4.63%,4.21%,0.70%,-4.20%,-3.87%,-5.46%,104,105,92,112,108,96,88,88,87,92,1.20%,-2.19%,-35.33%,-36.32%,-10.42%,98.98%,125.8%,82.26%,-36.56%,-54.83%
2004/08/31,2004/07/31,1.31%,1.26%,1.20%,-1.88%,0.68%,1.70%,1.50%,1.32%,-1.92%,0.93%,1.15%,0.89%,-0.19%,-1.32%,0.29%,-1.58%,105,106,93,110,109,97,90,89,85,93,0.57%,-2.94%,-34.59%,-35.75%,-10.15%,95.83%,121.5%,79.86%,-35.83%,-54.42%
2004/09/30,2004/08/31,-0.44%,-0.27%,-0.32%,0.78%,-0.70%,1.00%,1.57%,1.70%,2.23%,0.88%,-0.60%,1.37%,-0.40%,4.48%,1.66%,4.06%,105,106,93,110,108,98,91,91,87,93,0.30%,-3.06%,-34.98%,-34.87%,-8.67%,103.8%,126.9%,87.91%,-36.21%,-53.80%
2004/10/31,2004/09/30,-3.72%,-0.55%,1.49%,0.01%,1.17%,-2.37%,0.66%,2.75%,1.69%,3.33%,2.03%,1.55%,0.92%,2.56%,1.55%,2.10%,101,105,94,110,109,96,92,93,89,97,5.20%,2.46%,-33.66%,-33.86%,-7.25%,108.1%,128.1%,92.72%,-34.92%,-53.08%
2004/11/30,2004/10/31,1.20%,0.18%,0.17%,0.10%,-1.43%,5.90%,4.67%,5.19%,4.59%,3.54%,-3.66%,-4.17%,-1.39%,7.94%,4.65%,9.20%,102,105,94,111,108,102,96,98,93,100,2.44%,0.05%,-36.08%,-36.62%,-2.94%,127.2%,138.5%,108.0%,-37.30%,-55.04%
2004/12/31,2004/11/30,1.21%,0.40%,0.72%,-1.24%,0.23%,4.75%,3.49%,3.61%,2.78%,4.69%,-4.76%,-7.66%,-0.11%,3.18%,3.62%,5.48%,103,106,95,109,108,106,99,102,95,105,1.44%,-0.01%,-39.13%,-41.48%,0.58%,139.6%,142.9%,114.7%,-40.28%,-58.48%
2005/01/31,2004/12/31,0.90%,0.78%,-1.46%,1.49%,-1.74%,-1.44%,-0.95%,-3.42%,-2.17%,-5.33%,2.04%,2.96%,1.99%,-2.11%,-2.69%,-3.00%,104,106,93,111,106,105,98,98,93,99,-1.23%,-3.90%,-37.88%,-39.75%,-2.13%,132.5%,142.1%,110.1%,-39.06%,-57.26%
2005/02/28,2005/01/31,-1.93%,-1.11%,-0.22%,2.78%,-0.25%,0.50%,1.29%,1.82%,4.19%,1.16%,1.22%,1.51%,-0.53%,0.69%,2.06%,0.24%,102,105,93,114,106,105,99,100,97,100,0.43%,-3.26%,-37.13%,-38.83%,-0.11%,133.0%,137.7%,111.6%,-38.32%,-56.61%
2005/03/31,2005/02/28,-1.68%,-1.05%,0.11%,0.22%,1.70%,-2.74%,-1.81%,-1.14%,-2.40%,-0.61%,4.42%,5.27%,1.59%,-0.64%,-1.73%,-2.22%,100,104,93,114,108,102,98,99,95,100,3.81%,-1.20%,-34.35%,-35.61%,-1.84%,127.8%,136.6%,110.2%,-35.59%,-54.33%
2005/04/30,2005/03/31,-0.81%,-0.33%,0.85%,-0.50%,2.31%,-3.56%,-1.81%,-2.21%,-3.44%,-0.19%,1.74%,1.24%,1.49%,-5.59%,-2.23%,-5.96%,100,104,94,114,110,99,96,97,91,99,7.05%,2.13%,-33.21%,-34.82%,-4.03%,114.3%,127.7%,98.46%,-34.48%,-53.76%
2005/05/31,2005/04/30,-0.92%,0.42%,0.11%,-0.12%,0.41%,2.49%,3.62%,3.62%,4.26%,5.41%,1.37%,1.37%,-1.72%,5.82%,3.88%,5.41%,99,104,94,113,110,101,99,100,95,105,8.47%,5.12%,-32.29%,-33.92%,-0.31%,125.8%,131.2%,110.0%,-33.58%,-53.13%
2005/06/30,2005/05/31,0.28%,-0.36%,0.29%,-0.24%,-0.05%,2.16%,0.81%,2.07%,0.07%,-0.01%,-1.17%,-1.56%,-1.18%,2.75%,0.85%,3.22%,99,104,94,113,110,103,100,102,95,105,8.12%,2.83%,-33.09%,-34.95%,0.54%,133.1%,136.7%,115.8%,-34.36%,-53.86%
2005/07/31,2005/06/30,-0.95%,0.33%,1.23%,-0.25%,-0.87%,2.85%,3.44%,4.85%,5.44%,3.63%,0.69%,0.12%,-0.60%,7.02%,4.20%,6.99%,98,104,96,113,109,106,104,107,101,109,8.21%,3.63%,-32.63%,-34.87%,4.76%,149.4%,143.3%,131.0%,-33.91%,-53.80%
2005/08/31,2005/07/31,-0.90%,-1.71%,0.75%,1.13%,0.34%,-1.29%,-2.05%,0.04%,-0.72%,-1.42%,0.36%,0.31%,1.14%,-1.13%,-1.01%,-1.22%,97,102,96,114,110,105,101,107,100,107,9.55%,3.49%,-32.39%,-34.67%,3.70%,146.4%,142.8%,128.4%,-33.67%,-53.66%
2005/09/30,2005/08/31,0.41%,-0.13%,0.34%,1.14%,-0.41%,1.25%,0.83%,0.72%,1.76%,-0.89%,-2.09%,-1.17%,0.01%,-0.36%,0.77%,-0.00%,98,102,97,115,109,106,102,108,102,106,8.65%,1.28%,-33.80%,-35.43%,4.50%,146.4%,140.9%,127.5%,-35.06%,-54.20%
2005/10/31,2005/09/30,1.78%,1.01%,-1.79%,0.01%,-0.09%,0.26%,-0.36%,-3.20%,-2.57%,-1.90%,3.23%,2.47%,0.95%,-2.10%,-1.76%,-2.84%,99,103,95,115,109,107,102,105,99,104,6.62%,-0.91%,-31.66%,-33.84%,2.66%,139.4%,138.3%,122.8%,-32.96%,-53.07%
2005/11/30,2005/10/31,0.54%,0.31%,0.73%,-0.08%,-0.70%,3.76%,3.44%,4.07%,4.78%,3.33%,1.40%,2.19%,-0.36%,4.50%,3.93%,3.84%,100,104,96,115,109,111,105,109,104,108,5.30%,-1.33%,-30.71%,-32.39%,6.69%,148.5%,138.1%,132.8%,-32.03%,-52.04%
2005/12/31,2005/11/30,0.95%,0.07%,-0.19%,-0.50%,0.48%,1.06%,0.11%,-0.06%,-0.55%,0.17%,-0.48%,-2.10%,0.84%,-0.34%,0.04%,0.29%,101,104,95,115,109,112,106,109,103,108,4.81%,-2.22%,-31.05%,-33.80%,6.73%,149.3%,138.7%,132.0%,-32.36%,-53.04%
2006/01/31,2005/12/31,-1.15%,-1.26%,1.18%,-0.10%,-0.85%,1.98%,1.48%,4.65%,4.65%,3.44%,-3.65%,-4.04%,-4.62%,5.53%,3.44%,6.74%,100,102,97,115,108,114,107,114,108,111,5.12%,-0.79%,-33.56%,-36.48%,10.40%,166.1%,146.6%,144.8%,-34.82%,-54.94%
2006/02/28,2006/01/31,-0.03%,-0.05%,-0.47%,0.01%,0.83%,0.25%,0.08%,-0.52%,-0.09%,1.30%,-1.50%,-2.17%,-0.24%,-0.40%,0.09%,0.25%,100,102,96,115,109,114,107,113,108,113,6.02%,0.24%,-34.56%,-37.86%,10.50%,166.7%,147.0%,143.8%,-35.80%,-55.92%
2006/03/31,2006/02/28,0.11%,0.79%,0.26%,-0.72%,-1.86%,2.36%,1.72%,2.48%,2.13%,0.75%,-0.58%,-0.73%,-1.72%,4.34%,1.90%,4.56%,100,103,96,114,107,117,109,116,110,114,3.93%,-1.37%,-34.94%,-38.31%,12.59%,178.9%,153.6%,154.4%,-36.17%,-56.24%
2006/04/30,2006/03/31,0.55%,0.60%,-0.06%,-0.31%,-1.14%,2.37%,1.63%,0.61%,0.99%,-0.28%,0.95%,0.64%,0.46%,0.94%,0.99%,0.75%,100,104,96,114,106,120,111,117,111,113,2.18%,-3.99%,-34.32%,-37.92%,13.71%,181.0%,153.0%,156.8%,-35.57%,-55.96%
2006/05/31,2006/04/30,-1.85%,0.25%,0.15%,-0.01%,-0.07%,-3.55%,-1.83%,-3.59%,-4.13%,-2.48%,2.99%,2.26%,1.07%,-3.25%,-3.11%,-3.93%,98,104,96,114,106,116,109,112,107,111,4.00%,-2.96%,-32.35%,-36.51%,10.17%,169.9%,150.9%,148.5%,-33.64%,-54.97%
2006/06/30,2006/05/31,-0.22%,-0.04%,0.29%,0.28%,-0.04%,0.37%,0.08%,0.41%,0.43%,-0.48%,1.67%,1.29%,0.17%,-0.02%,0.19%,-0.41%,98,104,97,114,106,116,109,113,107,110,4.18%,-3.79%,-31.22%,-35.70%,10.39%,168.8%,149.4%,148.4%,-32.53%,-54.39%
2006/07/31,2006/06/30,-0.05%,-0.92%,0.48%,0.53%,0.57%,0.07%,-1.06%,-0.35%,0.01%,0.34%,1.44%,2.17%,0.35%,-1.86%,-0.28%,-2.51%,98,103,97,114,106,116,108,113,107,110,4.83%,-3.54%,-30.24%,-34.30%,10.08%,162.1%,143.8%,143.8%,-31.56%,-53.40%
2006/08/31,2006/07/31,0.30%,0.50%,-0.61%,0.46%,0.01%,1.45%,2.38%,1.30%,3.12%,3.95%,0.66%,0.34%,-1.17%,2.69%,2.48%,2.59%,98,104,97,115,106,118,110,114,110,115,4.53%,-1.13%,-29.77%,-34.08%,12.81%,168.9%,144.1%,150.3%,-31.11%,-53.24%
2006/09/30,2006/08/31,0.67%,-0.46%,0.53%,-0.61%,0.39%,2.78%,1.63%,2.61%,1.84%,2.79%,1.26%,1.59%,0.19%,1.72%,2.24%,1.24%,99,103,97,114,107,121,112,117,113,118,4.24%,-1.12%,-28.89%,-33.03%,15.33%,172.2%,141.6%,154.6%,-30.24%,-52.49%
2006/10/31,2006/09/30,0.59%,0.55%,-0.30%,-0.29%,-0.21%,3.99%,3.28%,3.38%,4.06%,4.02%,-0.32%,-1.79%,-0.86%,4.50%,3.69%,5.04%,100,104,97,114,106,126,116,121,117,123,3.40%,-1.09%,-29.11%,-34.23%,19.59%,185.9%,144.9%,166.1%,-30.46%,-53.34%
2006/11/30,2006/10/31,-1.01%,-0.67%,1.11%,0.52%,-1.20%,0.88%,1.08%,3.14%,2.94%,1.70%,1.26%,0.81%,-0.40%,2.92%,2.16%,2.68%,99,103,98,115,105,127,117,125,121,125,3.20%,-0.27%,-28.21%,-33.70%,22.17%,193.6%,146.2%,173.9%,-29.58%,-52.97%
2006/12/31,2006/11/30,1.52%,0.52%,-0.37%,-0.74%,-0.96%,3.37%,1.60%,0.51%,1.28%,0.23%,1.29%,1.22%,1.00%,3.04%,1.18%,2.67%,100,104,98,114,104,131,119,125,122,125,0.65%,-3.40%,-27.29%,-32.88%,23.61%,201.4%,149.8%,182.2%,-28.67%,-52.39%
2007/01/31,2006/12/31,0.53%,-0.60%,1.51%,-0.06%,-0.25%,2.25%,1.13%,3.16%,1.98%,1.61%,-0.19%,-1.25%,1.38%,2.76%,2.01%,3.14%,101,103,99,114,104,134,120,129,124,127,-0.14%,-4.02%,-27.42%,-33.72%,26.09%,210.9%,152.7%,190.0%,-28.80%,-52.99%
2007/02/28,2007/01/31,-1.02%,0.30%,-0.58%,0.30%,-0.16%,-2.93%,-1.14%,-1.52%,-1.42%,-1.89%,-0.11%,-1.21%,0.60%,-0.27%,-1.63%,0.10%,100,103,98,114,104,130,119,127,123,125,0.72%,-3.03%,-27.50%,-34.53%,24.04%,211.2%,157.0%,189.2%,-28.88%,-53.56%
2007/03/31,2007/02/28,-1.21%,0.13%,0.09%,-0.32%,0.11%,-0.06%,1.22%,1.20%,1.15%,1.06%,3.59%,2.83%,0.60%,0.73%,1.00%,-0.12%,98,103,99,114,104,130,120,129,124,126,2.05%,-1.95%,-24.90%,-32.67%,25.28%,210.8%,154.1%,191.3%,-26.33%,-52.24%
2007/04/30,2007/03/31,-1.15%,-0.75%,-0.42%,-0.03%,1.93%,3.52%,3.14%,2.94%,3.81%,5.46%,0.47%,-0.34%,1.43%,2.50%,3.86%,2.60%,97,103,98,114,106,135,124,133,129,133,5.20%,-0.04%,-24.55%,-32.90%,30.12%,218.9%,150.9%,198.6%,-25.99%,-52.40%
2007/05/31,2007/04/30,-1.57%,-0.42%,0.41%,-0.00%,0.15%,1.93%,2.92%,3.75%,3.93%,4.14%,2.92%,2.48%,-0.85%,2.91%,3.54%,2.17%,96,102,99,114,106,137,128,138,134,139,7.00%,2.17%,-22.35%,-31.24%,34.73%,225.8%,147.5%,207.3%,-23.82%,-51.22%
2007/06/30,2007/05/31,-1.71%,-0.39%,-0.28%,-0.30%,0.84%,-3.52%,-1.83%,-1.54%,-1.39%,-1.58%,0.83%,-0.09%,1.05%,-0.87%,-1.77%,-0.84%,94,102,98,113,107,132,125,136,132,136,9.73%,4.15%,-21.70%,-31.30%,32.35%,223.0%,149.8%,204.6%,-23.19%,-51.26%
2007/07/31,2007/06/30,-2.25%,-0.74%,-0.43%,1.41%,1.34%,-6.70%,-3.90%,-3.17%,-2.11%,-3.43%,1.85%,1.02%,2.16%,-5.96%,-3.46%,-6.27%,92,101,98,115,108,124,121,131,129,132,13.67%,7.56%,-20.25%,-30.59%,27.77%,202.8%,142.8%,186.5%,-21.77%,-50.77%
2007/08/31,2007/07/31,1.16%,0.53%,0.07%,-0.19%,0.08%,1.51%,1.49%,1.53%,1.71%,1.20%,3.73%,2.66%,-0.79%,-1.09%,1.50%,-1.89%,93,102,98,115,108,125,122,133,131,133,12.44%,7.23%,-17.27%,-28.75%,29.69%,197.1%,134.5%,183.3%,-18.85%,-49.46%
2007/09/30,2007/08/31,0.32%,-0.28%,1.08%,0.06%,-1.95%,2.84%,3.11%,4.76%,3.48%,2.93%,2.47%,1.38%,1.35%,1.63%,3.55%,1.21%,93,101,99,115,106,129,126,140,136,137,9.88%,7.33%,-15.23%,-27.76%,34.30%,200.7%,129.0%,188.0%,-16.84%,-48.76%
2007/10/31,2007/09/30,0.98%,-2.60%,1.57%,-0.51%,-1.45%,1.42%,-0.71%,4.40%,2.25%,0.97%,3.30%,1.00%,0.60%,0.41%,2.05%,0.10%,94,99,101,114,105,131,125,146,139,138,7.22%,6.85%,-12.43%,-27.04%,37.05%,201.0%,124.6%,189.1%,-14.10%,-48.24%
2007/11/30,2007/10/31,0.56%,1.31%,-0.87%,0.57%,0.23%,-4.06%,-3.07%,-4.77%,-4.71%,-4.90%,5.54%,6.30%,0.86%,-6.75%,-4.49%,-8.64%,95,100,100,115,105,126,121,139,133,132,6.86%,5.95%,-7.58%,-22.44%,30.89%,175.0%,115.3%,169.6%,-9.33%,-44.98%
2007/12/31,2007/11/30,-2.82%,-0.90%,0.05%,0.78%,-1.36%,-4.01%,-1.33%,0.70%,-0.03%,-1.01%,3.29%,3.32%,1.45%,-0.14%,-0.68%,-1.14%,92,99,100,116,104,121,120,140,133,130,8.42%,9.14%,-4.54%,-19.87%,30.00%,171.9%,114.3%,169.2%,-6.35%,-43.16%
2008/01/31,2007/12/31,1.71%,-0.76%,1.13%,1.16%,1.05%,-1.50%,-4.80%,-7.38%,-7.12%,-5.94%,-0.64%,-3.32%,1.41%,-4.65%,-5.98%,-3.65%,94,98,101,117,105,119,114,129,123,123,7.71%,4.29%,-5.15%,-22.53%,22.22%,161.9%,119.3%,156.7%,-6.95%,-45.05%
2008/02/29,2008/01/31,-3.74%,0.13%,-2.32%,2.30%,1.22%,-8.15%,-2.25%,-4.42%,-0.76%,-1.62%,-2.47%,-2.18%,0.91%,-3.80%,-3.00%,-3.14%,90,98,99,120,106,109,111,124,122,121,13.05%,11.10%,-7.49%,-24.22%,18.56%,153.7%,119.0%,147.0%,-9.24%,-46.25%
2008/03/31,2008/02/29,-4.04%,2.26%,2.14%,0.14%,-2.63%,-6.27%,1.47%,1.51%,-0.03%,-2.68%,4.45%,3.96%,-1.31%,-2.13%,-0.63%,-3.32%,87,101,101,120,103,102,113,126,122,117,14.64%,15.08%,-3.37%,-21.22%,17.81%,145.3%,113.1%,141.7%,-5.21%,-44.12%
2008/04/30,2008/03/31,0.61%,-0.61%,-0.77%,1.72%,0.30%,5.78%,2.89%,4.43%,5.99%,4.70%,1.69%,1.64%,-1.18%,2.03%,4.79%,1.54%,87,100,100,122,103,108,116,131,129,123,14.28%,13.84%,-1.74%,-19.93%,23.46%,149.0%,106.1%,146.6%,-3.61%,-43.20%
2008/05/31,2008/04/30,-3.19%,0.67%,-1.75%,0.93%,0.24%,-3.77%,2.51%,1.07%,4.68%,2.41%,0.23%,1.35%,-1.52%,2.79%,1.98%,2.38%,84,101,98,123,104,104,119,133,135,126,18.21%,20.88%,-1.52%,-18.85%,25.90%,155.0%,107.0%,153.5%,-3.39%,-42.43%
2008/06/30,2008/05/31,-1.78%,-2.13%,-2.35%,-1.18%,3.05%,-16.83%,-8.13%,-8.78%,-6.64%,-6.19%,-0.25%,1.58%,-1.12%,-12.17%,-8.40%,-12.64%,83,98,96,122,107,87,110,121,126,118,23.91%,33.74%,-1.76%,-17.57%,15.32%,122.7%,98.19%,122.6%,-3.63%,-41.53%
2008/07/31,2008/06/30,3.66%,3.15%,-1.38%,-1.73%,3.37%,5.86%,1.47%,-3.03%,-3.25%,3.92%,4.41%,4.22%,-1.05%,4.53%,-0.54%,3.26%,86,102,94,119,110,92,111,117,122,123,23.55%,31.14%,2.57%,-14.09%,14.70%,130.0%,105.7%,132.7%,0.00%,-39.06%
2008/08/31,2008/07/31,-3.85%,0.99%,0.64%,-0.12%,-0.47%,-0.02%,2.00%,1.94%,1.63%,1.73%,6.76%,8.12%,0.80%,9.01%,1.65%,6.58%,83,103,95,119,110,92,113,120,124,125,27.73%,33.43%,9.51%,-7.12%,16.60%,145.1%,115.9%,153.7%,0.00%,-34.12%
2008/09/30,2008/08/31,1.81%,1.57%,1.13%,-0.01%,-2.18%,-5.91%,-4.69%,-9.13%,-10.73%,-10.13%,6.49%,6.65%,-0.17%,-8.98%,-8.85%,-10.98%,84,104,96,119,108,86,108,109,111,112,22.64%,27.79%,16.62%,-0.95%,6.28%,118.2%,111.3%,130.9%,0.00%,-29.73%
2008/10/31,2008/09/30,-0.43%,-3.78%,-0.36%,-0.70%,-0.16%,-20.61%,-16.91%,-16.94%,-19.04%,-15.54%,-2.04%,-2.41%,-0.51%,-24.85%,-17.40%,-24.12%,84,100,96,118,107,68,90,90,90,95,22.98%,34.27%,14.24%,-3.33%,-12.22%,65.59%,97.07%,73.52%,-2.04%,-31.43%
2008/11/30,2008/10/31,-1.99%,3.16%,-0.50%,-3.52%,1.86%,-13.64%,-6.04%,-8.43%,-10.95%,-4.15%,9.71%,7.16%,3.46%,-11.91%,-7.97%,-14.06%,82,103,95,114,109,59,84,83,80,91,27.70%,47.01%,25.34%,3.59%,-19.21%,42.31%,85.07%,52.85%,0.00%,-26.52%
2008/12/31,2008/11/30,-0.94%,-1.18%,-1.15%,0.60%,4.02%,1.01%,0.31%,0.64%,3.05%,4.87%,8.39%,5.95%,2.39%,9.30%,2.00%,7.52%,81,102,94,115,114,60,85,83,82,95,34.03%,52.70%,35.86%,9.75%,-17.59%,53.01%,95.27%,67.08%,0.00%,-22.15%
2009/01/31,2008/12/31,1.03%,-5.76%,-2.78%,2.56%,3.22%,-11.39%,-13.12%,-10.89%,-4.04%,-4.53%,-14.54%,-19.39%,5.82%,-9.67%,-8.28%,-3.86%,82,96,92,118,117,53,74,74,79,91,36.97%,63.17%,16.11%,-11.53%,-24.42%,47.11%,103.9%,50.91%,-14.54%,-37.24%
2009/02/28,2009/01/31,-0.79%,0.52%,0.50%,-0.07%,-4.79%,-14.76%,-9.43%,-9.22%,-8.77%,-11.82%,5.95%,2.03%,-0.21%,-14.26%,-10.22%,-14.86%,81,97,92,118,112,45,67,67,72,80,31.48%,67.96%,23.01%,-9.74%,-32.14%,25.24%,94.45%,29.40%,-9.45%,-35.97%
2009/03/31,2009/02/28,2.29%,0.61%,0.26%,0.57%,0.98%,14.51%,8.84%,7.67%,9.89%,7.60%,-2.10%,-8.15%,4.43%,17.52%,8.87%,19.97%,83,97,92,118,113,52,73,72,79,86,29.77%,56.35%,20.43%,-17.10%,-26.13%,50.25%,116.0%,52.07%,-11.36%,-41.19%
2009/04/30,2009/03/31,-3.74%,1.79%,2.38%,-2.43%,2.70%,16.25%,10.59%,10.75%,11.17%,7.12%,3.93%,-0.27%,6.14%,31.42%,10.45%,31.50%,80,99,94,116,116,60,80,80,88,92,38.13%,42.08%,25.16%,-17.32%,-18.40%,97.59%,161.5%,99.86%,-7.87%,-41.35%
2009/05/31,2009/04/30,-1.12%,-0.84%,-1.88%,-1.39%,2.90%,7.66%,5.06%,3.46%,3.66%,7.64%,-0.77%,-2.96%,5.74%,17.08%,5.16%,17.96%,79,98,93,114,119,65,84,83,91,99,43.68%,42.05%,24.20%,-19.77%,-14.20%,133.1%,195.0%,134.0%,-8.58%,-43.09%
2009/06/30,2009/05/31,2.53%,0.09%,1.10%,-1.30%,-0.35%,-0.61%,-1.64%,1.84%,0.84%,-0.27%,-5.54%,-10.38%,-0.18%,-2.27%,0.39%,0.84%,81,98,94,113,119,64,83,85,92,99,39.54%,42.54%,17.32%,-28.10%,-13.86%,135.0%,196.3%,128.7%,-13.65%,-49.00%
2009/07/31,2009/06/30,-2.50%,-2.06%,-0.06%,0.62%,0.76%,9.30%,6.30%,7.79%,8.64%,7.23%,0.85%,4.99%,-1.34%,13.18%,7.78%,11.68%,79,96,94,113,120,70,88,91,100,106,44.09%,39.58%,18.31%,-24.52%,-7.16%,162.5%,207.9%,158.8%,-12.91%,-46.45%
2009/08/31,2009/07/31,-2.63%,-3.54%,-0.42%,0.61%,1.01%,8.55%,2.86%,2.88%,2.53%,3.55%,-4.28%,-3.46%,8.24%,18.58%,3.49%,19.62%,77,93,93,114,121,76,91,94,103,110,49.34%,32.59%,13.24%,-27.12%,-3.92%,214.0%,257.6%,206.9%,-16.64%,-48.30%
2009/09/30,2009/08/31,-2.66%,0.64%,0.74%,-1.58%,-0.07%,2.56%,5.73%,4.74%,3.86%,3.56%,-2.23%,-5.00%,-0.01%,7.04%,4.15%,8.54%,75,94,94,112,121,78,96,98,107,114,53.22%,33.93%,10.72%,-30.77%,0.06%,240.8%,273.3%,228.5%,-18.50%,-50.89%
2009/10/31,2009/09/30,-2.49%,0.23%,1.62%,0.70%,0.30%,-6.85%,-4.84%,-0.81%,-3.16%,-1.16%,3.28%,2.61%,-0.66%,-6.63%,-2.59%,-7.42%,73,94,95,113,121,73,91,97,103,113,57.49%,41.54%,14.36%,-28.96%,-2.53%,215.5%,255.3%,206.7%,-15.82%,-49.60%
2009/11/30,2009/10/31,-3.71%,0.53%,0.75%,0.35%,0.40%,3.48%,6.07%,5.97%,5.34%,6.14%,1.88%,2.12%,-3.96%,0.11%,5.59%,-0.53%,71,94,96,113,122,75,97,103,109,120,63.97%,45.31%,16.51%,-27.45%,2.92%,213.9%,233.5%,207.0%,-14.24%,-48.53%
2009/12/31,2009/11/30,1.94%,0.73%,-0.13%,-0.50%,-0.21%,-0.19%,3.33%,3.23%,4.66%,1.57%,0.06%,-2.08%,1.24%,6.48%,2.80%,7.10%,72,95,96,113,122,75,100,107,114,122,60.44%,47.86%,16.57%,-28.96%,5.80%,236.2%,247.9%,226.9%,-14.19%,-49.60%
2010/01/31,2009/12/31,1.61%,1.59%,-1.96%,-1.07%,0.96%,0.34%,-1.34%,-5.26%,-4.28%,-2.38%,0.18%,0.41%,4.15%,4.85%,-3.38%,4.73%,73,96,94,112,123,75,99,101,109,119,59.40%,43.84%,16.78%,-28.67%,2.23%,252.1%,276.1%,242.8%,-14.04%,-49.40%
2010/02/28,2010/01/31,0.06%,-2.11%,0.26%,1.36%,-0.63%,4.17%,2.56%,3.34%,4.64%,2.33%,-1.07%,0.65%,-0.91%,2.93%,3.44%,2.73%,73,94,94,113,122,79,101,104,114,121,58.31%,41.20%,15.53%,-28.20%,5.74%,261.7%,273.4%,252.8%,-14.96%,-49.07%
2010/03/31,2010/02/28,1.27%,1.75%,-0.19%,0.14%,-1.18%,7.39%,7.41%,6.52%,6.52%,4.93%,-0.06%,-1.45%,2.27%,7.96%,6.36%,8.40%,74,96,94,113,120,84,109,111,121,127,54.45%,37.71%,15.46%,-29.25%,12.47%,292.0%,281.0%,280.9%,-15.01%,-49.81%
2010/04/30,2010/03/31,-0.80%,0.60%,0.08%,-0.73%,1.04%,0.54%,2.76%,2.06%,2.37%,2.08%,-3.60%,-2.92%,5.59%,11.59%,2.11%,12.47%,73,97,94,112,122,85,112,113,124,130,57.30%,39.84%,11.30%,-31.31%,14.85%,340.9%,320.4%,325.1%,-18.08%,-51.28%
2010/05/31,2010/04/30,1.04%,0.16%,1.38%,0.53%,-0.89%,-8.42%,-7.41%,-7.47%,-7.39%,-8.97%,2.93%,1.90%,-0.63%,-9.78%,-7.82%,-10.35%,74,97,96,113,121,78,103,105,115,118,54.26%,39.06%,14.56%,-30.01%,5.86%,295.3%,309.8%,283.5%,-15.68%,-50.35%
2010/06/30,2010/05/31,2.64%,0.33%,0.64%,0.11%,-1.06%,-4.37%,-5.38%,-5.51%,-5.57%,-6.18%,3.03%,1.35%,-1.99%,-9.69%,-5.53%,-10.10%,76,97,96,113,119,74,98,99,109,111,48.55%,36.54%,18.03%,-29.06%,0.01%,255.4%,291.1%,246.3%,-13.12%,-49.68%
2010/07/31,2010/06/30,0.49%,1.83%,-0.58%,-0.48%,0.00%,6.22%,7.05%,7.09%,6.75%,7.52%,0.73%,0.06%,-0.18%,6.55%,7.01%,6.53%,77,99,96,113,119,79,105,106,116,119,47.82%,38.32%,18.89%,-29.02%,7.02%,278.6%,289.3%,269.0%,-12.49%,-49.65%
2010/08/31,2010/07/31,-1.67%,-0.77%,1.43%,0.50%,1.18%,-6.18%,-4.67%,-4.21%,-5.49%,-3.50%,1.00%,-0.37%,0.31%,-7.96%,-4.66%,-7.85%,75,98,97,113,121,74,100,102,110,115,52.03%,42.03%,20.08%,-29.28%,2.02%,248.9%,276.8%,239.6%,-11.61%,-49.83%
2010/09/30,2010/08/31,1.73%,2.15%,-1.15%,-1.66%,-0.17%,7.12%,8.36%,10.65%,9.73%,9.91%,4.31%,3.67%,0.19%,13.47%,9.41%,12.37%,77,100,96,111,121,79,108,113,120,127,49.14%,45.99%,25.25%,-26.68%,11.62%,292.0%,288.0%,285.4%,-7.81%,-47.99%
2010/10/31,2010/09/30,0.65%,0.07%,0.23%,0.41%,-0.19%,2.31%,2.68%,4.93%,4.61%,3.74%,0.84%,-0.34%,0.46%,4.13%,3.89%,4.24%,77,100,96,112,120,81,111,118,126,131,47.88%,48.08%,26.30%,-26.93%,15.96%,308.6%,289.4%,301.3%,-7.03%,-48.17%
2010/11/30,2010/10/31,2.33%,1.36%,-0.38%,-1.79%,0.44%,0.45%,1.06%,0.91%,0.01%,0.26%,3.44%,4.38%,-0.02%,3.47%,0.54%,2.16%,79,102,96,110,121,82,112,119,126,132,45.08%,47.79%,30.64%,-23.73%,16.58%,317.4%,295.7%,315.3%,-3.84%,-45.90%
2010/12/31,2010/11/30,-1.32%,-1.29%,-1.76%,-0.73%,0.74%,7.93%,5.98%,6.02%,6.55%,8.07%,0.27%,0.58%,0.71%,10.52%,6.70%,10.35%,78,100,94,109,122,88,119,126,134,142,48.08%,47.99%,31.00%,-23.29%,24.40%,360.6%,310.1%,358.9%,-3.58%,-45.58%
2011/01/31,2010/12/31,-0.70%,-0.47%,-0.23%,0.43%,0.68%,2.54%,1.62%,1.43%,1.89%,3.03%,-1.75%,-5.00%,2.59%,2.51%,2.06%,4.01%,77,100,94,109,123,90,121,128,137,147,50.13%,48.71%,28.70%,-27.13%,26.96%,379.1%,318.1%,370.4%,-5.27%,-48.31%
2011/02/28,2011/01/31,0.56%,-1.05%,0.11%,-0.79%,1.73%,3.79%,2.25%,3.84%,3.05%,4.93%,2.31%,3.82%,0.80%,6.52%,3.59%,5.38%,78,99,94,108,125,94,124,133,141,154,51.89%,50.40%,31.68%,-24.34%,31.52%,404.8%,325.5%,401.1%,-3.08%,-46.33%
2011/03/31,2011/02/28,0.75%,1.25%,0.25%,-0.72%,0.93%,-1.43%,0.30%,1.13%,0.44%,0.57%,1.35%,-0.15%,-0.39%,-0.24%,0.49%,-0.19%,78,100,94,108,126,92,124,135,142,155,52.15%,53.40%,33.46%,-24.46%,32.16%,403.9%,322.7%,399.9%,-1.77%,-46.41%
2011/04/30,2011/03/31,-0.64%,0.63%,-0.90%,0.61%,0.48%,0.99%,2.49%,2.57%,3.92%,3.28%,2.68%,2.60%,-0.04%,2.39%,2.97%,1.61%,78,101,93,108,126,93,127,138,147,160,53.86%,56.93%,37.03%,-22.49%,36.08%,411.9%,316.9%,411.9%,0.00%,-45.02%
2011/05/31,2011/04/30,-1.25%,0.39%,1.06%,0.07%,-0.37%,-3.46%,-1.09%,-0.45%,-0.99%,-1.67%,2.29%,0.85%,0.13%,-2.43%,-1.22%,-2.69%,77,101,94,108,126,90,126,137,146,157,55.21%,59.75%,40.17%,-21.83%,34.42%,398.2%,310.8%,399.4%,0.00%,-44.55%
2011/06/30,2011/05/31,-0.25%,0.89%,0.24%,0.53%,-0.25%,-2.66%,-0.99%,-1.91%,-1.44%,-2.21%,1.34%,-0.53%,-0.33%,-3.61%,-1.74%,-3.45%,77,102,95,109,126,88,124,135,144,154,55.21%,60.47%,42.05%,-22.25%,32.08%,381.0%,303.7%,381.4%,0.00%,-44.84%
2011/07/31,2011/06/30,-0.27%,-0.16%,1.33%,0.60%,-0.54%,-2.74%,-2.48%,-1.53%,-2.12%,-2.81%,0.47%,-1.06%,1.15%,-2.78%,-2.26%,-2.46%,76,102,96,110,125,85,121,133,140,149,54.79%,60.35%,42.71%,-23.07%,29.09%,369.2%,302.9%,368.0%,0.00%,-45.43%
2011/08/31,2011/07/31,-2.13%,2.07%,1.33%,0.52%,-1.39%,-8.77%,-3.87%,-5.10%,-6.23%,-7.33%,2.41%,1.63%,-0.87%,-9.75%,-5.89%,-10.24%,75,104,97,110,123,78,117,126,132,138,55.92%,62.66%,46.15%,-21.81%,21.49%,321.1%,285.4%,322.4%,0.00%,-44.54%
2011/09/30,2011/08/31,-5.50%,0.91%,0.74%,0.99%,-1.72%,-12.64%,-5.63%,-7.02%,-7.40%,-9.13%,3.15%,2.74%,-0.61%,-10.78%,-7.63%,-11.61%,71,105,98,111,121,68,110,117,122,126,61.80%,68.38%,50.76%,-19.67%,12.22%,272.2%,270.1%,276.8%,0.00%,-43.01%
2011/10/31,2011/09/30,3.16%,-1.47%,-0.03%,-0.32%,0.84%,14.44%,8.34%,11.48%,12.68%,12.69%,2.76%,0.45%,-2.24%,12.24%,11.39%,12.11%,73,103,98,111,122,78,119,131,137,142,58.05%,65.44%,54.92%,-19.31%,25.00%,317.3%,272.7%,323.0%,0.00%,-42.76%
2011/11/30,2011/10/31,-2.36%,-0.04%,1.42%,-0.20%,1.44%,-3.73%,-0.74%,0.40%,-0.95%,1.07%,4.97%,6.43%,1.45%,0.60%,-0.35%,-1.33%,71,103,99,111,124,75,118,131,136,143,64.06%,73.37%,62.61%,-14.12%,24.56%,311.8%,269.1%,325.5%,0.00%,-39.08%
2011/12/31,2011/11/30,-0.21%,1.02%,0.93%,-1.43%,0.81%,0.86%,1.88%,1.22%,-1.21%,1.46%,3.91%,3.27%,1.97%,1.76%,0.85%,0.77%,71,104,100,109,125,75,121,133,135,145,65.74%,74.42%,68.97%,-11.30%,25.62%,314.9%,268.8%,333.0%,0.00%,-37.08%
2012/01/31,2011/12/31,1.02%,-1.00%,-1.77%,0.07%,-1.11%,7.45%,3.29%,4.39%,7.36%,5.07%,-0.39%,-3.28%,2.47%,12.13%,5.09%,13.11%,72,103,98,109,124,81,125,138,144,153,62.20%,70.27%,68.31%,-14.21%,32.02%,369.4%,298.4%,385.5%,-0.39%,-39.14%
2012/02/29,2012/01/31,0.55%,-0.67%,1.41%,-1.00%,-1.53%,5.50%,2.69%,5.52%,3.51%,4.12%,0.31%,-0.45%,1.34%,4.60%,4.25%,4.74%,72,103,100,108,122,86,128,146,149,159,58.83%,67.91%,68.83%,-14.60%,37.63%,391.6%,300.4%,407.8%,-0.08%,-39.42%
2012/03/31,2012/02/29,-0.37%,1.71%,1.32%,-0.17%,-2.19%,2.43%,4.23%,4.02%,2.85%,1.44%,3.70%,4.93%,3.11%,7.31%,3.15%,5.83%,72,104,101,108,119,88,133,152,154,161,55.93%,66.26%,75.08%,-10.39%,41.95%,420.3%,311.1%,445.0%,0.00%,-36.43%
2012/04/30,2012/03/31,0.49%,1.83%,0.62%,0.37%,-0.14%,-1.31%,0.39%,-0.65%,-1.03%,-1.37%,1.00%,-1.19%,1.66%,-2.17%,-0.69%,-1.82%,72,106,102,108,119,86,134,151,152,159,54.95%,66.16%,76.84%,-11.45%,40.97%,410.8%,306.5%,433.1%,0.00%,-37.19%
2012/05/31,2012/04/30,0.75%,2.21%,-0.32%,-0.53%,0.08%,-6.66%,-2.94%,-6.53%,-7.58%,-7.79%,0.30%,1.79%,2.29%,-6.77%,-6.09%,-7.30%,73,109,101,108,119,81,130,141,141,147,53.92%,64.29%,77.37%,-9.87%,32.39%,373.5%,301.5%,397.0%,0.00%,-36.06%
2012/06/30,2012/05/31,0.52%,0.72%,-1.37%,0.14%,0.85%,4.86%,3.87%,2.57%,4.44%,5.18%,3.36%,3.48%,-0.13%,5.26%,3.98%,4.21%,73,109,100,108,120,85,135,145,147,154,54.42%,64.81%,83.33%,-6.73%,37.67%,393.5%,302.5%,423.2%,0.00%,-33.84%
2012/07/31,2012/06/30,-0.82%,0.96%,-0.32%,0.19%,0.41%,-0.96%,1.59%,0.72%,0.23%,1.29%,-0.30%,-0.90%,0.55%,-2.17%,0.87%,-1.90%,73,111,100,108,120,84,137,146,147,156,56.32%,68.53%,82.79%,-7.57%,38.87%,384.1%,291.3%,411.8%,-0.30%,-34.43%
2012/08/31,2012/07/31,-0.50%,0.18%,0.19%,-0.30%,-0.47%,3.15%,2.55%,2.26%,2.55%,2.45%,2.43%,1.76%,0.15%,4.56%,2.50%,4.03%,72,111,100,108,120,86,141,149,151,160,56.37%,67.35%,87.23%,-5.94%,42.34%,403.6%,297.3%,435.2%,0.00%,-33.28%
2012/09/30,2012/08/31,1.50%,-0.47%,0.52%,-1.95%,0.92%,4.75%,2.01%,2.62%,1.10%,4.03%,-0.70%,-3.56%,-0.24%,3.93%,2.56%,5.00%,73,110,100,106,121,91,143,153,153,167,55.46%,66.14%,85.92%,-9.28%,45.99%,428.8%,307.0%,456.2%,-0.70%,-35.65%
2012/10/31,2012/09/30,2.72%,-2.22%,-0.21%,1.72%,0.63%,1.82%,-3.26%,-2.18%,-1.04%,-1.12%,2.62%,2.93%,0.19%,0.10%,-1.70%,-0.78%,75,108,100,108,122,92,139,150,151,165,52.21%,61.25%,90.78%,-6.62%,43.50%,424.7%,310.7%,456.8%,0.00%,-33.76%
2012/11/30,2012/10/31,-0.70%,-0.49%,0.10%,-0.04%,-0.03%,-0.37%,0.33%,0.83%,1.00%,0.71%,1.25%,0.52%,-0.69%,0.01%,0.66%,-0.14%,75,107,100,107,122,92,139,151,153,166,53.24%,62.99%,93.16%,-6.14%,44.45%,423.9%,307.4%,456.8%,0.00%,-33.42%
2012/12/31,2012/11/30,1.09%,0.27%,-1.28%,1.16%,0.27%,2.98%,0.94%,-0.51%,1.93%,2.51%,1.13%,-0.05%,-1.92%,2.80%,1.26%,2.82%,76,108,99,109,122,95,140,150,156,170,51.97%,62.21%,95.34%,-6.19%,46.27%,438.7%,313.8%,472.4%,0.00%,-33.45%
2013/01/31,2012/12/31,1.03%,1.29%,-1.14%,-0.97%,0.47%,6.13%,5.54%,4.04%,5.46%,7.11%,1.09%,1.49%,2.95%,10.71%,5.53%,10.26%,76,109,98,108,123,100,148,156,164,182,51.12%,63.81%,97.47%,-4.79%,54.35%,493.9%,333.4%,533.8%,0.00%,-32.46%
2013/02/28,2013/01/31,1.35%,-0.15%,0.33%,0.00%,-0.29%,2.06%,0.93%,1.63%,1.38%,1.00%,0.28%,-0.24%,0.02%,1.23%,1.30%,1.31%,77,109,98,108,122,102,150,159,166,184,48.65%,62.07%,98.01%,-5.02%,56.35%,501.7%,333.4%,541.6%,0.00%,-32.62%
2013/03/31,2013/02/28,1.29%,0.78%,-0.37%,-0.42%,-0.28%,4.97%,4.25%,3.58%,4.00%,4.04%,1.35%,1.44%,-0.02%,4.95%,4.00%,4.52%,78,110,98,107,122,108,156,164,173,191,46.32%,60.56%,100.7%,-3.65%,62.60%,528.9%,335.7%,573.3%,0.00%,-31.65%
2013/04/30,2013/03/31,0.12%,1.92%,0.23%,0.01%,-0.64%,1.11%,2.68%,1.69%,1.70%,1.09%,2.82%,2.85%,1.31%,1.46%,1.68%,0.61%,78,112,98,107,121,109,160,167,176,194,45.20%,60.53%,106.3%,-0.91%,65.33%,532.7%,331.0%,583.1%,0.00%,-29.71%
2013/05/31,2013/04/30,1.82%,-2.01%,-0.53%,0.23%,0.19%,6.19%,-0.33%,1.06%,3.31%,4.52%,-1.30%,-3.11%,-0.38%,4.71%,2.46%,5.65%,80,109,98,107,121,115,160,169,182,202,42.83%,57.85%,103.7%,-3.99%,69.40%,568.4%,344.7%,615.3%,-1.30%,-31.89%
2013/06/30,2013/05/31,1.23%,0.65%,-0.31%,0.20%,-0.89%,0.65%,-0.35%,-1.44%,-1.15%,-2.15%,1.23%,1.37%,0.25%,-0.51%,-1.25%,-0.92%,81,110,97,108,120,116,159,167,180,198,39.79%,53.42%,106.2%,-2.67%,67.28%,562.2%,346.2%,611.7%,-0.09%,-30.96%
2013/07/31,2013/06/30,1.69%,0.13%,-1.26%,-0.33%,0.23%,7.02%,4.77%,4.30%,5.26%,7.08%,1.02%,-1.19%,1.33%,8.76%,5.46%,9.12%,82,110,96,107,121,124,167,174,189,212,37.74%,53.51%,108.3%,-3.83%,76.41%,622.6%,362.5%,674.1%,0.00%,-31.78%
2013/08/31,2013/07/31,1.10%,-1.74%,-0.84%,0.42%,0.71%,-2.29%,-3.35%,-3.32%,-1.81%,-3.27%,2.03%,1.89%,2.89%,-0.98%,-2.84%,-1.54%,83,108,95,108,121,122,161,168,186,205,37.21%,52.00%,112.5%,-2.01%,71.40%,611.5%,368.5%,666.5%,0.00%,-30.49%
2013/09/30,2013/08/31,1.69%,0.42%,0.53%,-0.71%,-0.84%,5.29%,3.79%,5.16%,3.04%,3.17%,-1.08%,-2.87%,-0.65%,4.17%,3.76%,5.03%,85,109,96,107,120,128,167,177,191,211,33.73%,48.78%,110.2%,-4.82%,77.84%,647.3%,374.5%,698.5%,-1.08%,-32.48%
2013/10/31,2013/09/30,-0.65%,1.66%,0.60%,0.06%,-1.57%,3.25%,5.18%,4.34%,4.10%,3.54%,2.71%,3.21%,0.15%,4.93%,4.19%,3.96%,84,111,96,107,118,132,176,184,199,219,32.50%,49.21%,115.9%,-1.76%,85.29%,676.9%,373.4%,737.8%,0.00%,-30.31%
2013/11/30,2013/10/31,-0.33%,-1.20%,-0.79%,-0.13%,0.68%,2.77%,1.47%,2.18%,2.93%,4.65%,1.00%,0.80%,0.68%,4.94%,2.86%,4.70%,84,109,96,107,119,136,178,188,205,229,33.83%,52.01%,118.1%,-0.98%,90.59%,713.4%,382.1%,779.2%,0.00%,-29.76%
2013/12/31,2013/11/30,1.27%,-0.73%,0.29%,0.01%,-0.91%,3.72%,1.77%,3.21%,2.79%,2.26%,-0.73%,-1.65%,-0.89%,1.81%,2.61%,2.30%,85,109,96,107,118,141,182,194,211,234,30.90%,49.80%,116.5%,-2.61%,95.56%,732.1%,380.6%,795.0%,-0.73%,-30.91%
2014/01/31,2013/12/31,0.00%,-1.10%,-0.66%,1.23%,1.46%,-3.39%,-3.80%,-3.64%,-2.17%,-3.01%,-7.03%,-9.68%,0.66%,-4.37%,-3.13%,-1.46%,85,107,95,108,120,136,175,187,206,227,32.81%,50.37%,101.3%,-12.04%,89.43%,719.9%,388.7%,755.9%,-7.71%,-37.60%
2014/02/28,2014/01/31,-0.44%,-0.35%,0.34%,0.14%,0.16%,3.99%,4.16%,5.22%,4.37%,5.12%,0.73%,0.45%,0.85%,5.54%,4.67%,5.41%,84,107,95,108,120,141,182,197,215,239,33.60%,52.07%,102.7%,-11.65%,98.28%,764.2%,392.2%,803.4%,-7.04%,-37.32%
2014/03/31,2014/02/28,-1.24%,-0.29%,-0.19%,2.11%,-0.55%,1.02%,-0.26%,-0.91%,1.85%,0.81%,0.13%,0.70%,-0.16%,0.92%,0.51%,0.71%,83,107,95,111,119,143,181,195,219,241,34.52%,51.75%,103.0%,-11.03%,99.29%,770.3%,393.2%,811.6%,-6.91%,-36.89%
2014/04/30,2014/03/31,-0.15%,-0.40%,0.31%,0.15%,1.20%,-0.26%,0.24%,-1.32%,0.60%,0.23%,3.22%,4.06%,1.67%,-1.23%,-0.02%,-2.45%,83,106,96,111,121,143,182,193,220,241,36.35%,52.51%,109.5%,-7.42%,99.24%,749.0%,381.3%,800.4%,-3.92%,-34.32%
2014/05/31,2014/04/30,-0.84%,-0.97%,1.02%,0.89%,-0.35%,1.16%,1.81%,3.16%,2.36%,1.23%,1.65%,1.14%,0.14%,-0.15%,2.10%,-0.49%,83,105,97,112,120,144,185,199,226,244,37.02%,52.62%,113.0%,-6.36%,103.4%,744.9%,368.8%,799.1%,-2.33%,-33.58%
2014/06/30,2014/05/31,-0.06%,0.19%,0.10%,-0.42%,-0.62%,2.58%,1.95%,2.53%,2.51%,2.97%,0.25%,-0.41%,-1.37%,3.85%,2.50%,3.97%,83,105,97,111,120,148,189,204,231,252,36.27%,53.22%,113.5%,-6.74%,108.5%,778.4%,375.7%,833.7%,-2.09%,-33.85%
2014/07/31,2014/06/30,-0.55%,-1.84%,-0.66%,0.83%,2.56%,-2.91%,-2.75%,-2.23%,-1.80%,-0.87%,2.09%,1.43%,3.19%,-3.05%,-1.95%,-3.48%,82,103,96,112,123,144,184,199,227,249,40.50%,56.34%,118.0%,-5.41%,104.4%,747.9%,368.4%,805.2%,-0.04%,-32.90%
2014/08/31,2014/07/31,-0.07%,-0.07%,0.55%,-0.17%,-0.42%,4.33%,3.65%,4.72%,3.90%,4.40%,2.81%,2.83%,0.49%,5.39%,4.18%,4.54%,82,103,97,112,122,150,190,209,236,260,40.01%,56.45%,124.1%,-2.73%,113.0%,786.4%,370.1%,854.0%,0.00%,-31.00%
2014/09/30,2014/08/31,-1.04%,-0.89%,-0.34%,0.78%,0.46%,-3.78%,-1.93%,-1.49%,-1.62%,-2.86%,3.33%,3.69%,1.34%,-4.06%,-2.09%,-5.16%,81,102,96,113,123,144,187,206,232,253,42.09%,57.90%,131.6%,0.86%,108.5%,740.6%,355.7%,815.3%,0.00%,-28.45%
2014/10/31,2014/09/30,1.61%,2.47%,-0.80%,0.06%,-1.32%,2.99%,3.95%,2.27%,2.55%,2.23%,6.40%,7.31%,-1.51%,5.61%,2.74%,3.42%,82,105,95,113,121,148,194,210,238,259,37.94%,56.71%,146.4%,8.23%,114.2%,769.3%,358.8%,866.6%,0.00%,-23.22%
2014/11/30,2014/10/31,1.35%,0.26%,1.35%,1.05%,-2.20%,2.34%,2.98%,3.58%,4.15%,-0.21%,3.39%,4.47%,1.03%,1.85%,2.53%,0.51%,84,105,97,114,119,152,200,218,248,258,33.05%,52.70%,154.7%,13.07%,119.7%,773.7%,349.5%,884.5%,0.00%,-19.79%
2014/12/31,2014/11/30,-1.50%,-0.79%,1.22%,0.26%,0.06%,-0.44%,-0.98%,1.15%,-0.80%,0.67%,7.06%,6.29%,0.80%,4.10%,-0.03%,2.21%,82,104,98,115,119,151,198,220,246,260,35.12%,54.40%,172.7%,20.18%,119.6%,793.1%,359.5%,924.9%,0.00%,-14.75%
2015/01/31,2014/12/31,-0.86%,0.03%,0.61%,-0.50%,0.99%,-4.75%,-1.72%,-1.29%,-3.55%,-3.55%,-0.57%,-0.34%,1.00%,-3.66%,-2.75%,-3.55%,82,104,99,114,120,144,194,217,237,251,37.62%,56.24%,171.2%,19.78%,113.6%,761.3%,355.8%,887.4%,-0.57%,-15.04%
2015/02/28,2015/01/31,0.54%,-1.14%,-0.04%,0.50%,-0.66%,6.73%,3.85%,5.43%,6.72%,6.10%,-4.57%,-6.69%,-0.55%,4.77%,5.76%,6.78%,82,103,98,115,119,154,202,229,253,266,35.96%,55.26%,158.8%,11.76%,125.9%,819.7%,360.5%,934.5%,-5.11%,-20.72%
2015/03/31,2015/02/28,-0.37%,-0.07%,0.06%,-0.15%,-0.14%,-1.08%,-0.59%,-0.45%,-2.00%,-1.15%,4.03%,3.57%,0.16%,0.66%,-1.06%,-0.41%,82,103,99,114,119,152,201,228,248,263,36.27%,55.16%,169.2%,15.75%,123.5%,815.9%,363.5%,941.3%,-1.29%,-17.89%
2015/04/30,2015/03/31,0.90%,-0.88%,0.46%,-0.72%,0.58%,1.15%,-1.31%,-0.42%,0.85%,1.61%,-1.66%,-8.56%,1.05%,-0.86%,0.40%,1.71%,82,102,99,114,119,154,198,227,250,267,35.83%,55.87%,164.7%,5.84%,124.4%,831.5%,369.5%,932.3%,-2.93%,-24.92%
2015/05/31,2015/04/30,0.38%,-0.49%,-1.38%,0.61%,0.54%,1.52%,1.45%,1.06%,1.13%,1.52%,2.26%,2.93%,0.10%,0.93%,1.29%,0.05%,83,102,98,114,120,156,201,230,253,271,36.04%,55.88%,170.7%,8.94%,127.3%,832.0%,363.7%,942.0%,-0.73%,-22.72%
2015/06/30,2015/05/31,-0.90%,-0.01%,0.17%,-1.30%,0.13%,-2.22%,-0.67%,-0.98%,-3.03%,-1.65%,4.33%,4.89%,1.24%,1.01%,-1.63%,-0.46%,82,102,98,113,120,153,200,227,245,267,37.45%,56.76%,182.5%,14.26%,123.6%,827.8%,369.2%,952.5%,0.00%,-18.94%
2015/07/31,2015/06/30,1.77%,2.42%,-0.23%,0.87%,-1.45%,1.18%,4.37%,2.73%,0.72%,0.12%,4.81%,8.64%,0.77%,-1.40%,1.67%,-3.99%,83,104,98,114,119,155,208,234,247,267,33.01%,55.10%,196.0%,24.13%,127.3%,790.7%,342.6%,937.8%,0.00%,-11.94%
2015/08/31,2015/07/31,-0.18%,1.17%,0.34%,0.27%,-1.05%,-5.66%,-4.83%,-6.10%,-6.30%,-6.56%,-0.16%,-3.63%,0.79%,-4.37%,-5.98%,-3.28%,83,105,98,114,117,146,198,219,232,249,31.85%,53.71%,195.6%,19.63%,113.7%,761.5%,354.6%,892.4%,-0.16%,-15.14%
2015/09/30,2015/08/31,-1.02%,0.41%,1.08%,1.34%,-2.04%,-4.08%,-0.77%,-1.76%,-2.52%,-5.54%,0.42%,2.47%,-0.77%,-6.31%,-2.82%,-7.05%,82,106,99,116,115,140,197,215,226,236,30.51%,51.47%,196.8%,22.58%,107.7%,700.8%,335.4%,829.8%,0.00%,-13.05%
2015/10/31,2015/09/30,0.64%,0.95%,-0.75%,0.23%,0.48%,7.83%,7.13%,6.15%,8.93%,8.51%,5.60%,4.66%,0.67%,8.34%,7.68%,6.94%,83,107,98,116,115,151,211,229,246,256,30.29%,52.50%,213.4%,28.29%,123.6%,756.4%,332.2%,907.4%,0.00%,-8.99%
2015/11/30,2015/10/31,0.65%,-0.13%,-0.06%,0.28%,-0.21%,0.91%,0.08%,0.48%,0.82%,0.72%,4.32%,-4.01%,0.20%,1.00%,0.55%,2.20%,84,107,98,116,115,152,211,230,248,258,29.18%,52.22%,227.0%,23.15%,124.8%,775.3%,339.3%,917.5%,0.00%,-12.64%
2015/12/31,2015/11/30,-0.56%,0.34%,0.85%,-0.13%,-1.36%,-2.60%,-0.49%,-0.73%,-2.45%,-3.99%,1.82%,1.07%,-0.38%,-6.02%,-2.07%,-6.34%,83,107,99,116,114,148,210,228,242,247,28.14%,50.11%,232.9%,24.46%,120.2%,719.8%,320.5%,856.2%,0.00%,-11.71%
2016/01/31,2015/12/31,-0.67%,1.10%,2.19%,-1.01%,-1.91%,-6.26%,-3.45%,-3.54%,-6.84%,-8.17%,3.06%,3.81%,-1.04%,-9.13%,-5.64%,-10.28%,83,108,101,115,111,139,203,220,225,227,26.55%,47.24%,243.1%,29.21%,107.8%,635.5%,301.0%,768.9%,0.00%,-8.34%
2016/02/29,2016/01/31,-0.26%,1.09%,0.54%,0.62%,-1.01%,-0.47%,0.24%,-0.27%,0.97%,-0.62%,3.04%,3.31%,-0.45%,1.31%,-0.05%,0.31%,82,110,102,116,110,138,203,219,227,226,25.61%,47.01%,253.6%,33.49%,107.6%,637.8%,302.5%,780.2%,0.00%,-5.31%
2016/03/31,2016/02/29,-0.13%,2.20%,1.60%,-0.16%,-0.83%,6.52%,7.14%,6.74%,7.82%,7.10%,-1.11%,-2.78%,0.63%,10.05%,7.08%,10.89%,82,112,103,115,109,147,218,234,245,242,24.72%,47.86%,249.7%,29.77%,122.4%,718.2%,317.8%,868.7%,-1.11%,-7.94%
2016/04/30,2016/03/31,1.27%,-0.60%,0.94%,-2.47%,1.64%,2.15%,-0.05%,0.33%,-1.30%,3.16%,-1.65%,-5.38%,1.49%,2.95%,0.81%,4.56%,83,111,104,113,111,150,218,235,242,249,25.19%,49.37%,243.9%,22.80%,124.2%,755.5%,333.5%,897.3%,-2.74%,-12.89%
2016/05/31,2016/04/30,-1.31%,-0.17%,-0.91%,1.25%,0.31%,0.39%,2.01%,1.11%,3.07%,1.86%,3.32%,2.07%,-0.10%,0.80%,1.79%,0.18%,82,111,103,114,112,151,222,238,249,254,27.21%,51.56%,255.3%,25.33%,128.2%,757.0%,326.5%,905.2%,0.00%,-11.09%
2016/06/30,2016/05/31,0.14%,1.70%,0.92%,-1.41%,-0.48%,0.11%,2.07%,1.54%,-1.68%,-0.91%,-1.61%,0.24%,-0.31%,1.23%,0.26%,1.15%,82,113,104,112,111,151,227,241,245,252,26.43%,50.02%,249.6%,25.64%,128.8%,766.9%,330.3%,917.6%,-1.61%,-10.88%
2016/07/31,2016/06/30,-0.71%,-0.45%,0.27%,1.84%,-0.40%,3.17%,2.64%,3.26%,6.20%,4.33%,1.43%,-0.04%,0.03%,8.05%,3.96%,8.06%,82,112,105,114,111,156,232,249,260,263,26.82%,51.76%,254.6%,25.59%,137.9%,836.8%,347.9%,999.4%,-0.20%,-10.91%
2016/08/31,2016/07/31,0.91%,0.49%,-0.75%,1.17%,-0.65%,1.70%,0.17%,-0.96%,1.62%,0.34%,0.24%,-3.75%,0.06%,0.92%,0.32%,2.05%,82,113,104,116,110,159,233,247,265,263,24.83%,49.70%,255.4%,20.88%,138.6%,856.0%,355.7%,1010%,0.00%,-14.25%
2016/09/30,2016/08/31,0.09%,0.67%,-1.65%,-0.14%,0.92%,0.96%,0.36%,-1.27%,0.12%,1.52%,4.27%,4.59%,2.71%,5.85%,0.19%,4.48%,83,114,102,116,111,160,234,244,265,268,25.88%,50.54%,270.6%,26.42%,139.1%,898.7%,375.2%,1075%,0.00%,-10.32%
2016/10/31,2016/09/30,1.57%,-0.19%,-0.44%,0.56%,-0.28%,-1.08%,-1.52%,-2.54%,-1.28%,-3.15%,4.68%,4.97%,1.42%,-4.61%,-2.12%,-6.10%,84,114,102,116,111,158,230,238,262,259,23.55%,47.43%,287.9%,32.71%,134.0%,837.8%,356.3%,1020%,0.00%,-5.86%
2016/11/30,2016/10/31,-0.80%,-0.06%,0.22%,0.79%,1.03%,4.60%,2.67%,2.76%,5.24%,7.23%,6.25%,5.05%,2.22%,11.82%,4.59%,10.31%,83,113,102,117,112,166,236,244,275,278,25.82%,51.31%,312.2%,39.41%,144.7%,934.5%,382.4%,1153%,0.00%,-1.10%
2016/12/31,2016/11/30,-0.63%,1.10%,0.40%,-0.37%,-0.13%,1.89%,2.74%,2.03%,1.15%,2.05%,2.02%,1.59%,0.53%,1.31%,1.94%,0.83%,83,115,102,117,112,169,243,249,278,284,26.44%,51.55%,320.5%,41.63%,149.5%,943.1%,377.0%,1169%,0.00%,0.00%
2017/01/31,2016/12/31,-0.26%,0.91%,0.09%,-0.03%,-0.98%,1.38%,3.02%,1.73%,2.45%,0.86%,-3.96%,-7.67%,-1.55%,-1.15%,1.89%,1.15%,82,116,102,117,110,171,250,253,285,286,25.53%,50.77%,303.9%,30.77%,154.2%,955.1%,373.5%,1155%,-3.96%,-7.67%
2017/02/28,2017/01/31,-0.34%,-0.19%,-0.10%,-0.93%,1.00%,2.54%,3.69%,2.93%,3.20%,4.78%,3.55%,2.41%,0.66%,2.51%,3.64%,1.78%,82,116,102,116,112,176,259,261,294,300,27.22%,54.14%,318.2%,33.93%,163.5%,973.9%,364.7%,1186%,-0.55%,-5.44%
2017/03/31,2017/02/28,0.49%,0.47%,-0.56%,0.67%,-0.88%,0.34%,0.43%,-0.45%,0.93%,-0.32%,3.03%,1.85%,-0.91%,0.48%,0.13%,-0.07%,83,116,102,116,111,176,260,260,297,299,25.47%,53.13%,330.9%,36.40%,163.8%,973.1%,363.7%,1192%,0.00%,-3.69%
2017/04/30,2017/03/31,0.50%,0.60%,0.50%,0.21%,-1.34%,1.45%,1.49%,1.83%,1.31%,-0.06%,4.72%,3.74%,-0.27%,1.23%,1.11%,0.11%,83,117,102,117,109,179,264,264,301,298,23.17%,50.81%,351.2%,41.51%,166.7%,974.3%,359.1%,1208%,0.00%,-0.09%
2017/05/31,2017/04/30,0.30%,1.13%,-0.20%,-0.06%,-1.16%,0.37%,2.37%,1.34%,1.62%,-0.21%,6.16%,7.03%,0.54%,0.39%,1.06%,-1.72%,83,118,102,117,108,179,271,268,306,298,21.38%,49.94%,379.0%,51.46%,169.6%,955.8%,346.3%,1213%,0.00%,0.00%
2017/06/30,2017/05/31,0.71%,-0.69%,-0.36%,-0.30%,1.50%,2.09%,0.01%,0.23%,0.11%,2.62%,-0.71%,-6.25%,1.45%,2.39%,0.90%,4.27%,84,117,102,116,109,183,271,268,306,306,22.34%,50.73%,375.6%,41.98%,172.0%,1001%,361.4%,1245%,-0.71%,-6.25%
2017/07/31,2017/06/30,0.56%,-0.30%,-0.42%,0.72%,-0.51%,2.12%,1.92%,1.65%,2.88%,1.26%,1.65%,2.60%,-0.16%,0.47%,1.93%,-0.31%,84,117,101,117,109,187,276,273,315,309,21.04%,49.43%,383.5%,45.68%,177.2%,997.5%,351.0%,1251%,0.00%,-3.81%
2017/08/31,2017/07/31,0.66%,-1.02%,-1.30%,0.03%,1.43%,0.48%,-0.40%,-0.53%,0.46%,1.24%,2.77%,4.20%,1.42%,0.28%,0.26%,-0.98%,85,116,100,117,110,188,275,271,317,313,21.97%,50.56%,396.8%,51.81%,177.9%,986.7%,345.5%,1255%,0.00%,0.00%
2017/09/30,2017/08/31,-1.50%,-0.47%,-0.16%,0.72%,-0.04%,2.06%,2.23%,1.66%,2.66%,3.37%,-3.10%,-5.15%,-0.75%,5.04%,2.47%,6.58%,84,115,100,118,110,192,281,276,325,324,23.74%,52.54%,381.4%,43.98%,184.8%,1058%,363.8%,1323%,-3.10%,-5.15%
2017/10/31,2017/09/30,-0.40%,-1.36%,-0.72%,1.90%,-1.06%,1.58%,1.75%,1.91%,4.55%,0.58%,-0.19%,0.98%,-0.21%,-0.28%,2.24%,-0.58%,83,114,99,120,109,195,286,281,340,326,22.92%,51.02%,380.5%,45.39%,191.2%,1052%,350.8%,1319%,-3.28%,-4.23%
2017/11/30,2017/10/31,0.19%,-0.24%,0.25%,-0.58%,0.06%,3.32%,2.82%,3.46%,2.85%,3.48%,2.27%,1.40%,2.10%,4.45%,3.22%,4.03%,83,113,99,119,109,201,294,291,349,337,22.76%,51.26%,391.4%,47.43%,200.6%,1098%,354.4%,1382%,-1.09%,-2.88%
2017/12/31,2017/11/30,-0.96%,-0.76%,0.17%,0.20%,0.09%,-0.06%,0.51%,1.49%,1.33%,1.17%,2.27%,1.50%,2.52%,3.07%,1.10%,2.62%,83,112,99,120,109,201,295,295,354,341,24.04%,53.13%,402.6%,49.64%,203.8%,1129%,361.3%,1428%,0.00%,-1.43%
2018/01/31,2017/12/31,-0.46%,0.47%,-1.43%,0.70%,-1.38%,5.29%,6.84%,4.60%,6.70%,3.76%,0.49%,0.83%,2.51%,4.56%,5.34%,4.31%,82,113,98,120,108,212,316,309,378,354,22.90%,50.78%,405.0%,50.88%,220.1%,1182%,356.6%,1497%,0.00%,-0.61%
2018/02/28,2018/01/31,-2.54%,1.34%,-1.07%,0.51%,0.33%,-5.67%,-2.11%,-4.31%,-3.29%,-3.82%,1.13%,2.91%,-0.13%,-3.39%,-3.65%,-4.26%,80,115,97,121,108,200,309,296,365,340,26.43%,53.57%,410.7%,55.27%,208.4%,1128%,353.7%,1443%,0.00%,0.00%
2018/03/31,2018/02/28,-0.63%,1.44%,0.85%,0.39%,-0.74%,-2.94%,-2.11%,-1.54%,-1.83%,-2.16%,2.66%,0.33%,0.19%,1.12%,-1.98%,1.03%,80,116,98,122,107,194,302,291,359,333,26.29%,54.76%,424.3%,55.77%,202.3%,1140%,367.4%,1460%,0.00%,0.00%
2018/04/30,2018/03/31,0.41%,-0.66%,-0.24%,0.00%,0.54%,1.06%,-0.37%,0.10%,0.39%,1.18%,1.09%,1.34%,-0.33%,0.97%,0.43%,0.56%,80,115,98,122,108,196,301,291,360,337,26.45%,54.95%,430.0%,57.87%,203.6%,1147%,368.0%,1476%,0.00%,0.00%
2018/05/31,2018/04/30,-0.62%,-0.05%,0.94%,-1.35%,-0.29%,1.35%,2.34%,3.32%,2.08%,3.88%,3.21%,3.34%,-0.36%,7.27%,2.78%,6.27%,79,115,98,120,108,199,308,301,368,350,26.87%,58.87%,447.0%,63.14%,212.0%,1225%,384.3%,1590%,0.00%,0.00%
2018/06/30,2018/05/31,1.50%,1.68%,0.41%,-0.63%,-1.26%,1.66%,2.01%,1.04%,-0.23%,0.23%,4.21%,1.05%,0.06%,1.35%,0.75%,1.03%,81,117,99,119,106,202,314,304,367,351,23.36%,56.60%,470.1%,64.86%,214.4%,1239%,385.7%,1613%,0.00%,0.00%
2018/07/31,2018/06/30,-0.10%,-0.21%,-1.87%,0.91%,0.55%,2.98%,3.20%,1.30%,4.56%,3.88%,4.66%,4.71%,0.09%,2.46%,3.27%,1.04%,81,117,97,120,107,208,325,308,383,364,24.16%,58.01%,496.7%,72.63%,224.7%,1253%,374.8%,1655%,0.00%,0.00%
2018/08/31,2018/07/31,-0.26%,-0.05%,-0.19%,-0.87%,0.55%,2.50%,3.73%,4.00%,2.53%,4.51%,1.56%,3.64%,-0.33%,4.36%,3.55%,3.27%,80,117,97,119,108,213,337,320,393,381,25.17%,61.18%,506.0%,78.91%,236.2%,1297%,373.5%,1732%,0.00%,0.00%
2018/09/30,2018/08/31,-0.48%,-1.09%,-0.08%,-0.93%,2.31%,-0.32%,-0.50%,0.27%,-0.66%,1.89%,1.17%,0.62%,-0.01%,-1.79%,0.10%,-1.98%,80,116,97,118,110,212,335,321,391,388,28.67%,64.75%,513.1%,80.02%,236.6%,1270%,363.6%,1699%,0.00%,0.00%
2018/10/31,2018/09/30,1.47%,-1.04%,1.22%,2.06%,-0.55%,-4.95%,-8.69%,-6.57%,-6.69%,-9.15%,1.51%,0.01%,0.46%,-11.78%,-7.27%,-11.78%,81,115,98,121,109,202,306,300,364,353,26.06%,57.82%,522.4%,80.03%,212.1%,1108%,342.7%,1487%,0.00%,0.00%
2018/11/30,2018/10/31,0.31%,0.81%,1.20%,-2.69%,1.81%,2.45%,2.52%,2.90%,-0.69%,3.87%,7.34%,7.83%,0.81%,2.88%,1.99%,0.54%,81,115,99,117,111,207,314,309,362,366,27.95%,60.07%,568.0%,94.12%,218.3%,1115%,336.3%,1533%,0.00%,0.00%
2018/12/31,2018/11/30,-0.13%,-1.40%,0.09%,1.21%,-0.16%,-9.63%,-9.06%,-8.68%,-9.13%,-10.38%,6.61%,6.31%,0.23%,-12.53%,-9.28%,-14.42%,81,114,99,119,111,187,285,282,329,328,27.91%,58.88%,612.2%,106.4%,188.8%,939.6%,313.8%,1328%,0.00%,0.00%
2019/01/31,2018/12/31,0.61%,0.82%,1.31%,-0.09%,-2.80%,8.83%,8.44%,8.95%,9.79%,7.51%,-5.99%,-9.44%,-1.18%,13.80%,8.72%,16.63%,82,115,101,119,108,203,309,307,361,353,23.55%,56.80%,569.5%,86.90%,214.0%,1112%,346.6%,1525%,-5.99%,-9.44%
2019/02/28,2019/01/31,-3.61%,-1.30%,0.84%,1.08%,-1.00%,-0.69%,2.25%,4.17%,5.18%,3.09%,1.44%,0.97%,-0.39%,5.46%,3.43%,5.17%,79,113,101,120,107,202,316,320,380,364,26.78%,62.72%,579.2%,88.72%,224.7%,1175%,354.4%,1614%,-4.64%,-8.56%
2019/03/31,2019/02/28,-0.73%,0.94%,-0.90%,-0.59%,0.64%,-0.21%,2.67%,0.97%,1.31%,1.64%,-1.29%,-3.71%,-0.69%,-2.71%,1.41%,-1.60%,78,114,100,119,108,202,325,323,385,370,28.52%,65.72%,570.4%,81.72%,229.3%,1155%,340.7%,1568%,-5.87%,-11.95%
2019/04/30,2019/03/31,-0.82%,-1.05%,1.90%,0.66%,-2.81%,3.41%,2.58%,6.26%,4.99%,1.14%,3.01%,3.03%,-2.29%,2.45%,4.02%,1.54%,78,113,102,120,105,209,333,343,404,374,25.97%,61.95%,590.6%,87.23%,242.5%,1174%,329.8%,1608%,-3.03%,-9.28%
2019/05/31,2019/04/30,3.28%,1.35%,0.92%,-1.10%,-1.15%,-3.11%,-4.70%,-5.80%,-8.64%,-7.83%,-2.72%,0.01%,-0.04%,-10.05%,-6.47%,-10.05%,80,115,103,119,103,202,317,323,369,345,20.39%,54.30%,571.8%,87.25%,220.4%,1046%,314.4%,1437%,-5.67%,-9.27%
2019/06/30,2019/05/31,-0.94%,-1.51%,-0.47%,-0.21%,1.62%,5.29%,5.13%,6.49%,7.89%,8.82%,8.08%,5.79%,-0.43%,7.94%,6.83%,6.21%,79,113,103,118,105,213,334,344,398,375,23.47%,59.74%,626.1%,98.09%,242.2%,1117%,311.8%,1559%,0.00%,-4.01%
2019/07/31,2019/06/30,1.29%,0.26%,0.02%,1.35%,-2.10%,3.03%,1.61%,1.45%,2.83%,-1.54%,0.48%,0.80%,-1.03%,-2.29%,1.45%,-2.53%,80,113,103,120,103,219,339,349,409,369,19.28%,52.43%,629.6%,99.68%,247.2%,1086%,295.4%,1521%,0.00%,-3.25%
2019/08/31,2019/07/31,-0.76%,0.91%,1.29%,-2.27%,-0.05%,-2.27%,-1.28%,-0.71%,-3.85%,-3.24%,0.20%,2.54%,0.66%,-4.49%,-2.11%,-5.25%,80,114,104,117,103,214,335,347,394,357,20.14%,50.96%,631.0%,104.7%,239.9%,1024%,283.0%,1448%,0.00%,-0.79%
2019/09/30,2019/08/31,-1.87%,0.44%,0.12%,3.24%,0.17%,-0.48%,1.89%,1.01%,3.97%,1.10%,5.52%,4.87%,3.67%,6.03%,1.76%,4.57%,78,115,104,121,103,213,341,350,409,361,22.59%,53.36%,671.4%,114.7%,245.8%,1075%,293.8%,1541%,0.00%,0.00%
2019/10/31,2019/09/30,2.13%,-1.34%,-0.53%,0.27%,0.44%,3.95%,0.79%,1.84%,2.84%,2.76%,7.95%,5.55%,0.73%,3.06%,2.20%,1.39%,80,113,104,121,104,222,344,357,421,371,20.51%,51.53%,732.7%,126.6%,253.4%,1092%,290.6%,1592%,0.00%,0.00%
2019/11/30,2019/10/31,0.24%,-2.15%,0.64%,-0.01%,0.18%,3.67%,1.44%,4.80%,4.52%,4.33%,6.08%,3.43%,-1.24%,4.16%,3.75%,3.13%,80,111,104,121,104,230,349,374,440,387,20.43%,52.53%,783.4%,134.4%,266.7%,1129%,288.2%,1662%,0.00%,0.00%
2019/12/31,2019/11/30,0.54%,-0.72%,-0.75%,0.71%,1.19%,3.15%,1.74%,1.88%,3.85%,4.16%,-3.83%,-4.31%,0.11%,5.07%,2.79%,6.36%,81,110,104,122,105,237,355,381,457,403,21.21%,54.07%,749.5%,124.3%,276.9%,1207%,302.0%,1751%,-3.83%,-4.31%
2020/01/31,2019/12/31,0.93%,-0.50%,1.00%,-0.70%,-3.32%,2.55%,-0.76%,1.84%,0.25%,-4.60%,-5.93%,-11.07%,0.01%,-6.52%,0.06%,-3.20%,81,109,105,121,101,243,352,388,458,385,16.06%,43.05%,699.2%,99.47%,277.2%,1166%,288.9%,1631%,-9.53%,-14.90%
2020/02/29,2020/01/31,0.49%,-1.81%,-0.22%,1.11%,-1.11%,-7.55%,-7.74%,-8.19%,-8.18%,-8.17%,2.47%,-1.67%,1.20%,-8.35%,-8.00%,-7.85%,82,107,104,123,100,225,325,356,421,353,14.21%,42.16%,718.9%,96.15%,247.0%,1066%,289.5%,1486%,-7.30%,-16.32%
2020/03/31,2020/02/29,-6.17%,-1.04%,-3.54%,0.38%,1.61%,-13.88%,-12.18%,-14.09%,-14.26%,-13.58%,1.09%,-4.33%,-1.19%,-27.68%,-13.57%,-26.38%,77,106,101,123,102,193,285,306,361,305,23.10%,42.58%,727.8%,87.65%,199.9%,758.5%,239.6%,1047%,-6.29%,-19.95%
2020/04/30,2020/03/31,-0.26%,1.40%,-1.02%,-1.27%,3.60%,11.77%,13.36%,12.69%,13.51%,16.37%,-1.79%,-8.84%,6.93%,23.80%,13.44%,26.45%,76,108,100,122,106,216,323,345,409,355,27.85%,49.13%,713.0%,71.06%,240.2%,985.7%,283.9%,1320%,-7.96%,-27.02%
2020/05/31,2020/04/30,1.75%,-2.07%,0.63%,-0.21%,-2.94%,6.38%,3.74%,7.11%,6.34%,3.41%,-4.28%,-7.63%,-4.09%,3.37%,5.40%,5.66%,78,106,100,121,103,230,335,369,435,367,21.84%,44.71%,678.2%,58.01%,258.6%,1047%,284.9%,1368%,-11.90%,-32.59%
2020/06/30,2020/05/31,-2.54%,0.40%,1.06%,1.24%,-3.84%,-0.70%,2.38%,3.92%,3.92%,-0.37%,-7.56%,-12.33%,-1.29%,3.00%,2.43%,6.69%,76,106,101,123,99,228,343,384,452,366,20.26%,45.18%,619.4%,38.53%,267.3%,1124%,301.3%,1412%,-18.56%,-40.90%
2020/07/31,2020/06/30,-2.08%,1.16%,-2.40%,-0.13%,-1.64%,3.77%,7.35%,5.22%,7.29%,2.80%,-6.13%,-9.83%,-3.37%,-1.50%,5.73%,1.45%,74,107,99,123,97,237,369,404,485,376,20.80%,43.76%,575.3%,24.91%,288.3%,1142%,284.1%,1389%,-23.55%,-46.71%
2020/08/31,2020/07/31,0.53%,-0.42%,-1.12%,0.58%,-4.07%,6.93%,7.82%,7.28%,9.64%,3.24%,2.95%,1.89%,-2.29%,5.44%,7.38%,4.88%,75,107,98,123,93,253,398,433,532,388,15.24%,38.45%,595.3%,27.27%,317.0%,1202%,274.5%,1470%,-21.29%,-45.71%
2020/09/30,2020/08/31,1.26%,-0.61%,-0.87%,-0.62%,-0.01%,-2.10%,-3.78%,-3.75%,-4.19%,-3.23%,-0.51%,-2.43%,0.57%,-5.60%,-3.61%,-4.87%,76,106,97,123,93,248,382,417,510,376,13.78%,36.89%,591.7%,24.18%,301.9%,1139%,269.8%,1382%,-21.70%,-47.03%
2020/10/31,2020/09/30,-1.25%,2.81%,-0.53%,1.03%,-2.67%,-3.30%,-0.98%,-2.44%,-1.52%,-3.66%,0.56%,1.95%,-3.25%,2.09%,-2.11%,1.50%,75,109,96,124,91,240,379,407,502,362,12.16%,36.39%,595.6%,26.60%,293.4%,1157%,283.2%,1413%,-21.26%,-45.99%
2020/11/30,2020/10/31,4.21%,-0.54%,0.72%,-1.47%,0.81%,14.31%,10.43%,12.30%,12.59%,13.60%,-0.18%,-1.53%,2.52%,26.04%,12.26%,26.50%,78,109,97,122,91,274,418,457,565,411,8.35%,35.43%,594.3%,24.67%,341.6%,1491%,337.7%,1807%,-21.40%,-46.82%
2020/12/31,2020/11/30,1.36%,-0.91%,-1.04%,-0.64%,-0.99%,5.27%,3.33%,4.75%,5.24%,4.67%,-4.17%,-8.07%,-2.33%,7.23%,4.57%,9.65%,79,108,96,121,90,289,432,479,595,431,5.80%,34.62%,565.4%,14.61%,361.8%,1644%,360.0%,1945%,-24.67%,-51.11%
2021/01/31,2020/12/31,-1.86%,1.02%,-1.58%,-1.68%,1.73%,-2.79%,0.01%,-0.18%,-0.07%,2.31%,-15.31%,-15.49%,0.10%,9.27%,-0.12%,13.92%,77,109,95,119,92,281,432,478,594,441,9.60%,41.49%,463.5%,-3.14%,361.3%,1887%,424.5%,2135%,-36.21%,-58.68%
