Date,fdate,DR_AR_1,DR_AR_2,DR_AR_3,DR_AR_4,DR_AR_5,DR_TR_1,DR_TR_2,DR_TR_3,DR_TR_4,DR_TR_5,DR_AR_Sig,DR_TR_Sig,DR_AR_130,DR_TR_130,DR_TR_BP,DR_TR_LO,DR_CAR_1,DR_CAR_2,DR_CAR_3,DR_CAR_4,DR_CAR_5,DR_CTR_1,DR_CTR_2,DR_CTR_3,DR_CTR_4,DR_CTR_5,DR_CAR_LS,DR_CTR_LS,DR_CAR_SW,DR_CTR_SW,DR_CTR_BP,DR_CTR_LO,DR_CXR_LO,DR_CTR_13,DR_CADD,DR_CTDD
2001/02/28,2001/01/31,0.85%,1.41%,3.22%,0.64%,1.93%,-4.39%,-7.44%,-16.10%,-8.43%,-5.96%,10.96%,3.01%,19.96%,-1.11%,-9.48%,-2.01%,101,101,103,101,102,96,93,84,92,94,1.08%,-1.57%,10.96%,3.01%,-9.48%,-2.01%,7.47%,-1.11%,0.00%,0.00%
2001/03/31,2001/02/28,1.01%,-0.42%,1.42%,-3.29%,1.54%,-4.17%,-5.64%,-9.68%,-7.92%,-5.77%,1.75%,-3.08%,4.58%,-8.08%,-6.73%,-7.15%,102,101,105,97,103,92,87,76,84,89,1.61%,-3.14%,12.90%,-0.16%,-15.57%,-9.02%,7.01%,-9.10%,0.00%,-3.08%
2001/04/30,2001/03/31,-1.75%,-0.02%,1.48%,1.08%,-1.70%,5.32%,8.75%,12.78%,6.45%,7.82%,-5.01%,-3.21%,-8.79%,2.55%,8.26%,3.51%,100,101,106,98,102,96,95,85,90,96,1.66%,-0.72%,7.24%,-3.36%,-8.60%,-5.83%,1.93%,-6.78%,-5.01%,-6.19%
2001/05/31,2001/04/30,0.63%,0.04%,-1.18%,-0.80%,0.25%,2.09%,1.55%,-1.10%,0.96%,3.21%,6.08%,6.21%,10.46%,13.60%,1.01%,11.74%,101,101,105,98,102,99,96,85,91,99,1.27%,0.39%,13.76%,2.63%,-7.68%,5.22%,12.86%,5.90%,0.00%,-0.36%
2001/06/30,2001/05/31,2.56%,1.04%,0.19%,-1.95%,3.86%,-1.44%,-0.32%,-0.93%,-4.48%,0.07%,-1.86%,-1.55%,-3.27%,0.32%,-1.54%,0.78%,103,102,105,96,106,97,96,84,87,99,2.59%,1.90%,11.64%,1.04%,-9.10%,6.04%,15.48%,6.23%,-1.86%,-1.91%
2001/07/31,2001/06/30,-0.90%,-0.74%,0.24%,0.53%,-2.96%,0.18%,-3.18%,-4.65%,0.76%,-2.66%,3.41%,0.77%,7.28%,-0.66%,-1.79%,-0.89%,102,101,105,96,103,97,93,80,87,96,0.47%,-0.99%,15.45%,1.82%,-10.73%,5.10%,16.52%,5.52%,0.00%,-1.15%
2001/08/31,2001/07/31,0.72%,-1.00%,1.44%,0.52%,1.08%,-5.67%,-7.22%,-6.69%,-4.04%,-6.52%,-0.22%,-2.49%,1.09%,-5.97%,-5.97%,-5.23%,103,100,107,97,104,92,86,75,84,90,0.83%,-1.82%,15.19%,-0.71%,-16.06%,-0.40%,17.38%,-0.78%,-0.22%,-3.61%
2001/09/30,2001/08/31,0.74%,0.58%,-2.03%,-2.57%,0.51%,-5.35%,-9.72%,-14.93%,-5.15%,-10.29%,0.05%,-4.29%,3.28%,-16.95%,-8.92%,-15.66%,104,101,105,94,104,87,78,63,79,81,0.60%,-6.68%,15.25%,-4.98%,-23.54%,-16.00%,9.47%,-17.60%,-0.17%,-7.75%
2001/10/31,2001/09/30,-1.96%,2.92%,2.97%,4.27%,4.84%,-3.93%,3.22%,8.24%,4.52%,2.74%,-8.84%,-2.95%,-13.60%,2.46%,2.68%,3.35%,102,104,108,98,109,83,80,69,83,83,7.45%,-0.46%,5.06%,-7.77%,-21.50%,-13.19%,10.20%,-15.57%,-8.99%,-10.47%
2001/11/30,2001/10/31,-0.95%,-0.62%,-0.44%,1.72%,-2.42%,7.58%,8.78%,8.98%,5.95%,6.37%,-5.16%,-5.10%,-8.53%,1.46%,7.75%,2.99%,101,103,107,100,107,90,88,75,88,88,5.87%,-1.66%,-0.35%,-12.48%,-15.41%,-10.59%,4.95%,-14.34%,-13.69%,-15.03%
2001/12/31,2001/11/30,2.45%,1.84%,-1.68%,-2.14%,1.57%,2.90%,3.45%,0.69%,-1.38%,3.30%,0.23%,2.02%,1.51%,8.67%,1.71%,8.06%,103,105,106,98,109,92,91,75,87,91,4.94%,-1.26%,-0.12%,-10.70%,-13.96%,-3.39%,11.62%,-6.91%,-13.48%,-13.31%
2002/01/31,2001/12/31,-1.48%,0.77%,3.04%,-1.18%,-1.64%,-2.30%,-0.29%,0.44%,-1.91%,-2.41%,5.36%,4.53%,8.85%,7.49%,-1.25%,6.13%,102,106,109,97,107,90,90,76,85,89,4.77%,-1.37%,5.23%,-6.66%,-15.04%,2.54%,19.85%,0.06%,-8.84%,-9.38%
2002/02/28,2002/01/31,1.91%,1.49%,-2.06%,0.10%,-0.75%,0.55%,-0.23%,-6.38%,-1.44%,-2.92%,-1.18%,-3.67%,-0.39%,-7.02%,-2.10%,-5.92%,104,107,107,97,106,91,90,71,84,86,1.98%,-4.79%,3.99%,-10.08%,-16.83%,-3.53%,15.28%,-6.97%,-9.92%,-12.71%
2002/03/31,2002/02/28,-1.30%,1.97%,0.79%,0.67%,3.62%,2.19%,5.78%,6.14%,3.07%,7.08%,1.89%,2.93%,2.13%,10.89%,4.42%,10.01%,102,110,107,97,110,93,95,75,86,92,7.00%,-0.15%,5.96%,-7.45%,-13.15%,6.13%,21.73%,3.17%,-8.22%,-10.15%
2002/04/30,2002/03/31,1.28%,1.97%,-0.25%,-2.47%,-0.14%,-4.05%,-1.07%,-7.48%,-5.73%,-5.84%,4.35%,1.39%,7.51%,2.92%,-5.00%,2.51%,104,112,107,95,110,89,94,70,81,87,5.48%,-1.93%,10.57%,-6.17%,-17.49%,8.79%,30.87%,6.18%,-4.22%,-8.91%
2002/05/31,2002/04/30,0.52%,-1.09%,0.47%,-2.38%,0.02%,0.70%,-1.63%,-1.98%,-2.42%,-0.95%,1.17%,1.79%,2.96%,0.41%,-1.20%,-0.13%,104,111,108,93,110,90,93,68,79,86,4.96%,-3.54%,11.86%,-4.48%,-18.48%,8.65%,32.27%,6.62%,-3.11%,-7.27%
2002/06/30,2002/05/31,1.36%,4.49%,-2.02%,-3.45%,-0.05%,-6.35%,-2.45%,-9.83%,-8.64%,-9.16%,-2.89%,-4.29%,-4.89%,-10.80%,-6.92%,-9.51%,106,116,105,90,110,84,90,61,73,78,3.47%,-6.25%,8.63%,-8.59%,-24.12%,-1.68%,28.84%,-4.89%,-5.91%,-11.26%
2002/07/31,2002/06/30,0.86%,-2.36%,2.23%,-0.63%,-2.11%,-7.16%,-9.43%,-7.24%,-6.36%,-10.67%,2.83%,3.61%,5.22%,-7.34%,-7.99%,-8.42%,107,113,108,89,107,78,82,57,68,70,0.40%,-9.55%,11.71%,-5.28%,-30.19%,-9.97%,28.29%,-11.87%,-3.24%,-8.05%
2002/08/31,2002/07/31,-1.83%,-0.86%,-0.96%,0.05%,0.24%,0.55%,0.52%,-0.80%,1.29%,2.65%,2.18%,3.03%,3.63%,3.79%,0.64%,2.88%,105,112,107,89,108,78,82,57,69,72,2.48%,-7.65%,14.14%,-2.41%,-29.74%,-7.38%,31.16%,-8.54%,-1.13%,-5.26%
2002/09/30,2002/08/31,0.06%,0.28%,0.08%,-2.02%,-4.22%,-9.53%,-7.84%,-11.55%,-9.02%,-14.44%,-4.52%,-7.13%,-3.79%,-16.47%,-10.13%,-14.33%,105,112,107,87,103,71,76,50,63,61,-1.91%,-12.19%,8.98%,-9.37%,-36.86%,-20.65%,25.65%,-23.60%,-5.60%,-12.01%
2002/10/31,2002/09/30,1.59%,0.20%,1.73%,0.59%,2.40%,8.84%,5.71%,8.81%,5.70%,8.23%,-1.99%,-1.17%,-3.87%,3.40%,7.77%,3.75%,106,112,109,88,105,77,80,54,66,66,-1.11%,-12.72%,6.81%,-10.42%,-31.95%,-17.67%,20.60%,-21.00%,-7.48%,-13.04%
2002/11/30,2002/10/31,-0.20%,-3.10%,-1.45%,1.36%,2.96%,5.00%,3.25%,5.56%,10.06%,7.33%,13.29%,21.56%,15.92%,38.23%,6.03%,31.76%,106,109,107,89,109,81,83,57,73,71,2.01%,-10.69%,21.00%,8.89%,-27.85%,8.48%,51.64%,9.20%,0.00%,0.00%
2002/12/31,2002/11/30,-1.32%,0.57%,1.54%,0.31%,-0.74%,-6.32%,-3.65%,-6.07%,-6.48%,-5.42%,-1.17%,-1.21%,0.77%,-5.26%,-5.58%,-4.90%,105,109,109,89,108,76,80,54,68,67,2.60%,-9.88%,19.59%,7.57%,-31.88%,3.17%,52.68%,3.46%,-1.17%,-1.21%
2003/01/31,2002/12/31,-0.55%,-0.46%,0.42%,-0.01%,0.99%,-3.49%,-2.74%,-2.29%,-2.54%,-1.29%,2.24%,1.05%,3.71%,0.56%,-2.56%,0.25%,104,109,109,89,109,73,78,53,66,67,4.18%,-7.89%,22.26%,8.70%,-33.63%,3.42%,56.97%,4.04%,0.00%,-0.17%
2003/02/28,2003/01/31,-0.28%,0.51%,0.85%,1.35%,-1.42%,-2.40%,-1.37%,-1.24%,-0.84%,-3.05%,-0.69%,-2.45%,-0.90%,-5.84%,-1.81%,-5.11%,104,110,110,90,107,71,77,52,66,64,2.99%,-8.49%,21.42%,6.04%,-34.83%,-1.86%,51.79%,-2.04%,-0.69%,-2.62%
2003/03/31,2003/02/28,1.13%,2.58%,-0.18%,-0.59%,1.89%,1.11%,2.49%,0.54%,0.27%,1.79%,0.27%,0.38%,0.90%,2.11%,1.22%,1.99%,105,112,110,90,109,72,78,52,66,66,3.77%,-7.86%,21.75%,6.44%,-34.03%,0.09%,52.96%,0.02%,-0.42%,-2.25%
2003/04/30,2003/03/31,2.46%,-0.13%,-2.25%,-1.97%,1.31%,10.53%,7.71%,6.56%,7.61%,8.49%,4.05%,4.86%,4.65%,15.46%,8.22%,14.00%,108,112,108,88,111,80,85,56,71,71,2.57%,-9.74%,26.68%,11.62%,-28.61%,14.11%,61.80%,15.49%,0.00%,0.00%
2003/05/31,2003/04/30,0.61%,-2.08%,-1.21%,2.21%,-0.73%,6.07%,4.51%,7.25%,6.83%,6.48%,5.22%,10.17%,6.71%,24.20%,6.23%,21.14%,108,110,106,90,110,85,88,60,76,76,1.20%,-9.37%,33.29%,22.97%,-24.16%,38.23%,85.93%,43.43%,0.00%,0.00%
2003/06/30,2003/05/31,-0.04%,0.10%,-1.66%,1.26%,-0.08%,1.42%,1.52%,0.38%,2.52%,1.84%,5.36%,7.06%,7.32%,12.70%,1.49%,10.58%,108,110,104,91,110,86,90,60,78,77,1.16%,-8.99%,40.44%,31.66%,-23.03%,52.86%,102.8%,61.65%,0.00%,0.00%
2003/07/31,2003/06/30,-0.09%,-0.33%,3.51%,0.45%,0.20%,1.60%,1.53%,6.86%,0.92%,3.24%,0.45%,-0.47%,0.92%,5.88%,2.46%,6.02%,108,110,108,92,110,87,91,64,79,80,1.45%,-7.51%,41.07%,31.03%,-21.14%,62.06%,110.1%,71.15%,0.00%,-0.47%
2003/08/31,2003/07/31,-0.50%,-0.02%,2.20%,-1.42%,-1.20%,2.32%,2.22%,5.36%,0.14%,3.26%,0.13%,0.74%,-0.55%,4.79%,2.35%,4.57%,108,110,111,90,109,89,93,68,79,82,0.75%,-6.63%,41.26%,32.00%,-19.28%,69.47%,114.7%,79.35%,0.00%,0.00%
2003/09/30,2003/08/31,-0.58%,-0.39%,-1.07%,0.52%,1.93%,-1.57%,-1.24%,-2.17%,-0.42%,0.76%,4.47%,5.48%,6.56%,7.73%,-1.08%,6.09%,107,109,109,91,111,88,92,66,78,83,3.27%,-4.46%,47.57%,39.24%,-20.15%,79.79%,130.1%,93.22%,0.00%,0.00%
2003/10/31,2003/09/30,-0.62%,0.63%,4.96%,-1.12%,-0.21%,5.46%,5.33%,10.95%,3.60%,8.22%,-0.71%,-0.89%,-0.29%,6.16%,6.06%,6.43%,106,110,115,90,111,93,97,73,81,90,3.69%,-1.82%,46.53%,38.00%,-15.32%,91.34%,131.0%,105.1%,-0.71%,-0.89%
2003/11/30,2003/10/31,0.02%,-1.03%,0.57%,1.03%,-1.09%,1.69%,0.52%,2.08%,1.68%,1.71%,-1.36%,-1.12%,-0.85%,2.37%,1.47%,2.71%,106,109,115,91,109,94,97,75,83,91,2.53%,-1.80%,44.53%,36.45%,-14.07%,96.52%,133.8%,110.0%,-2.06%,-2.00%
2003/12/31,2003/11/30,-0.29%,-0.19%,-2.33%,0.64%,-0.83%,4.60%,3.50%,3.03%,5.49%,5.58%,2.43%,5.09%,3.05%,9.47%,4.39%,7.94%,106,109,113,91,108,99,101,77,87,96,1.97%,-0.84%,48.05%,43.40%,-10.30%,112.1%,142.1%,129.9%,0.00%,0.00%
2004/01/31,2003/12/31,-1.35%,-0.83%,0.25%,1.76%,0.47%,1.15%,1.30%,2.76%,3.40%,3.79%,4.67%,6.05%,7.05%,12.44%,2.25%,10.62%,105,108,113,93,109,100,102,79,90,100,3.83%,1.77%,54.96%,52.08%,-8.28%,134.7%,162.4%,158.5%,0.00%,0.00%
2004/02/29,2004/01/31,1.04%,0.57%,-1.34%,-1.12%,0.21%,2.64%,1.80%,-0.12%,0.66%,2.16%,-0.77%,0.14%,0.07%,1.81%,1.48%,1.77%,106,108,111,92,109,102,104,79,91,102,2.96%,1.28%,53.77%,52.29%,-6.92%,138.8%,163.1%,163.1%,-0.77%,0.00%
2004/03/31,2004/02/29,0.40%,1.05%,-0.34%,-1.74%,-0.10%,-0.87%,0.23%,-1.12%,-3.02%,-0.88%,-0.35%,-0.23%,-0.60%,0.03%,-1.09%,0.09%,106,109,111,90,109,101,104,78,88,101,2.45%,1.28%,53.24%,51.94%,-7.94%,139.0%,166.3%,163.2%,-1.11%,-0.23%
2004/04/30,2004/03/31,-0.33%,0.95%,-3.05%,0.37%,-1.06%,-2.75%,-1.05%,-3.08%,-0.19%,-3.71%,1.93%,1.67%,1.92%,-1.64%,-2.03%,-2.14%,106,110,108,91,108,99,103,76,88,98,1.70%,0.31%,56.21%,54.47%,-9.81%,133.9%,166.0%,158.9%,0.00%,0.00%
2004/05/31,2004/04/30,-0.35%,-0.39%,2.01%,0.18%,0.53%,0.72%,0.93%,3.03%,1.20%,1.35%,-1.57%,-3.10%,-1.95%,-3.35%,1.34%,-2.42%,105,110,110,91,109,99,104,78,89,99,2.60%,0.93%,53.75%,49.68%,-8.61%,128.2%,156.0%,150.2%,-1.57%,-3.10%
2004/06/30,2004/05/31,0.13%,0.05%,-0.11%,0.36%,-0.50%,1.92%,2.40%,1.86%,1.43%,2.39%,-0.42%,0.12%,-0.97%,3.23%,1.96%,3.19%,106,110,110,91,108,101,106,80,90,101,1.95%,1.40%,53.11%,49.86%,-6.81%,135.5%,159.1%,158.3%,-1.98%,-2.99%
2004/07/31,2004/06/30,0.52%,0.49%,0.61%,-1.49%,-1.20%,-1.68%,-4.21%,-5.47%,-4.66%,-3.91%,-1.64%,0.24%,-3.39%,-4.23%,-3.87%,-4.31%,106,111,110,90,107,100,102,75,86,97,0.20%,-0.86%,50.60%,50.22%,-10.42%,125.4%,158.0%,147.3%,-3.59%,-2.75%
2004/08/31,2004/07/31,0.74%,0.92%,-0.99%,-0.30%,0.37%,1.45%,0.55%,-1.45%,-0.04%,1.13%,-2.21%,-2.24%,-2.74%,-3.33%,0.29%,-2.65%,107,112,109,89,107,101,103,74,86,98,-0.17%,-1.18%,47.27%,46.85%,-10.15%,119.4%,150.4%,139.1%,-5.72%,-4.93%
2004/09/30,2004/08/31,0.74%,-0.87%,0.41%,-0.67%,0.46%,1.87%,1.64%,2.53%,0.51%,1.78%,0.24%,-1.32%,0.64%,2.13%,1.66%,2.53%,108,111,110,89,108,103,104,76,86,100,-0.45%,-1.28%,47.63%,44.92%,-8.67%,124.9%,152.6%,144.2%,-5.49%,-6.18%
2004/10/31,2004/09/30,0.32%,0.96%,1.03%,-2.43%,0.07%,1.57%,2.29%,2.88%,-0.83%,1.77%,-1.13%,-0.82%,-0.72%,1.10%,1.55%,1.35%,108,112,111,87,108,105,107,78,86,102,-0.70%,-1.08%,45.96%,43.74%,-7.25%,128.0%,152.1%,146.9%,-6.56%,-6.95%
2004/11/30,2004/10/31,1.11%,-1.89%,0.45%,-1.02%,0.99%,5.28%,3.99%,5.09%,3.10%,6.02%,2.13%,2.71%,3.12%,11.50%,4.65%,10.69%,109,110,111,86,109,110,111,82,88,108,-0.82%,-0.35%,49.07%,47.63%,-2.94%,152.3%,167.3%,175.3%,-4.57%,-4.43%
2004/12/31,2004/11/30,0.97%,-0.00%,-1.25%,-0.17%,0.30%,4.08%,3.20%,2.89%,3.21%,4.80%,2.01%,4.66%,4.29%,10.72%,3.62%,9.32%,110,110,110,86,109,115,114,85,91,113,-1.49%,0.37%,52.07%,54.51%,0.58%,175.9%,182.5%,204.8%,-2.65%,0.00%
2005/01/31,2004/12/31,-0.92%,0.28%,1.39%,-0.36%,0.07%,-2.59%,-2.26%,-3.01%,-3.00%,-2.80%,0.55%,0.40%,0.15%,-2.83%,-2.69%,-2.95%,109,110,112,85,109,112,112,82,88,110,-0.51%,0.16%,52.90%,55.13%,-2.13%,167.7%,181.8%,196.2%,-2.11%,0.00%
2005/02/28,2005/01/31,-2.00%,-1.16%,4.63%,1.01%,-0.80%,0.20%,0.56%,6.06%,2.61%,1.60%,-1.64%,-2.50%,-2.77%,-2.18%,2.06%,-1.43%,107,109,117,86,108,112,112,87,91,112,0.69%,1.56%,50.40%,51.26%,-0.11%,163.9%,171.9%,189.7%,-3.72%,-2.50%
2005/03/31,2005/02/28,0.51%,0.67%,0.23%,-0.07%,-2.65%,-0.61%,-1.54%,-2.08%,-1.54%,-3.98%,-1.42%,-1.25%,-2.67%,-3.99%,-1.73%,-3.62%,108,109,117,86,105,111,111,85,89,107,-2.50%,-1.86%,48.27%,49.37%,-1.84%,154.3%,166.8%,178.1%,-5.08%,-3.72%
2005/04/30,2005/03/31,-0.24%,0.63%,-0.75%,0.91%,1.00%,-2.03%,-2.64%,-3.79%,-0.85%,-2.06%,-1.77%,-1.37%,-1.85%,-6.61%,-2.23%,-6.20%,107,110,116,87,106,109,108,82,88,105,-1.29%,-1.89%,45.65%,47.33%,-4.03%,138.6%,156.2%,159.8%,-6.76%,-5.03%
2005/05/31,2005/04/30,-0.10%,0.30%,0.46%,-0.52%,-0.12%,3.06%,4.53%,4.81%,3.00%,4.30%,-0.06%,-0.06%,-0.83%,4.76%,3.88%,4.78%,107,110,117,86,106,112,113,86,91,110,-1.30%,-0.68%,45.56%,47.23%,-0.31%,150.0%,158.5%,172.1%,-6.82%,-5.09%
2005/06/30,2005/05/31,-0.14%,-1.23%,0.10%,0.57%,0.74%,0.66%,-0.03%,0.69%,1.02%,2.81%,-0.65%,-0.38%,-1.13%,2.77%,0.85%,2.89%,107,109,117,87,107,113,113,87,92,113,-0.44%,1.45%,44.61%,46.67%,0.54%,157.2%,163.8%,179.7%,-7.42%,-5.45%
2005/07/31,2005/06/30,-0.29%,0.65%,-0.45%,0.76%,-0.69%,3.22%,5.42%,4.66%,3.95%,3.74%,1.77%,1.96%,1.34%,7.29%,4.20%,6.70%,107,110,116,88,106,117,119,91,96,117,-0.83%,1.98%,47.17%,49.54%,4.76%,174.4%,170.4%,200.0%,-5.78%,-3.60%
2005/08/31,2005/07/31,-1.08%,-0.34%,0.65%,1.37%,-0.37%,-1.63%,-1.74%,-0.94%,0.46%,-1.28%,0.13%,0.41%,-0.49%,-1.30%,-1.01%,-1.42%,106,109,117,89,106,115,117,90,96,115,-0.13%,2.33%,47.36%,50.16%,3.70%,170.5%,169.3%,196.1%,-5.66%,-3.21%
2005/09/30,2005/08/31,-0.07%,-0.02%,0.97%,0.20%,0.61%,0.61%,0.29%,1.18%,0.79%,1.12%,-1.58%,-2.08%,-1.40%,-1.95%,0.77%,-1.32%,106,109,118,89,107,115,117,91,97,117,0.56%,2.85%,45.03%,47.03%,4.50%,166.9%,163.6%,190.4%,-7.16%,-5.22%
2005/10/31,2005/09/30,2.17%,1.57%,-2.60%,-2.85%,1.67%,0.73%,-0.40%,-4.61%,-4.26%,0.10%,-2.32%,-2.75%,-2.85%,-5.58%,-1.76%,-4.75%,108,111,115,86,108,116,117,87,93,117,0.06%,2.20%,41.67%,42.98%,2.66%,154.3%,155.7%,174.2%,-9.31%,-7.83%
2005/11/30,2005/10/31,0.91%,-0.84%,1.00%,-0.90%,1.08%,4.08%,3.45%,5.31%,2.50%,4.64%,-0.08%,-0.87%,-0.49%,2.55%,3.93%,2.81%,109,110,116,86,110,121,121,91,95,122,0.23%,2.77%,41.55%,41.73%,6.69%,161.4%,152.9%,181.2%,-9.38%,-8.64%
2005/12/31,2005/11/30,-0.49%,-0.41%,-0.43%,1.16%,0.93%,-0.44%,-0.54%,-0.59%,1.25%,0.99%,1.61%,1.50%,2.39%,1.98%,0.04%,1.53%,108,110,116,87,111,120,120,91,96,123,1.65%,4.24%,43.83%,43.86%,6.73%,165.4%,156.7%,186.8%,-7.92%,-7.27%
2006/01/31,2005/12/31,-1.97%,0.65%,-0.55%,1.61%,-1.09%,1.73%,4.59%,3.91%,4.79%,1.92%,-0.22%,-0.48%,-1.77%,5.35%,3.44%,5.49%,106,110,115,88,109,123,125,94,101,126,2.55%,4.44%,43.51%,43.17%,10.40%,180.0%,162.0%,202.1%,-8.13%,-7.71%
2006/02/28,2006/01/31,1.55%,-1.20%,-0.58%,-0.51%,0.62%,1.82%,-1.25%,-0.52%,-0.47%,0.83%,-0.86%,-0.65%,-0.36%,-0.12%,0.09%,0.08%,108,109,114,88,110,125,124,94,100,127,1.59%,3.41%,42.28%,42.24%,10.50%,180.2%,161.9%,201.7%,-8.91%,-8.31%
2006/03/31,2006/02/28,-0.31%,0.33%,-1.26%,-0.09%,0.43%,1.60%,2.44%,1.40%,1.82%,2.33%,0.27%,0.93%,0.08%,5.21%,1.90%,4.93%,107,109,113,87,111,127,127,95,102,130,2.35%,4.16%,42.67%,43.56%,12.59%,194.0%,169.9%,217.5%,-8.67%,-7.46%
2006/04/30,2006/03/31,-1.17%,0.04%,-0.25%,1.24%,0.01%,0.20%,0.14%,0.23%,2.67%,2.25%,1.15%,1.98%,0.91%,2.97%,0.99%,2.37%,106,109,113,89,111,127,127,95,105,133,3.55%,6.30%,44.31%,46.40%,13.71%,201.0%,173.6%,226.9%,-7.62%,-5.63%
2006/05/31,2006/04/30,-0.18%,0.84%,-0.19%,-0.74%,-0.76%,-1.86%,-3.60%,-4.20%,-3.23%,-2.74%,-0.58%,1.23%,-0.37%,-1.74%,-3.11%,-2.11%,106,110,112,88,110,125,122,91,102,129,2.95%,5.35%,43.47%,48.20%,10.17%,194.7%,176.3%,221.2%,-8.15%,-4.47%
2006/06/30,2006/05/31,1.02%,0.87%,-0.70%,-0.16%,-0.93%,1.08%,0.67%,-0.63%,-0.01%,-0.57%,-1.39%,-1.43%,-1.14%,-1.09%,0.19%,-0.66%,107,111,112,88,109,126,123,91,102,128,0.94%,3.61%,41.48%,46.08%,10.39%,192.7%,174.0%,217.7%,-9.43%,-5.84%
2006/07/31,2006/06/30,-0.15%,-1.38%,0.61%,2.05%,-0.25%,0.25%,-3.16%,-0.69%,1.74%,0.80%,-1.18%,0.14%,-2.12%,-2.27%,-0.28%,-2.31%,107,110,112,90,108,126,119,90,103,129,0.84%,4.18%,39.81%,46.29%,10.08%,186.0%,168.4%,210.5%,-10.49%,-5.70%
2006/08/31,2006/07/31,-0.54%,-0.25%,1.73%,-0.16%,0.20%,1.88%,2.86%,3.93%,1.97%,2.00%,-1.00%,-0.81%,-2.29%,0.80%,2.48%,1.04%,106,110,114,89,109,129,123,94,105,132,1.58%,4.30%,38.41%,45.10%,12.81%,188.9%,164.6%,213.0%,-11.39%,-6.46%
2006/09/30,2006/08/31,-0.01%,0.42%,0.05%,-0.62%,0.25%,1.97%,2.35%,2.47%,1.72%,2.76%,-0.07%,0.61%,0.23%,2.40%,2.24%,2.22%,106,110,114,89,109,131,126,96,107,136,1.85%,5.12%,38.31%,45.99%,15.33%,195.3%,164.5%,220.5%,-11.45%,-5.90%
2006/10/31,2006/09/30,0.64%,-0.18%,-0.06%,-0.40%,-0.13%,4.08%,3.98%,3.59%,3.34%,3.39%,0.47%,0.73%,0.02%,5.16%,3.69%,4.94%,107,110,114,89,109,137,131,99,111,140,1.07%,4.40%,38.96%,47.05%,19.59%,209.9%,167.8%,237.0%,-11.04%,-5.21%
2006/11/30,2006/10/31,-0.20%,-0.30%,0.32%,0.18%,-0.25%,2.01%,1.75%,2.48%,2.42%,2.03%,-1.26%,-1.21%,-1.89%,0.97%,2.16%,1.33%,107,109,115,89,109,139,133,102,113,143,1.02%,4.42%,37.22%,45.27%,22.17%,214.1%,165.6%,240.3%,-12.16%,-6.36%
2006/12/31,2006/11/30,0.38%,0.41%,-1.30%,-1.65%,1.39%,1.99%,0.13%,-0.05%,0.48%,3.83%,-0.16%,0.86%,-0.50%,2.44%,1.18%,2.18%,107,110,113,87,110,142,133,102,114,149,2.04%,6.35%,37.00%,46.51%,23.61%,220.9%,168.3%,248.6%,-12.30%,-5.56%
2007/01/31,2006/12/31,0.61%,0.96%,-0.53%,0.47%,-0.50%,2.19%,2.92%,1.42%,2.27%,1.21%,2.64%,3.26%,2.99%,5.30%,2.01%,4.32%,108,111,113,88,109,145,137,103,117,150,0.91%,5.31%,40.61%,51.30%,26.09%,234.8%,174.5%,267.1%,-9.98%,-2.47%
2007/02/28,2007/01/31,-0.65%,-0.37%,0.72%,0.20%,-0.57%,-1.77%,-1.29%,-1.15%,-1.54%,-2.51%,0.37%,0.58%,0.15%,-0.10%,-1.63%,-0.28%,107,111,113,88,109,143,135,102,115,147,0.99%,4.53%,41.14%,52.17%,24.04%,233.9%,178.2%,266.7%,-9.65%,-1.91%
2007/03/31,2007/02/28,0.17%,-0.80%,0.26%,0.45%,-0.77%,0.64%,0.83%,2.04%,1.58%,-0.04%,-3.05%,-3.70%,-4.22%,-4.43%,1.00%,-3.32%,107,110,114,88,108,144,136,104,117,147,0.04%,3.82%,36.84%,46.54%,25.28%,222.8%,166.2%,250.5%,-12.40%,-5.54%
2007/04/30,2007/03/31,-1.50%,-0.23%,0.43%,1.45%,0.72%,2.10%,3.28%,4.19%,5.06%,5.04%,0.74%,0.58%,0.70%,2.16%,3.86%,1.98%,106,109,114,89,109,147,141,108,122,154,2.25%,6.87%,37.85%,47.40%,30.12%,229.2%,161.2%,258.0%,-11.75%,-4.99%
2007/05/31,2007/04/30,-0.11%,-0.10%,-0.66%,1.34%,-0.75%,3.30%,3.98%,2.71%,4.62%,3.17%,-0.39%,-0.75%,-2.07%,1.10%,3.54%,1.33%,106,109,113,91,108,151,147,111,128,159,1.59%,6.73%,37.32%,46.29%,34.73%,233.6%,155.4%,262.0%,-12.09%,-5.70%
2007/06/30,2007/05/31,-0.96%,0.23%,-0.23%,0.00%,0.13%,-2.58%,-1.21%,-1.22%,-1.81%,-2.17%,-0.25%,-0.84%,-0.29%,-2.40%,-1.77%,-2.15%,105,110,113,91,108,148,145,110,126,155,2.70%,7.17%,36.97%,45.06%,32.35%,226.4%,154.4%,253.3%,-12.31%,-6.49%
2007/07/31,2007/06/30,0.84%,0.59%,0.48%,0.71%,-1.95%,-3.93%,-2.20%,-2.18%,-3.45%,-6.41%,-3.12%,-5.06%,-3.53%,-12.46%,-3.46%,-10.94%,106,110,114,91,106,142,142,108,121,145,-0.17%,4.51%,32.69%,37.72%,27.77%,190.7%,135.4%,209.3%,-15.05%,-11.22%
2007/08/31,2007/07/31,1.21%,-0.07%,0.08%,0.59%,-1.01%,2.19%,1.78%,1.81%,1.54%,-0.24%,-3.23%,-6.59%,-4.24%,-7.85%,1.50%,-5.88%,107,110,114,92,105,145,144,110,123,145,-2.39%,1.97%,28.41%,28.65%,29.69%,173.6%,118.0%,185.0%,-17.79%,-17.07%
2007/09/30,2007/08/31,0.83%,-1.36%,0.27%,-0.88%,0.98%,3.17%,3.95%,4.07%,3.00%,3.60%,0.73%,-0.70%,1.30%,0.60%,3.55%,0.81%,108,109,114,91,106,149,150,114,127,150,-2.24%,2.41%,29.34%,27.75%,34.30%,175.8%,112.0%,186.7%,-17.20%,-17.65%
2007/10/31,2007/09/30,0.57%,0.62%,-1.37%,-0.28%,-1.58%,2.01%,4.29%,1.50%,1.62%,-0.92%,-1.50%,-4.98%,-2.77%,-6.10%,2.05%,-4.60%,108,109,113,91,104,152,156,116,129,149,-4.34%,-0.60%,27.40%,21.39%,37.05%,163.1%,97.92%,169.2%,-18.44%,-21.75%
2007/11/30,2007/10/31,1.59%,1.29%,-0.16%,0.61%,-4.34%,-3.63%,-3.29%,-4.43%,-3.42%,-9.57%,-4.78%,-6.90%,-6.21%,-16.05%,-4.49%,-13.98%,110,111,112,91,100,147,151,111,125,135,-10.01%,-6.50%,21.32%,13.01%,30.89%,126.3%,79.14%,126.0%,-22.34%,-27.15%
2007/12/31,2007/11/30,0.22%,-0.53%,-0.42%,-1.01%,-1.54%,-1.00%,0.92%,-0.10%,-0.98%,-4.08%,-0.69%,-2.94%,-1.45%,-5.43%,-0.68%,-4.55%,110,110,112,90,98,145,152,111,123,129,-11.60%,-9.37%,20.48%,9.69%,30.00%,116.0%,72.22%,113.7%,-22.87%,-29.29%
2008/01/31,2007/12/31,1.44%,2.63%,-0.53%,-0.78%,1.13%,-3.96%,-8.35%,-6.71%,-5.80%,-2.21%,0.02%,7.16%,2.43%,5.23%,-5.98%,3.08%,112,113,111,90,99,140,140,103,116,126,-11.88%,-7.78%,20.50%,17.54%,22.22%,122.7%,87.82%,124.9%,-22.86%,-24.23%
2008/02/29,2008/01/31,-2.49%,-0.14%,2.90%,0.75%,-4.03%,-5.92%,-2.53%,1.23%,-1.30%,-10.58%,1.49%,-0.80%,2.54%,-5.05%,-3.00%,-4.81%,109,113,115,90,95,131,136,104,115,113,-13.23%,-12.08%,22.30%,16.60%,18.56%,112.0%,84.43%,113.5%,-21.70%,-24.84%
2008/03/31,2008/02/29,2.65%,1.07%,-1.55%,-1.48%,-1.73%,1.31%,0.31%,-0.60%,-1.68%,-4.77%,-3.86%,-5.91%,-5.35%,-8.47%,-0.63%,-6.70%,112,114,113,89,94,133,137,104,113,108,-17.03%,-17.42%,17.58%,9.71%,17.81%,97.79%,73.24%,95.46%,-24.72%,-29.28%
2008/04/30,2008/03/31,-2.23%,0.11%,1.94%,0.42%,0.81%,2.91%,5.54%,5.59%,3.72%,7.12%,-3.44%,-4.39%,-6.09%,-3.21%,4.79%,-1.89%,109,114,115,89,94,137,144,110,117,115,-14.51%,-13.94%,13.54%,4.89%,23.46%,94.06%,61.67%,89.19%,-27.31%,-32.39%
2008/05/31,2008/04/30,-1.11%,0.04%,-0.27%,1.12%,-4.26%,0.76%,3.67%,2.98%,2.76%,-3.92%,-3.09%,-6.71%,-5.07%,-5.93%,1.98%,-3.92%,108,114,115,90,90,138,149,113,120,111,-17.20%,-17.97%,10.03%,-2.15%,25.90%,86.46%,52.14%,77.97%,-29.56%,-36.92%
2008/06/30,2008/05/31,-3.09%,0.60%,-1.25%,-0.64%,-0.06%,-12.02%,-6.64%,-4.63%,-6.13%,-17.51%,0.05%,-8.84%,-0.69%,-21.86%,-8.40%,-19.21%,105,115,113,90,90,121,140,108,113,91,-14.69%,-22.47%,10.08%,-10.79%,15.32%,50.64%,35.69%,39.07%,-29.53%,-42.50%
2008/07/31,2008/06/30,1.91%,-0.39%,-1.71%,1.97%,1.15%,2.57%,-2.81%,-4.18%,0.87%,4.77%,-7.75%,-1.76%,-10.50%,0.67%,-0.54%,1.20%,107,114,111,92,91,125,136,103,114,96,-15.34%,-20.77%,1.55%,-12.36%,14.70%,52.44%,38.04%,40.00%,-34.99%,-43.51%
2008/08/31,2008/07/31,0.06%,1.15%,-0.69%,-0.98%,-3.72%,2.52%,1.75%,1.07%,1.43%,0.55%,-1.04%,3.26%,-2.87%,6.98%,1.65%,6.01%,107,116,110,91,88,128,138,104,116,96,-18.54%,-22.33%,0.50%,-9.50%,16.60%,61.60%,44.05%,49.78%,-35.66%,-41.67%
2008/09/30,2008/08/31,3.35%,2.34%,-1.50%,-3.37%,-7.62%,-4.61%,-8.29%,-9.61%,-10.95%,-17.90%,-8.51%,-8.44%,-9.67%,-16.39%,-8.85%,-13.86%,111,118,109,88,81,122,127,94,103,79,-27.47%,-32.65%,-8.05%,-17.14%,6.28%,39.20%,36.84%,25.23%,-41.14%,-46.59%
2008/10/31,2008/09/30,2.11%,0.78%,-2.93%,-5.38%,-2.85%,-17.09%,-15.00%,-17.56%,-17.26%,-28.15%,-0.79%,-5.72%,2.46%,-25.27%,-17.40%,-23.55%,113,119,106,83,79,101,108,78,85,57,-31.07%,-40.10%,-8.79%,-21.88%,-12.22%,6.42%,28.42%,-6.42%,-41.61%,-49.64%
2008/11/30,2008/10/31,0.87%,-1.89%,-0.25%,1.57%,-4.04%,-10.09%,-10.60%,-6.28%,-4.29%,-15.26%,-8.67%,-11.19%,-10.27%,-26.68%,-7.97%,-23.32%,114,117,105,84,76,91,96,73,81,48,-34.45%,-43.20%,-16.69%,-30.62%,-19.21%,-18.40%,8.70%,-31.38%,-46.67%,-55.28%
2008/12/31,2008/11/30,-0.07%,-1.43%,0.84%,0.29%,1.68%,1.93%,0.62%,2.19%,1.77%,3.40%,-9.24%,-4.94%,-11.41%,-2.32%,2.00%,-0.84%,114,115,106,85,77,93,97,74,83,50,-33.30%,-42.36%,-24.39%,-34.04%,-17.59%,-19.09%,5.61%,-32.98%,-51.60%,-57.48%
2009/01/31,2008/12/31,-3.98%,4.63%,0.75%,-0.19%,-4.34%,-14.86%,-7.10%,-6.29%,-5.35%,-10.83%,9.60%,8.30%,19.46%,3.16%,-8.28%,0.67%,109,121,107,84,74,79,90,70,78,44,-33.54%,-40.04%,-17.13%,-28.57%,-24.42%,-18.55%,15.07%,-30.86%,-46.95%,-53.96%
2009/02/28,2009/01/31,-0.06%,4.30%,-3.25%,-4.53%,-2.48%,-12.77%,-5.81%,-10.64%,-10.52%,-16.50%,-9.74%,-13.17%,-11.37%,-28.01%,-10.22%,-24.06%,109,126,104,81,72,69,85,62,70,37,-35.14%,-42.28%,-25.20%,-37.98%,-32.14%,-38.14%,-0.85%,-50.23%,-52.12%,-60.02%
2009/03/31,2009/02/28,0.72%,1.10%,2.12%,-1.94%,3.64%,10.27%,10.45%,8.98%,5.21%,16.83%,11.21%,24.31%,14.90%,42.96%,8.87%,35.67%,110,127,106,79,75,76,94,68,74,43,-33.25%,-38.49%,-16.82%,-22.90%,-26.13%,-16.08%,25.72%,-28.84%,-46.75%,-50.30%
2009/04/30,2009/03/31,3.33%,5.43%,2.54%,-9.18%,-6.64%,13.99%,15.13%,7.54%,4.56%,20.67%,-3.48%,15.87%,-3.67%,39.19%,10.45%,34.43%,114,134,108,72,70,86,108,73,77,52,-39.90%,-34.38%,-19.72%,-10.66%,-18.40%,12.82%,55.86%,-0.95%,-48.60%,-42.41%
2009/05/31,2009/04/30,-2.55%,0.34%,-1.35%,1.76%,3.96%,4.70%,6.28%,2.98%,5.04%,14.45%,9.37%,16.64%,10.62%,27.40%,5.16%,22.40%,111,135,107,73,72,90,114,75,81,60,-35.99%,-27.98%,-12.20%,4.20%,-14.20%,38.09%,82.75%,26.18%,-43.79%,-32.83%
2009/06/30,2009/05/31,0.56%,-0.32%,-0.61%,0.53%,3.12%,-1.61%,1.29%,0.69%,1.17%,0.09%,-2.42%,-4.21%,-0.78%,-3.77%,0.39%,-2.50%,111,134,106,73,75,89,116,76,82,60,-34.36%,-26.76%,-14.32%,-0.19%,-13.86%,34.63%,77.46%,21.43%,-45.15%,-35.66%
2009/07/31,2009/06/30,-2.17%,-0.64%,1.04%,0.56%,-0.50%,8.81%,6.94%,7.50%,6.76%,12.65%,-4.89%,-0.04%,-8.74%,7.28%,7.78%,7.29%,109,134,107,74,74,97,124,81,88,67,-33.26%,-23.95%,-18.51%,-0.22%,-7.16%,44.45%,76.60%,30.27%,-47.83%,-35.68%
2009/08/31,2009/07/31,-4.83%,0.95%,0.53%,0.34%,3.82%,5.55%,2.45%,1.96%,2.76%,11.89%,15.47%,26.24%,16.48%,37.14%,3.49%,29.27%,104,135,108,74,77,102,127,83,90,75,-27.49%,-19.13%,-5.90%,25.97%,-3.92%,86.73%,122.1%,78.66%,-39.76%,-18.80%
2009/09/30,2009/08/31,-1.63%,1.64%,-0.73%,-1.00%,-1.98%,2.99%,5.09%,4.08%,3.46%,6.81%,1.98%,5.28%,0.37%,9.57%,4.15%,7.99%,102,137,107,73,76,105,133,86,93,80,-27.74%,-16.04%,-4.04%,32.62%,0.06%,101.6%,130.6%,95.76%,-38.57%,-14.51%
2009/10/31,2009/09/30,0.07%,-0.40%,1.80%,0.56%,-0.15%,-4.31%,-1.35%,-0.65%,-3.22%,-6.96%,-4.92%,-6.81%,-7.74%,-14.18%,-2.59%,-12.14%,102,136,109,74,75,101,132,86,90,75,-27.90%,-18.27%,-8.76%,23.59%,-2.53%,77.17%,108.6%,68.01%,-41.59%,-20.33%
2009/11/30,2009/10/31,0.27%,-1.78%,-0.33%,2.97%,-1.43%,6.59%,5.06%,4.94%,6.62%,3.74%,-7.69%,-9.19%,-12.40%,-10.26%,5.59%,-7.50%,102,134,109,76,74,107,138,90,96,78,-29.13%,-20.60%,-15.78%,12.24%,2.92%,63.89%,81.32%,50.77%,-46.08%,-27.65%
2009/12/31,2009/11/30,1.37%,-0.59%,-0.05%,-0.33%,0.43%,1.25%,2.09%,4.29%,3.15%,5.57%,0.16%,1.15%,1.50%,6.26%,2.80%,5.91%,104,133,109,76,75,109,141,94,99,82,-29.80%,-17.16%,-15.64%,13.53%,5.80%,73.57%,86.96%,60.21%,-46.00%,-26.82%
2010/01/31,2009/12/31,1.22%,-1.25%,-1.02%,0.18%,-0.88%,-0.74%,-5.09%,-4.53%,-2.59%,-3.15%,10.86%,17.30%,15.07%,22.00%,-3.38%,16.81%,105,132,108,76,74,108,134,90,97,79,-31.27%,-19.16%,-6.48%,33.17%,2.23%,102.8%,124.7%,95.46%,-40.13%,-14.16%
2010/02/28,2010/01/31,-1.40%,0.48%,1.18%,-0.22%,0.18%,3.06%,2.99%,4.55%,2.78%,4.66%,-2.82%,-4.08%,-3.94%,-2.04%,3.44%,-0.81%,104,132,109,76,74,111,138,94,99,83,-30.19%,-17.86%,-9.12%,27.74%,5.74%,101.1%,115.2%,91.48%,-41.82%,-17.66%
2010/03/31,2010/02/28,1.72%,-0.80%,-0.22%,-0.61%,1.48%,7.77%,4.89%,6.50%,5.64%,9.99%,1.46%,0.91%,3.70%,8.08%,6.36%,7.81%,105,131,109,75,75,120,145,100,105,91,-30.36%,-16.03%,-7.80%,28.91%,12.47%,116.8%,118.3%,106.9%,-40.97%,-16.91%
2010/04/30,2010/03/31,0.27%,1.09%,-0.22%,-1.61%,0.07%,2.59%,1.91%,2.88%,0.62%,3.23%,20.36%,23.49%,27.99%,36.16%,2.11%,29.11%,106,133,108,74,75,123,148,103,106,94,-30.49%,-15.50%,10.98%,59.19%,14.85%,179.9%,177.2%,181.8%,-28.95%,0.00%
2010/05/31,2010/04/30,0.44%,0.21%,-0.09%,-0.40%,3.79%,-8.79%,-7.26%,-7.77%,-7.59%,-7.52%,-5.25%,-7.65%,-7.63%,-17.23%,-7.82%,-14.94%,106,133,108,74,78,112,137,95,98,87,-28.17%,-14.42%,5.15%,47.02%,5.86%,138.1%,157.5%,133.2%,-32.68%,-7.65%
2010/06/30,2010/05/31,2.18%,-1.30%,-0.51%,0.01%,1.15%,-5.85%,-7.13%,-5.51%,-4.47%,-5.53%,-9.14%,-10.00%,-11.40%,-19.20%,-5.53%,-16.20%,108,131,108,74,79,106,127,89,93,82,-28.91%,-14.15%,-4.46%,32.32%,0.01%,99.53%,130.0%,88.45%,-38.84%,-16.88%
2010/07/31,2010/06/30,1.79%,-1.44%,-0.07%,0.21%,0.03%,7.30%,6.76%,7.87%,6.20%,7.03%,0.60%,-1.13%,0.47%,3.51%,7.01%,3.85%,110,129,108,74,79,113,136,96,99,88,-30.16%,-14.38%,-3.88%,30.82%,7.02%,107.2%,122.7%,95.06%,-38.47%,-17.82%
2010/08/31,2010/07/31,-0.78%,2.64%,0.80%,-0.30%,0.31%,-5.98%,-4.63%,-4.54%,-4.06%,-4.49%,-3.19%,-3.75%,-4.60%,-11.72%,-4.66%,-10.60%,109,133,109,74,79,107,129,92,95,84,-29.40%,-13.11%,-6.95%,25.92%,2.02%,85.25%,109.5%,72.19%,-40.43%,-20.90%
2010/09/30,2010/08/31,2.25%,-2.00%,-1.91%,0.62%,0.96%,7.70%,12.19%,10.64%,8.52%,8.46%,0.34%,-0.79%,-0.97%,7.03%,9.41%,7.27%,112,130,106,74,80,115,145,102,103,91,-30.31%,-12.45%,-6.63%,24.92%,11.62%,98.72%,105.0%,84.30%,-40.23%,-21.53%
2010/10/31,2010/09/30,1.04%,-0.55%,-0.93%,0.92%,0.34%,2.31%,4.52%,4.65%,4.16%,3.35%,1.74%,0.48%,2.24%,3.17%,3.89%,3.03%,113,129,105,75,80,117,152,107,107,95,-30.79%,-11.54%,-5.01%,25.52%,15.96%,104.7%,103.3%,90.15%,-39.19%,-21.15%
2010/11/30,2010/10/31,1.27%,0.89%,-0.55%,-0.48%,-0.32%,0.44%,3.76%,1.25%,-0.26%,-2.02%,-3.57%,-4.76%,-5.79%,-4.95%,0.54%,-3.53%,115,130,105,74,80,118,157,108,107,93,-31.89%,-13.72%,-8.39%,19.55%,16.58%,97.52%,95.02%,80.73%,-41.36%,-24.90%
2010/12/31,2010/11/30,-2.47%,-2.18%,-0.60%,0.68%,-0.79%,7.32%,5.78%,5.92%,6.57%,8.82%,-0.43%,1.45%,-0.03%,10.09%,6.70%,9.66%,112,128,104,75,79,127,166,114,114,101,-30.74%,-12.43%,-8.79%,21.28%,24.40%,116.6%,100.8%,98.97%,-41.61%,-23.81%
2011/01/31,2010/12/31,0.86%,-0.59%,1.10%,0.20%,-1.97%,3.04%,0.11%,2.31%,2.70%,1.36%,8.50%,11.84%,11.05%,15.51%,2.06%,11.96%,113,127,105,75,78,130,167,117,117,102,-32.70%,-13.90%,-1.04%,35.64%,26.96%,142.5%,120.7%,129.8%,-36.65%,-14.79%
2011/02/28,2011/01/31,0.39%,0.33%,-0.54%,0.93%,-1.12%,3.98%,4.24%,3.13%,3.87%,2.42%,-0.91%,-1.04%,-1.78%,1.96%,3.59%,2.27%,113,127,105,76,77,136,174,121,122,105,-33.72%,-15.24%,-1.95%,34.24%,31.52%,148.0%,117.7%,134.3%,-37.23%,-15.67%
2011/03/31,2011/02/28,1.08%,0.22%,-1.32%,0.70%,1.57%,-0.65%,1.90%,0.18%,0.82%,-0.10%,-3.25%,-3.34%,-4.29%,-3.79%,0.49%,-2.79%,114,128,103,76,78,135,177,121,123,105,-33.40%,-14.78%,-5.13%,29.76%,32.16%,141.1%,110.6%,125.5%,-39.27%,-18.49%
2011/04/30,2011/03/31,1.44%,-1.41%,-0.14%,0.60%,0.02%,2.22%,2.53%,3.68%,3.70%,2.10%,-2.15%,-2.18%,-2.68%,-1.59%,2.97%,-0.94%,116,126,103,77,78,138,182,125,127,107,-34.35%,-14.88%,-7.17%,26.94%,36.08%,138.8%,102.4%,121.9%,-40.57%,-20.26%
2011/05/31,2011/04/30,1.25%,-0.24%,-0.03%,-0.09%,-0.04%,-1.17%,-1.20%,-1.02%,-0.97%,-2.16%,-1.43%,-1.28%,-1.85%,-3.59%,-1.22%,-3.20%,117,125,103,77,78,136,179,124,126,104,-35.20%,-15.72%,-8.50%,25.31%,34.42%,131.2%,98.36%,113.9%,-41.42%,-21.28%
2011/06/30,2011/05/31,0.35%,1.36%,0.46%,-0.52%,0.16%,-2.00%,-0.91%,-1.42%,-2.06%,-2.34%,-0.59%,0.98%,-0.66%,-0.77%,-1.74%,-1.07%,118,127,104,76,78,133,178,122,123,102,-35.32%,-16.00%,-9.04%,26.54%,32.08%,128.7%,99.69%,112.2%,-41.77%,-20.51%
2011/07/31,2011/06/30,0.37%,1.67%,1.19%,-0.20%,-2.55%,-2.46%,-1.18%,-1.51%,-2.14%,-5.15%,-2.02%,-2.89%,-1.61%,-5.57%,-2.26%,-4.70%,118,129,105,76,76,130,176,120,121,97,-37.20%,-18.26%,-10.87%,22.88%,29.09%,117.9%,94.81%,100.4%,-42.94%,-22.81%
2011/08/31,2011/07/31,0.95%,0.70%,0.95%,0.27%,-1.32%,-6.43%,-6.28%,-5.55%,-4.49%,-7.79%,-4.19%,-4.95%,-5.29%,-13.78%,-5.89%,-12.30%,119,130,106,76,75,122,165,114,115,89,-38.62%,-19.37%,-14.61%,16.79%,21.49%,91.13%,82.32%,72.79%,-45.33%,-26.63%
2011/09/30,2011/08/31,-0.97%,0.16%,1.05%,0.37%,-2.66%,-8.68%,-8.74%,-7.44%,-5.58%,-9.82%,-4.10%,-4.46%,-6.15%,-15.20%,-7.63%,-13.86%,118,130,107,77,73,111,150,105,109,80,-39.67%,-20.29%,-18.11%,11.58%,12.22%,64.64%,70.97%,46.53%,-47.58%,-29.91%
2011/10/31,2011/09/30,0.70%,-2.72%,1.09%,-0.86%,1.34%,11.97%,12.14%,13.37%,8.57%,12.50%,-4.51%,-3.64%,-6.40%,7.23%,11.39%,8.32%,119,127,108,76,74,124,168,119,118,90,-39.28%,-19.87%,-21.80%,7.52%,25.00%,78.34%,65.73%,57.12%,-49.94%,-32.46%
2011/11/30,2011/10/31,0.85%,0.92%,-0.16%,1.67%,-1.71%,-0.35%,0.12%,-0.31%,0.97%,-3.48%,-3.21%,-4.55%,-3.54%,-6.35%,-0.35%,-4.99%,120,128,108,77,73,124,169,119,119,87,-40.84%,-22.37%,-24.31%,2.63%,24.56%,69.45%,58.04%,47.14%,-51.55%,-35.53%
2011/12/31,2011/11/30,1.63%,-0.79%,0.18%,1.19%,-0.58%,2.58%,-0.55%,0.42%,1.65%,0.50%,-1.15%,0.26%,-0.85%,1.43%,0.85%,1.35%,122,127,108,78,73,127,168,120,121,88,-42.14%,-23.99%,-25.19%,2.90%,25.62%,71.74%,58.84%,49.25%,-52.10%,-35.36%
2012/01/31,2011/12/31,-1.80%,-3.10%,0.44%,-0.90%,1.61%,3.88%,4.05%,5.54%,4.13%,9.99%,8.58%,14.17%,10.94%,24.56%,5.09%,20.30%,120,123,109,77,74,132,174,126,126,97,-40.17%,-19.34%,-18.76%,17.48%,32.02%,106.6%,83.00%,85.90%,-47.99%,-26.20%
2012/02/29,2012/01/31,-1.07%,-0.31%,1.81%,-1.65%,-0.93%,3.09%,3.67%,5.96%,3.06%,5.14%,3.71%,4.35%,4.44%,8.23%,4.25%,6.92%,119,123,111,76,73,136,181,134,130,101,-40.09%,-17.69%,-15.75%,22.60%,37.63%,120.9%,87.89%,101.2%,-46.06%,-22.99%
2012/03/31,2012/02/29,1.40%,0.03%,-0.13%,-0.45%,0.24%,4.13%,2.92%,2.75%,2.12%,4.46%,2.81%,3.45%,4.81%,8.47%,3.15%,7.43%,120,123,111,76,73,142,186,137,133,106,-40.78%,-17.42%,-13.38%,26.82%,41.95%,137.3%,95.95%,118.2%,-44.55%,-20.33%
2012/04/30,2012/03/31,2.27%,0.79%,-0.06%,0.58%,-0.70%,0.34%,-0.31%,-0.89%,-0.25%,-3.88%,1.75%,0.17%,3.19%,-0.48%,-0.69%,-0.53%,123,124,111,76,73,142,186,136,133,102,-42.54%,-20.91%,-11.86%,27.03%,40.97%,136.1%,96.27%,117.2%,-43.58%,-20.20%
2012/05/31,2012/04/30,2.54%,-0.92%,-0.31%,0.81%,0.27%,-4.02%,-7.40%,-6.09%,-4.54%,-10.51%,1.18%,-1.93%,2.42%,-8.05%,-6.09%,-7.47%,126,123,110,77,73,137,172,128,127,91,-43.84%,-26.04%,-10.82%,24.59%,32.39%,118.4%,93.55%,99.70%,-42.91%,-21.74%
2012/06/30,2012/05/31,1.35%,-1.50%,-0.32%,0.31%,0.67%,5.04%,3.21%,3.38%,3.58%,5.12%,-3.03%,-2.64%,-3.97%,0.76%,3.98%,1.55%,128,121,110,77,73,143,177,132,131,96,-44.22%,-25.98%,-13.53%,21.30%,37.67%,121.8%,88.84%,101.2%,-44.64%,-23.80%
2012/07/31,2012/06/30,0.01%,0.84%,0.20%,0.40%,-0.18%,0.76%,0.52%,1.57%,1.00%,-0.31%,0.55%,-0.21%,1.07%,-1.11%,0.87%,-1.04%,128,122,110,77,73,145,178,134,132,96,-44.32%,-26.77%,-13.05%,21.04%,38.87%,119.5%,85.22%,98.99%,-44.34%,-23.96%
2012/08/31,2012/07/31,-1.52%,0.47%,1.03%,0.03%,-1.26%,1.11%,3.66%,3.17%,1.89%,2.64%,0.42%,2.24%,0.34%,5.81%,2.50%,5.14%,126,122,111,77,72,146,185,138,135,98,-44.18%,-25.65%,-12.69%,23.76%,42.34%,130.8%,90.10%,110.6%,-44.11%,-22.26%
2012/09/30,2012/08/31,0.09%,-0.43%,-1.21%,0.73%,1.05%,2.89%,2.46%,1.24%,2.86%,4.60%,1.28%,4.55%,1.51%,9.02%,2.56%,7.65%,126,122,110,78,73,150,189,140,139,103,-43.65%,-24.38%,-11.58%,29.39%,45.99%,148.4%,99.78%,129.5%,-43.39%,-18.72%
2012/10/31,2012/09/30,-0.41%,0.46%,-1.50%,0.93%,2.83%,-1.31%,-3.14%,-3.38%,-1.06%,2.23%,-1.74%,1.25%,-2.33%,0.25%,-1.70%,-0.13%,125,122,108,79,75,148,183,135,137,105,-41.82%,-21.70%,-13.11%,31.00%,43.50%,148.1%,102.9%,130.1%,-44.38%,-17.71%
2012/11/30,2012/10/31,-0.21%,0.84%,-0.52%,0.44%,-1.10%,0.44%,2.16%,0.42%,1.22%,-0.81%,-0.82%,-0.77%,-1.90%,-0.88%,0.66%,-0.65%,125,123,108,79,74,149,187,136,139,104,-42.34%,-22.68%,-13.83%,29.99%,44.45%,146.5%,100.3%,128.1%,-44.83%,-18.34%
2012/12/31,2012/11/30,0.53%,0.88%,-0.88%,-0.01%,0.47%,2.02%,1.22%,-0.42%,0.77%,3.94%,-4.24%,0.57%,-6.04%,3.56%,1.26%,3.39%,126,124,107,79,75,152,190,135,140,108,-42.37%,-21.19%,-17.48%,30.74%,46.27%,154.9%,104.6%,136.2%,-47.17%,-17.87%
2013/01/31,2012/12/31,0.34%,-0.19%,-2.34%,2.05%,0.87%,5.73%,5.92%,3.03%,6.91%,7.57%,6.62%,7.85%,8.36%,15.86%,5.53%,13.51%,126,124,104,81,75,161,201,140,150,116,-42.07%,-19.74%,-12.02%,41.00%,54.35%,189.3%,120.9%,173.7%,-43.68%,-11.43%
2013/02/28,2013/01/31,0.18%,-0.31%,-0.25%,0.84%,0.04%,1.58%,1.23%,0.98%,1.78%,0.96%,1.52%,1.58%,1.83%,3.06%,1.30%,2.58%,127,124,104,81,75,163,203,141,152,117,-42.15%,-20.24%,-10.68%,43.23%,56.35%,196.8%,123.7%,182.0%,-42.82%,-10.03%
2013/03/31,2013/02/28,-0.24%,-2.12%,-0.01%,1.78%,1.87%,4.05%,2.70%,3.75%,5.12%,5.36%,0.78%,0.35%,0.61%,4.72%,4.00%,4.61%,126,121,104,83,77,170,209,146,160,124,-40.93%,-19.20%,-9.99%,43.73%,62.60%,210.5%,125.1%,195.3%,-42.38%,-9.71%
2013/04/30,2013/03/31,0.29%,-0.38%,0.12%,0.92%,0.48%,1.81%,1.20%,1.56%,2.20%,1.82%,0.67%,-0.22%,0.39%,-0.18%,1.68%,-0.11%,127,121,104,84,77,173,211,148,164,126,-40.81%,-19.19%,-9.38%,43.42%,65.33%,210.1%,121.1%,194.8%,-41.99%,-9.91%
2013/05/31,2013/04/30,-0.26%,-0.34%,0.06%,-1.39%,0.49%,2.83%,2.21%,1.77%,0.52%,6.83%,1.04%,3.32%,0.35%,7.94%,2.46%,6.95%,126,120,104,82,78,178,216,151,165,135,-40.37%,-15.95%,-8.44%,48.17%,69.40%,231.7%,131.0%,218.3%,-41.38%,-6.92%
2013/06/30,2013/05/31,0.80%,0.43%,-0.79%,0.12%,-1.02%,-0.38%,-0.94%,-1.93%,-0.72%,-2.38%,-0.83%,-1.35%,-0.20%,-1.75%,-1.25%,-1.35%,127,121,103,82,77,177,214,148,163,131,-41.45%,-17.63%,-9.20%,46.18%,67.28%,227.2%,130.8%,212.7%,-41.87%,-8.17%
2013/07/31,2013/06/30,-1.50%,-2.36%,0.67%,3.10%,-0.14%,4.49%,4.03%,5.49%,7.46%,7.13%,1.60%,3.13%,1.69%,10.67%,5.46%,9.73%,125,118,104,85,77,185,223,156,176,141,-40.66%,-15.45%,-7.74%,50.75%,76.41%,259.1%,140.6%,246.1%,-40.94%,-5.30%
2013/08/31,2013/07/31,-0.32%,-0.00%,-0.27%,-1.11%,1.41%,-3.65%,-2.51%,-1.78%,-3.14%,-4.17%,3.17%,3.04%,4.60%,0.73%,-2.84%,-0.18%,125,118,104,84,78,178,217,154,170,135,-39.63%,-15.89%,-4.82%,55.34%,71.40%,258.4%,147.0%,248.6%,-39.07%,-2.42%
2013/09/30,2013/08/31,0.84%,-0.57%,-0.92%,0.49%,-0.19%,4.55%,4.90%,2.50%,4.08%,2.88%,0.35%,-0.39%,0.90%,4.54%,3.76%,4.66%,126,117,103,85,78,187,228,157,177,139,-40.25%,-17.29%,-4.48%,54.73%,77.84%,275.1%,149.3%,264.4%,-38.85%,-2.80%
2013/10/31,2013/09/30,-0.54%,0.59%,0.28%,0.59%,-1.21%,3.91%,4.45%,4.22%,4.17%,4.08%,-0.83%,-0.57%,-2.17%,2.25%,4.19%,2.42%,125,118,103,85,77,194,238,164,184,144,-40.65%,-17.16%,-5.27%,53.85%,85.29%,284.2%,144.8%,272.6%,-39.36%,-3.35%
2013/11/30,2013/10/31,-1.23%,-1.50%,0.39%,0.15%,1.24%,1.98%,1.98%,3.21%,2.77%,5.43%,0.76%,0.59%,0.55%,4.14%,2.86%,3.96%,124,116,103,85,78,198,243,169,190,152,-39.19%,-14.30%,-4.55%,54.75%,90.59%,299.4%,147.5%,288.0%,-38.89%,-2.79%
2013/12/31,2013/11/30,0.61%,-0.13%,-0.88%,0.04%,-0.95%,3.36%,2.79%,2.21%,2.51%,1.98%,-0.27%,-0.10%,-1.23%,1.64%,2.61%,1.67%,125,116,103,85,77,204,249,173,194,155,-40.14%,-15.49%,-4.80%,54.60%,95.56%,306.1%,145.2%,294.4%,-39.06%,-2.88%
2014/01/31,2013/12/31,-0.71%,-0.34%,-0.56%,1.26%,3.32%,-4.24%,-3.50%,-3.48%,-1.40%,-2.52%,5.56%,6.22%,8.39%,6.04%,-3.13%,4.17%,124,116,102,86,79,196,241,167,192,151,-37.73%,-14.04%,0.49%,64.22%,89.43%,323.0%,163.1%,318.2%,-35.67%,0.00%
2014/02/28,2014/01/31,-0.05%,0.02%,-0.30%,0.65%,0.06%,4.58%,5.12%,4.41%,5.07%,3.97%,2.27%,1.81%,2.31%,6.25%,4.67%,5.71%,124,116,102,87,79,205,253,174,201,157,-37.66%,-14.56%,2.77%,67.19%,98.28%,347.1%,165.8%,344.3%,-34.21%,0.00%
2014/03/31,2014/02/28,-0.61%,0.19%,2.09%,0.73%,-2.34%,0.26%,-0.73%,1.15%,0.32%,2.19%,-1.36%,0.92%,-1.88%,1.40%,0.51%,1.13%,123,116,104,87,78,205,251,176,202,161,-38.73%,-12.90%,1.37%,68.72%,99.29%,352.2%,167.5%,350.6%,-35.10%,0.00%
2014/04/30,2014/03/31,-0.71%,1.00%,0.19%,1.53%,-0.63%,-1.12%,-0.24%,0.94%,1.11%,-1.16%,0.11%,0.10%,-0.17%,-3.11%,-0.02%,-3.14%,122,117,104,89,77,203,250,178,204,159,-38.68%,-12.93%,1.48%,68.89%,99.24%,338.0%,159.2%,336.5%,-35.03%,0.00%
2014/05/31,2014/04/30,0.43%,0.35%,-0.04%,0.44%,-0.72%,2.23%,2.22%,1.95%,3.08%,0.57%,-1.79%,-2.60%,-2.26%,-2.95%,2.10%,-2.17%,122,117,104,89,77,207,256,181,210,160,-39.39%,-14.38%,-0.33%,64.51%,103.4%,328.5%,148.1%,323.7%,-36.20%,-2.60%
2014/06/30,2014/05/31,-0.81%,-0.17%,-0.47%,0.72%,-0.30%,2.22%,2.97%,2.25%,2.18%,3.06%,-1.03%,-1.84%,-2.11%,1.73%,2.50%,2.29%,121,117,103,90,76,212,264,186,215,165,-39.08%,-13.65%,-1.36%,61.47%,108.5%,338.3%,147.6%,331.0%,-36.85%,-4.39%
2014/07/31,2014/06/30,-0.11%,0.74%,-0.95%,-0.01%,2.11%,-2.52%,-1.97%,-1.99%,-1.58%,-1.62%,3.14%,5.31%,5.01%,2.74%,-1.95%,1.15%,121,118,102,90,78,207,258,182,212,162,-37.73%,-12.87%,1.74%,70.04%,104.4%,343.3%,155.2%,342.8%,-34.87%,0.00%
2014/08/31,2014/07/31,-0.57%,-1.25%,0.80%,0.77%,0.24%,3.70%,3.32%,4.91%,4.51%,4.57%,-1.26%,-1.63%,-1.97%,1.56%,4.18%,2.06%,121,117,103,90,78,214,267,191,221,170,-37.23%,-12.11%,0.46%,67.26%,113.0%,352.4%,149.8%,349.8%,-35.69%,-1.63%
2014/09/30,2014/08/31,-0.07%,-0.81%,-0.54%,-0.43%,2.86%,-2.48%,-2.29%,-1.45%,-1.96%,-2.26%,-1.96%,-2.82%,-2.31%,-7.81%,-2.09%,-6.96%,121,116,103,90,80,209,261,188,217,166,-35.39%,-11.93%,-1.51%,62.54%,108.5%,320.9%,137.6%,314.6%,-36.95%,-4.41%
2014/10/31,2014/09/30,0.87%,-1.29%,0.90%,0.86%,-0.23%,3.61%,1.51%,3.54%,2.33%,2.91%,-3.70%,-4.77%,-5.01%,-1.53%,2.74%,-0.10%,122,114,104,91,80,217,265,195,222,171,-36.10%,-12.54%,-5.16%,54.79%,114.2%,320.5%,130.9%,308.3%,-39.28%,-8.97%
2014/11/30,2014/10/31,-0.95%,-0.16%,0.01%,0.84%,2.06%,1.16%,2.84%,3.88%,2.77%,1.88%,0.06%,-0.71%,-0.78%,-1.11%,2.53%,-0.89%,120,114,104,92,82,219,272,202,228,174,-34.18%,-11.91%,-5.10%,53.69%,119.7%,316.7%,123.0%,303.7%,-39.25%,-9.62%
2014/12/31,2014/11/30,-0.13%,0.35%,0.31%,-0.31%,0.26%,0.54%,-0.34%,-0.96%,-0.20%,1.75%,-3.71%,-2.57%,-5.45%,-1.90%,-0.03%,-1.13%,120,114,104,91,82,220,271,200,228,177,-33.92%,-10.84%,-8.62%,49.73%,119.6%,312.0%,120.5%,296.1%,-41.50%,-11.94%
2015/01/31,2014/12/31,1.41%,-1.21%,1.28%,1.10%,-1.02%,-2.21%,-2.88%,-1.35%,-0.61%,-8.02%,-0.01%,-2.13%,0.01%,-6.52%,-2.75%,-5.88%,122,113,105,92,81,215,264,198,226,163,-35.52%,-16.03%,-8.63%,46.54%,113.6%,287.8%,113.6%,270.2%,-41.51%,-13.82%
2015/02/28,2015/01/31,-1.04%,0.97%,-1.28%,-0.97%,1.06%,4.54%,7.09%,5.35%,4.21%,7.57%,2.65%,2.66%,2.87%,8.38%,5.76%,7.59%,121,114,104,91,82,225,282,208,236,175,-34.17%,-13.48%,-6.21%,50.43%,125.9%,317.2%,117.5%,301.3%,-39.96%,-11.53%
2015/03/31,2015/02/28,0.44%,-0.31%,-0.19%,-0.85%,0.46%,-0.37%,-1.83%,-0.72%,-0.63%,-1.22%,-0.80%,-1.37%,-0.90%,-1.07%,-1.06%,-0.66%,121,114,104,91,82,224,277,207,234,173,-34.16%,-14.21%,-6.96%,48.37%,123.5%,314.4%,118.4%,297.0%,-40.44%,-12.74%
2015/04/30,2015/03/31,0.22%,-0.02%,0.60%,0.77%,-1.27%,0.71%,0.26%,-0.22%,-0.53%,2.32%,0.52%,4.58%,2.33%,6.75%,0.40%,5.37%,122,114,104,91,81,226,278,206,233,177,-35.13%,-12.83%,-6.48%,55.17%,124.4%,336.7%,129.2%,323.8%,-40.13%,-8.75%
2015/05/31,2015/04/30,-1.16%,-0.50%,0.26%,0.19%,1.75%,-0.03%,1.13%,2.62%,2.41%,1.12%,-0.16%,-3.48%,-1.87%,-4.30%,1.29%,-3.26%,120,113,105,92,83,226,281,212,239,179,-33.25%,-11.83%,-6.63%,49.78%,127.3%,322.5%,118.8%,305.5%,-40.23%,-11.92%
2015/06/30,2015/05/31,0.26%,-0.27%,-0.77%,-1.78%,1.26%,-1.04%,-2.31%,-1.70%,-1.79%,-0.67%,-1.75%,-3.09%,-2.04%,-3.97%,-1.63%,-3.04%,120,113,104,90,84,224,275,208,234,178,-32.58%,-11.51%,-8.26%,45.14%,123.6%,309.6%,115.7%,289.4%,-41.27%,-14.64%
2015/07/31,2015/06/30,0.22%,-1.30%,-1.99%,1.03%,5.90%,0.22%,2.41%,1.52%,3.03%,1.56%,-0.21%,-5.95%,-1.24%,-9.69%,1.67%,-7.91%,121,111,102,91,89,224,281,211,241,180,-28.74%,-10.32%,-8.45%,36.51%,127.3%,277.2%,95.05%,251.7%,-41.39%,-19.72%
2015/08/31,2015/07/31,-0.74%,1.41%,0.69%,-0.66%,-1.14%,-6.08%,-5.43%,-6.39%,-6.46%,-5.77%,1.34%,6.58%,1.90%,3.66%,-5.98%,1.69%,120,113,102,90,88,210,266,198,226,170,-29.02%,-10.04%,-7.23%,45.49%,113.7%,283.6%,110.0%,264.5%,-40.61%,-14.44%
2015/09/30,2015/08/31,0.23%,1.19%,0.83%,-1.49%,-1.58%,-2.51%,-2.03%,-2.29%,-3.71%,-4.66%,-1.71%,-3.30%,-1.50%,-7.81%,-2.82%,-6.82%,120,114,103,89,86,205,261,193,217,162,-30.30%,-11.97%,-8.81%,40.68%,107.7%,257.4%,101.6%,236.1%,-41.62%,-17.27%
2015/10/31,2015/09/30,1.37%,-1.71%,0.55%,0.47%,0.67%,8.37%,5.60%,8.74%,7.16%,9.01%,-2.72%,-0.18%,-4.88%,5.04%,7.68%,5.10%,122,112,104,89,87,222,275,210,233,177,-30.79%,-11.41%,-11.29%,40.43%,123.6%,275.7%,96.41%,253.0%,-43.21%,-17.41%
2015/11/30,2015/10/31,-0.10%,-0.56%,0.51%,-0.84%,1.51%,0.50%,0.76%,0.38%,-0.23%,1.89%,-4.23%,-4.59%,-6.33%,-4.13%,0.55%,-2.76%,122,112,104,89,88,223,277,211,233,180,-29.68%,-10.18%,-15.04%,33.99%,124.8%,265.3%,89.92%,238.4%,-45.61%,-21.20%
2015/12/31,2015/11/30,-1.13%,0.48%,-1.70%,0.74%,1.53%,-3.38%,-0.83%,-3.29%,-0.65%,-2.44%,-0.56%,-1.22%,-1.54%,-6.55%,-2.07%,-6.19%,120,112,103,89,90,216,275,204,231,176,-27.81%,-9.34%,-15.52%,32.36%,120.2%,242.7%,82.09%,216.3%,-45.92%,-22.16%
2016/01/31,2015/12/31,0.03%,2.34%,0.01%,-0.65%,-4.27%,-5.51%,-3.35%,-5.67%,-6.15%,-9.97%,-5.74%,-7.48%,-7.89%,-16.86%,-5.64%,-14.62%,120,115,103,89,86,204,266,192,217,158,-30.91%,-13.39%,-20.37%,22.46%,107.8%,192.6%,65.75%,162.9%,-49.02%,-27.98%
2016/02/29,2016/01/31,-0.03%,0.46%,0.19%,1.82%,-2.11%,-0.24%,-0.04%,0.25%,1.28%,-2.20%,-2.19%,-1.49%,-3.37%,-2.28%,-0.05%,-1.83%,120,115,103,90,84,203,266,193,220,155,-32.35%,-15.09%,-22.12%,20.64%,107.6%,187.2%,62.80%,156.9%,-50.14%,-29.05%
2016/03/31,2016/02/29,1.77%,0.64%,0.03%,0.18%,-0.38%,8.27%,6.80%,6.84%,5.59%,8.41%,4.89%,10.06%,6.52%,21.15%,7.08%,18.14%,122,116,103,90,84,220,284,206,232,168,-33.80%,-14.97%,-18.31%,32.77%,122.4%,239.3%,80.79%,211.3%,-47.71%,-21.92%
2016/04/30,2016/03/31,1.86%,-0.13%,-3.84%,2.58%,0.92%,2.85%,-0.26%,-2.95%,2.39%,3.27%,1.51%,3.95%,3.14%,8.46%,0.81%,7.28%,125,116,99,93,85,227,283,200,237,173,-34.42%,-14.62%,-17.08%,38.01%,124.2%,264.0%,92.48%,237.6%,-46.91%,-18.84%
2016/05/31,2016/04/30,-0.14%,-1.09%,1.62%,-0.52%,0.04%,1.29%,1.16%,3.70%,1.44%,1.54%,-2.07%,-3.83%,-3.02%,-3.89%,1.79%,-2.74%,124,115,101,92,85,229,286,207,241,176,-34.30%,-14.40%,-18.79%,32.72%,128.2%,254.0%,83.75%,224.5%,-48.01%,-21.95%
2016/06/30,2016/05/31,1.80%,-0.42%,-0.21%,1.39%,-3.46%,1.48%,0.27%,-0.13%,1.58%,-4.00%,1.83%,0.23%,2.29%,0.70%,0.26%,0.63%,127,114,100,94,82,233,287,207,245,169,-37.76%,-19.09%,-17.31%,33.03%,128.8%,256.2%,84.42%,226.7%,-47.06%,-21.77%
2016/07/31,2016/06/30,-2.01%,0.23%,1.52%,0.66%,1.45%,1.90%,3.68%,5.31%,4.07%,6.23%,1.41%,3.98%,1.13%,9.64%,3.96%,8.44%,124,115,102,94,83,237,298,218,255,179,-35.61%,-15.59%,-16.14%,38.33%,137.9%,286.3%,92.68%,258.2%,-46.31%,-18.65%
2016/08/31,2016/07/31,-1.05%,-0.10%,0.52%,-0.23%,1.92%,-0.08%,-0.41%,0.17%,-0.39%,3.75%,-0.10%,1.54%,-0.28%,4.28%,0.32%,3.82%,123,114,102,94,84,237,296,218,254,186,-33.69%,-12.36%,-16.22%,40.46%,138.6%,301.1%,99.43%,273.6%,-46.36%,-17.40%
2016/09/30,2016/08/31,0.93%,-0.82%,0.33%,-0.92%,-0.50%,0.95%,-0.19%,0.52%,-0.37%,-0.26%,0.67%,1.59%,0.65%,3.05%,0.19%,2.57%,124,114,103,93,84,239,296,220,253,185,-34.65%,-13.42%,-15.66%,42.70%,139.1%,311.4%,104.2%,285.0%,-46.00%,-16.08%
2016/10/31,2016/09/30,-1.55%,0.48%,0.50%,-0.49%,2.31%,-2.86%,-2.41%,-1.95%,-3.26%,1.20%,-1.53%,-3.13%,-2.69%,-8.23%,-2.12%,-7.29%,122,114,103,93,86,233,289,215,244,188,-32.12%,-9.91%,-16.94%,38.23%,134.0%,281.4%,93.62%,253.3%,-46.83%,-18.71%
2016/11/30,2016/10/31,0.41%,1.06%,-1.51%,0.88%,1.36%,5.81%,3.70%,1.50%,2.35%,12.01%,1.50%,1.51%,0.29%,11.04%,4.59%,10.59%,123,115,102,93,87,246,299,219,250,210,-31.48%,-4.33%,-15.69%,40.31%,144.7%,321.8%,105.2%,292.3%,-46.03%,-17.48%
2016/12/31,2016/11/30,0.32%,-1.22%,1.09%,1.00%,-1.37%,2.53%,-0.14%,1.93%,2.33%,3.20%,0.53%,0.79%,1.24%,4.13%,1.94%,3.89%,123,114,103,94,86,252,299,223,256,217,-32.64%,-3.68%,-15.25%,41.42%,149.5%,338.2%,109.2%,308.5%,-45.75%,-16.83%
2017/01/31,2016/12/31,-0.54%,0.64%,-0.84%,0.13%,0.44%,0.94%,3.02%,1.98%,2.50%,1.01%,1.99%,3.83%,2.47%,5.26%,1.89%,4.11%,122,115,102,95,86,255,308,227,262,219,-31.98%,-3.62%,-13.56%,46.83%,154.2%,356.2%,113.9%,330.0%,-44.66%,-13.65%
2017/02/28,2017/01/31,-0.78%,-1.51%,1.86%,0.46%,1.14%,2.37%,2.38%,6.02%,4.29%,4.45%,-2.35%,-2.04%,-2.78%,-0.72%,3.64%,-0.11%,121,113,104,95,87,261,315,241,274,229,-30.68%,-1.62%,-15.59%,43.83%,163.5%,355.7%,105.9%,326.9%,-45.96%,-15.42%
2017/03/31,2017/02/28,-0.21%,0.40%,0.45%,-0.95%,-0.05%,-0.38%,1.16%,1.54%,-0.46%,-1.94%,-2.44%,-1.97%,-3.29%,-2.41%,0.13%,-1.82%,121,113,104,94,87,260,319,245,272,224,-30.57%,-3.16%,-17.65%,41.00%,163.8%,347.4%,101.9%,316.6%,-47.28%,-17.08%
2017/04/30,2017/03/31,-0.20%,1.51%,-1.12%,-0.70%,-0.05%,0.65%,2.88%,0.73%,0.75%,0.21%,-2.24%,-2.79%,-3.08%,-2.32%,1.11%,-1.48%,121,115,103,93,87,261,328,246,274,225,-30.46%,-3.59%,-19.50%,37.07%,166.7%,340.8%,96.63%,306.9%,-48.47%,-19.39%
2017/05/31,2017/04/30,-0.58%,0.02%,0.58%,-0.49%,-0.57%,0.09%,2.21%,2.62%,1.34%,-1.36%,-2.79%,-3.19%,-3.92%,-5.58%,1.06%,-4.63%,120,115,104,93,87,262,335,253,278,222,-30.46%,-4.98%,-21.75%,32.70%,169.6%,320.4%,85.45%,284.2%,-49.90%,-21.96%
2017/06/30,2017/05/31,-0.34%,-0.74%,-0.82%,1.42%,2.24%,0.63%,-0.41%,-0.34%,1.73%,4.29%,0.64%,3.65%,1.62%,8.13%,0.90%,7.04%,120,114,103,94,89,263,334,252,283,231,-28.67%,-1.51%,-21.25%,37.54%,172.0%,350.0%,96.83%,315.5%,-49.58%,-19.11%
2017/07/31,2017/06/30,-0.05%,0.66%,0.79%,-0.75%,-1.31%,1.78%,2.63%,2.69%,1.26%,1.24%,-0.58%,-1.15%,-1.16%,-1.19%,1.93%,-0.84%,120,115,104,94,87,268,343,259,286,234,-29.56%,-2.05%,-21.70%,35.97%,177.2%,346.2%,91.37%,310.5%,-49.88%,-20.04%
2017/08/31,2017/07/31,-0.82%,-0.79%,2.63%,-0.04%,-1.32%,-0.67%,0.08%,3.19%,0.65%,-2.17%,-2.60%,-4.22%,-3.39%,-6.86%,0.26%,-5.59%,119,114,106,93,86,266,343,267,288,229,-29.91%,-3.52%,-23.74%,30.23%,177.9%,321.3%,80.18%,282.4%,-51.18%,-23.42%
2017/09/30,2017/08/31,0.34%,0.44%,-1.43%,0.55%,-0.59%,2.93%,2.27%,0.36%,2.24%,5.01%,1.15%,2.12%,1.23%,8.78%,2.47%,8.15%,119,115,105,94,86,274,351,268,295,241,-30.56%,-1.51%,-22.86%,32.99%,184.8%,355.6%,90.41%,316.0%,-50.62%,-21.79%
2017/10/31,2017/09/30,-1.01%,0.80%,3.48%,-2.10%,-1.82%,1.30%,3.01%,5.65%,0.14%,1.80%,-0.83%,-3.03%,-1.33%,-3.50%,2.24%,-2.59%,118,115,109,92,84,278,361,283,295,245,-31.13%,-1.01%,-23.51%,28.96%,191.2%,343.8%,81.22%,301.4%,-51.03%,-24.16%
2017/11/30,2017/10/31,2.08%,0.73%,-1.53%,-1.06%,-1.71%,4.91%,3.45%,2.11%,2.39%,2.32%,-1.38%,-0.20%,-0.75%,3.10%,3.22%,3.16%,120,116,107,91,83,291,374,289,302,251,-33.74%,-3.57%,-24.56%,28.70%,200.6%,357.8%,81.10%,313.8%,-51.71%,-24.31%
2017/12/31,2017/11/30,0.55%,0.78%,-0.86%,-1.26%,0.60%,1.58%,1.41%,0.67%,0.17%,1.85%,0.30%,1.78%,0.57%,2.73%,1.10%,2.19%,121,117,106,90,83,296,379,291,303,255,-33.71%,-3.30%,-24.33%,31.00%,203.8%,367.8%,83.09%,325.1%,-51.56%,-22.96%
2018/01/31,2017/12/31,0.17%,0.11%,0.63%,-2.21%,-1.75%,5.59%,4.57%,7.49%,3.96%,4.73%,2.55%,1.53%,3.25%,4.21%,5.34%,3.76%,121,117,107,88,82,312,396,313,315,267,-34.98%,-4.14%,-22.40%,33.00%,220.1%,385.4%,80.19%,343.0%,-50.32%,-21.79%
2018/02/28,2018/01/31,-1.83%,-1.08%,1.32%,1.20%,1.12%,-5.16%,-3.99%,-2.70%,-2.36%,-3.44%,1.08%,-1.00%,0.24%,-5.50%,-3.65%,-5.20%,119,116,108,89,83,296,380,304,307,258,-33.06%,-2.49%,-21.56%,31.66%,208.4%,360.1%,77.39%,318.6%,-49.79%,-22.57%
2018/03/31,2018/02/28,1.96%,-0.18%,0.75%,-0.59%,-1.44%,-0.59%,-1.60%,-2.36%,-2.60%,-3.82%,0.41%,2.82%,0.77%,4.69%,-1.98%,3.84%,121,116,109,88,82,294,374,297,299,248,-35.33%,-5.64%,-21.24%,35.38%,202.3%,377.8%,87.71%,338.3%,-49.58%,-20.39%
2018/04/30,2018/03/31,2.67%,-1.09%,-0.51%,-1.65%,-0.50%,3.18%,-0.78%,-0.25%,-1.25%,0.40%,0.16%,-0.44%,-0.11%,0.37%,0.43%,0.50%,125,115,108,87,81,304,371,296,296,249,-37.38%,-8.26%,-21.12%,34.78%,203.6%,380.2%,87.85%,339.9%,-49.50%,-20.74%
2018/05/31,2018/04/30,-0.25%,0.05%,2.36%,-1.79%,-2.39%,2.68%,3.02%,5.69%,1.16%,0.38%,0.08%,-0.93%,-0.81%,3.67%,2.78%,3.95%,124,115,111,85,79,312,383,313,299,250,-38.72%,-10.37%,-21.06%,33.52%,212.0%,399.2%,90.04%,356.0%,-49.46%,-21.48%
2018/06/30,2018/05/31,1.87%,0.45%,-2.25%,-0.52%,-0.02%,2.18%,1.23%,-0.85%,0.88%,-0.68%,-1.19%,5.42%,-1.35%,8.17%,0.75%,6.54%,127,115,108,85,79,319,387,311,302,248,-39.87%,-12.93%,-22.00%,40.77%,214.4%,431.8%,101.0%,393.3%,-50.07%,-17.22%
2018/07/31,2018/06/30,-0.81%,-1.27%,-0.12%,2.34%,0.50%,2.54%,2.05%,2.87%,5.55%,4.71%,-2.04%,-1.38%,-3.30%,-0.66%,3.27%,-0.25%,126,114,108,87,80,327,395,319,318,260,-39.08%,-11.04%,-23.59%,38.83%,224.7%,430.5%,93.96%,390.0%,-51.08%,-18.36%
2018/08/31,2018/07/31,1.19%,-0.16%,-0.39%,-0.87%,-1.72%,4.42%,4.25%,5.16%,2.19%,0.03%,-1.44%,-4.87%,-1.02%,-2.17%,3.55%,-0.71%,127,114,108,86,78,341,412,336,325,260,-40.86%,-14.95%,-24.69%,32.07%,236.2%,426.7%,85.69%,379.4%,-51.79%,-22.33%
2018/09/30,2018/08/31,0.37%,-0.65%,-0.27%,1.30%,-1.74%,0.40%,-0.04%,0.11%,1.67%,-2.57%,0.10%,-0.24%,-0.22%,-2.18%,0.10%,-2.11%,128,113,108,87,77,343,412,336,331,254,-42.10%,-17.47%,-24.61%,31.76%,236.6%,415.6%,81.58%,368.9%,-51.74%,-22.52%
2018/10/31,2018/09/30,0.54%,0.77%,2.94%,-1.07%,0.74%,-7.49%,-7.62%,-7.11%,-7.40%,-6.09%,-2.70%,-1.76%,-2.77%,-10.86%,-7.27%,-10.34%,128,114,111,86,77,317,381,312,306,238,-41.98%,-16.32%,-26.64%,29.43%,212.1%,362.3%,76.00%,318.0%,-53.04%,-23.88%
2018/11/30,2018/10/31,1.38%,-0.31%,-2.41%,2.81%,-1.33%,3.36%,1.41%,-0.77%,4.63%,1.14%,-4.64%,-4.51%,-6.62%,-4.90%,1.99%,-3.55%,130,113,108,89,76,328,386,310,320,241,-43.55%,-18.17%,-30.05%,23.59%,218.3%,345.9%,66.25%,297.5%,-55.22%,-27.32%
2018/12/31,2018/11/30,-0.18%,0.43%,0.35%,-1.38%,1.07%,-9.81%,-8.88%,-8.29%,-8.82%,-11.49%,-5.66%,-6.28%,-7.39%,-19.52%,-9.28%,-17.64%,130,114,108,88,77,295,352,284,292,213,-42.85%,-19.55%,-34.00%,15.83%,188.8%,267.3%,52.36%,219.9%,-57.75%,-31.89%
2019/01/31,2018/12/31,-0.62%,0.22%,1.52%,-1.38%,-0.76%,9.14%,9.63%,8.10%,7.70%,9.18%,5.82%,11.20%,7.45%,26.59%,8.72%,23.23%,129,114,110,86,77,322,386,307,315,233,-42.93%,-19.52%,-30.16%,28.80%,214.0%,352.6%,74.47%,304.9%,-55.29%,-24.26%
2019/02/28,2019/01/31,-2.34%,-0.23%,1.50%,-0.16%,0.42%,1.80%,4.20%,5.29%,3.11%,2.54%,1.17%,0.53%,1.11%,5.34%,3.43%,5.18%,126,114,112,86,77,328,402,324,325,239,-41.35%,-18.92%,-29.34%,29.49%,224.7%,376.0%,77.52%,326.6%,-54.77%,-23.85%
2019/03/31,2019/02/28,0.68%,-0.36%,0.07%,-1.07%,-0.66%,1.85%,2.09%,2.22%,1.31%,-1.27%,-3.95%,-5.72%,-4.31%,-8.22%,1.41%,-6.50%,127,113,112,85,76,334,410,331,329,236,-42.14%,-21.46%,-32.14%,22.08%,229.3%,345.1%,63.48%,291.5%,-56.56%,-28.20%
2019/04/30,2019/03/31,-0.04%,0.66%,1.61%,-2.72%,-1.63%,4.25%,4.43%,5.00%,1.38%,3.93%,-1.91%,0.10%,-3.11%,3.23%,4.02%,3.20%,127,114,114,83,75,349,428,347,333,245,-43.05%,-21.72%,-33.44%,22.21%,242.5%,359.3%,62.15%,304.2%,-57.39%,-28.13%
2019/05/31,2019/04/30,2.29%,-0.57%,-2.00%,0.94%,1.30%,-4.66%,-8.01%,-6.98%,-6.17%,-7.00%,-0.42%,-4.31%,1.96%,-12.23%,-6.47%,-10.94%,130,114,111,84,76,332,394,323,313,228,-43.62%,-23.55%,-33.71%,16.94%,220.4%,309.1%,54.91%,254.7%,-57.57%,-31.23%
2019/06/30,2019/05/31,-1.22%,-0.42%,0.55%,0.54%,-0.31%,5.86%,7.52%,7.59%,7.08%,6.54%,-3.65%,-1.78%,-7.03%,3.24%,6.83%,3.78%,128,113,112,84,76,352,424,348,335,243,-43.11%,-23.03%,-36.13%,14.85%,242.2%,324.5%,50.18%,266.2%,-59.11%,-32.46%
2019/07/31,2019/06/30,-0.74%,1.37%,1.29%,-0.73%,-0.57%,0.66%,2.03%,2.97%,0.20%,0.89%,0.10%,-1.10%,0.37%,-1.80%,1.45%,-1.47%,127,115,113,84,76,354,432,358,336,245,-43.01%,-22.85%,-36.07%,13.59%,247.2%,318.3%,45.79%,259.6%,-59.07%,-33.20%
2019/08/31,2019/07/31,0.59%,0.33%,-1.72%,1.48%,-0.07%,-1.44%,-3.31%,-1.59%,-1.04%,-4.83%,4.07%,0.53%,6.06%,-4.06%,-2.11%,-4.22%,128,115,111,85,75,349,418,352,332,233,-43.39%,-25.46%,-33.47%,14.19%,239.9%,300.6%,42.71%,245.0%,-57.41%,-32.85%
2019/09/30,2019/08/31,-0.48%,1.29%,2.16%,0.83%,-0.94%,0.41%,1.66%,1.50%,2.59%,4.22%,2.26%,8.83%,3.44%,13.20%,1.76%,10.55%,127,116,114,86,75,350,425,358,341,243,-43.65%,-22.62%,-31.96%,24.27%,245.8%,342.9%,55.27%,290.6%,-56.44%,-26.92%
2019/10/31,2019/09/30,-0.23%,-0.97%,-0.17%,0.20%,1.38%,1.98%,1.89%,2.39%,2.24%,2.64%,-2.25%,-1.42%,-4.37%,-1.09%,2.20%,-0.66%,127,115,114,86,76,357,433,366,348,249,-42.74%,-22.10%,-33.50%,22.50%,253.4%,340.0%,50.83%,286.3%,-57.42%,-27.96%
2019/11/30,2019/10/31,-1.33%,0.18%,-0.27%,-0.09%,1.79%,2.51%,5.34%,3.72%,3.65%,5.28%,-3.96%,-3.20%,-7.08%,-1.05%,3.75%,-0.09%,125,116,113,86,77,366,456,380,361,262,-40.96%,-19.94%,-36.13%,18.58%,266.7%,339.6%,45.04%,282.3%,-59.11%,-30.26%
2019/12/31,2019/11/30,-0.57%,-0.41%,1.51%,0.12%,-1.11%,2.05%,2.74%,3.85%,2.60%,2.83%,3.31%,4.93%,3.12%,9.28%,2.79%,7.80%,125,115,115,86,76,374,469,394,370,270,-41.27%,-19.32%,-34.01%,24.43%,276.9%,373.9%,52.30%,317.7%,-57.76%,-26.82%
2020/01/31,2019/12/31,-1.03%,0.83%,-0.40%,-1.18%,0.10%,-0.33%,1.44%,0.69%,0.10%,-2.58%,3.94%,0.38%,6.97%,-1.46%,0.06%,-1.58%,123,116,115,85,76,373,475,397,371,263,-40.61%,-21.14%,-31.41%,24.91%,277.2%,366.4%,49.80%,311.6%,-56.09%,-26.54%
2020/02/29,2020/01/31,-0.41%,1.60%,-0.55%,-2.37%,0.25%,-7.81%,-6.72%,-8.66%,-8.36%,-9.09%,0.72%,0.63%,0.09%,-7.41%,-8.00%,-7.60%,123,118,114,83,77,344,443,363,340,239,-40.22%,-22.16%,-30.92%,25.69%,247.0%,331.0%,50.41%,281.1%,-55.78%,-26.08%
2020/03/31,2020/02/29,-1.83%,-1.01%,-1.18%,-2.14%,-1.35%,-13.14%,-12.60%,-13.00%,-12.06%,-20.21%,-2.41%,-9.44%,-5.60%,-34.56%,-13.57%,-31.73%,121,117,113,81,76,298,387,316,299,191,-39.93%,-27.67%,-32.59%,13.83%,199.9%,194.2%,23.09%,149.4%,-56.84%,-33.06%
2020/04/30,2020/03/31,1.96%,-0.78%,0.10%,-2.45%,1.28%,15.29%,15.50%,12.64%,10.42%,12.52%,9.57%,13.58%,13.42%,36.44%,13.44%,32.37%,123,116,113,79,76,344,448,355,330,214,-40.33%,-29.67%,-26.13%,29.29%,240.2%,289.4%,46.40%,240.3%,-52.71%,-23.97%
2020/05/31,2020/04/30,-2.15%,1.57%,0.03%,-1.05%,-0.90%,4.35%,9.57%,6.09%,4.72%,2.46%,0.43%,-4.48%,-1.10%,0.94%,5.40%,2.28%,120,118,113,78,76,359,490,377,346,220,-39.59%,-31.01%,-25.82%,23.50%,258.6%,298.3%,41.83%,243.5%,-52.51%,-27.37%
2020/06/30,2020/05/31,-0.49%,-1.16%,2.47%,-1.62%,-1.47%,2.27%,3.15%,4.96%,0.26%,-0.10%,11.68%,10.41%,15.39%,20.15%,2.43%,17.02%,120,116,116,77,75,367,506,396,346,220,-40.18%,-32.64%,-17.15%,36.35%,267.3%,366.1%,62.52%,312.7%,-46.96%,-19.81%
2020/07/31,2020/06/30,-0.61%,0.49%,-1.49%,-0.84%,-1.47%,6.21%,7.12%,6.49%,4.63%,2.88%,1.28%,-0.77%,0.86%,2.40%,5.73%,2.63%,119,117,114,76,74,390,542,421,362,226,-40.70%,-34.88%,-16.09%,35.30%,288.3%,378.4%,57.49%,322.6%,-46.28%,-20.43%
2020/08/31,2020/07/31,-1.12%,0.15%,0.46%,-3.05%,-1.20%,7.73%,9.18%,8.81%,4.31%,4.73%,4.40%,1.73%,1.95%,5.98%,7.38%,5.46%,118,117,114,74,73,420,592,459,378,237,-40.75%,-36.83%,-12.40%,37.64%,317.0%,404.5%,54.46%,347.8%,-43.92%,-19.05%
2020/09/30,2020/08/31,-1.25%,1.06%,-1.77%,2.20%,-0.47%,-4.58%,-2.06%,-4.89%,-0.85%,-4.30%,-0.45%,-3.20%,0.05%,-7.38%,-3.61%,-6.42%,116,118,112,76,72,401,579,436,375,226,-40.28%,-36.65%,-12.79%,33.23%,301.9%,372.1%,50.13%,314.7%,-44.17%,-21.65%
2020/10/31,2020/09/30,-0.56%,0.39%,0.93%,-0.22%,1.67%,-3.56%,-1.37%,-1.75%,-2.82%,0.43%,-0.49%,3.58%,-3.43%,5.03%,-2.11%,3.95%,115,119,113,75,74,387,571,429,364,227,-38.95%,-34.13%,-13.22%,38.00%,293.4%,390.7%,59.24%,335.6%,-44.45%,-18.84%
2020/11/30,2020/10/31,0.87%,-2.32%,0.25%,-1.38%,4.64%,13.50%,11.53%,11.41%,9.76%,16.03%,10.18%,17.35%,12.54%,40.70%,12.26%,35.49%,116,116,114,74,77,439,637,477,400,264,-36.64%,-32.46%,-4.39%,61.95%,341.6%,564.9%,96.23%,512.9%,-38.79%,-4.76%
2020/12/31,2020/11/30,-0.58%,-2.82%,0.58%,1.41%,-0.56%,5.11%,3.18%,6.05%,4.62%,3.69%,0.73%,2.88%,0.00%,12.36%,4.57%,11.49%,116,113,114,75,77,461,658,506,418,273,-36.63%,-33.42%,-3.69%,66.61%,361.8%,641.3%,109.8%,588.6%,-38.34%,-2.02%
2021/01/31,2020/12/31,-0.91%,-1.88%,-1.64%,5.22%,0.43%,-0.85%,-0.72%,-0.41%,2.75%,0.95%,11.33%,14.96%,13.10%,26.51%,-0.12%,22.03%,115,111,112,79,77,457,653,504,430,276,-35.78%,-32.22%,7.22%,91.53%,361.3%,804.6%,156.3%,771.2%,-31.36%,0.00%
