Date,fdate,AUEG_AR_1,AUEG_AR_2,AUEG_AR_3,AUEG_AR_4,AUEG_AR_5,AUEG_TR_1,AUEG_TR_2,AUEG_TR_3,AUEG_TR_4,AUEG_TR_5,AUEG_AR_Sig,AUEG_TR_Sig,AUEG_AR_130,AUEG_TR_130,AUEG_TR_BP,AUEG_TR_LO,AUEG_CAR_1,AUEG_CAR_2,AUEG_CAR_3,AUEG_CAR_4,AUEG_CAR_5,AUEG_CTR_1,AUEG_CTR_2,AUEG_CTR_3,AUEG_CTR_4,AUEG_CTR_5,AUEG_CAR_LS,AUEG_CTR_LS,AUEG_CAR_SW,AUEG_CTR_SW,AUEG_CTR_BP,AUEG_CTR_LO,AUEG_CXR_LO,AUEG_CTR_13,AUEG_CADD,AUEG_CTDD
2001/02/28,2001/01/31,5.94%,-1.78%,-0.56%,3.43%,0.34%,-12.54%,-10.09%,-6.33%,-6.46%,-10.96%,2.44%,3.68%,14.42%,-10.85%,-9.48%,-11.96%,106,98,99,103,100,87,90,94,94,89,-5.59%,1.58%,2.44%,3.68%,-9.48%,-11.96%,-2.48%,-10.85%,0.00%,0.00%
2001/03/31,2001/02/28,0.24%,2.11%,-2.14%,1.71%,-2.61%,-10.05%,-3.37%,-7.23%,-5.79%,-8.83%,0.92%,-2.64%,3.67%,-13.18%,-6.73%,-12.38%,106,100,97,105,98,79,87,87,88,81,-8.29%,2.83%,3.38%,0.94%,-15.57%,-22.86%,-7.99%,-22.60%,0.00%,-2.64%
2001/04/30,2001/03/31,0.19%,-1.02%,1.53%,-0.83%,0.39%,10.46%,6.49%,8.45%,8.19%,7.91%,-0.95%,2.07%,-5.81%,11.99%,8.26%,11.37%,106,99,99,104,98,87,93,94,95,88,-8.11%,0.20%,2.40%,3.03%,-8.60%,-14.09%,-5.13%,-13.32%,-0.95%,-0.63%
2001/05/31,2001/04/30,-0.32%,-0.46%,0.89%,0.07%,-1.76%,0.05%,1.24%,3.19%,0.90%,-0.70%,1.84%,1.75%,7.02%,9.38%,1.01%,8.86%,106,99,100,104,96,87,94,97,96,87,-9.43%,-0.55%,4.28%,4.84%,-7.68%,-6.48%,2.31%,-5.19%,0.00%,0.00%
2001/06/30,2001/05/31,0.41%,0.57%,3.47%,1.78%,-2.47%,-1.78%,-1.42%,-0.38%,-1.07%,-3.98%,-2.91%,-2.94%,-9.05%,-2.77%,-1.54%,-1.89%,106,99,103,106,94,85,92,97,95,84,-12.04%,-2.73%,1.25%,1.76%,-9.10%,-8.25%,1.95%,-7.82%,-2.91%,-2.94%
2001/07/31,2001/06/30,0.33%,-0.36%,-1.46%,-0.15%,-1.79%,-2.77%,-2.25%,-2.03%,1.23%,-3.71%,0.30%,-1.89%,4.12%,-8.08%,-1.79%,-7.51%,107,99,102,106,92,83,90,95,96,80,-13.91%,-3.65%,1.55%,-0.17%,-10.73%,-15.14%,-3.88%,-15.26%,-2.62%,-4.77%
2001/08/31,2001/07/31,-0.73%,2.21%,1.00%,0.49%,0.31%,-8.42%,-4.85%,-5.20%,-4.88%,-5.75%,0.83%,0.38%,0.58%,-6.06%,-5.97%,-6.17%,106,101,103,107,93,76,86,90,92,76,-13.02%,-1.07%,2.40%,0.22%,-16.06%,-20.38%,-4.07%,-20.39%,-1.80%,-4.41%
2001/09/30,2001/08/31,-0.14%,0.89%,-2.97%,-0.43%,-0.37%,-10.50%,-9.40%,-8.55%,-6.43%,-10.02%,3.44%,0.99%,7.80%,-15.68%,-8.92%,-15.97%,106,102,100,106,92,68,78,82,86,68,-13.22%,-0.59%,5.92%,1.21%,-23.54%,-33.10%,-10.84%,-32.87%,0.00%,-3.46%
2001/10/31,2001/09/30,2.35%,-0.83%,2.50%,4.63%,2.24%,3.47%,2.66%,1.95%,2.25%,3.68%,-0.11%,2.26%,-3.50%,15.56%,2.68%,14.88%,108,101,102,111,94,70,80,84,88,71,-13.32%,-0.37%,5.80%,3.50%,-21.50%,-23.14%,0.04%,-22.43%,-0.11%,-1.27%
2001/11/30,2001/10/31,-2.15%,0.08%,1.53%,-0.48%,-2.09%,7.11%,8.91%,7.41%,8.29%,5.93%,-0.95%,0.75%,-0.05%,11.12%,7.75%,10.90%,106,101,104,111,92,75,87,90,95,75,-13.27%,-1.55%,4.80%,4.28%,-15.41%,-14.77%,3.19%,-13.80%,-1.06%,-0.53%
2001/12/31,2001/11/30,-0.63%,0.49%,2.16%,0.78%,-2.37%,0.62%,1.71%,2.53%,2.80%,0.65%,-0.32%,-0.90%,0.61%,7.24%,1.71%,7.52%,105,102,106,111,90,76,88,92,98,75,-14.78%,-1.52%,4.46%,3.33%,-13.96%,-8.36%,9.18%,-7.56%,-1.38%,-1.43%
2002/01/31,2001/12/31,0.57%,-1.08%,-0.26%,2.31%,-3.84%,-0.94%,-2.95%,-0.80%,1.73%,-5.68%,2.56%,1.23%,4.76%,1.70%,-1.25%,1.33%,106,101,106,114,87,75,86,92,99,71,-18.54%,-6.19%,7.14%,4.61%,-15.04%,-7.14%,12.00%,-5.99%,0.00%,-0.22%
2002/02/28,2002/01/31,-2.50%,0.63%,3.06%,0.69%,-2.09%,-4.81%,-2.26%,1.30%,-1.09%,-5.57%,0.80%,-1.15%,-1.36%,-8.42%,-2.10%,-8.08%,103,101,109,115,85,72,84,93,98,67,-18.20%,-6.91%,8.00%,3.40%,-16.83%,-14.64%,5.30%,-13.91%,0.00%,-1.37%
2002/03/31,2002/02/28,-1.61%,1.02%,1.20%,1.17%,1.00%,4.16%,3.71%,4.51%,5.08%,6.77%,-0.58%,-0.35%,-1.49%,8.26%,4.42%,8.37%,102,102,110,116,86,75,87,97,103,72,-16.07%,-4.47%,7.38%,3.05%,-13.15%,-7.50%,9.46%,-6.79%,-0.58%,-1.71%
2002/04/30,2002/03/31,-3.20%,-0.41%,3.24%,0.75%,-0.52%,-9.18%,-6.46%,-1.83%,-2.67%,-4.35%,1.16%,-0.45%,-0.22%,-4.13%,-5.00%,-4.00%,98,102,114,117,85,68,81,95,100,69,-13.81%,0.14%,8.63%,2.58%,-17.49%,-11.20%,10.55%,-10.65%,0.00%,-2.15%
2002/05/31,2002/04/30,0.24%,-0.94%,0.34%,-0.57%,-1.87%,-2.09%,-1.42%,-0.16%,-0.41%,-3.76%,0.47%,0.25%,1.21%,-4.65%,-1.20%,-4.73%,99,101,114,116,84,66,80,95,100,66,-15.63%,-1.54%,9.14%,2.84%,-18.48%,-15.40%,6.66%,-14.80%,0.00%,-1.91%
2002/06/30,2002/05/31,-0.62%,1.35%,1.58%,0.44%,-3.94%,-8.64%,-6.50%,-5.15%,-6.31%,-10.44%,1.07%,0.47%,-4.72%,-10.12%,-6.92%,-10.27%,98,102,116,117,80,61,75,90,94,59,-18.43%,-3.30%,10.31%,3.32%,-24.12%,-24.08%,3.09%,-23.43%,0.00%,-1.44%
2002/07/31,2002/06/30,-0.78%,-2.68%,-0.86%,3.82%,-2.16%,-10.15%,-10.11%,-8.10%,-3.76%,-9.17%,1.19%,2.31%,2.39%,-10.95%,-7.99%,-11.65%,97,100,115,121,79,54,67,83,90,54,-19.55%,-2.36%,11.62%,5.71%,-30.19%,-32.93%,-0.68%,-31.82%,0.00%,0.00%
2002/08/31,2002/07/31,-1.96%,0.04%,-0.43%,-1.45%,-0.62%,-0.79%,0.92%,1.46%,0.89%,-0.53%,1.81%,2.03%,3.93%,1.48%,0.64%,0.87%,95,100,114,120,78,54,68,84,91,53,-18.48%,-2.10%,13.64%,7.86%,-29.74%,-32.34%,-0.44%,-30.80%,0.00%,0.00%
2002/09/30,2002/08/31,-2.13%,0.42%,-1.31%,-1.37%,1.87%,-11.41%,-9.76%,-10.66%,-8.83%,-9.91%,1.73%,1.29%,2.44%,-9.66%,-10.13%,-10.05%,93,100,113,118,80,48,61,75,83,48,-15.22%,-0.63%,15.60%,9.25%,-36.86%,-39.14%,-0.37%,-37.49%,0.00%,0.00%
2002/10/31,2002/09/30,1.69%,3.34%,0.09%,0.63%,-0.34%,8.85%,10.10%,6.27%,5.82%,6.66%,0.88%,2.86%,-1.49%,8.36%,7.77%,7.50%,95,103,113,119,79,52,68,80,88,51,-16.94%,-2.81%,16.62%,12.37%,-31.95%,-34.57%,-0.63%,-32.27%,0.00%,0.00%
2002/11/30,2002/10/31,4.59%,-1.29%,-1.64%,-2.11%,0.86%,10.25%,6.08%,3.45%,3.50%,9.34%,0.67%,2.34%,3.65%,20.40%,6.03%,19.70%,99,102,111,116,80,57,72,83,91,56,-20.04%,-3.70%,17.40%,15.00%,-27.85%,-21.69%,12.95%,-18.45%,0.00%,0.00%
2002/12/31,2002/11/30,0.40%,-1.26%,-0.36%,0.92%,0.68%,-6.23%,-6.19%,-5.86%,-3.86%,-5.73%,-0.61%,-2.34%,0.91%,-9.35%,-5.58%,-8.65%,100,101,111,117,81,54,67,78,87,53,-19.81%,-3.21%,16.69%,12.30%,-31.88%,-28.46%,9.49%,-26.07%,-0.61%,-2.34%
2003/01/31,2002/12/31,-0.42%,-0.10%,0.15%,-0.20%,0.91%,-3.21%,-2.62%,-2.50%,-2.56%,-1.61%,1.86%,3.26%,4.19%,4.29%,-2.56%,3.31%,99,101,111,117,81,52,66,76,85,52,-18.75%,-1.67%,18.86%,15.97%,-33.63%,-26.09%,15.92%,-22.90%,0.00%,0.00%
2003/02/28,2003/01/31,-1.21%,-1.24%,1.36%,0.22%,1.44%,-3.54%,-3.25%,-0.56%,-1.53%,-0.65%,0.47%,0.84%,-0.06%,-2.55%,-1.81%,-2.81%,98,99,112,117,82,50,63,75,84,52,-16.59%,1.18%,19.42%,16.95%,-34.83%,-28.17%,14.76%,-24.87%,0.00%,0.00%
2003/03/31,2003/02/28,0.48%,1.03%,-0.10%,2.61%,-0.44%,1.40%,1.34%,-0.13%,2.56%,0.15%,-0.46%,-0.15%,-0.45%,2.10%,1.22%,2.14%,99,100,112,120,82,51,64,75,86,52,-17.36%,-0.08%,18.87%,16.77%,-34.03%,-26.63%,15.82%,-23.30%,-0.46%,-0.15%
2003/04/30,2003/03/31,-1.18%,-0.56%,1.31%,0.43%,-1.18%,8.84%,7.83%,9.37%,7.13%,8.88%,0.56%,0.27%,0.56%,12.81%,8.22%,12.72%,97,100,114,121,81,55,69,82,92,56,-17.36%,-0.04%,19.53%,17.09%,-28.61%,-17.29%,21.03%,-13.47%,0.00%,0.00%
2003/05/31,2003/04/30,0.34%,-1.48%,-1.55%,1.38%,3.18%,7.69%,5.40%,4.16%,6.31%,12.01%,5.79%,8.20%,10.54%,27.27%,6.23%,24.81%,98,98,112,122,84,60,73,86,98,63,-15.01%,4.28%,26.45%,26.69%,-24.16%,3.23%,43.52%,10.12%,0.00%,0.00%
2003/06/30,2003/05/31,1.66%,0.21%,-0.69%,-0.66%,-1.00%,3.44%,1.60%,0.74%,0.93%,1.10%,1.96%,2.49%,4.34%,9.60%,1.49%,8.85%,99,99,111,122,83,62,74,86,99,64,-17.28%,1.85%,28.93%,29.85%,-23.03%,12.36%,54.09%,20.69%,0.00%,0.00%
2003/07/31,2003/06/30,-1.40%,0.87%,1.40%,0.61%,1.18%,0.55%,2.09%,3.15%,2.86%,4.32%,1.95%,2.20%,1.82%,9.71%,2.46%,9.05%,98,100,113,122,84,62,76,89,102,67,-15.14%,5.69%,31.45%,32.71%,-21.14%,22.53%,64.23%,32.40%,0.00%,0.00%
2003/08/31,2003/07/31,-2.13%,1.05%,-0.73%,-0.02%,0.32%,0.86%,2.83%,1.78%,3.09%,3.72%,1.27%,1.37%,1.44%,6.75%,2.35%,6.34%,96,101,112,122,84,63,78,91,105,69,-13.06%,8.72%,33.12%,34.53%,-19.28%,30.29%,70.78%,41.34%,0.00%,0.00%
2003/09/30,2003/08/31,-0.30%,-0.02%,-0.20%,-0.02%,0.05%,-1.50%,-0.94%,-1.13%,-0.92%,-0.90%,1.91%,2.42%,6.08%,6.72%,-1.08%,5.99%,96,101,112,122,84,62,77,90,104,68,-12.76%,9.36%,35.67%,37.79%,-20.15%,38.10%,82.86%,50.84%,0.00%,0.00%
2003/10/31,2003/09/30,-0.02%,0.71%,1.33%,0.32%,-2.10%,5.62%,5.28%,7.18%,6.75%,4.23%,1.11%,1.39%,1.43%,9.19%,6.06%,8.77%,96,101,113,123,82,65,81,96,111,71,-14.58%,7.84%,37.18%,39.70%,-15.32%,50.21%,87.82%,64.70%,0.00%,0.00%
2003/11/30,2003/10/31,0.04%,0.31%,-0.60%,-0.63%,1.52%,1.37%,1.48%,0.88%,1.78%,3.34%,1.95%,1.52%,2.29%,4.65%,1.47%,4.20%,96,102,113,122,84,66,82,97,113,74,-13.32%,9.95%,39.85%,41.83%,-14.07%,56.51%,92.93%,72.36%,0.00%,0.00%
2003/12/31,2003/11/30,0.80%,0.22%,-2.07%,-1.08%,0.98%,5.87%,4.47%,2.90%,3.41%,6.75%,-0.32%,1.18%,-1.89%,4.55%,4.39%,4.20%,96,102,110,121,84,70,86,100,117,79,-13.16%,10.92%,39.41%,43.50%,-10.30%,63.09%,92.57%,80.20%,-0.32%,0.00%
2004/01/31,2003/12/31,0.81%,-0.23%,-0.27%,-1.45%,1.16%,2.40%,2.11%,2.49%,1.37%,3.08%,3.45%,3.44%,9.17%,13.41%,2.25%,12.38%,97,102,110,119,85,72,88,102,118,81,-12.86%,11.67%,44.22%,48.44%,-8.28%,83.28%,112.1%,104.4%,0.00%,0.00%
2004/02/29,2004/01/31,-2.19%,0.79%,-0.01%,0.49%,-0.21%,-0.59%,2.03%,1.47%,2.05%,1.74%,-1.22%,-0.49%,-1.83%,-0.22%,1.48%,-0.07%,95,102,110,119,85,71,90,104,121,83,-11.14%,14.28%,42.46%,47.71%,-6.92%,83.16%,108.8%,103.9%,-1.22%,-0.49%
2004/03/31,2004/02/29,-0.20%,0.23%,-0.44%,0.27%,-0.23%,-1.57%,-0.65%,-1.61%,-0.59%,-1.11%,1.13%,1.33%,-0.19%,0.79%,-1.09%,0.39%,95,103,109,120,85,70,89,102,120,82,-11.16%,14.80%,44.06%,49.67%,-7.94%,83.87%,111.9%,105.5%,-0.11%,0.00%
2004/04/30,2004/03/31,-1.28%,0.11%,-0.44%,1.04%,-3.21%,-2.40%,-2.01%,-1.90%,-0.78%,-3.73%,0.50%,1.02%,-1.28%,-2.96%,-2.03%,-3.27%,94,103,109,121,82,68,87,100,119,79,-12.88%,13.27%,44.78%,51.20%,-9.81%,77.86%,109.3%,99.46%,0.00%,0.00%
2004/05/31,2004/04/30,0.17%,0.51%,-0.93%,1.33%,0.81%,1.45%,1.73%,0.33%,2.04%,1.65%,0.87%,0.24%,-0.56%,-0.67%,1.34%,-0.74%,94,103,108,123,83,69,89,100,121,80,-12.31%,13.49%,46.05%,51.57%,-8.61%,76.54%,104.9%,98.12%,0.00%,0.00%
2004/06/30,2004/05/31,-1.39%,-0.53%,-0.18%,0.36%,1.65%,0.90%,1.76%,2.11%,1.97%,2.97%,1.40%,1.52%,-0.92%,3.05%,1.96%,2.59%,92,103,108,123,84,70,90,103,124,82,-9.65%,15.83%,48.09%,53.88%,-6.81%,81.12%,106.2%,104.2%,0.00%,0.00%
2004/07/31,2004/06/30,-1.30%,-0.44%,1.75%,0.54%,-2.48%,-5.28%,-4.50%,-2.90%,-2.22%,-6.88%,0.23%,1.24%,-2.85%,-7.94%,-3.87%,-8.32%,91,102,110,124,82,66,86,100,121,77,-10.71%,13.98%,48.43%,55.78%,-10.42%,66.06%,97.04%,87.94%,0.00%,0.00%
2004/08/31,2004/07/31,0.65%,0.17%,0.77%,-0.08%,-0.63%,0.59%,0.17%,0.71%,0.49%,-0.71%,-0.45%,0.04%,-1.69%,-2.27%,0.29%,-2.28%,92,102,111,124,82,67,87,100,122,76,-11.86%,12.51%,47.75%,55.84%,-10.15%,62.27%,91.98%,83.68%,-0.45%,0.00%
2004/09/30,2004/08/31,-0.48%,-1.15%,-0.78%,1.56%,-0.50%,1.86%,0.82%,1.64%,2.45%,0.84%,-0.19%,-0.45%,0.20%,3.74%,1.66%,3.88%,91,101,110,126,81,68,87,102,125,77,-11.88%,11.35%,47.47%,55.14%,-8.67%,68.56%,96.24%,90.56%,-0.64%,-0.45%
2004/10/31,2004/09/30,-0.37%,1.22%,0.45%,-0.39%,-0.97%,0.97%,2.72%,1.81%,1.04%,1.17%,-0.08%,-0.14%,-1.12%,1.14%,1.55%,1.18%,91,102,110,125,81,69,90,104,126,78,-12.41%,11.58%,47.36%,54.92%,-7.25%,70.56%,95.52%,92.73%,-0.72%,-0.59%
2004/11/30,2004/10/31,0.15%,-0.56%,-1.70%,1.47%,-0.54%,5.48%,4.30%,3.62%,5.42%,4.32%,-0.35%,-0.33%,0.73%,10.39%,4.65%,10.49%,91,102,108,127,80,72,93,108,133,81,-13.01%,10.27%,46.84%,54.41%,-2.94%,88.44%,106.9%,112.8%,-1.07%,-0.92%
2004/12/31,2004/11/30,0.75%,0.93%,-0.16%,-0.23%,-1.32%,4.22%,4.41%,3.03%,3.22%,3.61%,0.44%,1.42%,3.39%,9.40%,3.62%,8.98%,92,103,108,127,79,75,98,111,137,84,-14.81%,9.60%,47.49%,56.60%,0.58%,105.4%,118.0%,132.8%,-0.63%,0.00%
2005/01/31,2004/12/31,-0.49%,0.17%,0.72%,-0.34%,-0.17%,-2.88%,-2.40%,-1.73%,-2.58%,-5.01%,1.17%,0.47%,1.41%,-4.54%,-2.69%,-4.68%,91,103,109,126,79,73,95,109,134,80,-14.54%,7.26%,49.21%,57.34%,-2.13%,95.74%,113.7%,122.2%,0.00%,0.00%
2005/02/28,2005/01/31,-0.57%,-0.72%,-1.43%,2.63%,0.71%,1.49%,1.22%,0.49%,4.62%,2.01%,1.15%,0.15%,0.02%,0.26%,2.06%,0.22%,91,102,107,130,80,74,96,109,140,81,-13.45%,7.82%,50.93%,57.57%,-0.11%,96.17%,109.7%,122.8%,0.00%,0.00%
2005/03/31,2005/02/28,0.22%,-0.19%,-0.61%,-0.17%,1.21%,-1.53%,-1.57%,-1.83%,-1.67%,-2.24%,0.30%,-0.14%,-1.29%,-5.01%,-1.73%,-4.97%,91,102,107,129,80,73,95,107,137,79,-12.60%,7.05%,51.39%,57.36%,-1.84%,86.43%,102.9%,111.6%,0.00%,-0.14%
2005/04/30,2005/03/31,1.25%,0.41%,-0.37%,-0.82%,2.58%,-1.83%,-1.91%,-2.50%,-2.77%,-1.60%,0.62%,0.76%,0.84%,-6.12%,-2.23%,-6.34%,92,102,106,128,83,72,93,105,134,78,-11.44%,7.29%,52.32%,58.56%,-4.03%,74.60%,94.59%,98.67%,0.00%,0.00%
2005/05/31,2005/04/30,-0.04%,-0.19%,0.48%,-0.33%,0.54%,4.17%,3.21%,4.15%,3.23%,5.92%,0.59%,0.67%,-2.37%,5.40%,3.88%,5.20%,92,102,107,128,83,75,96,109,138,83,-10.93%,9.17%,53.22%,59.61%,-0.31%,83.68%,97.18%,109.4%,0.00%,0.00%
2005/06/30,2005/05/31,0.57%,-0.48%,0.66%,-0.76%,0.31%,2.17%,-0.16%,1.49%,0.97%,0.66%,0.51%,0.33%,0.31%,4.09%,0.85%,3.99%,93,102,107,127,83,76,96,111,139,83,-11.16%,7.53%,54.00%,60.14%,0.54%,91.02%,103.4%,118.0%,0.00%,0.00%
2005/07/31,2005/06/30,-0.47%,0.27%,-0.40%,-0.18%,1.30%,4.18%,3.95%,3.28%,4.23%,6.15%,-0.15%,-0.62%,-0.38%,7.37%,4.20%,7.55%,92,102,107,127,84,80,100,114,145,88,-9.59%,9.64%,53.77%,59.15%,4.76%,105.4%,110.2%,134.0%,-0.15%,-0.62%
2005/08/31,2005/07/31,-0.17%,-1.06%,-0.40%,0.32%,2.25%,-1.42%,-1.76%,-1.26%,-0.68%,0.51%,0.66%,1.08%,1.69%,-0.12%,-1.01%,-0.44%,92,101,107,127,86,79,98,113,144,89,-7.40%,11.75%,54.78%,60.87%,3.70%,104.5%,111.4%,133.8%,0.00%,0.00%
2005/09/30,2005/08/31,0.91%,-0.09%,-0.25%,0.37%,0.96%,1.01%,0.65%,0.50%,0.88%,0.88%,1.23%,1.30%,3.38%,2.60%,0.77%,2.21%,93,101,106,127,87,79,99,114,145,90,-7.36%,11.61%,56.68%,62.97%,4.50%,109.1%,114.4%,139.8%,0.00%,0.00%
2005/10/31,2005/09/30,0.22%,-0.18%,1.05%,-0.74%,-0.40%,-1.44%,-1.74%,-1.06%,-2.18%,-2.36%,-0.28%,-0.31%,-2.38%,-5.17%,-1.76%,-5.08%,93,101,107,127,87,78,97,112,142,88,-7.93%,10.58%,56.25%,62.47%,2.66%,98.44%,107.3%,127.4%,-0.28%,-0.31%
2005/11/30,2005/10/31,1.56%,0.25%,-0.36%,-0.03%,0.05%,5.30%,3.55%,3.59%,3.52%,4.30%,0.32%,0.93%,-1.57%,3.93%,3.93%,3.65%,95,101,107,127,87,82,100,116,147,91,-9.31%,9.47%,56.74%,63.99%,6.69%,105.7%,106.7%,136.4%,0.00%,0.00%
2005/12/31,2005/11/30,0.93%,0.28%,-0.07%,0.27%,-1.06%,0.78%,0.30%,-0.08%,0.32%,-1.11%,-0.54%,-0.92%,0.87%,0.17%,0.04%,0.45%,96,101,107,127,86,83,101,116,148,90,-11.12%,7.41%,55.89%,62.48%,6.73%,106.6%,107.6%,136.8%,-0.54%,-0.92%
2006/01/31,2005/12/31,1.43%,-0.44%,-1.33%,0.47%,-1.22%,5.78%,3.14%,2.36%,3.87%,2.58%,0.68%,0.88%,0.41%,10.84%,3.44%,10.57%,97,101,106,127,85,88,104,119,153,93,-13.48%,3.97%,56.94%,63.91%,10.40%,128.4%,122.4%,162.4%,0.00%,-0.05%
2006/02/28,2006/01/31,-0.47%,0.36%,1.30%,-0.31%,-0.86%,-0.34%,0.49%,1.35%,-0.22%,-0.79%,0.98%,0.64%,0.89%,0.76%,0.09%,0.57%,96,101,107,127,84,87,104,121,153,92,-13.82%,3.50%,58.48%,64.96%,10.50%,129.7%,123.5%,164.4%,0.00%,0.00%
2006/03/31,2006/02/28,-0.92%,-0.67%,0.85%,-0.16%,-0.84%,1.83%,1.65%,2.16%,1.66%,2.29%,0.66%,0.56%,-1.68%,4.70%,1.90%,4.53%,96,100,108,127,83,89,106,123,156,94,-13.75%,3.98%,59.51%,65.89%,12.59%,140.2%,129.4%,176.9%,0.00%,0.00%
2006/04/30,2006/03/31,-0.54%,-0.48%,0.10%,-0.04%,0.50%,0.22%,0.39%,1.58%,0.99%,1.62%,0.00%,-0.45%,-0.83%,-0.92%,0.99%,-0.78%,95,100,108,127,84,89,106,125,157,96,-12.84%,5.43%,59.52%,65.13%,13.71%,138.3%,125.3%,174.3%,0.00%,-0.45%
2006/05/31,2006/04/30,-1.41%,1.23%,-0.14%,0.17%,-1.15%,-4.91%,-1.72%,-2.51%,-3.04%,-4.10%,0.50%,-0.14%,-1.48%,-7.12%,-3.11%,-7.08%,94,101,108,127,83,85,105,122,152,92,-12.62%,6.28%,60.32%,64.90%,10.17%,121.4%,116.3%,154.8%,0.00%,-0.59%
2006/06/30,2006/05/31,0.30%,0.23%,-0.24%,0.19%,0.02%,0.52%,0.05%,-0.04%,0.20%,0.35%,1.17%,1.76%,-0.57%,-0.21%,0.19%,-0.74%,94,101,108,127,83,85,105,122,153,92,-12.86%,6.10%,62.20%,67.80%,10.39%,119.8%,114.3%,154.3%,0.00%,0.00%
2006/07/31,2006/06/30,0.39%,0.26%,1.04%,-0.52%,-0.36%,-0.91%,-0.41%,1.04%,-0.19%,-1.78%,-0.59%,-0.64%,-1.50%,-5.55%,-0.28%,-5.36%,94,102,109,127,83,85,104,123,152,90,-13.51%,5.19%,61.23%,66.72%,10.08%,108.0%,103.4%,140.1%,-0.59%,-0.64%
2006/08/31,2006/07/31,0.06%,0.23%,-0.06%,0.50%,-0.78%,2.52%,2.81%,2.35%,2.78%,1.23%,-0.41%,-0.15%,-1.30%,2.95%,2.48%,3.00%,94,102,109,127,82,87,107,126,157,91,-14.24%,3.83%,60.57%,66.48%,12.81%,114.2%,104.5%,147.2%,-1.00%,-0.79%
2006/09/30,2006/08/31,-0.78%,0.61%,0.53%,-0.15%,0.13%,1.59%,2.51%,2.40%,2.37%,2.26%,-0.05%,0.16%,-1.35%,-0.02%,2.24%,-0.07%,94,103,109,127,82,88,110,129,160,94,-13.46%,4.53%,60.49%,66.75%,15.33%,114.1%,99.78%,147.2%,-1.05%,-0.63%
2006/10/31,2006/09/30,0.52%,-0.07%,0.21%,-0.65%,0.52%,4.58%,3.85%,3.61%,2.74%,4.50%,-1.59%,-0.88%,-1.74%,5.29%,3.69%,5.55%,94,102,109,126,82,92,114,134,165,98,-13.46%,4.44%,57.93%,65.28%,19.59%,126.0%,103.5%,160.3%,-2.63%,-1.50%
2006/11/30,2006/10/31,1.69%,0.00%,-1.52%,-0.78%,1.16%,3.92%,2.26%,0.67%,1.36%,3.50%,0.42%,0.97%,-0.42%,3.65%,2.16%,3.36%,96,103,108,125,83,96,117,135,167,101,-13.92%,4.00%,58.60%,66.88%,22.17%,133.6%,105.9%,169.7%,-2.22%,-0.55%
2006/12/31,2006/11/30,-0.96%,0.26%,-0.01%,-0.64%,0.25%,0.12%,1.95%,1.95%,0.19%,1.38%,0.40%,0.99%,-0.03%,2.00%,1.18%,1.70%,95,103,108,124,84,96,119,137,167,103,-12.88%,5.31%,59.24%,68.52%,23.61%,137.5%,107.0%,175.1%,-1.83%,0.00%
2007/01/31,2006/12/31,-0.49%,-0.21%,-0.07%,0.88%,0.80%,1.50%,1.66%,1.53%,2.73%,2.66%,1.39%,2.00%,1.29%,3.94%,2.01%,3.34%,94,103,108,126,84,97,121,139,172,105,-11.76%,6.53%,61.45%,71.89%,26.09%,145.5%,109.8%,186.0%,-0.46%,0.00%
2007/02/28,2007/01/31,-0.41%,0.29%,-0.35%,0.57%,-1.15%,-1.97%,-1.50%,-1.77%,-0.75%,-2.45%,1.45%,2.26%,1.39%,1.39%,-1.63%,0.72%,94,103,107,126,83,95,119,137,171,103,-12.41%,6.02%,63.79%,75.78%,24.04%,147.2%,114.7%,190.0%,0.00%,0.00%
2007/03/31,2007/02/28,-0.22%,0.09%,0.99%,-0.87%,-0.92%,0.96%,1.04%,1.88%,0.32%,0.89%,-0.70%,-0.99%,-2.18%,-0.99%,1.00%,-0.69%,94,103,108,125,83,96,120,140,171,104,-13.03%,5.95%,62.63%,74.03%,25.28%,145.5%,111.1%,187.1%,-0.70%,-0.99%
2007/04/30,2007/03/31,-0.48%,-0.45%,1.18%,0.11%,0.05%,3.76%,3.41%,4.54%,3.71%,3.84%,0.47%,0.53%,1.05%,3.63%,3.86%,3.47%,93,102,110,125,83,100,124,146,178,108,-12.56%,6.03%,63.39%,74.96%,30.12%,154.0%,110.2%,197.5%,-0.24%,-0.46%
2007/05/31,2007/04/30,0.12%,0.16%,-0.36%,-0.51%,0.30%,4.07%,4.05%,3.07%,2.95%,3.93%,-1.02%,-0.78%,-3.69%,0.88%,3.54%,1.11%,93,103,109,125,83,104,129,150,183,112,-12.40%,5.88%,61.72%,73.59%,34.73%,156.9%,105.1%,200.1%,-1.26%,-1.24%
2007/06/30,2007/05/31,0.12%,0.04%,-0.78%,-0.00%,-0.60%,-1.82%,-1.55%,-2.07%,-1.80%,-1.74%,-0.14%,0.37%,-0.36%,-1.04%,-1.77%,-1.15%,94,103,108,125,82,102,127,147,179,110,-13.04%,5.97%,61.49%,74.23%,32.35%,153.9%,106.4%,197.0%,-1.40%,-0.88%
2007/07/31,2007/06/30,-0.45%,-1.09%,0.71%,0.71%,1.52%,-4.80%,-3.98%,-3.60%,-2.89%,-2.32%,-0.83%,0.04%,0.33%,-5.55%,-3.46%,-5.56%,93,102,109,126,84,97,122,142,174,107,-11.33%,8.60%,60.16%,74.29%,27.77%,139.8%,102.0%,180.5%,-2.22%,-0.84%
2007/08/31,2007/07/31,-0.01%,0.89%,-0.34%,0.67%,-1.25%,1.15%,2.09%,0.86%,2.02%,0.46%,0.70%,2.30%,-2.52%,-0.00%,1.50%,-0.69%,93,102,109,126,83,98,125,143,178,108,-12.43%,7.84%,61.28%,78.29%,29.69%,138.1%,97.62%,180.5%,-1.53%,0.00%
2007/09/30,2007/08/31,-1.10%,-1.45%,0.89%,0.46%,-0.21%,3.86%,2.11%,4.21%,3.69%,4.09%,-1.18%,-0.32%,-0.91%,1.51%,3.55%,1.61%,92,101,110,127,82,102,128,149,184,112,-11.65%,8.09%,59.38%,77.73%,34.30%,142.0%,93.77%,184.7%,-2.69%,-0.32%
2007/10/31,2007/09/30,-0.22%,0.64%,-1.70%,-0.59%,1.99%,2.41%,2.26%,0.51%,1.61%,5.53%,-0.97%,0.68%,-2.48%,2.03%,2.05%,1.82%,92,102,108,126,84,105,130,150,187,118,-9.70%,11.46%,57.83%,78.93%,37.05%,146.4%,93.33%,190.5%,-3.63%,0.00%
2007/11/30,2007/10/31,0.35%,1.13%,0.23%,-0.23%,-1.00%,-4.88%,-3.69%,-3.94%,-4.42%,-6.29%,-0.78%,-0.47%,-3.43%,-10.86%,-4.49%,-10.72%,92,103,108,126,83,99,126,144,179,111,-10.92%,9.88%,56.60%,78.08%,30.89%,120.0%,81.30%,159.0%,-4.39%,-0.47%
2007/12/31,2007/11/30,-3.26%,-0.89%,0.65%,0.02%,-0.42%,-2.74%,-1.87%,-0.17%,0.12%,0.86%,1.52%,2.32%,-0.62%,0.05%,-0.68%,-0.65%,89,102,109,126,83,97,123,144,179,112,-8.39%,13.84%,58.98%,82.22%,30.00%,118.5%,81.36%,159.1%,-2.93%,0.00%
2008/01/31,2007/12/31,0.15%,0.42%,1.58%,0.02%,3.41%,-7.68%,-4.34%,-4.30%,-7.17%,-6.73%,0.03%,-2.73%,1.46%,-7.35%,-5.98%,-6.54%,89,102,111,126,86,89,118,138,166,104,-5.40%,14.91%,59.03%,77.25%,22.22%,104.2%,80.35%,140.0%,-2.90%,-2.73%
2008/02/29,2008/01/31,0.70%,-0.92%,-0.60%,1.32%,-2.32%,-2.61%,-4.88%,-2.51%,-1.33%,-4.47%,-0.26%,0.78%,0.34%,-2.48%,-3.00%,-2.72%,90,101,110,128,84,87,112,134,164,100,-8.26%,12.77%,58.63%,78.64%,18.56%,98.70%,80.86%,134.1%,-3.15%,-1.97%
2008/03/31,2008/02/29,0.10%,-0.79%,1.17%,-1.69%,1.07%,-0.76%,-1.34%,0.41%,-2.00%,0.74%,0.38%,0.43%,-4.72%,-4.45%,-0.63%,-4.57%,90,101,111,125,85,86,111,135,161,100,-7.37%,14.46%,59.23%,79.40%,17.81%,89.61%,73.73%,123.7%,-2.78%,-1.55%
2008/04/30,2008/03/31,-2.77%,1.00%,1.21%,1.16%,0.87%,2.08%,5.71%,5.26%,5.16%,6.06%,-0.06%,0.92%,-1.06%,3.28%,4.79%,3.00%,88,102,113,127,85,88,117,142,169,107,-4.00%,19.02%,59.14%,81.05%,23.46%,95.30%,70.62%,131.0%,-2.84%,-0.64%
2008/05/31,2008/04/30,-1.75%,0.52%,-0.81%,-0.31%,0.27%,0.51%,2.38%,1.13%,2.50%,4.19%,1.97%,2.24%,0.33%,5.50%,1.98%,4.83%,86,102,112,127,85,89,120,143,173,111,-2.07%,23.40%,62.26%,85.12%,25.90%,104.7%,75.49%,143.7%,-0.93%,0.00%
2008/06/30,2008/05/31,0.69%,-2.63%,-1.47%,-0.08%,-1.31%,-9.95%,-9.08%,-8.64%,-8.55%,-4.43%,1.83%,2.76%,1.22%,-6.80%,-8.40%,-7.62%,87,99,110,126,84,80,109,131,159,106,-4.02%,30.21%,65.23%,90.22%,15.32%,89.13%,76.84%,127.2%,0.00%,0.00%
2008/07/31,2008/06/30,2.20%,1.98%,2.38%,-1.60%,-4.44%,2.20%,0.30%,1.52%,-1.61%,-6.61%,0.69%,0.13%,-3.25%,-0.51%,-0.54%,-0.55%,89,101,113,124,81,81,109,133,156,99,-10.39%,18.74%,66.37%,90.48%,14.70%,88.09%,76.83%,126.0%,0.00%,0.00%
2008/08/31,2008/07/31,-1.29%,0.57%,0.57%,-0.92%,-0.01%,0.76%,2.28%,2.90%,1.27%,0.46%,1.04%,0.90%,-3.36%,1.48%,1.65%,1.21%,87,102,113,123,81,82,112,137,158,100,-9.24%,18.38%,68.09%,92.19%,16.60%,90.37%,76.05%,129.4%,0.00%,0.00%
2008/09/30,2008/08/31,-4.03%,0.73%,3.31%,0.11%,-0.38%,-12.19%,-8.56%,-6.24%,-7.87%,-11.28%,-2.74%,-2.60%,-6.20%,-16.02%,-8.85%,-15.23%,84,103,117,123,80,72,102,128,146,88,-5.93%,19.46%,63.48%,87.19%,6.28%,61.37%,64.81%,92.62%,-2.74%,-2.60%
2008/10/31,2008/09/30,-0.81%,-0.17%,-1.17%,0.63%,-5.78%,-18.35%,-17.72%,-16.34%,-15.28%,-21.98%,-0.34%,0.09%,-1.89%,-23.46%,-17.40%,-23.49%,83,103,116,124,76,59,84,107,123,69,-10.61%,15.13%,62.92%,87.36%,-12.22%,23.46%,54.78%,47.42%,-3.08%,-2.52%
2008/11/30,2008/10/31,-2.95%,1.11%,1.53%,-0.86%,-0.44%,-11.42%,-7.48%,-4.97%,-9.24%,-8.63%,-1.22%,-1.20%,-4.70%,-16.08%,-7.97%,-15.72%,81,104,117,123,75,52,78,102,112,63,-8.37%,18.34%,60.93%,85.11%,-19.21%,4.05%,42.77%,23.71%,-4.26%,-3.68%
2008/12/31,2008/11/30,0.70%,1.42%,0.10%,-0.20%,-0.94%,2.12%,3.44%,1.89%,1.07%,0.70%,1.96%,2.05%,-2.29%,3.73%,2.00%,3.12%,81,105,118,123,75,53,80,104,113,63,-9.87%,16.66%,64.09%,88.90%,-17.59%,7.29%,44.36%,28.33%,-2.38%,-1.71%
2009/01/31,2008/12/31,4.76%,-0.57%,-0.22%,-2.44%,-0.81%,-7.30%,-6.18%,-8.81%,-10.18%,-8.92%,4.09%,5.83%,14.57%,5.40%,-8.28%,3.65%,85,105,117,120,74,49,75,95,102,58,-14.89%,14.77%,70.81%,99.92%,-24.42%,11.21%,61.59%,35.26%,0.00%,0.00%
2009/02/28,2009/01/31,1.99%,-0.46%,-2.94%,-0.66%,-3.91%,-8.68%,-8.54%,-11.79%,-10.00%,-13.60%,-0.61%,0.70%,-4.67%,-12.14%,-10.22%,-12.35%,87,104,114,119,71,45,69,84,91,50,-19.92%,9.11%,69.76%,101.3%,-32.14%,-2.53%,58.15%,18.83%,-0.61%,0.00%
2009/03/31,2009/02/28,2.70%,0.24%,-0.73%,0.51%,1.22%,11.59%,8.21%,7.80%,7.57%,10.96%,-0.47%,5.98%,2.15%,21.93%,8.87%,20.13%,89,104,113,120,72,50,75,90,98,55,-21.11%,8.43%,68.96%,113.4%,-26.13%,17.10%,75.96%,44.89%,-1.08%,0.00%
2009/04/30,2009/03/31,-2.08%,1.47%,0.16%,0.12%,5.39%,11.26%,9.53%,12.63%,6.79%,16.55%,-5.30%,-0.71%,-4.98%,22.16%,10.45%,22.37%,87,106,113,120,76,56,82,102,105,65,-15.22%,14.16%,60.01%,111.8%,-18.40%,43.29%,96.93%,77.00%,-6.32%,-0.71%
2009/05/31,2009/04/30,0.81%,-0.87%,-2.26%,0.54%,-0.45%,6.56%,3.97%,3.36%,5.24%,7.79%,0.99%,2.86%,4.83%,14.90%,5.16%,14.05%,88,105,111,120,76,60,85,105,111,70,-16.29%,15.57%,61.58%,117.9%,-14.20%,63.42%,114.4%,103.4%,-5.40%,0.00%
2009/06/30,2009/05/31,-0.17%,1.87%,0.15%,-1.21%,-0.22%,0.94%,1.77%,-0.23%,-1.05%,-0.53%,3.77%,3.84%,6.59%,8.02%,0.39%,6.87%,88,107,111,119,75,60,87,105,109,69,-16.33%,13.87%,67.68%,126.3%,-13.86%,74.65%,128.3%,119.7%,-1.83%,0.00%
2009/07/31,2009/06/30,0.94%,-1.14%,0.53%,-0.27%,-3.85%,7.80%,7.14%,8.50%,7.52%,8.24%,-0.70%,-0.27%,-2.17%,8.99%,7.78%,9.07%,89,106,111,119,72,65,93,114,118,75,-20.33%,14.37%,66.50%,125.6%,-7.16%,90.50%,131.3%,139.5%,-2.52%,-0.27%
2009/08/31,2009/07/31,0.85%,-0.08%,-1.68%,-1.80%,0.22%,2.39%,3.97%,2.99%,3.10%,8.41%,2.21%,2.12%,6.39%,11.06%,3.49%,10.43%,90,106,109,117,73,66,96,117,121,81,-20.83%,21.26%,70.18%,130.4%,-3.92%,110.4%,147.3%,165.9%,-0.36%,0.00%
2009/09/30,2009/08/31,-0.46%,-0.30%,-0.13%,-1.84%,1.57%,4.98%,4.20%,3.57%,2.68%,6.90%,-0.65%,0.76%,0.72%,9.88%,4.15%,9.65%,89,105,109,114,74,70,100,121,125,87,-19.22%,23.59%,69.07%,132.2%,0.06%,130.7%,160.9%,192.2%,-1.02%,0.00%
2009/10/31,2009/09/30,0.21%,0.60%,0.97%,1.09%,-2.01%,-2.68%,-2.28%,-1.71%,-3.54%,-4.58%,-0.74%,-1.00%,-4.02%,-9.18%,-2.59%,-8.88%,89,106,110,116,72,68,98,119,120,83,-21.02%,21.23%,67.83%,129.8%,-2.53%,110.2%,144.5%,165.4%,-1.74%,-1.00%
2009/11/30,2009/10/31,-1.04%,0.36%,1.59%,-0.71%,-1.79%,5.33%,5.77%,6.43%,4.75%,4.54%,0.29%,-1.39%,-3.26%,1.46%,5.59%,1.88%,88,106,112,115,71,72,104,127,126,87,-21.61%,20.28%,68.31%,126.6%,2.92%,114.1%,135.5%,169.2%,-1.46%,-2.38%
2009/12/31,2009/11/30,-0.45%,-0.14%,-0.43%,0.93%,1.79%,3.93%,2.81%,0.85%,3.64%,3.83%,0.05%,-0.60%,-0.07%,6.61%,2.80%,6.79%,88,106,112,116,72,74,107,128,130,90,-19.85%,20.16%,68.39%,125.3%,5.80%,128.7%,144.8%,187.0%,-1.42%,-2.96%
2010/01/31,2009/12/31,-1.09%,-0.47%,1.15%,-0.79%,-1.50%,-4.51%,-3.59%,-2.09%,-3.54%,-3.49%,-1.10%,-0.53%,0.53%,-0.97%,-3.38%,-0.81%,87,106,113,115,71,71,103,125,126,87,-20.18%,21.40%,66.54%,124.1%,2.23%,126.8%,151.1%,184.3%,-2.50%,-3.48%
2010/02/28,2010/01/31,0.42%,-0.47%,-0.34%,-0.12%,2.11%,3.89%,3.19%,3.05%,3.13%,5.06%,1.78%,0.66%,2.27%,4.46%,3.44%,4.26%,87,105,113,115,73,74,106,129,130,91,-18.83%,22.81%,69.51%,125.6%,5.74%,136.5%,153.2%,196.9%,-0.76%,-2.84%
2010/03/31,2010/02/28,-1.06%,1.08%,-0.56%,1.26%,0.44%,5.26%,7.27%,5.45%,8.16%,6.78%,0.33%,-0.04%,0.17%,7.04%,6.36%,7.05%,86,106,112,116,73,78,114,136,140,97,-17.61%,24.68%,70.07%,125.5%,12.47%,153.1%,154.9%,217.8%,-0.43%,-2.87%
2010/04/30,2010/03/31,1.35%,-1.23%,-0.49%,1.23%,-0.44%,2.04%,1.35%,1.84%,4.05%,1.68%,1.07%,0.95%,4.96%,9.40%,2.11%,9.12%,88,105,111,118,73,79,115,139,146,99,-19.09%,24.24%,71.88%,127.6%,14.85%,176.2%,172.8%,247.7%,0.00%,-1.95%
2010/05/31,2010/04/30,-0.41%,-0.12%,-0.31%,2.60%,1.34%,-8.56%,-8.47%,-7.50%,-6.37%,-7.84%,0.16%,0.14%,-0.59%,-9.38%,-7.82%,-9.42%,87,105,111,121,74,72,106,128,137,91,-17.68%,25.13%,72.16%,127.9%,5.86%,150.2%,168.4%,215.1%,0.00%,-1.82%
2010/06/30,2010/05/31,0.45%,0.58%,-0.56%,1.36%,-2.55%,-5.99%,-6.03%,-5.26%,-4.23%,-8.04%,0.03%,-1.38%,-1.82%,-9.30%,-5.53%,-8.88%,88,105,110,122,72,68,99,121,131,84,-20.15%,22.57%,72.22%,124.8%,0.01%,128.0%,159.4%,185.8%,0.00%,-3.17%
2010/07/31,2010/06/30,-1.83%,0.96%,1.88%,0.49%,-2.27%,6.22%,7.72%,7.57%,6.19%,7.75%,0.15%,0.16%,-2.42%,5.77%,7.01%,5.73%,86,106,112,123,70,72,107,131,139,90,-20.50%,24.44%,72.48%,125.2%,7.02%,141.0%,156.1%,202.3%,0.00%,-3.02%
2010/08/31,2010/07/31,1.51%,0.56%,0.90%,-0.33%,-0.20%,-4.12%,-4.82%,-3.79%,-4.56%,-6.55%,0.07%,-0.39%,0.24%,-7.68%,-4.66%,-7.56%,87,107,113,123,70,69,102,126,133,84,-21.86%,21.41%,72.61%,124.3%,2.02%,122.8%,148.7%,179.1%,0.00%,-3.40%
2010/09/30,2010/08/31,-0.94%,-0.11%,0.84%,0.87%,-2.33%,9.52%,10.51%,8.72%,7.64%,11.86%,-0.76%,-1.40%,-4.47%,9.97%,9.41%,10.39%,87,107,114,124,68,76,113,137,143,94,-22.95%,24.25%,71.30%,121.1%,11.62%,146.0%,151.2%,206.9%,-0.76%,-4.75%
2010/10/31,2010/09/30,-0.74%,-0.19%,0.22%,1.45%,-0.14%,3.63%,4.16%,3.05%,3.97%,5.14%,-0.17%,-0.12%,-0.54%,5.00%,3.89%,5.04%,86,107,115,125,68,79,117,141,149,99,-22.48%,26.13%,71.00%,120.9%,15.96%,158.4%,154.0%,222.3%,-0.93%,-4.86%
2010/11/30,2010/10/31,1.66%,-1.92%,0.12%,1.12%,-0.60%,1.71%,-0.93%,0.33%,1.02%,1.10%,-0.04%,-0.71%,-2.23%,0.95%,0.54%,1.16%,87,105,115,127,68,80,116,141,150,100,-24.23%,25.35%,70.93%,119.3%,16.58%,161.4%,155.6%,225.4%,-0.97%,-5.54%
2010/12/31,2010/11/30,0.01%,-0.78%,-1.13%,-1.27%,-0.86%,6.39%,6.36%,6.50%,6.99%,8.42%,2.37%,3.18%,2.90%,12.88%,6.70%,11.93%,87,104,114,125,67,85,124,150,161,109,-24.89%,27.90%,74.98%,126.3%,24.40%,192.5%,169.0%,267.3%,0.00%,-2.54%
2011/01/31,2010/12/31,1.38%,-0.28%,0.02%,-1.39%,0.92%,3.53%,1.63%,2.10%,0.80%,2.26%,1.68%,1.91%,2.87%,3.57%,2.06%,3.00%,89,104,114,124,68,88,126,154,162,111,-25.24%,26.28%,77.92%,130.6%,26.96%,201.3%,171.5%,280.4%,0.00%,-0.68%
2011/02/28,2011/01/31,1.14%,-0.26%,-0.17%,0.29%,-1.50%,4.38%,3.03%,3.28%,3.95%,2.91%,0.16%,1.45%,-0.97%,5.00%,3.59%,4.57%,90,103,113,124,67,92,129,159,168,115,-27.22%,24.42%,78.20%,133.9%,31.52%,215.1%,174.2%,299.4%,0.00%,0.00%
2011/03/31,2011/02/28,0.75%,-0.44%,0.05%,0.99%,0.98%,0.95%,-0.33%,0.10%,0.78%,1.42%,-0.25%,-0.51%,-0.38%,1.21%,0.49%,1.36%,90,103,113,125,68,93,129,159,170,116,-27.05%,25.01%,77.76%,132.7%,32.16%,219.4%,176.6%,304.3%,-0.25%,-0.51%
2011/04/30,2011/03/31,-1.31%,1.13%,0.81%,0.13%,-0.74%,2.09%,3.45%,2.98%,3.21%,2.98%,-0.22%,-0.14%,-1.99%,1.16%,2.97%,1.20%,89,104,114,125,67,95,133,163,175,120,-26.63%,26.13%,77.37%,132.4%,36.08%,223.2%,171.7%,309.0%,-0.47%,-0.64%
2011/05/31,2011/04/30,-0.84%,0.98%,0.19%,0.64%,-0.69%,-1.85%,-0.43%,-1.38%,-0.80%,-2.06%,-0.43%,-0.65%,-1.61%,-3.04%,-1.22%,-2.85%,88,105,115,126,67,93,133,161,174,117,-26.52%,25.87%,76.61%,130.9%,34.42%,214.0%,167.3%,296.5%,-0.89%,-1.29%
2011/06/30,2011/05/31,0.46%,0.17%,0.21%,0.21%,0.74%,-1.73%,-1.76%,-1.54%,-1.78%,-2.04%,-0.05%,-0.64%,-1.43%,-4.23%,-1.74%,-4.03%,89,105,115,126,67,91,130,159,170,115,-26.32%,25.48%,76.52%,129.4%,32.08%,201.3%,161.1%,279.8%,-0.94%,-1.92%
2011/07/31,2011/06/30,0.03%,0.39%,-0.51%,1.05%,0.22%,-2.67%,-1.85%,-2.92%,-1.52%,-2.96%,0.41%,0.83%,0.96%,-1.85%,-2.26%,-2.10%,89,106,114,128,67,89,128,154,168,111,-26.17%,25.12%,77.25%,131.3%,29.09%,195.0%,161.6%,272.7%,-0.53%,-1.11%
2011/08/31,2011/07/31,0.31%,-0.75%,1.19%,1.20%,0.06%,-6.40%,-6.56%,-4.43%,-5.35%,-8.01%,-0.29%,-0.45%,-2.77%,-11.19%,-5.89%,-11.05%,89,105,116,129,67,83,120,147,159,102,-26.35%,23.10%,76.74%,130.3%,21.49%,162.4%,148.1%,231.0%,-0.82%,-1.56%
2011/09/30,2011/08/31,-1.02%,-0.10%,-0.67%,1.66%,-2.18%,-9.59%,-6.72%,-8.01%,-5.57%,-11.48%,0.69%,0.60%,-1.86%,-12.08%,-7.63%,-12.26%,88,105,115,131,66,75,112,136,150,91,-27.21%,20.78%,77.96%,131.7%,12.22%,130.3%,136.6%,191.1%,-0.13%,-0.97%
2011/10/31,2011/09/30,-1.40%,-0.00%,-0.44%,0.49%,0.69%,11.71%,9.62%,11.21%,11.48%,15.15%,0.65%,1.02%,-3.48%,12.90%,11.39%,12.60%,87,105,114,132,66,84,122,151,167,104,-25.68%,24.94%,79.11%,134.0%,25.00%,159.3%,139.4%,228.6%,0.00%,0.00%
2011/11/30,2011/10/31,-0.59%,0.55%,-0.10%,1.44%,-0.06%,-1.06%,-0.03%,-0.94%,0.69%,-1.45%,-0.25%,-0.82%,-2.51%,-4.24%,-0.35%,-3.99%,86,105,114,134,66,83,122,149,168,103,-25.29%,24.45%,78.66%,132.1%,24.56%,148.9%,130.7%,214.7%,-0.25%,-0.82%
2011/12/31,2011/11/30,-1.60%,-0.32%,0.77%,2.07%,-0.93%,-0.85%,0.28%,1.29%,2.56%,-0.72%,-0.13%,0.16%,-0.68%,-0.71%,0.85%,-0.76%,85,105,115,137,66,83,123,151,173,102,-24.79%,24.61%,78.43%,132.5%,25.62%,147.0%,127.0%,212.4%,-0.38%,-0.67%
2012/01/31,2011/12/31,1.60%,-1.94%,-1.16%,-0.51%,-1.39%,8.28%,3.50%,4.02%,5.20%,6.89%,0.08%,-1.47%,1.37%,10.47%,5.09%,10.91%,86,103,114,136,65,89,127,157,182,109,-27.04%,22.88%,78.57%,129.1%,32.02%,174.0%,140.2%,245.2%,-0.30%,-2.12%
2012/02/29,2012/01/31,-0.13%,-0.74%,-1.21%,0.62%,0.83%,4.93%,3.51%,3.20%,4.86%,5.51%,0.07%,0.11%,-0.02%,3.55%,4.25%,3.52%,86,102,112,137,65,94,131,162,191,115,-26.34%,23.59%,78.68%,129.3%,37.63%,183.6%,138.5%,257.4%,-0.24%,-2.02%
2012/03/31,2012/02/29,-0.28%,0.39%,1.30%,0.24%,-1.83%,2.32%,3.50%,3.89%,3.33%,1.40%,-0.18%,-0.06%,-0.32%,2.50%,3.15%,2.52%,86,103,114,137,64,96,136,169,197,117,-27.48%,22.45%,78.36%,129.2%,41.95%,190.7%,137.0%,266.3%,-0.42%,-2.08%
2012/04/30,2012/03/31,0.73%,-0.10%,1.71%,0.50%,0.60%,-0.76%,-1.55%,0.39%,-0.67%,-1.13%,-0.01%,-0.82%,0.12%,-2.20%,-0.69%,-1.95%,87,102,116,138,64,95,134,169,196,116,-27.58%,21.99%,78.35%,127.3%,40.97%,185.1%,134.0%,258.3%,-0.43%,-2.88%
2012/05/31,2012/04/30,-0.87%,0.41%,2.46%,0.20%,-1.41%,-7.93%,-6.80%,-3.36%,-5.81%,-9.10%,1.24%,1.45%,1.53%,-7.07%,-6.09%,-7.50%,86,103,119,138,63,88,125,164,184,105,-27.97%,20.55%,80.56%,130.6%,32.39%,163.7%,130.7%,233.0%,0.00%,-1.47%
2012/06/30,2012/05/31,0.27%,0.81%,0.13%,-0.20%,-1.68%,4.49%,4.59%,3.59%,3.86%,3.02%,0.69%,0.37%,-0.24%,4.90%,3.98%,4.79%,86,104,119,138,62,92,130,169,191,108,-29.38%,18.78%,81.80%,131.4%,37.67%,176.3%,132.5%,249.3%,0.00%,-1.11%
2012/07/31,2012/06/30,-0.24%,-0.13%,0.38%,0.41%,1.38%,0.24%,0.86%,1.25%,0.75%,1.07%,1.09%,1.72%,1.63%,0.23%,0.87%,-0.29%,86,104,119,138,63,92,132,172,193,109,-28.23%,19.77%,83.78%,135.4%,38.87%,175.5%,129.8%,250.1%,0.00%,0.00%
2012/08/31,2012/07/31,-0.24%,-0.83%,-0.90%,1.57%,0.57%,2.62%,1.69%,1.21%,4.50%,3.78%,1.35%,1.45%,-0.56%,3.67%,2.50%,3.24%,86,103,118,141,64,94,134,174,201,113,-27.65%,21.16%,86.26%,138.8%,42.34%,184.4%,131.5%,262.9%,0.00%,0.00%
2012/09/30,2012/08/31,-0.44%,0.26%,-0.45%,-0.10%,0.23%,2.54%,2.68%,1.91%,2.56%,3.93%,-0.21%,-0.60%,-0.25%,3.73%,2.56%,3.91%,85,103,118,140,64,97,137,177,207,118,-27.16%,22.85%,85.87%,137.4%,45.99%,195.6%,134.7%,276.5%,-0.21%,-0.60%
2012/10/31,2012/09/30,-0.59%,0.74%,0.90%,0.06%,-1.53%,-2.32%,-1.26%,-1.14%,-1.71%,-2.77%,-0.43%,-0.68%,-2.22%,-3.55%,-1.70%,-3.35%,85,104,119,141,63,94,136,175,203,115,-27.85%,22.29%,85.07%,135.8%,43.50%,185.7%,130.8%,263.1%,-0.64%,-1.28%
2012/11/30,2012/10/31,-0.77%,-0.22%,-0.33%,0.60%,-0.13%,0.01%,0.60%,0.52%,1.39%,0.74%,0.92%,0.04%,-1.14%,-0.39%,0.66%,-0.40%,84,103,118,141,63,94,136,176,206,116,-27.39%,23.19%,86.77%,135.9%,44.45%,184.5%,128.3%,261.7%,0.00%,-1.24%
2012/12/31,2012/11/30,0.65%,1.08%,-1.33%,-0.20%,0.66%,1.98%,2.09%,-0.83%,1.11%,2.86%,-0.95%,0.80%,-2.72%,2.95%,1.26%,2.71%,85,105,117,141,63,96,139,174,208,119,-27.38%,24.27%,84.99%,137.8%,46.27%,192.2%,131.7%,272.4%,-0.95%,-0.45%
2013/01/31,2012/12/31,0.50%,0.35%,-1.14%,-0.24%,0.30%,6.49%,5.78%,3.65%,5.51%,7.58%,-0.23%,-0.02%,0.80%,7.73%,5.53%,7.74%,85,105,115,141,63,103,147,181,220,128,-27.53%,25.62%,84.57%,137.7%,54.35%,214.9%,136.8%,301.2%,-1.17%,-0.47%
2013/02/28,2013/01/31,-0.13%,0.30%,-0.29%,0.25%,-0.11%,1.09%,1.49%,0.88%,1.59%,1.33%,-0.16%,-0.14%,-0.64%,0.41%,1.30%,0.45%,85,105,115,141,63,104,150,182,223,130,-27.52%,25.91%,84.27%,137.4%,56.35%,216.3%,134.8%,302.8%,-1.33%,-0.61%
2013/03/31,2013/02/28,0.47%,0.10%,-0.03%,-0.92%,0.42%,4.36%,4.01%,3.83%,3.31%,5.19%,-0.08%,-0.58%,-0.24%,4.46%,4.00%,4.63%,85,105,115,140,64,108,156,189,231,136,-27.55%,26.96%,84.13%,136.0%,62.60%,230.9%,136.3%,320.8%,-1.41%,-1.18%
2013/04/30,2013/03/31,0.23%,0.75%,0.70%,-0.62%,-0.34%,1.35%,2.32%,2.04%,1.06%,1.21%,1.50%,1.80%,0.78%,1.42%,1.68%,0.88%,86,106,116,139,63,110,159,193,233,138,-27.97%,26.78%,86.90%,140.3%,65.33%,233.8%,134.4%,326.7%,0.00%,0.00%
2013/05/31,2013/04/30,-0.55%,-0.34%,-0.18%,-0.58%,0.48%,2.20%,2.51%,1.93%,2.65%,3.93%,1.23%,2.56%,0.41%,6.82%,2.46%,6.05%,85,106,116,138,64,112,163,197,239,143,-27.23%,28.97%,89.19%,146.4%,69.40%,254.0%,142.8%,355.8%,0.00%,0.00%
2013/06/30,2013/05/31,-1.47%,-0.27%,0.95%,0.14%,-0.05%,-2.56%,-1.31%,-0.16%,-1.27%,-1.20%,0.33%,0.29%,-0.45%,-1.34%,-1.25%,-1.43%,84,106,117,138,64,109,161,197,236,142,-26.19%,30.73%,89.82%,147.1%,67.28%,248.9%,142.4%,349.7%,0.00%,0.00%
2013/07/31,2013/06/30,0.72%,-1.04%,-0.32%,-0.66%,1.22%,6.29%,4.87%,5.28%,4.78%,7.51%,1.34%,0.88%,1.27%,9.14%,5.46%,8.87%,84,104,116,137,64,116,169,207,247,152,-25.82%,32.32%,92.36%,149.3%,76.41%,279.9%,150.6%,390.8%,0.00%,0.00%
2013/08/31,2013/07/31,0.71%,-0.30%,-1.19%,-0.28%,1.10%,-1.08%,-2.85%,-3.98%,-3.52%,-1.66%,-0.87%,-0.93%,0.37%,-3.01%,-2.84%,-2.73%,85,104,115,137,65,115,164,199,239,150,-25.53%,31.56%,90.69%,147.0%,71.40%,269.5%,150.9%,376.0%,-0.87%,-0.93%
2013/09/30,2013/08/31,-0.97%,-0.10%,-0.41%,0.16%,0.88%,3.17%,3.38%,3.44%,3.91%,5.63%,0.14%,-1.29%,0.42%,5.22%,3.76%,5.61%,84,104,114,137,66,118,170,206,248,158,-24.15%,34.78%,90.96%,143.8%,77.84%,290.3%,155.6%,400.9%,-0.73%,-2.20%
2013/10/31,2013/09/30,0.18%,0.01%,0.34%,-0.15%,0.08%,4.23%,4.01%,4.19%,4.38%,4.10%,0.34%,0.17%,-2.33%,1.25%,4.19%,1.20%,84,104,115,137,66,123,176,214,259,165,-24.22%,34.62%,91.60%,144.2%,85.29%,295.0%,147.9%,407.2%,-0.40%,-2.04%
2013/11/30,2013/10/31,0.43%,-0.03%,-0.09%,-0.20%,-2.40%,3.44%,2.91%,2.96%,3.22%,1.13%,-0.33%,-0.74%,0.11%,4.30%,2.86%,4.52%,85,104,115,137,64,128,182,221,267,166,-26.37%,31.51%,90.96%,142.4%,90.59%,312.8%,152.0%,429.0%,-0.73%,-2.76%
2013/12/31,2013/11/30,0.68%,-0.73%,-1.12%,-0.02%,0.99%,3.62%,2.18%,1.59%,2.75%,3.90%,0.46%,0.21%,0.10%,2.93%,2.61%,2.87%,85,103,113,137,65,132,185,224,275,173,-26.14%,31.89%,91.84%,142.9%,95.56%,324.7%,152.7%,444.5%,-0.27%,-2.56%
2014/01/31,2013/12/31,-1.02%,0.40%,0.53%,-0.14%,1.80%,-4.46%,-3.46%,-2.63%,-3.39%,-1.38%,-0.44%,-2.28%,5.13%,1.25%,-3.13%,1.93%,84,104,114,137,66,126,179,218,265,171,-24.06%,35.95%,90.98%,137.4%,89.43%,332.9%,165.5%,451.3%,-0.72%,-4.78%
2014/02/28,2014/01/31,-0.90%,-0.03%,-0.02%,0.36%,0.88%,4.13%,4.28%,4.30%,5.12%,5.95%,1.25%,1.40%,1.55%,6.67%,4.67%,6.25%,84,104,114,137,67,132,187,228,279,181,-22.71%,38.43%,93.37%,140.7%,98.28%,359.9%,169.7%,488.0%,0.00%,-3.45%
2014/03/31,2014/02/28,-0.66%,1.43%,0.24%,0.34%,-1.68%,-0.60%,2.30%,0.58%,0.74%,-2.43%,1.18%,2.11%,1.08%,0.88%,0.51%,0.25%,83,105,114,137,65,131,191,229,281,176,-23.50%,35.89%,95.66%,145.8%,99.29%,361.1%,169.0%,493.2%,0.00%,-1.42%
2014/04/30,2014/03/31,0.06%,-0.00%,-0.40%,0.45%,2.00%,-0.54%,1.25%,-0.76%,-0.11%,-0.73%,-0.34%,0.46%,-1.91%,-5.30%,-0.02%,-5.43%,83,105,114,138,67,130,193,227,281,175,-22.02%,35.62%,95.00%,146.9%,99.24%,336.0%,154.4%,461.8%,-0.34%,-0.97%
2014/05/31,2014/04/30,0.40%,-0.14%,-0.85%,-0.05%,1.92%,2.13%,2.15%,1.35%,2.01%,3.00%,-0.70%,-0.91%,-1.18%,-1.25%,2.10%,-0.98%,84,105,113,138,68,133,198,230,286,180,-20.83%,36.81%,93.65%,144.7%,103.4%,331.8%,146.6%,454.8%,-1.03%,-1.87%
2014/06/30,2014/05/31,1.10%,-0.44%,0.48%,-1.32%,-0.70%,3.89%,1.81%,2.38%,1.69%,3.85%,-0.43%,-0.92%,-0.85%,5.40%,2.50%,5.67%,84,104,113,136,67,138,201,236,291,187,-22.26%,36.76%,92.81%,142.4%,108.5%,356.3%,154.4%,484.7%,-1.46%,-2.78%
2014/07/31,2014/06/30,0.75%,-0.20%,-1.37%,0.54%,2.83%,-1.47%,-2.13%,-2.22%,-2.15%,-1.36%,0.34%,0.33%,0.92%,-5.70%,-1.95%,-5.81%,85,104,112,137,69,136,197,230,285,185,-20.65%,36.91%,93.48%,143.2%,104.4%,329.8%,144.6%,451.4%,-1.12%,-2.45%
2014/08/31,2014/07/31,-0.46%,0.12%,-0.01%,0.21%,-0.34%,4.07%,3.95%,4.06%,4.35%,4.77%,-0.95%,-0.85%,-1.31%,3.44%,4.18%,3.69%,85,104,112,137,69,142,205,240,297,193,-20.56%,37.87%,91.65%,141.1%,113.0%,345.6%,143.4%,470.3%,-2.05%,-3.28%
2014/09/30,2014/08/31,-0.33%,-1.06%,1.50%,0.17%,0.25%,-3.20%,-2.16%,-1.12%,-2.12%,-2.24%,-0.72%,-1.13%,-1.37%,-6.96%,-2.09%,-6.62%,84,103,114,137,69,137,200,237,291,189,-20.10%,39.19%,90.26%,138.4%,108.5%,316.1%,132.4%,430.6%,-2.76%,-4.37%
2014/10/31,2014/09/30,-1.53%,0.85%,1.60%,0.42%,-1.95%,2.21%,2.57%,2.59%,3.68%,2.51%,-1.06%,-1.40%,-6.68%,0.17%,2.74%,0.59%,83,104,115,138,68,140,205,243,302,194,-20.43%,39.62%,88.25%,135.1%,114.2%,318.6%,127.4%,431.5%,-3.79%,-5.71%
2014/11/30,2014/10/31,-3.02%,0.79%,2.78%,0.13%,-2.25%,-0.84%,3.20%,4.08%,2.98%,1.12%,0.00%,-0.46%,-1.83%,-1.66%,2.53%,-1.52%,81,105,119,138,66,139,212,253,311,196,-19.82%,42.36%,88.25%,134.0%,119.7%,312.2%,118.2%,422.7%,-3.79%,-6.14%
2014/12/31,2014/11/30,-0.23%,-0.41%,0.77%,0.67%,-0.68%,0.30%,-1.15%,0.86%,0.40%,-0.56%,1.21%,0.47%,-1.78%,0.64%,-0.03%,0.50%,80,105,119,139,66,139,210,255,312,195,-20.18%,41.15%,90.53%,135.1%,119.6%,314.3%,119.3%,426.0%,-2.62%,-5.70%
2015/01/31,2014/12/31,0.06%,0.48%,-0.09%,-0.33%,1.70%,-3.52%,-2.15%,-3.12%,-3.59%,-0.95%,-1.49%,-0.99%,-0.81%,-3.35%,-2.75%,-3.05%,80,105,119,139,67,134,205,247,301,193,-18.86%,44.78%,87.70%,132.8%,113.6%,301.6%,118.7%,408.4%,-4.07%,-6.64%
2015/02/28,2015/01/31,0.42%,0.14%,-0.16%,-1.16%,-0.35%,6.54%,6.34%,5.33%,4.96%,5.58%,-0.64%,0.83%,1.89%,8.64%,5.76%,8.39%,81,105,119,137,67,143,218,261,316,204,-19.49%,43.39%,86.49%,134.7%,125.9%,335.3%,124.4%,452.3%,-4.69%,-5.87%
2015/03/31,2015/02/28,-0.57%,-0.23%,1.11%,-0.09%,-0.44%,-0.89%,-1.86%,0.45%,-1.29%,-0.66%,0.18%,0.56%,-2.83%,-0.14%,-1.06%,-0.31%,80,105,120,137,67,142,214,262,311,203,-19.38%,43.71%,86.83%,136.0%,123.5%,334.0%,126.1%,451.6%,-4.51%,-5.34%
2015/04/30,2015/03/31,1.45%,-0.13%,-0.51%,-0.65%,1.42%,1.17%,1.71%,-0.22%,-0.76%,0.18%,-1.00%,2.47%,1.66%,2.96%,0.40%,2.22%,82,105,120,136,68,144,218,261,309,203,-19.41%,42.29%,84.97%,141.8%,124.4%,343.6%,130.2%,467.9%,-5.47%,-3.01%
2015/05/31,2015/04/30,-0.51%,0.59%,-0.04%,-0.61%,-0.35%,0.81%,0.77%,1.60%,1.70%,1.60%,0.35%,-0.34%,-0.54%,0.75%,1.29%,0.85%,81,105,120,135,67,145,219,265,314,206,-19.28%,43.42%,85.61%,141.0%,127.3%,347.4%,129.2%,472.1%,-5.14%,-3.33%
2015/06/30,2015/05/31,-0.25%,0.29%,0.16%,-0.65%,-1.02%,-1.49%,-1.53%,-1.33%,-2.02%,-1.51%,-0.50%,-0.55%,-2.18%,-1.64%,-1.63%,-1.48%,81,106,120,134,67,143,216,262,308,203,-19.90%,43.39%,84.69%,139.7%,123.6%,340.8%,129.6%,462.7%,-5.61%,-3.87%
2015/07/31,2015/06/30,0.74%,1.09%,2.48%,-1.77%,-2.09%,1.23%,0.21%,3.65%,2.23%,0.48%,-0.28%,0.01%,-2.18%,-4.58%,1.67%,-4.58%,81,107,123,132,65,144,216,271,315,204,-22.16%,42.31%,84.18%,139.7%,127.3%,320.6%,115.2%,437.0%,-5.87%,-3.86%
2015/08/31,2015/07/31,0.78%,-1.12%,0.73%,0.37%,-0.03%,-6.34%,-5.93%,-5.38%,-6.19%,-6.26%,2.51%,1.39%,1.24%,-4.63%,-5.98%,-5.05%,82,106,124,132,65,135,204,257,295,191,-22.80%,42.43%,88.80%,143.0%,113.7%,299.3%,117.2%,412.1%,-3.51%,-2.52%
2015/09/30,2015/08/31,-1.29%,0.28%,0.47%,0.64%,-0.42%,-5.56%,-2.10%,-2.35%,-1.83%,-3.58%,0.72%,1.21%,-1.52%,-7.35%,-2.82%,-7.71%,81,106,124,133,65,128,199,251,290,184,-22.12%,45.25%,90.16%,146.0%,107.7%,268.5%,106.6%,374.4%,-2.81%,-1.34%
2015/10/31,2015/09/30,0.43%,0.82%,0.51%,-0.98%,1.24%,8.50%,8.19%,7.36%,6.64%,8.84%,0.40%,0.26%,-2.13%,5.29%,7.68%,5.21%,81,107,125,132,66,138,216,269,309,201,-21.49%,45.74%,90.92%,146.6%,123.6%,287.8%,101.5%,399.6%,-2.42%,-1.09%
2015/11/30,2015/10/31,-1.70%,0.87%,0.23%,0.35%,-0.65%,-0.78%,1.13%,1.04%,0.49%,0.43%,-0.52%,-0.12%,-2.09%,2.44%,0.55%,2.47%,80,108,125,132,65,137,218,272,311,202,-20.67%,47.50%,89.93%,146.3%,124.8%,297.3%,105.4%,411.7%,-2.93%,-1.20%
2015/12/31,2015/11/30,-0.03%,-0.36%,0.63%,-1.02%,0.46%,-2.63%,-1.92%,-1.94%,-2.07%,-1.60%,0.86%,0.91%,-0.02%,-4.62%,-2.07%,-4.89%,80,107,126,131,66,134,214,267,304,198,-20.29%,49.02%,91.57%,148.5%,120.2%,277.9%,99.59%,388.1%,-2.09%,-0.31%
2016/01/31,2015/12/31,0.98%,-0.19%,-1.77%,0.59%,-0.18%,-5.75%,-5.01%,-6.57%,-5.10%,-6.45%,1.51%,1.77%,-2.16%,-11.21%,-5.64%,-11.74%,81,107,124,132,65,126,203,249,289,186,-21.21%,47.97%,94.46%,152.9%,107.8%,233.6%,87.43%,333.4%,-0.61%,0.00%
2016/02/29,2016/01/31,-2.01%,1.52%,-0.04%,0.63%,0.51%,-1.29%,0.92%,-0.65%,0.13%,0.53%,0.54%,0.23%,-1.91%,-0.77%,-0.05%,-0.84%,79,109,124,133,66,124,205,248,289,187,-19.23%,50.66%,95.52%,153.5%,107.6%,230.7%,85.95%,330.0%,-0.07%,0.00%
2016/03/31,2016/02/29,-0.00%,0.41%,0.87%,0.97%,0.71%,7.36%,7.17%,6.67%,7.14%,7.01%,1.30%,2.42%,1.13%,11.07%,7.08%,10.34%,79,109,125,134,66,134,220,264,310,200,-18.65%,50.15%,98.06%,159.7%,122.4%,265.0%,92.01%,377.6%,0.00%,0.00%
2016/04/30,2016/03/31,-0.18%,-1.75%,2.24%,0.52%,2.33%,1.41%,-0.57%,1.99%,0.44%,2.32%,0.62%,0.59%,3.42%,5.38%,0.81%,5.20%,79,107,128,135,68,136,218,269,311,204,-16.61%,51.52%,99.29%,161.2%,124.2%,283.9%,100.4%,403.3%,0.00%,0.00%
2016/05/31,2016/04/30,0.65%,0.03%,0.53%,-1.02%,-0.67%,2.11%,1.69%,2.66%,1.01%,1.54%,-2.33%,-4.57%,-3.72%,-3.03%,1.79%,-1.66%,80,107,128,133,67,138,222,277,314,207,-17.71%,50.66%,94.65%,149.3%,128.2%,277.6%,93.52%,388.1%,-2.33%,-4.57%
2016/06/30,2016/05/31,-0.20%,0.01%,-0.07%,0.34%,1.06%,-0.71%,-0.07%,0.20%,0.85%,1.28%,0.53%,0.67%,-0.51%,0.25%,0.26%,0.05%,79,107,128,134,68,137,222,277,317,210,-16.68%,53.65%,95.69%,150.9%,128.8%,277.8%,93.12%,389.3%,-1.81%,-3.94%
2016/07/31,2016/06/30,-0.97%,0.88%,-0.37%,1.03%,-0.08%,4.05%,3.94%,3.13%,4.34%,4.27%,0.73%,-0.77%,-0.31%,6.34%,3.96%,6.57%,79,108,128,135,68,143,231,286,331,219,-15.93%,53.99%,97.12%,149.0%,137.9%,302.6%,98.15%,420.4%,-1.09%,-4.68%
2016/08/31,2016/07/31,0.40%,-0.85%,1.15%,0.55%,-1.53%,1.10%,-0.43%,1.60%,0.46%,-1.70%,1.04%,1.36%,0.42%,2.93%,0.32%,2.52%,79,107,129,136,67,145,230,290,332,215,-17.55%,49.68%,99.18%,152.4%,138.6%,312.8%,102.5%,435.6%,-0.06%,-3.38%
2016/09/30,2016/08/31,1.33%,0.21%,-1.47%,0.14%,-1.36%,1.47%,0.38%,-1.34%,0.61%,-0.32%,-1.06%,-1.80%,-0.89%,1.62%,0.19%,2.16%,80,108,127,136,66,147,231,286,334,215,-19.76%,47.00%,97.07%,147.8%,139.1%,321.7%,106.5%,444.3%,-1.11%,-5.12%
2016/10/31,2016/09/30,-0.17%,0.02%,-1.20%,0.51%,1.60%,-2.08%,-1.82%,-2.37%,-2.12%,-2.28%,0.81%,0.66%,-0.81%,-8.07%,-2.12%,-8.27%,80,108,126,137,67,144,226,280,327,210,-18.35%,46.72%,98.66%,149.5%,134.0%,286.8%,93.84%,400.4%,-0.31%,-4.50%
2016/11/30,2016/10/31,-1.53%,0.36%,3.02%,0.35%,-0.44%,3.63%,4.38%,6.97%,3.89%,3.54%,-0.36%,0.46%,-2.26%,7.78%,4.59%,7.64%,79,108,130,137,67,149,236,299,340,217,-17.46%,46.58%,97.95%,150.6%,144.7%,316.4%,99.74%,439.3%,-0.67%,-4.06%
2016/12/31,2016/11/30,0.20%,-0.17%,0.41%,0.49%,-0.68%,2.13%,1.98%,2.26%,2.01%,0.94%,-1.18%,0.22%,-1.60%,0.83%,1.94%,0.77%,79,108,130,138,66,152,241,306,347,219,-18.18%,44.85%,95.63%,151.2%,149.5%,319.6%,97.39%,443.8%,-1.84%,-3.84%
2017/01/31,2016/12/31,-0.48%,-0.52%,0.22%,0.17%,0.01%,1.90%,1.13%,1.84%,2.25%,2.37%,2.74%,2.76%,2.75%,5.44%,1.89%,4.61%,78,107,131,138,66,155,244,312,355,224,-17.79%,45.53%,101.0%,158.1%,154.2%,338.9%,102.8%,473.4%,0.00%,-1.19%
2017/02/28,2017/01/31,-0.89%,0.69%,0.15%,0.18%,-0.56%,3.37%,3.93%,3.53%,3.79%,3.41%,1.20%,1.53%,0.17%,3.38%,3.64%,2.93%,78,108,131,138,66,160,253,323,368,232,-17.52%,45.58%,103.4%,162.0%,163.5%,351.8%,101.3%,492.8%,0.00%,0.00%
2017/03/31,2017/02/28,0.02%,-0.51%,-0.07%,-0.07%,0.42%,0.37%,-0.32%,-0.21%,0.17%,1.22%,0.52%,1.76%,-1.51%,2.35%,0.13%,1.83%,78,108,131,138,66,161,253,322,369,235,-17.18%,46.82%,104.5%,166.6%,163.8%,360.0%,104.7%,506.7%,0.00%,0.00%
2017/04/30,2017/03/31,-0.58%,-0.21%,0.03%,0.08%,0.53%,0.65%,1.04%,1.11%,1.09%,1.91%,-0.07%,1.35%,-3.95%,0.09%,1.11%,-0.32%,77,107,131,138,67,162,255,325,373,239,-16.26%,48.67%,104.3%,170.2%,166.7%,358.6%,101.8%,507.2%,-0.07%,0.00%
2017/05/31,2017/04/30,0.04%,-0.22%,-0.42%,0.13%,-0.73%,1.51%,1.13%,0.62%,1.07%,1.14%,-1.14%,-0.83%,-3.86%,-3.70%,1.06%,-3.45%,77,107,130,139,66,164,258,327,377,242,-16.91%,48.12%,102.0%,168.0%,169.6%,342.7%,92.70%,484.8%,-1.21%,-0.83%
2017/06/30,2017/05/31,0.69%,0.03%,-0.27%,0.69%,-0.58%,1.26%,0.50%,0.34%,1.75%,0.56%,0.01%,0.15%,1.26%,4.82%,0.90%,4.78%,78,107,130,140,66,166,259,329,383,243,-17.96%,47.08%,102.0%,168.4%,172.0%,363.9%,100.2%,513.0%,-1.20%,-0.68%
2017/07/31,2017/06/30,-0.67%,-0.60%,-0.34%,0.16%,1.55%,1.28%,1.36%,1.79%,2.32%,3.17%,0.83%,0.94%,0.08%,0.24%,1.93%,-0.04%,77,106,129,140,67,168,263,334,392,251,-16.14%,49.86%,103.7%,170.9%,177.2%,363.7%,96.23%,514.5%,-0.38%,0.00%
2017/08/31,2017/07/31,0.65%,0.19%,-0.62%,-0.58%,0.29%,0.87%,1.06%,-0.41%,-0.20%,-0.23%,-0.93%,-1.15%,-0.30%,-1.91%,0.26%,-1.56%,78,107,129,139,67,170,266,333,391,251,-16.44%,48.21%,101.8%,167.8%,177.9%,356.4%,92.66%,502.7%,-1.31%,-1.15%
2017/09/30,2017/08/31,-0.20%,0.29%,-1.72%,0.96%,-0.35%,2.32%,2.08%,0.51%,3.90%,2.82%,3.38%,2.58%,4.03%,11.08%,2.47%,10.30%,78,107,126,140,67,174,271,335,407,258,-16.56%,48.95%,108.6%,174.7%,184.8%,403.5%,107.8%,569.5%,0.00%,0.00%
2017/10/31,2017/09/30,1.35%,-0.39%,0.64%,-1.73%,0.98%,3.25%,1.91%,3.18%,1.23%,2.70%,-0.69%,-0.78%,-0.93%,-2.09%,2.24%,-1.85%,79,107,127,138,67,179,276,345,412,265,-16.87%,48.13%,107.2%,172.6%,191.2%,394.1%,99.26%,555.5%,-0.69%,-0.78%
2017/11/30,2017/10/31,0.41%,0.96%,0.15%,-0.54%,-1.39%,3.68%,3.95%,3.32%,2.88%,2.20%,1.15%,0.00%,0.94%,2.89%,3.22%,2.89%,79,108,127,137,67,186,287,357,423,270,-18.36%,45.93%,109.5%,172.6%,200.6%,408.4%,98.60%,574.5%,0.00%,-0.78%
2017/12/31,2017/11/30,-0.48%,-0.75%,0.71%,0.18%,-0.35%,0.54%,0.65%,1.74%,1.30%,0.94%,0.72%,1.58%,2.02%,3.97%,1.10%,3.50%,79,107,128,137,66,187,289,363,429,273,-18.25%,46.51%,111.1%,176.9%,203.8%,426.2%,103.4%,601.3%,0.00%,0.00%
2018/01/31,2017/12/31,1.23%,-2.17%,0.21%,-0.76%,0.41%,6.70%,4.13%,5.93%,5.00%,6.16%,0.72%,1.07%,2.07%,4.34%,5.34%,4.02%,80,104,129,136,67,200,301,385,450,290,-18.92%,45.72%,112.6%,179.8%,220.1%,447.4%,100.7%,631.8%,0.00%,0.00%
2018/02/28,2018/01/31,1.09%,0.76%,-1.69%,-0.26%,0.09%,-2.58%,-2.71%,-4.96%,-4.02%,-3.92%,-0.84%,-1.18%,-0.81%,-5.45%,-3.65%,-5.10%,80,105,126,136,67,194,293,366,432,278,-19.73%,43.78%,110.8%,176.5%,208.4%,419.5%,97.79%,591.9%,-0.84%,-1.18%
2018/03/31,2018/02/28,1.32%,-0.05%,0.74%,0.40%,-0.52%,-1.38%,-1.96%,-1.92%,-2.37%,-1.95%,0.17%,1.06%,-1.97%,1.26%,-1.98%,0.94%,82,105,127,137,66,192,287,359,422,273,-21.21%,42.96%,111.2%,179.4%,202.3%,424.4%,103.6%,600.5%,-0.68%,-0.14%
2018/04/30,2018/03/31,0.73%,0.17%,-0.07%,-0.61%,0.18%,1.00%,0.46%,0.48%,-0.13%,0.81%,-1.18%,-2.42%,-2.11%,-1.59%,0.43%,-0.87%,82,105,127,136,66,194,288,360,421,275,-21.64%,42.69%,108.7%,172.7%,203.6%,419.8%,100.9%,589.4%,-1.85%,-2.55%
2018/05/31,2018/04/30,-1.58%,0.09%,-0.76%,0.28%,0.64%,2.74%,2.65%,2.06%,2.68%,4.61%,0.19%,-0.44%,-2.59%,5.27%,2.78%,5.40%,81,105,126,136,67,199,296,368,433,288,-19.90%,45.36%,109.1%,171.5%,212.0%,447.9%,106.2%,625.7%,-1.67%,-2.98%
2018/06/30,2018/05/31,0.29%,1.07%,0.54%,-0.23%,-1.53%,1.23%,1.91%,0.84%,0.34%,-0.39%,1.02%,1.13%,-3.09%,-0.07%,0.75%,-0.41%,81,107,127,136,66,201,302,371,434,287,-21.36%,43.01%,111.2%,174.5%,214.4%,445.6%,103.8%,625.2%,-0.66%,-1.89%
2018/07/31,2018/06/30,-0.12%,-0.14%,-0.02%,1.15%,-2.70%,3.04%,3.15%,3.39%,4.59%,0.82%,-0.66%,-0.93%,-3.41%,-1.77%,3.27%,-1.49%,81,106,127,137,64,208,311,383,454,289,-23.39%,39.83%,109.8%,172.0%,224.7%,437.5%,94.08%,612.4%,-1.31%,-2.80%
2018/08/31,2018/07/31,0.34%,0.30%,-0.08%,-0.13%,-1.48%,4.24%,3.82%,2.84%,3.96%,2.72%,-1.45%,-0.49%,-1.70%,3.89%,3.55%,4.04%,81,107,127,137,63,216,323,394,472,297,-24.79%,37.70%,106.8%,170.7%,236.2%,459.2%,95.02%,640.1%,-2.74%,-3.28%
2018/09/30,2018/08/31,-0.40%,0.13%,-0.18%,0.09%,-0.26%,0.19%,0.24%,-0.44%,0.33%,0.11%,-0.75%,-0.22%,-1.24%,-1.98%,0.10%,-1.91%,81,107,127,137,63,217,324,392,474,297,-24.68%,37.59%,105.2%,170.1%,236.6%,448.5%,91.09%,625.5%,-3.46%,-3.49%
2018/10/31,2018/09/30,-1.25%,0.65%,2.39%,0.14%,2.04%,-11.42%,-7.13%,-4.56%,-6.49%,-7.80%,-0.04%,0.83%,0.56%,-10.97%,-7.27%,-11.22%,80,108,130,137,64,192,301,375,443,274,-22.21%,42.56%,105.1%,172.3%,212.1%,387.0%,83.53%,545.9%,-3.50%,-2.68%
2018/11/30,2018/10/31,1.32%,0.39%,0.60%,1.20%,-2.76%,3.20%,2.39%,2.22%,3.25%,-0.93%,0.37%,0.65%,-2.86%,-0.96%,1.99%,-1.16%,81,108,130,139,62,198,308,383,457,272,-25.39%,36.67%,105.9%,174.1%,218.3%,381.4%,77.75%,539.6%,-3.15%,-2.05%
2018/12/31,2018/11/30,1.04%,-2.32%,-0.17%,0.46%,0.84%,-9.22%,-9.69%,-9.93%,-9.29%,-8.57%,-0.63%,-0.76%,-3.18%,-15.56%,-9.28%,-15.34%,82,106,130,140,63,180,278,345,415,248,-25.53%,37.56%,104.6%,172.0%,188.8%,307.5%,66.99%,440.1%,-3.76%,-2.79%
2019/01/31,2018/12/31,1.25%,0.42%,0.52%,-0.66%,-0.57%,11.07%,7.87%,10.62%,8.89%,7.36%,-2.33%,-2.63%,0.47%,15.26%,8.72%,16.05%,83,106,131,139,63,200,300,382,452,267,-26.89%,32.46%,99.83%,164.9%,214.0%,372.9%,79.23%,522.5%,-6.00%,-5.34%
2019/02/28,2019/01/31,-0.51%,0.24%,1.11%,-1.30%,0.05%,3.97%,3.18%,4.29%,2.39%,4.16%,0.66%,-0.22%,-0.77%,5.29%,3.43%,5.36%,82,106,132,137,63,208,310,398,462,278,-26.48%,32.72%,101.2%,164.3%,224.7%,398.3%,82.68%,555.5%,-5.38%,-5.55%
2019/03/31,2019/02/28,-1.56%,-0.63%,0.91%,0.27%,-0.65%,0.20%,0.78%,1.56%,2.31%,1.06%,0.86%,0.24%,1.00%,-0.31%,1.41%,-0.39%,81,106,133,137,62,208,312,404,473,281,-25.81%,33.85%,102.9%,164.9%,229.3%,396.4%,79.41%,553.4%,-4.57%,-5.32%
2019/04/30,2019/03/31,-0.42%,0.70%,-0.01%,-0.73%,0.35%,3.58%,4.50%,4.41%,3.31%,4.61%,-0.34%,-0.34%,-3.13%,0.46%,4.02%,0.56%,81,106,133,136,62,216,326,422,489,294,-25.24%,35.22%,102.2%,164.0%,242.5%,399.1%,73.21%,556.4%,-4.90%,-5.64%
2019/05/31,2019/04/30,-0.63%,2.48%,-0.25%,0.31%,-0.06%,-7.29%,-4.08%,-7.39%,-5.73%,-7.64%,-0.35%,0.06%,2.02%,-8.04%,-6.47%,-8.06%,80,109,133,137,62,200,313,391,461,271,-24.81%,34.75%,101.5%,164.2%,220.4%,358.9%,70.46%,503.6%,-5.23%,-5.58%
2019/06/30,2019/05/31,-1.48%,1.10%,-1.46%,0.36%,0.05%,6.87%,7.54%,5.62%,7.36%,6.86%,0.42%,0.28%,-4.26%,4.63%,6.83%,4.54%,79,110,131,137,62,214,336,413,495,290,-23.66%,34.73%,102.3%,165.0%,242.2%,379.7%,66.56%,531.6%,-4.84%,-5.31%
2019/07/31,2019/06/30,0.69%,0.13%,-0.65%,0.76%,-0.39%,1.42%,1.01%,1.48%,1.98%,0.83%,-2.15%,-2.17%,-2.90%,-4.07%,1.45%,-3.42%,80,110,130,138,62,217,340,419,504,292,-24.48%,33.93%,97.96%,159.2%,247.2%,363.3%,58.45%,505.9%,-6.88%,-7.37%
2019/08/31,2019/07/31,1.22%,2.00%,-1.87%,0.04%,-0.28%,-1.83%,-1.12%,-3.73%,-1.30%,-2.25%,1.40%,1.46%,0.31%,-5.02%,-2.11%,-5.46%,81,112,128,138,62,213,336,403,498,286,-25.62%,33.37%,100.7%,163.0%,239.9%,338.0%,53.14%,475.4%,-5.58%,-6.02%
2019/09/30,2019/08/31,-0.01%,0.02%,-0.56%,0.96%,2.66%,0.89%,2.72%,1.14%,1.46%,2.28%,1.36%,0.65%,1.00%,1.03%,1.76%,0.84%,81,112,127,140,64,215,345,408,505,292,-23.64%,35.22%,103.4%,164.7%,245.8%,341.7%,51.74%,481.4%,-4.30%,-5.41%
2019/10/31,2019/09/30,-1.03%,-0.07%,0.19%,-0.51%,0.91%,1.49%,1.60%,2.22%,2.07%,3.38%,0.27%,0.60%,-3.46%,0.02%,2.20%,-0.17%,80,112,127,139,64,218,351,417,516,302,-22.16%,37.79%,104.0%,166.3%,253.4%,341.0%,48.15%,481.5%,-4.04%,-4.84%
2019/11/30,2019/10/31,1.00%,-0.31%,0.01%,-0.81%,-0.50%,5.69%,2.92%,3.66%,3.53%,3.75%,0.66%,1.08%,-2.60%,4.80%,3.75%,4.47%,81,112,127,138,64,230,361,432,534,313,-23.33%,35.12%,105.3%,169.2%,266.7%,360.7%,49.22%,509.4%,-3.41%,-3.81%
2019/12/31,2019/11/30,-0.60%,0.57%,-0.67%,0.63%,-0.18%,2.10%,3.73%,2.44%,3.07%,2.32%,-0.31%,-0.62%,1.59%,5.80%,2.79%,5.98%,80,113,127,139,64,235,374,443,550,321,-23.01%,35.41%,104.7%,167.5%,276.9%,388.3%,53.98%,544.7%,-3.71%,-4.40%
2020/01/31,2019/12/31,-0.12%,-1.91%,0.47%,-0.42%,0.09%,0.77%,-3.03%,-1.27%,1.47%,1.22%,-2.19%,1.43%,1.29%,2.38%,0.06%,1.95%,80,111,127,138,64,237,363,437,558,324,-22.85%,36.01%,100.2%,171.3%,277.2%,397.8%,56.90%,560.1%,-5.82%,-3.04%
2020/02/29,2020/01/31,0.13%,-0.40%,-1.83%,0.37%,-0.11%,-6.58%,-8.49%,-10.18%,-7.46%,-7.51%,-0.70%,1.93%,-1.18%,-3.68%,-8.00%,-4.26%,80,110,125,139,64,221,332,393,517,300,-23.03%,34.76%,98.82%,176.6%,247.0%,376.6%,62.77%,535.8%,-6.48%,-1.17%
2020/03/31,2020/02/29,-4.82%,-1.03%,-1.25%,-2.36%,0.88%,-16.24%,-15.51%,-15.60%,-12.92%,-9.23%,-0.43%,-2.42%,-6.15%,-23.78%,-13.57%,-23.05%,76,109,123,135,64,185,281,331,450,272,-18.65%,44.19%,97.97%,169.9%,199.9%,266.8%,47.35%,384.6%,-6.88%,-3.56%
2020/04/30,2020/03/31,-0.65%,0.25%,-0.54%,1.79%,-0.61%,13.85%,12.78%,12.49%,15.51%,11.96%,1.06%,2.83%,4.07%,25.05%,13.44%,24.20%,76,109,123,138,64,211,316,373,520,305,-18.61%,41.47%,100.1%,177.5%,240.2%,355.5%,63.20%,506.0%,-5.89%,-0.83%
2020/05/31,2020/04/30,0.89%,-0.53%,1.02%,-2.77%,-0.52%,8.16%,4.42%,6.56%,4.21%,5.24%,-1.31%,0.17%,-1.42%,10.63%,5.40%,10.58%,76,109,124,134,64,228,330,397,542,321,-19.76%,37.34%,97.45%,178.0%,258.6%,403.7%,71.65%,570.4%,-7.12%,-0.66%
2020/06/30,2020/05/31,-0.89%,-2.08%,-1.94%,1.31%,1.06%,1.81%,0.96%,0.26%,3.53%,4.15%,1.75%,0.62%,4.03%,11.70%,2.43%,11.51%,76,106,121,136,64,232,334,398,561,334,-18.19%,40.55%,100.9%,179.7%,267.3%,461.7%,87.23%,648.8%,-5.50%,-0.04%
2020/07/31,2020/06/30,-3.15%,-0.90%,0.33%,-1.74%,1.80%,3.99%,5.09%,5.34%,5.37%,8.28%,3.64%,4.71%,4.40%,8.99%,5.73%,7.58%,73,105,122,133,65,242,351,419,591,362,-14.14%,46.58%,108.2%,192.9%,288.3%,504.2%,90.70%,716.1%,-2.06%,0.00%
2020/08/31,2020/07/31,-0.11%,-2.30%,-2.97%,0.59%,-0.69%,7.90%,5.63%,3.88%,8.64%,8.65%,-1.37%,-0.68%,-7.03%,2.47%,7.38%,2.67%,73,103,118,134,65,261,370,436,642,393,-14.64%,47.67%,105.4%,190.9%,317.0%,520.4%,81.72%,736.3%,-3.40%,-0.68%
2020/09/30,2020/08/31,0.48%,0.45%,1.02%,0.42%,-2.49%,-3.37%,-3.17%,-2.16%,-3.00%,-5.15%,-0.48%,-0.01%,0.46%,-3.28%,-3.61%,-3.28%,74,103,119,135,63,252,359,426,623,373,-17.18%,45.03%,104.4%,190.9%,301.9%,500.1%,82.34%,708.9%,-3.87%,-0.70%
2020/10/31,2020/09/30,-1.88%,0.37%,1.12%,0.65%,0.36%,-1.25%,-1.11%,-0.86%,-3.27%,-2.90%,0.71%,-0.90%,-2.42%,-0.62%,-2.11%,-0.35%,72,104,121,136,64,249,355,423,602,362,-15.32%,42.65%,105.8%,188.2%,293.4%,498.0%,85.56%,703.9%,-3.18%,-1.59%
2020/11/30,2020/10/31,5.84%,1.69%,0.22%,-1.84%,-1.55%,19.50%,13.29%,11.35%,11.10%,9.93%,-4.89%,-6.54%,-1.97%,18.86%,12.26%,20.82%,76,106,121,133,63,297,402,471,669,398,-21.58%,28.99%,95.75%,169.4%,341.6%,622.5%,101.4%,855.5%,-7.92%,-8.03%
2020/12/31,2020/11/30,-0.24%,0.24%,-1.06%,0.37%,-4.17%,5.74%,5.19%,3.75%,4.88%,2.91%,-1.06%,-4.02%,-2.21%,7.99%,4.57%,9.19%,76,106,120,134,60,314,423,488,702,410,-24.66%,25.34%,93.68%,158.6%,361.8%,688.9%,110.8%,931.8%,-8.90%,-11.73%
2021/01/31,2020/12/31,-4.71%,0.58%,-1.43%,0.97%,-0.77%,-1.45%,-0.37%,-0.49%,0.23%,1.35%,0.72%,-0.38%,8.43%,15.82%,-0.12%,15.93%,73,106,118,135,60,310,421,486,703,415,-21.69%,28.85%,95.08%,157.6%,361.3%,814.6%,144.6%,1095%,-8.24%,-12.06%
