Date,fdate,REVSUP_AR_1,REVSUP_AR_2,REVSUP_AR_3,REVSUP_AR_4,REVSUP_AR_5,REVSUP_TR_1,REVSUP_TR_2,REVSUP_TR_3,REVSUP_TR_4,REVSUP_TR_5,REVSUP_AR_Sig,REVSUP_TR_Sig,REVSUP_AR_130,REVSUP_TR_130,REVSUP_TR_BP,REVSUP_TR_LO,REVSUP_CAR_1,REVSUP_CAR_2,REVSUP_CAR_3,REVSUP_CAR_4,REVSUP_CAR_5,REVSUP_CTR_1,REVSUP_CTR_2,REVSUP_CTR_3,REVSUP_CTR_4,REVSUP_CTR_5,REVSUP_CAR_LS,REVSUP_CTR_LS,REVSUP_CAR_SW,REVSUP_CTR_SW,REVSUP_CTR_BP,REVSUP_CTR_LO,REVSUP_CXR_LO,REVSUP_CTR_13,REVSUP_CADD,REVSUP_CTDD
2001/02/28,2001/01/31,0.91%,4.72%,0.27%,-4.58%,3.90%,-6.06%,-9.63%,-5.68%,-21.88%,-7.27%,-3.84%,-1.56%,12.20%,-7.22%,-9.48%,-6.75%,101,105,100,95,104,94,90,94,78,93,2.99%,-1.21%,-3.84%,-1.56%,-9.48%,-6.75%,2.73%,-7.22%,-3.84%,-1.56%
2001/03/31,2001/02/28,3.59%,0.57%,-3.82%,-0.90%,3.68%,-3.95%,-6.77%,-7.28%,-10.81%,-2.35%,0.36%,0.78%,4.39%,-6.98%,-6.73%,-7.22%,105,105,96,95,108,90,84,87,70,91,3.08%,0.37%,-3.50%,-0.79%,-15.57%,-13.48%,2.23%,-13.69%,-3.50%,-0.79%
2001/04/30,2001/03/31,-2.38%,0.55%,2.02%,-0.85%,1.44%,8.27%,8.41%,7.97%,8.19%,8.34%,2.35%,3.97%,-3.04%,11.27%,8.26%,10.08%,102,106,98,94,109,98,91,94,75,98,7.01%,0.44%,-1.23%,3.15%,-8.60%,-4.76%,4.09%,-3.97%,-1.23%,0.00%
2001/05/31,2001/04/30,1.80%,-1.30%,1.43%,-1.76%,-2.38%,1.65%,0.49%,3.10%,-0.74%,0.18%,2.21%,1.25%,9.22%,10.69%,1.01%,10.31%,104,105,100,92,107,99,92,97,75,98,2.54%,-1.04%,0.95%,4.44%,-7.68%,5.06%,13.77%,6.29%,0.00%,0.00%
2001/06/30,2001/05/31,-0.61%,2.66%,4.27%,-2.92%,-0.57%,-2.78%,-1.28%,2.11%,-4.36%,-2.09%,-0.70%,-1.61%,-5.41%,-1.55%,-1.54%,-1.07%,103,107,104,89,106,97,91,99,72,96,2.58%,-0.36%,0.25%,2.76%,-9.10%,3.94%,14.31%,4.64%,-0.70%,-1.61%
2001/07/31,2001/06/30,0.75%,-2.62%,0.97%,-0.19%,-0.19%,0.35%,-1.33%,-2.92%,-3.43%,-0.39%,-1.85%,-0.71%,4.22%,-3.47%,-1.79%,-3.26%,104,104,105,89,106,97,89,96,69,96,1.61%,-1.10%,-1.61%,2.04%,-10.73%,0.55%,12.63%,1.01%,-2.53%,-2.30%
2001/08/31,2001/07/31,0.92%,1.58%,-0.31%,-0.54%,1.00%,-4.74%,-5.97%,-6.69%,-6.82%,-4.12%,-1.42%,0.85%,1.44%,-2.55%,-5.97%,-2.80%,105,106,105,89,107,92,84,90,64,92,1.70%,-0.49%,-3.00%,2.90%,-16.06%,-2.27%,16.20%,-1.56%,-3.92%,-1.48%
2001/09/30,2001/08/31,5.20%,0.78%,-1.77%,-2.63%,-3.80%,-2.67%,-6.83%,-8.02%,-13.66%,-14.53%,-2.63%,-0.02%,2.62%,-14.28%,-8.92%,-14.27%,110,107,103,86,103,90,78,83,56,79,-7.46%,-12.29%,-5.55%,2.88%,-23.54%,-16.22%,9.98%,-15.62%,-6.45%,-1.49%
2001/10/31,2001/09/30,-3.34%,2.14%,1.60%,4.17%,4.87%,-2.94%,-0.72%,2.65%,7.23%,6.64%,11.12%,4.84%,2.36%,13.43%,2.68%,11.98%,107,109,105,90,108,87,78,85,60,84,0.15%,-3.88%,4.95%,7.86%,-21.50%,-6.18%,20.21%,-4.28%,0.00%,0.00%
2001/11/30,2001/10/31,-3.15%,-3.52%,-0.35%,2.97%,0.08%,3.96%,5.77%,7.71%,10.38%,9.37%,4.40%,5.72%,1.34%,12.16%,7.75%,10.45%,103,105,104,93,108,91,82,92,66,92,3.38%,1.32%,9.57%,14.04%,-15.41%,3.62%,23.45%,7.36%,0.00%,0.00%
2001/12/31,2001/11/30,1.19%,2.42%,0.99%,-1.17%,-2.32%,2.79%,3.77%,0.98%,1.30%,0.35%,2.12%,2.35%,3.19%,8.94%,1.71%,8.24%,105,108,105,92,105,93,85,92,67,92,-0.25%,-1.15%,11.89%,16.72%,-13.96%,12.16%,31.50%,16.96%,0.00%,0.00%
2002/01/31,2001/12/31,-2.08%,-1.86%,-1.45%,2.89%,2.92%,-3.29%,-2.02%,-2.07%,0.96%,0.02%,-6.48%,-5.89%,0.75%,0.32%,-1.25%,2.08%,102,106,104,94,109,90,84,91,67,92,4.74%,2.12%,4.64%,9.84%,-15.04%,14.50%,35.89%,17.33%,-6.48%,-5.89%
2002/02/28,2002/01/31,-0.27%,2.05%,1.10%,-1.07%,-2.95%,-2.89%,0.51%,0.39%,-5.31%,-7.42%,-1.02%,-0.96%,0.07%,-5.13%,-2.10%,-4.84%,102,108,105,93,105,88,84,91,64,85,1.94%,-2.51%,3.57%,8.79%,-16.83%,8.95%,32.17%,11.32%,-7.44%,-6.79%
2002/03/31,2002/02/28,0.72%,1.54%,-0.01%,-0.17%,2.18%,3.77%,5.17%,2.34%,4.90%,7.91%,0.02%,-0.72%,1.63%,9.47%,4.42%,9.68%,103,110,105,93,108,91,88,93,67,92,3.43%,1.52%,3.59%,8.00%,-13.15%,19.51%,39.13%,21.85%,-7.42%,-7.47%
2002/04/30,2002/03/31,-1.95%,0.61%,0.02%,-0.22%,2.32%,-7.69%,-4.01%,-3.35%,-7.31%,-3.04%,-1.85%,-0.45%,2.80%,1.07%,-5.00%,1.21%,101,110,105,93,110,84,85,90,62,89,7.85%,6.25%,1.68%,7.51%,-17.49%,20.95%,47.77%,23.16%,-9.13%,-7.89%
2002/05/31,2002/04/30,1.70%,-0.38%,-1.43%,-1.18%,0.66%,0.96%,-0.01%,-1.20%,-2.87%,-2.26%,-0.30%,0.03%,1.61%,-2.74%,-1.20%,-2.75%,103,110,103,92,111,85,85,89,60,87,6.72%,2.83%,1.37%,7.55%,-18.48%,17.63%,45.48%,19.79%,-9.40%,-7.86%
2002/06/30,2002/05/31,0.29%,0.84%,-1.34%,1.93%,-0.23%,-7.39%,-6.53%,-6.40%,-6.85%,-8.34%,2.54%,3.07%,-2.11%,-6.79%,-6.92%,-7.70%,103,111,102,94,111,78,79,83,56,80,6.17%,1.85%,3.95%,10.84%,-24.12%,8.56%,44.34%,11.66%,-7.10%,-5.03%
2002/07/31,2002/06/30,-6.12%,-1.11%,1.69%,-0.73%,2.98%,-12.90%,-5.80%,-5.27%,-9.94%,-9.66%,-0.47%,-2.26%,1.43%,-13.33%,-7.99%,-12.66%,97,110,104,93,114,68,75,79,50,72,15.84%,5.15%,3.46%,8.34%,-30.19%,-5.18%,37.61%,-3.23%,-7.54%,-7.18%
2002/08/31,2002/07/31,0.25%,-0.87%,-2.44%,0.65%,-0.67%,1.66%,1.58%,-0.42%,1.37%,-1.15%,-0.74%,-0.14%,1.66%,0.42%,0.64%,0.47%,97,109,101,93,113,69,76,78,51,71,14.77%,2.19%,2.69%,8.18%,-29.74%,-4.74%,37.37%,-2.82%,-8.23%,-7.31%
2002/09/30,2002/08/31,-1.67%,-2.17%,0.26%,-0.33%,1.44%,-9.57%,-9.64%,-8.04%,-12.66%,-11.06%,1.31%,3.11%,0.64%,-10.69%,-10.13%,-11.62%,95,106,101,93,115,63,69,72,45,63,18.35%,0.66%,4.03%,11.55%,-36.86%,-15.81%,35.31%,-13.21%,-7.03%,-4.43%
2002/10/31,2002/09/30,3.82%,-0.75%,-0.16%,2.68%,2.29%,9.37%,4.94%,5.19%,10.93%,10.53%,5.87%,5.32%,1.75%,10.70%,7.77%,9.10%,99,106,101,96,117,69,72,76,50,70,16.53%,1.83%,10.13%,17.49%,-31.95%,-8.14%,37.12%,-3.92%,-1.57%,0.00%
2002/11/30,2002/10/31,3.29%,0.70%,-1.40%,-2.69%,-0.74%,7.30%,3.67%,4.68%,7.78%,9.55%,-8.22%,-14.86%,-0.98%,14.09%,6.03%,18.55%,102,106,100,93,117,74,75,79,53,77,11.83%,4.13%,1.08%,0.02%,-27.85%,8.90%,54.30%,9.62%,-9.66%,-14.86%
2002/12/31,2002/11/30,-0.92%,-0.33%,0.05%,0.77%,0.94%,-6.62%,-3.57%,-5.37%,-7.86%,-4.60%,1.56%,2.05%,2.46%,-5.30%,-5.58%,-5.92%,101,106,100,94,118,69,72,75,49,73,13.92%,6.23%,2.66%,2.07%,-31.88%,2.45%,53.78%,3.81%,-8.25%,-13.12%
2003/01/31,2002/12/31,0.01%,0.14%,-0.92%,-0.00%,0.99%,-3.25%,-2.10%,-3.31%,-2.63%,-1.64%,-2.00%,0.12%,0.37%,0.54%,-2.56%,0.51%,101,106,99,94,119,67,70,73,48,72,15.04%,7.94%,0.60%,2.19%,-33.63%,2.97%,58.50%,4.37%,-10.09%,-13.02%
2003/02/28,2003/01/31,-3.29%,0.50%,0.84%,1.74%,0.89%,-5.49%,-1.16%,-1.31%,-0.34%,-1.54%,0.43%,1.23%,0.03%,-3.32%,-1.81%,-3.69%,98,107,100,95,120,63,70,72,48,71,19.85%,12.21%,1.04%,3.45%,-34.83%,-0.82%,55.52%,0.91%,-9.70%,-11.95%
2003/03/31,2003/02/28,-0.19%,2.50%,1.74%,-1.15%,1.06%,0.00%,2.21%,1.78%,0.26%,1.16%,-2.70%,-4.09%,-0.69%,0.02%,1.22%,1.25%,98,109,102,94,121,63,71,73,48,72,21.34%,13.51%,-1.69%,-0.78%,-34.03%,0.42%,55.57%,0.93%,-12.14%,-15.55%
2003/04/30,2003/03/31,1.23%,0.96%,0.93%,-2.70%,-1.81%,11.41%,7.11%,8.39%,8.03%,7.35%,-0.91%,-4.45%,-0.34%,9.80%,8.22%,11.13%,99,110,102,92,119,70,76,79,52,77,17.65%,8.90%,-2.59%,-5.19%,-28.61%,11.60%,60.10%,10.82%,-12.94%,-19.30%
2003/05/31,2003/04/30,1.10%,0.84%,-1.64%,-2.33%,2.84%,6.95%,5.16%,4.06%,7.44%,10.55%,-6.98%,-12.06%,-1.19%,10.50%,6.23%,14.12%,100,111,101,90,122,75,80,82,56,85,19.70%,12.82%,-9.39%,-16.63%,-24.16%,27.35%,72.73%,22.45%,-19.02%,-29.04%
2003/06/30,2003/05/31,-0.40%,1.12%,-1.04%,-1.86%,0.80%,1.00%,2.18%,0.89%,0.14%,3.50%,-4.17%,-4.68%,2.52%,7.36%,1.49%,8.77%,100,113,100,88,123,76,82,83,56,88,21.13%,15.65%,-13.17%,-20.53%,-23.03%,38.51%,85.30%,31.47%,-22.40%,-32.36%
2003/07/31,2003/06/30,-1.18%,1.09%,2.36%,-0.04%,-2.99%,0.89%,1.65%,3.83%,3.65%,2.11%,-0.56%,-0.33%,0.75%,7.84%,2.46%,7.94%,98,114,102,88,120,76,83,86,58,90,18.94%,17.06%,-13.66%,-20.79%,-21.14%,49.51%,95.45%,41.77%,-22.84%,-32.58%
2003/08/31,2003/07/31,-0.83%,-0.92%,0.12%,1.37%,0.32%,2.63%,0.92%,2.56%,4.91%,3.73%,1.75%,2.13%,2.23%,7.99%,2.35%,7.36%,98,113,102,89,120,78,84,88,61,93,20.31%,18.35%,-12.15%,-19.11%,-19.28%,60.50%,105.2%,53.11%,-21.48%,-31.15%
2003/09/30,2003/08/31,-1.15%,0.08%,0.54%,-0.67%,0.12%,-2.20%,-1.01%,-0.35%,-1.64%,-0.55%,-1.71%,-3.03%,4.73%,4.71%,-1.08%,5.62%,96,113,103,89,120,77,83,88,60,93,21.84%,20.30%,-13.65%,-21.55%,-20.15%,69.52%,119.0%,60.32%,-22.83%,-33.23%
2003/10/31,2003/09/30,-1.02%,0.03%,1.39%,1.42%,0.12%,4.24%,5.27%,6.44%,7.73%,7.86%,0.42%,-0.72%,2.21%,8.88%,6.06%,9.10%,95,113,104,90,120,80,88,94,64,100,23.24%,24.66%,-13.29%,-22.12%,-15.32%,84.95%,125.6%,74.56%,-22.51%,-33.71%
2003/11/30,2003/10/31,-0.66%,0.08%,0.40%,-0.15%,-0.53%,0.94%,1.14%,2.02%,1.28%,2.75%,1.32%,1.87%,2.00%,5.86%,1.47%,5.29%,95,113,105,90,120,81,89,96,65,103,23.41%,26.91%,-12.15%,-20.66%,-14.07%,94.74%,134.3%,84.78%,-21.49%,-32.47%
2003/12/31,2003/11/30,0.63%,-2.10%,-0.00%,-0.19%,0.22%,5.38%,3.38%,4.78%,4.38%,4.26%,1.38%,-0.05%,1.90%,5.26%,4.39%,5.28%,95,111,105,90,120,85,92,100,68,107,22.90%,25.49%,-10.94%,-20.71%,-10.30%,105.0%,136.3%,94.51%,-20.40%,-32.51%
2004/01/31,2003/12/31,-3.34%,-0.82%,1.03%,0.86%,-0.48%,0.87%,2.06%,2.87%,1.86%,3.04%,-3.29%,-4.67%,3.30%,7.47%,2.25%,8.88%,92,110,106,90,119,86,93,103,69,110,26.41%,28.22%,-13.87%,-24.41%,-8.28%,123.2%,152.0%,109.0%,-23.02%,-35.66%
2004/02/29,2004/01/31,1.12%,0.43%,-1.13%,-0.05%,0.91%,2.60%,2.24%,0.44%,1.21%,2.13%,1.65%,4.44%,1.52%,6.23%,1.48%,4.89%,93,110,104,90,120,88,96,104,70,113,26.14%,27.61%,-12.45%,-21.06%,-6.92%,134.1%,160.6%,122.1%,-21.76%,-32.80%
2004/03/31,2004/02/29,0.53%,-0.23%,-0.82%,0.51%,0.66%,-0.68%,-1.24%,-2.07%,-0.42%,0.36%,0.81%,-0.30%,0.24%,0.59%,-1.09%,0.68%,94,110,104,91,121,87,94,101,70,113,26.30%,28.95%,-11.74%,-21.29%,-7.94%,135.7%,165.2%,123.4%,-21.12%,-33.00%
2004/04/30,2004/03/31,1.16%,-1.38%,-0.90%,-1.25%,2.13%,-1.38%,-3.04%,-1.27%,-2.89%,-1.33%,0.37%,-0.41%,1.43%,-2.92%,-2.03%,-2.80%,95,108,103,90,124,86,91,100,68,112,27.54%,29.03%,-11.42%,-21.61%,-9.81%,129.1%,163.2%,116.8%,-20.83%,-33.28%
2004/05/31,2004/04/30,-1.29%,0.09%,0.54%,1.44%,-0.05%,-0.20%,1.21%,1.76%,2.45%,0.60%,0.92%,0.97%,-0.73%,-0.45%,1.34%,-0.74%,94,108,103,91,124,86,93,102,69,112,29.11%,30.05%,-10.61%,-20.85%,-8.61%,127.4%,157.7%,115.9%,-20.11%,-32.63%
2004/06/30,2004/05/31,0.01%,1.19%,-1.28%,0.59%,0.24%,2.63%,2.92%,0.38%,2.40%,3.29%,2.13%,2.56%,1.06%,6.34%,1.96%,5.58%,94,110,102,91,124,88,95,102,71,116,29.41%,30.90%,-8.71%,-18.82%,-6.81%,140.1%,167.0%,129.6%,-18.41%,-30.90%
2004/07/31,2004/06/30,0.00%,0.47%,0.50%,-0.66%,-1.96%,-3.87%,-4.42%,-3.68%,-3.24%,-4.44%,1.28%,1.48%,-1.21%,-5.14%,-3.87%,-5.59%,94,110,102,91,122,85,91,99,69,111,26.87%,30.16%,-7.54%,-17.62%,-10.42%,126.7%,162.5%,117.8%,-17.36%,-29.88%
2004/08/31,2004/07/31,-0.79%,0.02%,0.94%,0.47%,-1.09%,-0.55%,0.15%,0.94%,0.82%,-1.13%,0.28%,0.42%,-2.00%,-2.80%,0.29%,-2.92%,93,110,103,91,120,84,91,100,69,110,26.48%,29.41%,-7.28%,-17.27%,-10.15%,120.1%,154.0%,111.7%,-17.13%,-29.59%
2004/09/30,2004/08/31,-2.09%,-0.01%,-0.53%,1.44%,1.92%,0.54%,1.87%,0.75%,2.49%,4.25%,2.38%,2.54%,1.54%,5.43%,1.66%,4.67%,91,110,103,93,123,85,93,100,71,114,31.55%,34.22%,-5.07%,-15.18%,-8.67%,130.4%,161.7%,123.2%,-15.16%,-27.80%
2004/10/31,2004/09/30,1.16%,0.25%,-1.56%,0.94%,0.29%,2.99%,1.82%,-0.03%,2.26%,1.74%,1.08%,1.35%,0.43%,2.48%,1.55%,2.08%,92,111,101,93,123,87,95,100,73,116,30.41%,32.54%,-4.04%,-14.03%,-7.25%,135.1%,163.0%,128.7%,-14.24%,-26.83%
2004/11/30,2004/10/31,-0.92%,-1.62%,0.33%,0.66%,2.40%,4.99%,4.15%,3.70%,4.51%,8.71%,-0.54%,-1.00%,2.59%,13.45%,4.65%,13.75%,91,109,102,94,126,92,99,104,76,126,34.74%,37.46%,-4.56%,-14.89%,-2.94%,167.5%,187.0%,159.5%,-14.70%,-27.55%
2004/12/31,2004/11/30,-0.80%,-1.01%,1.09%,1.08%,-0.74%,3.12%,2.96%,4.27%,4.41%,2.87%,-0.13%,-0.18%,3.73%,9.23%,3.62%,9.28%,90,108,103,95,125,95,101,108,79,130,34.82%,37.11%,-4.69%,-15.04%,0.58%,192.3%,203.2%,183.4%,-14.82%,-27.68%
2005/01/31,2004/12/31,-0.17%,0.03%,-0.81%,-0.39%,2.16%,-2.94%,-3.55%,-2.77%,-2.85%,-0.42%,1.63%,1.31%,1.56%,-2.94%,-2.69%,-3.33%,90,108,102,95,128,92,98,105,77,130,37.96%,40.56%,-3.13%,-13.92%,-2.13%,182.6%,201.3%,175.1%,-13.43%,-26.73%
2005/02/28,2005/01/31,1.50%,-1.22%,1.32%,-1.23%,1.68%,3.57%,0.54%,3.06%,0.33%,4.15%,1.68%,2.05%,0.45%,2.41%,2.06%,1.80%,92,106,103,94,130,95,98,109,77,135,38.22%,41.36%,-1.50%,-12.16%,-0.11%,187.6%,200.5%,181.7%,-11.97%,-25.23%
2005/03/31,2005/02/28,0.65%,0.53%,-0.31%,-0.11%,-1.25%,-0.52%,-1.96%,-2.29%,-1.56%,-2.33%,0.77%,0.52%,0.11%,-2.03%,-1.73%,-2.19%,92,107,103,93,128,95,96,106,76,132,35.58%,38.81%,-0.74%,-11.70%,-1.84%,181.4%,199.1%,176.0%,-11.29%,-24.84%
2005/04/30,2005/03/31,-0.25%,-0.07%,0.35%,0.88%,0.11%,-3.37%,-3.16%,-1.59%,-0.79%,-3.40%,1.83%,1.65%,0.91%,-5.60%,-2.23%,-6.09%,92,107,103,94,128,91,93,104,75,127,36.07%,38.76%,1.07%,-10.24%,-4.03%,164.2%,187.6%,160.6%,-9.67%,-23.60%
2005/05/31,2005/04/30,0.53%,0.31%,-0.07%,-0.60%,0.55%,4.72%,4.81%,3.62%,2.55%,4.91%,2.41%,3.37%,-0.47%,7.47%,3.88%,6.45%,92,107,103,94,129,96,98,108,77,134,36.10%,39.03%,3.51%,-7.21%,-0.31%,181.3%,195.0%,180.0%,-7.49%,-21.02%
2005/06/30,2005/05/31,-0.59%,-0.91%,-0.19%,0.56%,1.52%,1.72%,-0.64%,0.37%,1.36%,3.44%,0.06%,-0.23%,-0.42%,3.32%,0.85%,3.39%,92,106,103,94,131,97,97,109,78,138,38.98%,41.42%,3.57%,-7.42%,0.54%,190.8%,202.5%,189.3%,-7.44%,-21.20%
2005/07/31,2005/06/30,0.62%,-0.18%,1.05%,-0.51%,-0.58%,5.28%,4.08%,4.64%,3.23%,4.11%,1.53%,2.34%,1.04%,9.58%,4.20%,8.88%,92,106,104,94,130,102,101,114,81,144,37.31%,39.77%,5.15%,-5.26%,4.76%,216.6%,216.6%,217.0%,-6.03%,-19.36%
2005/08/31,2005/07/31,-0.28%,-0.30%,-0.01%,0.48%,0.38%,-1.07%,-1.48%,-1.16%,-0.65%,-0.32%,-1.17%,-2.31%,-1.15%,-3.71%,-1.01%,-3.01%,92,106,104,94,131,101,100,112,80,143,38.22%,40.83%,3.92%,-7.44%,3.70%,207.1%,210.3%,205.3%,-7.13%,-21.22%
2005/09/30,2005/08/31,-0.07%,-0.51%,0.54%,1.18%,0.97%,0.54%,0.02%,0.70%,1.52%,1.81%,0.78%,0.38%,1.42%,0.90%,0.77%,0.78%,92,105,105,95,132,102,100,113,82,146,39.66%,42.62%,4.73%,-7.09%,4.50%,209.5%,210.3%,208.0%,-6.40%,-20.92%
2005/10/31,2005/09/30,0.39%,0.07%,0.88%,-0.64%,-1.56%,-1.57%,-1.52%,-0.91%,-2.24%,-3.34%,1.02%,2.03%,-1.05%,-3.28%,-1.76%,-3.89%,93,105,106,95,130,100,98,112,80,141,36.93%,40.08%,5.79%,-5.20%,2.66%,197.5%,203.7%,197.9%,-5.45%,-19.31%
2005/11/30,2005/10/31,0.20%,0.49%,0.20%,0.88%,-1.36%,4.35%,4.22%,3.81%,4.25%,2.52%,0.73%,1.94%,-0.54%,5.33%,3.93%,4.75%,93,106,106,95,128,105,102,116,83,145,34.80%,37.51%,6.56%,-3.36%,6.69%,211.6%,206.2%,213.8%,-4.76%,-17.75%
2005/12/31,2005/11/30,0.27%,0.00%,-0.57%,0.21%,0.88%,0.36%,-0.06%,-0.57%,0.15%,0.97%,1.91%,1.55%,3.30%,2.99%,0.04%,2.52%,93,106,105,96,129,105,102,116,83,146,35.63%,38.34%,8.60%,-1.86%,6.73%,219.4%,213.8%,223.2%,-2.94%,-16.47%
2006/01/31,2005/12/31,0.39%,-0.01%,-2.00%,0.11%,0.73%,4.24%,2.98%,0.97%,4.05%,6.90%,-0.46%,-0.39%,-1.68%,7.95%,3.44%,8.07%,93,106,103,96,130,110,105,117,87,156,36.10%,42.02%,8.10%,-2.25%,10.40%,245.2%,228.4%,248.9%,-3.39%,-16.80%
2006/02/28,2006/01/31,-0.46%,-0.55%,1.12%,0.28%,-0.49%,-0.55%,-0.31%,1.40%,0.40%,-0.88%,-0.65%,-1.36%,0.14%,-0.41%,0.09%,-0.00%,93,105,104,96,130,109,105,118,87,155,36.05%,41.54%,7.40%,-3.58%,10.50%,245.2%,228.1%,247.4%,-4.02%,-17.93%
2006/03/31,2006/02/28,0.88%,-0.46%,0.35%,-1.67%,0.27%,2.81%,1.57%,1.99%,0.43%,3.45%,1.52%,1.11%,0.71%,6.00%,1.90%,5.67%,94,105,105,94,130,112,107,121,87,160,35.23%,42.44%,9.03%,-2.51%,12.59%,264.7%,240.4%,268.3%,-2.56%,-17.02%
2006/04/30,2006/03/31,-1.19%,-0.73%,0.92%,0.11%,0.59%,0.70%,-0.12%,1.16%,1.35%,2.29%,-0.56%,-0.80%,0.38%,1.17%,0.99%,1.41%,93,104,106,95,131,113,107,122,88,164,37.64%,44.70%,8.42%,-3.28%,13.71%,269.9%,241.8%,272.6%,-3.10%,-17.68%
2006/05/31,2006/04/30,1.22%,-0.95%,0.79%,-1.00%,-0.45%,-1.40%,-4.04%,-3.14%,-3.32%,-3.45%,1.23%,1.76%,0.60%,-3.08%,-3.11%,-3.61%,94,103,106,94,130,111,102,118,86,158,35.33%,41.74%,9.75%,-1.58%,10.17%,256.5%,240.1%,261.1%,-1.91%,-16.23%
2006/06/30,2006/05/31,0.43%,0.17%,0.58%,-0.70%,0.11%,0.60%,0.21%,0.17%,-0.50%,0.52%,1.23%,1.15%,-0.04%,-0.26%,0.19%,-0.61%,94,103,107,93,130,112,102,119,85,159,34.90%,41.63%,11.10%,-0.45%,10.39%,254.3%,237.4%,260.1%,-0.71%,-15.27%
2006/07/31,2006/06/30,-1.42%,0.37%,1.40%,-0.24%,0.48%,-1.59%,-0.54%,1.10%,-0.55%,0.47%,0.41%,0.37%,-0.37%,-3.17%,-0.28%,-3.28%,93,104,108,93,131,110,102,120,85,160,37.46%,44.55%,11.56%,-0.08%,10.08%,242.7%,227.2%,248.7%,-0.30%,-14.95%
2006/08/31,2006/07/31,-0.22%,0.45%,-0.72%,1.14%,-0.86%,2.36%,3.00%,2.45%,3.12%,0.48%,-0.18%,0.24%,-2.53%,1.75%,2.48%,1.68%,93,104,108,94,130,113,105,123,87,160,36.59%,41.83%,11.36%,0.16%,12.81%,248.5%,224.6%,254.8%,-0.48%,-14.75%
2006/09/30,2006/08/31,-0.49%,-0.70%,0.66%,-0.19%,0.98%,2.16%,1.57%,2.79%,2.01%,2.74%,0.46%,0.23%,-0.22%,1.20%,2.24%,1.13%,92,103,108,94,131,115,107,126,89,165,38.60%,42.66%,11.86%,0.39%,15.33%,252.4%,221.1%,259.1%,-0.02%,-14.55%
2006/10/31,2006/09/30,0.30%,0.74%,-0.88%,-1.06%,1.06%,4.12%,4.48%,2.63%,2.59%,4.92%,0.99%,0.91%,-0.34%,5.40%,3.69%,5.13%,92,104,107,93,132,120,111,130,91,173,39.65%,43.80%,12.97%,1.30%,19.59%,270.5%,225.7%,278.5%,0.00%,-13.78%
2006/11/30,2006/10/31,0.32%,0.93%,-1.35%,0.96%,-1.18%,2.64%,2.98%,0.93%,3.03%,1.15%,-0.85%,-1.00%,-2.01%,1.30%,2.16%,1.60%,93,105,106,94,131,123,115,131,94,175,37.55%,41.67%,12.01%,0.29%,22.17%,276.4%,223.9%,283.4%,-0.85%,-14.64%
2006/12/31,2006/11/30,-1.69%,-0.20%,0.01%,0.85%,0.22%,0.68%,0.58%,0.92%,2.01%,2.21%,0.43%,0.56%,0.22%,2.72%,1.18%,2.55%,91,105,106,94,131,124,115,132,96,179,40.18%,43.84%,12.49%,0.86%,23.61%,286.0%,228.3%,293.9%,-0.43%,-14.15%
2007/01/31,2006/12/31,-1.21%,0.60%,0.27%,0.44%,1.16%,0.55%,2.43%,2.20%,2.15%,2.94%,-0.72%,-1.05%,1.51%,3.28%,2.01%,3.60%,90,105,106,95,133,125,118,135,98,184,43.50%,47.27%,11.67%,-0.20%,26.09%,299.9%,233.5%,306.8%,-1.15%,-15.06%
2007/02/28,2007/01/31,0.67%,0.11%,-0.65%,-0.75%,0.15%,-1.33%,-1.07%,-1.98%,-2.03%,-1.66%,-0.26%,-0.05%,0.62%,0.30%,-1.63%,0.31%,91,106,106,94,133,123,117,132,96,181,42.77%,46.79%,11.38%,-0.25%,24.04%,301.2%,240.0%,308.0%,-1.41%,-15.10%
2007/03/31,2007/02/28,0.24%,-0.20%,-0.78%,0.22%,0.14%,1.60%,0.77%,0.82%,0.97%,1.30%,2.57%,2.10%,0.76%,1.26%,1.00%,0.63%,91,105,105,94,133,125,118,133,97,183,42.62%,46.35%,14.24%,1.85%,25.28%,303.7%,238.7%,313.1%,0.00%,-13.31%
2007/04/30,2007/03/31,0.42%,-0.46%,-0.84%,0.45%,1.64%,4.21%,3.44%,3.61%,4.23%,4.05%,2.00%,2.56%,2.23%,4.32%,3.86%,3.55%,91,105,104,95,135,130,122,138,101,191,44.36%,46.11%,16.53%,4.45%,30.12%,318.0%,237.7%,331.0%,0.00%,-11.09%
2007/05/31,2007/04/30,0.07%,0.45%,-0.92%,-0.92%,1.19%,4.13%,4.37%,2.65%,2.72%,4.11%,0.77%,0.87%,-1.46%,2.74%,3.54%,2.47%,91,105,103,94,137,135,127,142,104,199,45.98%,46.09%,17.43%,5.37%,34.73%,328.4%,234.1%,342.8%,0.00%,-10.32%
2007/06/30,2007/05/31,0.40%,0.14%,-0.56%,-0.43%,-0.09%,-1.52%,-1.35%,-2.19%,-2.13%,-1.27%,0.52%,0.90%,1.32%,0.12%,-1.77%,-0.15%,92,105,102,93,137,133,125,139,102,196,45.26%,46.46%,18.05%,6.31%,32.35%,327.7%,239.5%,343.3%,0.00%,-9.51%
2007/07/31,2007/06/30,-0.22%,0.10%,-0.37%,0.73%,0.76%,-4.66%,-3.00%,-2.94%,-3.47%,-3.99%,0.93%,1.72%,2.84%,-4.11%,-3.46%,-4.63%,91,106,102,94,138,127,122,135,98,188,46.68%,47.43%,19.15%,8.14%,27.77%,308.0%,235.5%,325.1%,0.00%,-7.95%
2007/08/31,2007/07/31,-0.20%,-0.16%,0.09%,0.90%,-0.11%,0.39%,1.25%,1.81%,2.22%,0.90%,3.76%,4.72%,-1.73%,-1.19%,1.50%,-2.61%,91,105,102,95,138,128,123,137,100,190,46.81%,48.18%,23.64%,13.25%,29.69%,297.3%,221.7%,320.0%,0.00%,-3.61%
2007/09/30,2007/08/31,-0.23%,-0.39%,-0.80%,0.27%,0.78%,1.40%,4.14%,3.20%,4.20%,3.84%,1.62%,1.19%,0.07%,0.49%,3.55%,0.13%,91,105,101,95,139,129,128,141,105,197,48.30%,51.79%,25.64%,14.59%,34.30%,297.9%,210.7%,322.1%,0.00%,-2.46%
2007/10/31,2007/09/30,0.33%,-1.73%,-0.12%,0.88%,-0.59%,1.40%,1.10%,2.00%,3.40%,1.64%,1.35%,2.95%,0.53%,2.82%,2.05%,1.94%,91,103,101,96,138,131,130,144,108,200,46.94%,52.15%,27.33%,17.97%,37.05%,305.6%,210.4%,334.0%,0.00%,0.00%
2007/11/30,2007/10/31,0.82%,0.16%,0.99%,-0.50%,-0.79%,-4.48%,-4.28%,-3.25%,-5.07%,-6.18%,0.52%,0.75%,-3.22%,-11.24%,-4.49%,-11.47%,92,103,102,96,137,125,124,140,103,188,44.58%,49.55%,27.99%,18.85%,30.89%,259.1%,188.7%,285.2%,0.00%,0.00%
2007/12/31,2007/11/30,-0.57%,-0.74%,-0.46%,-0.72%,-0.12%,-1.75%,-0.06%,-1.10%,-1.03%,0.04%,-0.08%,0.66%,-1.22%,-2.03%,-0.68%,-2.23%,92,103,102,95,137,123,124,138,102,188,45.22%,52.24%,27.89%,19.64%,30.00%,251.0%,184.3%,277.4%,-0.08%,0.00%
2008/01/31,2007/12/31,1.35%,1.52%,0.69%,-0.01%,1.22%,-3.64%,-6.29%,-5.75%,-6.67%,-6.15%,-2.82%,-3.53%,-0.56%,-4.57%,-5.98%,-3.51%,93,104,102,95,138,119,116,130,95,177,45.03%,48.42%,24.27%,15.42%,22.22%,238.7%,191.3%,260.1%,-2.91%,-3.53%
2008/02/29,2008/01/31,1.18%,0.45%,-0.97%,-1.05%,-0.76%,-2.11%,-1.92%,-4.60%,-3.33%,-3.74%,-0.76%,0.07%,1.08%,-3.32%,-3.00%,-3.34%,94,105,101,94,137,116,114,124,92,170,42.22%,45.99%,23.33%,15.50%,18.56%,227.4%,190.3%,248.2%,-3.64%,-3.46%
2008/03/31,2008/02/29,-2.81%,1.09%,1.44%,-0.77%,-1.46%,-2.67%,0.61%,-0.06%,-1.39%,-1.35%,0.01%,0.06%,-3.83%,-4.12%,-0.63%,-4.14%,91,106,103,93,135,113,115,124,90,168,44.14%,47.92%,23.34%,15.57%,17.81%,213.9%,180.1%,233.8%,-3.63%,-3.40%
2008/04/30,2008/03/31,1.03%,0.15%,-1.98%,0.56%,3.10%,5.65%,5.18%,2.87%,4.45%,6.87%,0.10%,0.52%,-2.03%,1.41%,4.79%,1.26%,92,106,101,94,139,119,121,128,94,179,47.12%,49.72%,23.46%,16.17%,23.46%,217.8%,170.2%,238.6%,-3.54%,-2.90%
2008/05/31,2008/04/30,-0.83%,-1.06%,-0.44%,0.39%,0.30%,1.74%,1.41%,1.19%,2.81%,3.74%,0.50%,1.57%,-0.42%,3.59%,1.98%,3.12%,91,105,100,94,140,122,122,129,97,186,48.79%,52.72%,24.08%,17.98%,25.90%,227.7%,173.3%,250.7%,-3.05%,-1.38%
2008/06/30,2008/05/31,-0.04%,0.09%,-2.40%,-1.53%,-1.76%,-9.97%,-7.49%,-9.33%,-8.77%,-6.96%,-0.19%,1.56%,0.16%,-10.46%,-8.40%,-10.93%,91,105,98,93,137,109,113,117,89,173,46.23%,57.32%,23.85%,19.83%,15.32%,191.9%,166.4%,214.0%,-3.23%,0.00%
2008/07/31,2008/06/30,-3.31%,1.98%,1.17%,1.88%,-3.74%,-3.22%,0.02%,-0.03%,1.56%,-3.54%,3.33%,1.80%,-4.01%,-0.28%,-0.54%,-0.82%,88,107,99,94,132,106,113,117,90,167,45.60%,56.81%,27.98%,21.99%,14.70%,189.5%,165.6%,213.2%,-0.01%,0.00%
2008/08/31,2008/07/31,-0.58%,0.22%,-0.35%,-0.64%,0.56%,1.41%,1.53%,1.97%,1.50%,2.00%,3.55%,3.34%,-0.20%,5.47%,1.65%,4.47%,88,107,99,94,133,107,115,119,91,170,47.28%,57.74%,32.53%,26.06%,16.60%,202.5%,173.1%,230.3%,0.00%,0.00%
2008/09/30,2008/08/31,-7.19%,-0.50%,1.01%,3.36%,0.60%,-16.72%,-8.13%,-9.54%,-5.34%,-8.32%,0.43%,-0.91%,-5.48%,-14.54%,-8.85%,-14.27%,82,107,100,97,134,89,106,108,86,156,58.75%,70.99%,33.10%,24.92%,6.28%,159.3%,158.3%,182.3%,0.00%,-0.91%
2008/10/31,2008/09/30,-1.62%,-0.22%,0.96%,-0.28%,-4.67%,-20.99%,-14.20%,-17.87%,-16.58%,-19.62%,1.81%,2.29%,-0.28%,-23.42%,-17.40%,-24.11%,80,106,101,97,127,71,91,89,72,125,53.90%,73.32%,35.51%,27.79%,-12.22%,96.80%,141.0%,116.2%,0.00%,0.00%
2008/11/30,2008/10/31,-3.38%,0.64%,0.34%,-0.39%,1.04%,-11.98%,-5.11%,-7.49%,-9.90%,-7.31%,-0.81%,1.84%,-3.53%,-15.42%,-7.97%,-15.98%,78,107,101,96,129,62,86,82,65,116,60.70%,81.42%,34.42%,30.14%,-19.21%,65.35%,121.7%,82.83%,-0.81%,0.00%
2008/12/31,2008/11/30,-0.42%,-0.21%,2.51%,-1.08%,-0.29%,0.18%,1.91%,3.57%,1.63%,1.19%,5.54%,3.25%,-0.19%,4.60%,2.00%,3.63%,77,107,104,95,128,62,88,85,66,118,60.91%,83.25%,41.87%,34.37%,-17.59%,71.35%,125.3%,91.24%,0.00%,0.00%
2009/01/31,2008/12/31,3.17%,-0.65%,0.44%,-2.04%,-1.37%,-6.63%,-6.62%,-5.25%,-13.31%,-10.69%,-2.64%,-0.02%,15.33%,3.23%,-8.28%,3.24%,80,106,104,93,127,58,82,80,57,105,53.59%,75.81%,38.13%,34.35%,-24.42%,76.90%,151.3%,97.42%,-2.64%,-0.02%
2009/02/28,2009/01/31,-2.38%,-1.66%,-1.25%,1.69%,-3.86%,-10.73%,-9.44%,-8.78%,-9.64%,-15.77%,1.52%,2.06%,-2.03%,-13.70%,-10.22%,-14.32%,78,104,103,95,122,52,74,73,52,88,51.31%,66.93%,40.22%,37.12%,-32.14%,51.56%,141.0%,70.36%,-1.16%,0.00%
2009/03/31,2009/02/28,1.76%,-0.72%,0.83%,2.76%,-1.58%,8.00%,6.29%,9.03%,12.32%,8.40%,-8.39%,-5.06%,-1.39%,21.16%,8.87%,22.68%,79,104,104,97,120,56,79,80,58,96,46.26%,67.59%,28.45%,30.17%,-26.13%,85.93%,174.2%,106.4%,-9.46%,-5.06%
2009/04/30,2009/03/31,9.63%,-0.31%,-3.42%,-1.96%,3.52%,12.39%,6.48%,7.30%,14.30%,14.17%,1.17%,-11.60%,8.32%,24.13%,10.45%,27.61%,87,103,100,95,124,63,84,86,66,109,37.32%,70.58%,29.96%,15.07%,-18.40%,137.3%,221.3%,156.2%,-8.40%,-16.08%
2009/05/31,2009/04/30,3.18%,-1.09%,-0.21%,-0.80%,-1.73%,9.98%,3.02%,4.35%,5.50%,4.91%,-2.54%,-6.21%,2.57%,10.93%,5.16%,12.79%,89,102,100,95,122,69,86,90,70,115,30.58%,61.95%,26.65%,7.92%,-14.20%,167.6%,245.8%,184.2%,-10.73%,-21.29%
2009/06/30,2009/05/31,-1.39%,1.78%,1.68%,-1.66%,-0.29%,-1.04%,1.39%,2.08%,-0.73%,-0.52%,-5.00%,-6.33%,0.47%,1.30%,0.39%,3.20%,88,104,102,93,122,69,88,91,69,114,32.02%,62.78%,20.32%,1.09%,-13.86%,176.2%,255.5%,187.9%,-15.19%,-26.27%
2009/07/31,2009/06/30,2.04%,-0.46%,-0.56%,0.11%,-0.90%,10.59%,5.52%,7.43%,8.41%,8.97%,-3.61%,-7.69%,-3.33%,6.28%,7.78%,8.58%,90,103,101,93,120,76,92,98,75,125,28.15%,60.14%,15.98%,-6.68%,-7.16%,199.9%,258.4%,206.0%,-18.25%,-31.94%
2009/08/31,2009/07/31,0.95%,-0.47%,0.60%,-1.00%,-1.66%,4.46%,2.35%,3.73%,3.31%,4.81%,-17.11%,-25.71%,-4.15%,-2.28%,3.49%,5.44%,91,103,102,92,118,79,95,102,78,131,24.79%,60.71%,-3.86%,-30.67%,-3.92%,216.2%,265.4%,199.0%,-32.23%,-49.44%
2009/09/30,2009/08/31,-0.36%,-1.12%,0.68%,-0.61%,-0.48%,5.94%,2.17%,5.15%,4.29%,4.51%,-2.81%,-5.12%,-1.26%,5.27%,4.15%,6.81%,91,102,102,92,118,84,97,107,81,136,24.64%,58.42%,-6.57%,-34.22%,0.06%,237.7%,275.1%,214.8%,-34.14%,-52.03%
2009/10/31,2009/09/30,1.41%,-0.57%,-0.30%,1.58%,0.75%,-2.27%,-2.14%,-4.38%,-1.72%,-2.60%,1.15%,3.11%,-0.29%,-4.51%,-2.59%,-5.44%,92,101,102,93,119,82,95,103,80,133,23.82%,57.89%,-5.49%,-32.18%,-2.53%,219.3%,264.4%,200.6%,-33.38%,-50.54%
2009/11/30,2009/10/31,-3.68%,1.73%,0.25%,0.41%,-0.91%,2.97%,6.36%,6.02%,5.90%,4.95%,2.72%,2.38%,-1.87%,3.20%,5.59%,2.48%,88,103,102,94,118,85,101,109,84,139,27.24%,61.03%,-2.93%,-30.56%,2.92%,227.2%,253.0%,210.2%,-31.57%,-49.36%
2009/12/31,2009/11/30,-0.51%,-0.01%,-0.10%,0.45%,0.15%,4.25%,1.44%,2.55%,2.91%,4.27%,-1.62%,-1.82%,-0.51%,6.43%,2.80%,6.98%,88,103,102,94,118,88,102,111,87,145,28.08%,61.06%,-4.50%,-31.82%,5.80%,250.1%,267.8%,230.1%,-32.68%,-50.28%
2010/01/31,2009/12/31,0.16%,1.82%,-1.34%,-1.67%,-0.59%,-2.96%,-1.32%,-4.36%,-4.47%,-3.81%,-4.41%,-7.05%,-0.82%,-3.70%,-3.38%,-1.58%,88,105,101,92,117,86,101,107,83,140,27.12%,59.70%,-8.71%,-36.63%,2.23%,244.5%,274.4%,217.9%,-35.65%,-53.78%
2010/02/28,2010/01/31,1.51%,-1.05%,-0.19%,0.40%,0.76%,5.11%,2.52%,3.35%,3.95%,3.58%,1.43%,1.73%,1.55%,4.71%,3.44%,4.19%,89,104,101,93,118,90,103,110,86,145,26.16%,57.26%,-7.41%,-35.53%,5.74%,259.0%,277.2%,232.9%,-34.74%,-52.98%
2010/03/31,2010/02/28,0.32%,0.34%,0.54%,-0.46%,-0.08%,7.03%,6.14%,7.39%,5.69%,6.44%,-4.12%,-7.15%,-0.81%,4.88%,6.36%,7.02%,90,104,101,92,118,96,110,118,91,154,25.65%,56.33%,-11.22%,-40.14%,12.47%,284.2%,279.7%,249.1%,-37.42%,-56.34%
2010/04/30,2010/03/31,2.95%,-1.64%,1.12%,-1.59%,1.01%,3.73%,0.14%,4.04%,0.95%,2.88%,-10.62%,-14.18%,-0.77%,2.64%,2.11%,6.89%,92,102,102,91,119,100,110,123,92,159,23.21%,55.00%,-20.65%,-48.62%,14.85%,310.6%,297.8%,258.3%,-44.07%,-62.53%
2010/05/31,2010/04/30,-0.62%,0.52%,0.78%,0.13%,1.08%,-9.19%,-7.66%,-7.40%,-7.47%,-8.06%,2.23%,3.07%,0.49%,-7.77%,-7.82%,-8.69%,92,103,103,91,120,91,101,114,85,146,25.31%,56.76%,-18.88%,-47.05%,5.86%,275.0%,294.4%,230.5%,-42.82%,-61.38%
2010/06/30,2010/05/31,-0.37%,1.90%,0.85%,-1.08%,-1.15%,-7.94%,-4.03%,-4.93%,-6.08%,-7.06%,4.69%,4.08%,-0.24%,-7.27%,-5.53%,-8.49%,92,105,104,90,119,83,97,108,80,136,24.33%,58.14%,-15.08%,-44.89%,0.01%,243.1%,282.7%,206.5%,-40.14%,-59.80%
2010/07/31,2010/06/30,-1.49%,0.60%,-0.58%,0.98%,0.03%,6.47%,6.66%,6.48%,7.50%,8.35%,1.54%,1.04%,0.38%,7.30%,7.01%,6.98%,90,106,103,91,119,89,104,115,86,147,26.23%,61.12%,-13.77%,-44.31%,7.02%,267.1%,282.6%,228.8%,-39.22%,-59.38%
2010/08/31,2010/07/31,0.44%,0.56%,1.39%,-0.54%,-0.14%,-6.10%,-3.58%,-4.04%,-5.74%,-5.19%,0.87%,1.21%,0.56%,-6.74%,-4.66%,-7.10%,91,106,105,90,119,83,100,111,81,139,25.49%,62.58%,-13.02%,-43.64%,2.02%,241.0%,273.3%,206.7%,-38.69%,-58.90%
2010/09/30,2010/08/31,-1.61%,-0.47%,-0.17%,1.91%,-2.23%,10.67%,9.16%,9.78%,8.71%,10.00%,0.72%,0.40%,-1.87%,12.05%,9.41%,11.93%,89,106,105,92,116,92,109,122,88,153,24.70%,61.48%,-12.39%,-43.41%,11.62%,281.7%,282.7%,243.6%,-38.25%,-58.73%
2010/10/31,2010/09/30,-0.72%,-0.95%,-0.25%,1.88%,0.97%,3.88%,2.99%,3.75%,4.43%,5.20%,1.43%,1.22%,1.28%,5.74%,3.89%,5.37%,88,105,104,94,117,96,112,126,92,161,26.81%,63.60%,-11.14%,-42.72%,15.96%,302.2%,288.4%,263.4%,-37.37%,-58.23%
2010/11/30,2010/10/31,-0.10%,0.06%,-1.82%,1.31%,0.92%,1.27%,0.76%,-0.31%,0.27%,1.49%,1.52%,1.28%,-0.38%,2.77%,0.54%,2.39%,88,105,102,95,118,97,113,126,92,164,28.11%,63.95%,-9.79%,-41.99%,16.58%,311.8%,295.6%,273.4%,-36.41%,-57.69%
2010/12/31,2010/11/30,-0.72%,-0.06%,-0.86%,-1.08%,-1.70%,6.83%,6.53%,5.62%,8.41%,7.07%,0.05%,-0.98%,0.16%,8.70%,6.70%,9.00%,88,105,101,94,116,104,121,133,100,175,26.85%,64.35%,-9.74%,-42.56%,24.40%,348.8%,304.6%,305.9%,-36.38%,-58.11%
2011/01/31,2010/12/31,1.91%,-0.63%,0.56%,-1.41%,1.22%,3.03%,0.99%,2.56%,1.61%,3.07%,1.06%,-0.12%,4.52%,5.01%,2.06%,5.05%,89,104,102,93,118,107,122,136,102,180,25.99%,64.42%,-8.79%,-42.62%,26.96%,371.5%,316.7%,326.3%,-35.71%,-58.15%
2011/02/28,2011/01/31,-0.96%,-0.05%,1.44%,-0.99%,0.19%,3.02%,3.36%,4.23%,2.98%,4.10%,1.49%,2.49%,0.12%,5.06%,3.59%,4.31%,89,104,104,92,118,110,126,142,105,188,27.43%,66.19%,-7.43%,-41.19%,31.52%,391.8%,319.7%,347.8%,-34.75%,-57.11%
2011/03/31,2011/02/28,0.12%,-0.07%,-0.34%,0.89%,1.83%,0.35%,0.56%,0.57%,-0.31%,1.41%,0.29%,0.14%,-0.80%,0.46%,0.49%,0.42%,89,104,103,93,120,110,127,143,104,191,29.62%,67.94%,-7.16%,-41.11%,32.16%,393.9%,319.4%,349.9%,-34.56%,-57.05%
2011/04/30,2011/03/31,-0.44%,-0.86%,2.09%,-0.06%,-0.06%,2.83%,2.36%,4.65%,2.22%,2.83%,0.70%,1.36%,-1.61%,1.36%,2.97%,0.95%,88,103,105,93,120,114,130,149,107,196,30.11%,67.94%,-6.51%,-40.31%,36.08%,398.6%,311.0%,356.0%,-34.10%,-56.47%
2011/05/31,2011/04/30,0.46%,-0.09%,0.88%,-0.85%,0.73%,-0.96%,-1.30%,-0.26%,-2.63%,-0.73%,0.04%,0.14%,-1.64%,-3.20%,-1.22%,-3.24%,89,103,106,92,121,113,128,149,104,194,30.46%,68.32%,-6.47%,-40.23%,34.42%,382.4%,302.7%,341.4%,-34.07%,-56.41%
2011/06/30,2011/05/31,1.38%,0.57%,-0.42%,-0.28%,0.97%,-0.99%,-1.40%,-2.32%,-2.19%,-1.40%,0.24%,-1.66%,-0.08%,-3.30%,-1.74%,-2.80%,90,103,106,92,122,111,126,146,102,192,29.93%,67.63%,-6.25%,-41.22%,32.08%,368.9%,298.4%,326.9%,-33.92%,-57.13%
2011/07/31,2011/06/30,-0.60%,0.10%,0.09%,1.57%,-0.60%,-3.51%,-2.25%,-2.46%,-0.70%,-3.90%,1.71%,3.10%,2.61%,1.05%,-2.26%,0.12%,89,104,106,93,122,107,123,142,101,184,29.93%,66.98%,-4.64%,-39.40%,29.09%,369.5%,307.9%,331.4%,-32.79%,-55.80%
2011/08/31,2011/07/31,-0.28%,0.61%,1.18%,-0.17%,0.17%,-7.70%,-5.24%,-4.76%,-6.27%,-7.67%,0.80%,0.84%,-1.80%,-10.31%,-5.89%,-10.56%,89,104,107,93,122,99,117,135,95,170,30.51%,67.04%,-3.88%,-38.89%,21.49%,319.9%,288.9%,286.9%,-32.25%,-55.43%
2011/09/30,2011/08/31,-1.60%,0.05%,0.89%,0.56%,-3.51%,-9.52%,-7.69%,-6.44%,-6.57%,-11.43%,0.23%,-1.33%,-3.14%,-14.07%,-7.63%,-13.67%,88,104,108,93,117,90,108,127,88,151,28.01%,63.84%,-3.66%,-39.70%,12.22%,262.5%,265.4%,232.5%,-32.10%,-56.02%
2011/10/31,2011/09/30,0.42%,-0.81%,-0.56%,0.05%,2.75%,13.37%,12.03%,9.65%,10.51%,15.41%,4.67%,4.71%,0.38%,16.22%,11.39%,14.81%,88,103,107,93,121,102,121,139,98,174,31.00%,67.19%,0.84%,-36.87%,25.00%,316.2%,277.9%,286.4%,-28.92%,-53.96%
2011/11/30,2011/10/31,1.15%,0.36%,0.81%,0.09%,-0.90%,0.34%,-0.37%,0.17%,-0.70%,-2.14%,1.38%,3.24%,-0.75%,-1.42%,-0.35%,-2.39%,89,104,108,94,120,102,120,139,97,170,28.31%,63.04%,2.23%,-34.82%,24.56%,306.3%,270.2%,280.9%,-27.94%,-52.46%
2011/12/31,2011/11/30,-1.62%,-0.35%,1.26%,1.15%,0.91%,-0.97%,-0.06%,1.96%,1.86%,1.18%,1.46%,0.88%,0.62%,0.99%,0.85%,0.72%,88,103,110,95,121,101,120,142,99,172,31.56%,66.56%,3.72%,-34.24%,25.62%,309.2%,269.7%,284.7%,-26.89%,-52.04%
2012/01/31,2011/12/31,-1.91%,-1.71%,-0.83%,-0.90%,1.82%,5.12%,4.24%,3.52%,5.74%,9.46%,-0.30%,-5.23%,3.20%,10.58%,5.09%,12.15%,86,102,109,94,123,106,126,147,104,188,36.46%,73.78%,3.41%,-37.68%,32.02%,358.9%,295.8%,325.4%,-27.11%,-54.55%
2012/02/29,2012/01/31,-0.86%,0.08%,-1.79%,-0.79%,4.01%,4.03%,4.04%,3.00%,3.51%,8.38%,-2.14%,-1.10%,-1.41%,3.17%,4.25%,3.50%,85,102,107,93,128,111,131,151,108,204,43.11%,81.33%,1.19%,-38.37%,37.63%,375.0%,292.9%,338.9%,-28.67%,-55.05%
2012/03/31,2012/02/29,-1.86%,-0.23%,0.74%,2.54%,-2.04%,1.32%,2.69%,3.52%,5.39%,1.24%,-0.84%,-1.32%,-1.51%,1.32%,3.15%,1.72%,84,102,108,95,125,112,134,156,114,207,42.85%,81.18%,0.34%,-39.18%,41.95%,383.1%,287.2%,344.7%,-29.27%,-55.64%
2012/04/30,2012/03/31,2.00%,1.25%,0.23%,0.21%,0.13%,-0.21%,0.07%,-0.94%,-1.25%,-1.05%,0.41%,-1.97%,1.17%,-2.82%,-0.69%,-2.23%,85,103,108,96,125,112,134,155,113,205,40.18%,79.65%,0.75%,-40.38%,40.97%,372.4%,281.3%,332.1%,-28.99%,-56.52%
2012/05/31,2012/04/30,0.44%,0.20%,0.78%,1.32%,-1.37%,-7.64%,-6.24%,-5.70%,-4.77%,-7.63%,-0.96%,-1.13%,0.48%,-9.40%,-6.09%,-9.06%,86,103,109,97,124,103,126,146,107,189,37.65%,79.66%,-0.22%,-41.06%,32.39%,329.6%,270.0%,291.5%,-29.67%,-57.01%
2012/06/30,2012/05/31,-1.76%,0.03%,1.61%,-0.52%,0.18%,3.00%,3.62%,5.36%,3.49%,3.94%,4.24%,4.76%,0.46%,6.08%,3.98%,4.65%,84,103,111,96,124,106,130,154,111,196,40.31%,81.34%,4.01%,-38.25%,37.67%,349.6%,272.4%,315.3%,-26.68%,-54.97%
2012/07/31,2012/06/30,-0.33%,0.37%,-0.39%,-0.12%,2.57%,0.04%,1.01%,0.81%,0.36%,2.32%,1.17%,1.61%,1.35%,-0.93%,0.87%,-1.41%,84,103,110,96,127,106,132,155,111,201,44.38%,85.48%,5.23%,-37.26%,38.87%,343.2%,263.9%,311.4%,-25.83%,-54.24%
2012/08/31,2012/07/31,-0.33%,-0.40%,-0.23%,-0.84%,2.29%,2.76%,2.07%,2.03%,2.00%,5.11%,1.49%,1.02%,-0.91%,3.67%,2.50%,3.37%,84,103,110,95,130,109,134,158,114,211,48.17%,89.84%,6.79%,-36.62%,42.34%,358.1%,267.0%,326.6%,-24.73%,-53.77%
2012/09/30,2012/08/31,-0.31%,1.25%,0.24%,-1.46%,-1.08%,2.41%,3.56%,2.73%,1.50%,2.34%,-0.78%,-5.58%,-0.86%,1.81%,2.56%,3.48%,83,104,110,94,129,112,139,163,115,216,47.02%,89.71%,5.96%,-40.15%,45.99%,374.1%,270.4%,334.3%,-25.31%,-56.35%
2012/10/31,2012/09/30,1.07%,0.61%,0.32%,-1.92%,1.26%,-0.17%,-0.84%,-1.05%,-4.56%,-1.78%,3.38%,0.84%,2.48%,0.02%,-1.70%,-0.23%,84,105,110,92,130,112,138,161,110,212,47.30%,86.66%,9.54%,-39.65%,43.50%,373.0%,275.9%,334.4%,-22.79%,-55.99%
2012/11/30,2012/10/31,-0.13%,-0.54%,0.22%,-0.40%,0.61%,0.49%,0.10%,0.95%,0.76%,1.81%,3.50%,4.43%,0.94%,2.59%,0.66%,1.26%,84,104,111,92,131,112,138,162,111,216,48.38%,89.13%,13.37%,-36.98%,44.45%,378.9%,278.1%,345.6%,-20.09%,-54.04%
2012/12/31,2012/11/30,0.39%,-0.34%,0.42%,1.30%,-1.35%,2.08%,-0.34%,1.81%,2.57%,0.58%,0.55%,-0.51%,-1.49%,3.02%,1.26%,3.18%,84,104,111,93,129,115,138,165,114,218,45.79%,86.29%,13.99%,-37.30%,46.27%,394.2%,285.4%,359.1%,-19.65%,-54.27%
2013/01/31,2012/12/31,2.22%,0.80%,0.70%,-0.50%,-4.75%,7.09%,5.99%,5.91%,5.83%,2.12%,-2.18%,-1.88%,0.77%,7.90%,5.53%,8.46%,86,105,112,93,123,123,146,175,120,222,35.63%,77.03%,11.50%,-38.48%,54.35%,436.0%,296.7%,395.4%,-21.41%,-55.13%
2013/02/28,2013/01/31,0.92%,-0.07%,0.20%,0.36%,-1.52%,1.95%,1.02%,1.54%,1.93%,-0.40%,0.08%,0.37%,0.18%,1.38%,1.30%,1.27%,87,105,112,93,121,125,147,178,123,221,32.32%,72.87%,11.59%,-38.25%,56.35%,442.8%,296.6%,402.2%,-21.34%,-54.96%
2013/03/31,2013/02/28,0.85%,0.67%,-0.60%,-0.07%,-1.54%,4.66%,4.14%,3.33%,4.46%,3.24%,1.80%,1.70%,0.76%,6.10%,4.00%,5.59%,88,105,111,93,119,131,154,184,128,228,29.15%,70.41%,13.59%,-37.20%,62.60%,473.1%,302.9%,432.8%,-19.93%,-54.20%
2013/04/30,2013/03/31,-0.01%,1.49%,0.68%,-1.11%,-0.12%,1.53%,2.70%,2.37%,0.73%,0.54%,0.21%,1.32%,0.12%,0.92%,1.68%,0.53%,88,107,112,92,119,133,158,188,129,230,29.01%,68.73%,13.83%,-36.37%,65.33%,476.1%,298.3%,437.7%,-19.76%,-53.59%
2013/05/31,2013/04/30,-0.89%,-1.10%,-0.77%,0.86%,0.49%,2.58%,1.99%,1.19%,3.43%,3.83%,0.42%,0.23%,1.10%,7.04%,2.46%,6.97%,87,106,111,93,120,136,161,190,133,238,30.79%,70.84%,14.31%,-36.23%,69.40%,516.3%,316.2%,475.5%,-19.43%,-53.49%
2013/06/30,2013/05/31,-0.56%,0.19%,0.24%,-0.21%,-0.49%,-1.58%,-0.71%,-1.26%,-1.48%,-1.27%,0.73%,0.80%,0.62%,-0.03%,-1.25%,-0.27%,87,106,112,92,119,134,160,188,131,235,30.89%,71.37%,15.15%,-35.72%,67.28%,514.6%,320.3%,475.4%,-18.84%,-53.12%
2013/07/31,2013/06/30,-1.67%,0.03%,-0.06%,-0.81%,1.78%,4.50%,4.73%,5.18%,5.59%,8.48%,-0.32%,-2.23%,-0.13%,7.47%,5.46%,8.14%,85,106,112,92,121,140,167,198,139,255,35.41%,78.20%,14.77%,-37.15%,76.41%,564.6%,331.6%,518.3%,-19.10%,-54.16%
2013/08/31,2013/07/31,-0.06%,-1.69%,-0.35%,0.95%,0.56%,-3.06%,-3.57%,-3.40%,-1.38%,-2.71%,-2.13%,-2.91%,0.38%,-3.52%,-2.84%,-2.65%,85,104,111,93,122,136,161,191,137,248,36.24%,78.83%,12.32%,-38.98%,71.40%,547.0%,332.4%,496.6%,-20.82%,-55.50%
2013/09/30,2013/08/31,-1.07%,0.08%,0.31%,-0.21%,-0.51%,2.74%,3.31%,3.89%,4.04%,4.96%,1.42%,0.93%,1.58%,7.79%,3.76%,7.52%,84,104,112,92,121,140,167,198,142,261,37.01%,82.79%,13.92%,-38.42%,77.84%,595.7%,348.7%,543.1%,-19.70%,-55.09%
2013/10/31,2013/09/30,-0.94%,-0.19%,0.04%,0.93%,-0.59%,3.40%,3.95%,4.37%,4.75%,3.48%,1.05%,1.27%,0.39%,4.60%,4.19%,4.22%,83,104,112,93,121,145,173,207,149,270,37.50%,82.93%,15.12%,-37.64%,85.29%,625.0%,348.8%,572.7%,-18.86%,-54.52%
2013/11/30,2013/10/31,0.47%,-1.03%,-0.49%,0.17%,-0.93%,3.88%,1.77%,2.69%,3.24%,2.96%,0.56%,0.74%,0.22%,4.56%,2.86%,4.34%,84,103,111,93,120,150,176,213,154,278,35.57%,81.25%,15.77%,-37.17%,90.59%,656.5%,355.4%,603.3%,-18.40%,-54.18%
2013/12/31,2013/11/30,-0.37%,-0.75%,0.00%,0.31%,-0.42%,2.40%,2.29%,2.70%,2.93%,2.70%,1.90%,1.63%,1.52%,4.35%,2.61%,3.86%,83,102,111,94,119,154,180,218,158,285,35.51%,81.79%,17.96%,-36.15%,95.56%,685.7%,361.1%,633.9%,-16.85%,-53.43%
2014/01/31,2013/12/31,-0.20%,0.38%,2.32%,-0.44%,-1.21%,-4.01%,-3.25%,-1.52%,-3.12%,-4.95%,-2.42%,-1.92%,2.81%,-0.42%,-3.13%,0.16%,83,103,114,93,118,148,174,215,154,271,34.14%,80.08%,15.10%,-37.38%,89.43%,686.9%,376.3%,630.8%,-18.87%,-54.33%
2014/02/28,2014/01/31,-0.33%,-0.08%,0.32%,-0.15%,0.59%,4.13%,4.66%,5.03%,4.25%,5.39%,1.35%,1.61%,1.22%,6.11%,4.67%,5.63%,83,103,114,93,118,154,183,226,160,286,35.36%,82.35%,16.66%,-36.37%,98.28%,731.2%,380.8%,675.5%,-17.77%,-53.59%
2014/03/31,2014/02/28,0.67%,0.56%,-1.23%,1.30%,-0.30%,1.90%,1.05%,-0.64%,0.26%,0.50%,1.61%,2.76%,2.07%,3.09%,0.51%,2.27%,84,103,113,94,118,157,185,224,160,287,34.05%,79.79%,18.54%,-34.61%,99.29%,750.0%,389.3%,699.5%,-16.44%,-52.31%
2014/04/30,2014/03/31,1.49%,0.66%,-0.96%,0.51%,0.18%,1.57%,0.54%,-1.08%,0.17%,-1.38%,1.08%,1.56%,1.27%,-2.27%,-0.02%,-2.73%,85,104,111,95,118,159,186,222,161,283,32.30%,74.49%,19.82%,-33.59%,99.24%,726.8%,376.0%,681.4%,-15.54%,-51.57%
2014/05/31,2014/04/30,-1.82%,-0.51%,0.49%,0.99%,1.55%,0.42%,1.71%,2.31%,3.09%,2.38%,1.30%,1.64%,0.41%,0.64%,2.10%,0.15%,83,103,112,96,120,160,189,227,166,290,36.76%,77.91%,21.38%,-32.50%,103.4%,728.0%,366.7%,686.4%,-14.45%,-50.77%
2014/06/30,2014/05/31,0.84%,-0.09%,-0.29%,-0.93%,-0.80%,2.64%,2.01%,2.55%,3.25%,2.76%,3.05%,3.24%,0.58%,6.31%,2.50%,5.34%,84,103,112,95,119,164,192,233,171,298,34.52%,78.13%,25.08%,-30.31%,108.5%,772.2%,380.0%,736.0%,-11.84%,-49.17%
2014/07/31,2014/06/30,-1.84%,-0.15%,1.35%,1.23%,1.45%,-2.91%,-1.55%,-2.06%,-1.42%,-2.65%,-1.38%,-2.90%,0.93%,-5.55%,-1.95%,-4.68%,82,103,113,96,121,159,189,228,169,290,38.95%,78.60%,23.35%,-32.33%,104.4%,731.3%,366.9%,689.5%,-13.05%,-50.65%
2014/08/31,2014/07/31,-0.07%,0.27%,0.02%,-0.54%,-0.11%,4.11%,4.19%,4.27%,4.00%,4.40%,0.89%,1.09%,0.02%,5.15%,4.18%,4.82%,82,103,113,95,121,166,197,238,175,303,38.88%,79.13%,24.45%,-31.60%,113.0%,771.4%,369.9%,730.2%,-12.28%,-50.11%
2014/09/30,2014/08/31,0.54%,-0.55%,0.82%,-0.91%,0.27%,-2.18%,-2.25%,-1.19%,-2.21%,-3.75%,1.97%,2.53%,0.27%,-4.41%,-2.09%,-5.17%,83,103,114,95,121,162,193,235,172,292,38.50%,76.31%,26.91%,-29.87%,108.5%,726.3%,355.4%,693.6%,-10.55%,-48.85%
2014/10/31,2014/09/30,-0.58%,0.20%,1.69%,0.09%,-1.50%,1.95%,2.73%,3.21%,2.82%,2.86%,2.89%,3.16%,-3.93%,1.88%,2.74%,0.94%,82,103,116,95,119,165,198,243,176,300,37.23%,77.90%,30.57%,-27.65%,114.2%,734.1%,347.2%,708.5%,-7.96%,-47.23%
2014/11/30,2014/10/31,-1.52%,0.62%,-0.16%,0.67%,0.44%,0.12%,2.78%,2.22%,4.22%,2.48%,1.76%,2.17%,-0.00%,1.09%,2.53%,0.44%,81,104,116,95,120,165,204,248,184,307,39.93%,82.10%,32.87%,-26.08%,119.7%,737.8%,337.8%,717.4%,-6.34%,-46.09%
2014/12/31,2014/11/30,0.01%,0.64%,-0.23%,-0.34%,0.27%,0.39%,0.43%,-0.57%,-0.93%,0.99%,1.76%,-0.98%,-1.01%,1.09%,-0.03%,1.39%,81,104,116,95,120,166,205,247,182,310,40.29%,83.20%,35.21%,-26.81%,119.6%,749.4%,344.0%,726.3%,-4.69%,-46.62%
2015/01/31,2014/12/31,0.40%,-0.67%,-0.27%,2.15%,0.72%,-3.47%,-3.10%,-3.10%,-0.62%,-3.34%,-2.34%,-1.90%,-0.93%,-5.83%,-2.75%,-5.26%,81,104,115,97,121,160,198,239,181,300,40.74%,83.43%,32.05%,-28.19%,113.6%,704.7%,332.9%,678.1%,-6.92%,-47.63%
2015/02/28,2015/01/31,0.09%,-1.39%,0.18%,0.71%,-0.61%,5.33%,3.47%,6.60%,8.13%,7.09%,-1.11%,-0.60%,0.65%,6.67%,5.76%,6.85%,81,102,116,98,120,169,205,255,196,321,39.75%,86.66%,30.58%,-28.62%,125.9%,759.8%,337.6%,730.0%,-7.96%,-47.94%
2015/03/31,2015/02/28,-0.11%,0.23%,-0.68%,-0.00%,-0.20%,-1.60%,-0.71%,-0.78%,-1.48%,-0.47%,3.74%,4.09%,1.56%,2.36%,-1.06%,1.14%,81,102,115,98,120,166,204,253,193,320,39.63%,88.77%,35.46%,-25.71%,123.5%,769.6%,347.2%,749.7%,-4.52%,-45.82%
2015/04/30,2015/03/31,0.22%,0.20%,0.88%,-0.98%,0.85%,1.73%,0.62%,-0.73%,-0.36%,0.68%,-2.56%,-2.04%,-0.47%,1.40%,0.40%,2.01%,82,103,116,97,121,169,205,251,192,322,40.50%,86.79%,31.99%,-27.22%,124.4%,787.1%,354.4%,761.6%,-6.96%,-46.92%
2015/05/31,2015/04/30,-1.10%,0.02%,-1.13%,0.96%,0.74%,-0.54%,1.08%,1.60%,2.45%,2.61%,3.84%,5.04%,1.29%,2.38%,1.29%,0.86%,81,103,114,98,122,168,207,255,197,330,43.10%,92.67%,37.06%,-23.55%,127.3%,794.8%,352.5%,782.0%,-3.39%,-44.25%
2015/06/30,2015/05/31,-0.92%,-0.16%,0.25%,-0.17%,-0.88%,-2.49%,-1.35%,-1.32%,-1.59%,-2.10%,2.02%,3.08%,-0.57%,-0.47%,-1.63%,-1.39%,80,103,115,98,121,164,204,251,194,323,43.17%,93.44%,39.83%,-21.20%,123.6%,782.3%,353.6%,777.9%,-1.43%,-42.53%
2015/07/31,2015/06/30,1.70%,1.18%,0.48%,-1.51%,-1.73%,1.46%,2.99%,0.76%,2.63%,-1.35%,-0.79%,3.10%,-3.24%,-5.56%,1.67%,-6.49%,81,104,115,96,119,166,211,253,199,319,38.25%,88.00%,38.73%,-18.75%,127.3%,725.0%,316.5%,729.1%,-2.22%,-40.75%
2015/08/31,2015/07/31,-1.74%,-0.35%,-0.13%,1.73%,0.15%,-6.33%,-5.57%,-6.49%,-6.20%,-5.20%,-1.43%,-7.28%,-0.65%,-7.69%,-5.98%,-5.50%,80,103,115,98,119,156,199,237,187,302,40.85%,90.12%,36.75%,-24.67%,113.7%,679.7%,318.5%,665.4%,-3.61%,-45.06%
2015/09/30,2015/08/31,-0.74%,-0.06%,0.76%,0.56%,-0.77%,-3.16%,-1.75%,-2.24%,-3.16%,-5.03%,0.57%,2.56%,-1.54%,-7.18%,-2.82%,-7.95%,79,103,116,98,118,151,195,232,181,287,40.81%,86.55%,37.52%,-22.74%,107.7%,617.7%,297.1%,610.4%,-3.07%,-43.66%
2015/10/31,2015/09/30,0.95%,1.16%,0.18%,-1.39%,0.15%,8.33%,7.14%,7.92%,7.46%,8.27%,1.02%,0.46%,-2.38%,6.27%,7.68%,6.13%,80,104,116,97,118,163,209,250,194,311,39.68%,86.45%,38.93%,-22.39%,123.6%,661.7%,291.0%,655.0%,-2.07%,-43.40%
2015/11/30,2015/10/31,0.97%,-0.22%,0.31%,-0.41%,-0.25%,0.90%,0.16%,0.89%,0.49%,0.53%,1.37%,1.79%,-2.52%,0.51%,0.55%,-0.03%,81,104,117,97,118,165,210,252,195,313,37.97%,85.76%,40.84%,-21.00%,124.8%,661.5%,288.7%,658.8%,-0.73%,-42.38%
2015/12/31,2015/11/30,-0.28%,-0.47%,0.72%,0.09%,-1.43%,-3.19%,-1.74%,-1.27%,-1.49%,-3.59%,0.85%,2.12%,0.40%,-4.01%,-2.07%,-4.64%,81,104,117,97,116,160,206,249,192,301,36.38%,85.02%,42.04%,-19.32%,120.2%,626.1%,278.7%,628.4%,0.00%,-41.16%
2016/01/31,2015/12/31,-1.07%,0.41%,0.46%,-0.40%,-0.17%,-6.99%,-3.51%,-4.84%,-7.10%,-6.40%,2.78%,2.82%,-0.75%,-8.70%,-5.64%,-9.54%,80,104,118,96,116,148,199,237,179,282,37.61%,86.12%,45.99%,-17.05%,107.8%,556.8%,263.9%,565.0%,0.00%,-39.51%
2016/02/29,2016/01/31,1.20%,-0.52%,-0.45%,1.39%,-0.12%,1.41%,-0.95%,-1.08%,0.99%,0.44%,1.70%,1.50%,0.20%,1.65%,-0.05%,1.20%,81,104,117,98,116,151,197,234,180,283,35.80%,84.31%,48.47%,-15.81%,107.6%,564.8%,268.5%,576.0%,0.00%,-38.60%
2016/03/31,2016/02/29,1.87%,0.61%,1.08%,-0.41%,0.36%,8.51%,6.45%,6.38%,7.16%,8.63%,-5.50%,-10.08%,-0.81%,7.97%,7.08%,10.99%,82,104,119,97,116,163,210,249,193,308,33.74%,84.54%,40.30%,-24.29%,122.4%,637.8%,282.9%,629.9%,-5.50%,-44.79%
2016/04/30,2016/03/31,-1.24%,0.46%,1.52%,-2.29%,2.25%,-0.21%,1.38%,0.97%,-1.77%,4.56%,-1.60%,-4.46%,0.30%,3.15%,0.81%,4.49%,81,105,120,95,119,163,212,252,190,322,38.40%,93.34%,38.06%,-27.67%,124.2%,670.9%,297.0%,652.9%,-7.01%,-47.25%
2016/05/31,2016/04/30,-0.59%,0.94%,-0.31%,-0.43%,0.01%,0.86%,2.49%,1.87%,1.90%,1.06%,4.54%,6.07%,-0.42%,0.98%,1.79%,-0.84%,81,106,120,95,119,164,218,256,193,325,39.24%,93.73%,44.33%,-23.28%,128.2%,664.4%,286.5%,660.3%,-2.78%,-44.05%
2016/06/30,2016/05/31,0.36%,-0.05%,-0.26%,-0.95%,2.95%,0.11%,0.13%,0.12%,-0.46%,1.97%,-2.53%,-4.17%,0.21%,-0.93%,0.26%,0.32%,81,106,120,94,122,165,218,257,192,332,42.85%,97.34%,40.69%,-26.48%,128.8%,666.9%,286.7%,653.2%,-5.24%,-46.38%
2016/07/31,2016/06/30,-0.52%,0.02%,1.03%,1.80%,-2.94%,4.19%,3.56%,4.57%,5.32%,1.36%,0.34%,-4.73%,0.37%,4.82%,3.96%,6.24%,81,106,121,95,119,172,226,269,203,336,39.40%,91.75%,41.16%,-29.96%,137.9%,714.7%,295.5%,689.5%,-4.92%,-48.92%
2016/08/31,2016/07/31,0.71%,1.74%,-0.27%,0.16%,-1.48%,2.27%,1.76%,-0.22%,-0.45%,-0.20%,2.11%,-0.22%,1.03%,3.06%,0.32%,3.12%,81,108,121,95,117,175,230,268,202,335,36.34%,87.01%,44.14%,-30.11%,138.6%,740.2%,306.6%,713.6%,-2.92%,-49.03%
2016/09/30,2016/08/31,-0.11%,0.58%,-0.78%,-0.29%,0.07%,0.09%,0.73%,-0.15%,0.15%,0.10%,-0.20%,-0.06%,-0.70%,1.64%,0.19%,1.66%,81,108,120,95,117,176,231,268,202,336,36.58%,87.03%,43.85%,-30.15%,139.1%,754.1%,312.6%,727.0%,-3.11%,-49.06%
2016/10/31,2016/09/30,-0.17%,1.21%,0.39%,0.81%,-2.51%,-1.74%,-0.62%,-2.45%,-1.99%,-3.62%,4.04%,2.98%,0.25%,-5.21%,-2.12%,-6.11%,81,109,120,96,114,173,230,261,198,324,33.38%,83.53%,49.66%,-28.07%,134.0%,702.0%,296.2%,683.9%,0.00%,-47.54%
2016/11/30,2016/10/31,-1.12%,0.24%,1.03%,0.75%,0.27%,5.65%,4.51%,3.96%,3.51%,6.12%,4.72%,0.01%,2.69%,9.75%,4.59%,9.75%,80,110,121,97,114,182,240,271,205,343,35.23%,84.39%,56.73%,-28.07%,144.7%,780.2%,316.6%,760.3%,0.00%,-47.54%
2016/12/31,2016/11/30,0.24%,0.06%,1.35%,0.00%,-1.00%,2.84%,2.90%,2.22%,1.13%,1.41%,-0.05%,-0.41%,0.33%,2.57%,1.94%,2.69%,80,110,123,97,113,187,247,277,207,348,33.56%,81.76%,56.66%,-28.36%,149.5%,803.9%,319.7%,782.4%,-0.05%,-47.75%
2017/01/31,2016/12/31,-0.90%,-0.08%,0.84%,0.39%,-1.17%,1.30%,1.09%,3.05%,2.73%,0.85%,-1.37%,-1.83%,-0.17%,1.23%,1.89%,1.78%,79,110,124,97,112,190,250,286,213,351,33.19%,80.95%,54.51%,-29.67%,154.2%,819.9%,319.3%,793.3%,-1.42%,-48.71%
2017/02/28,2017/01/31,0.96%,1.21%,0.31%,-0.44%,-1.74%,5.00%,4.22%,3.73%,3.55%,2.10%,1.74%,2.14%,-0.34%,2.39%,3.64%,1.75%,80,111,125,97,110,199,261,296,221,359,29.60%,75.71%,57.20%,-28.17%,163.5%,836.0%,311.3%,814.6%,0.00%,-47.61%
2017/03/31,2017/02/28,-0.41%,-0.35%,0.12%,-0.02%,0.08%,-1.08%,-1.06%,0.91%,0.73%,0.41%,3.98%,4.21%,0.74%,2.07%,0.13%,0.81%,80,111,125,97,110,197,258,299,222,360,30.23%,78.31%,63.45%,-25.14%,163.8%,843.5%,314.1%,833.5%,0.00%,-45.40%
2017/04/30,2017/03/31,-0.89%,0.22%,-0.56%,0.43%,-0.01%,-0.25%,0.94%,1.04%,1.92%,1.06%,2.26%,2.78%,-0.62%,1.47%,1.11%,0.64%,79,111,124,97,110,197,260,302,226,364,31.37%,80.64%,67.14%,-23.06%,166.7%,849.6%,312.1%,847.3%,0.00%,-43.89%
2017/05/31,2017/04/30,-0.11%,-0.59%,-0.11%,0.05%,-0.27%,-0.15%,0.48%,1.92%,1.94%,0.28%,2.14%,2.74%,-0.02%,-0.89%,1.06%,-1.72%,79,110,124,97,110,196,262,308,231,365,31.17%,81.42%,70.72%,-20.95%,169.6%,833.3%,300.7%,838.8%,0.00%,-42.35%
2017/06/30,2017/05/31,-1.70%,0.84%,1.79%,-0.79%,-0.38%,-0.02%,1.60%,2.06%,-0.12%,0.42%,-0.08%,0.84%,0.28%,4.24%,0.90%,3.99%,78,111,126,96,109,196,266,314,231,366,32.91%,82.22%,70.59%,-20.28%,172.0%,870.5%,313.1%,878.6%,-0.08%,-41.86%
2017/07/31,2017/06/30,0.55%,-0.27%,0.41%,-0.21%,-0.77%,1.99%,1.82%,2.65%,1.72%,1.35%,1.85%,2.23%,-0.02%,0.62%,1.93%,-0.05%,78,111,127,96,108,200,271,323,235,371,31.16%,81.06%,73.74%,-18.51%,177.2%,870.0%,304.9%,884.7%,0.00%,-40.57%
2017/08/31,2017/07/31,-1.64%,-0.07%,0.29%,1.06%,-1.05%,-2.56%,0.26%,0.97%,1.68%,-0.52%,1.19%,1.95%,-0.65%,-1.86%,0.26%,-2.45%,77,111,127,97,107,195,271,326,238,369,31.94%,84.74%,75.81%,-16.92%,177.9%,846.3%,294.0%,866.4%,0.00%,-39.41%
2017/09/30,2017/08/31,1.08%,-0.72%,-0.48%,-0.02%,0.80%,4.54%,2.65%,1.07%,2.54%,2.51%,0.90%,0.95%,3.29%,10.82%,2.47%,10.54%,78,110,126,97,108,204,278,329,245,379,31.57%,80.98%,77.39%,-16.13%,184.8%,946.0%,325.8%,971.0%,0.00%,-38.83%
2017/10/31,2017/09/30,0.20%,-1.89%,-0.38%,1.19%,1.17%,1.47%,0.75%,2.16%,3.95%,3.42%,-0.67%,0.05%,-1.16%,-1.22%,2.24%,-1.24%,78,108,126,98,109,207,281,337,254,392,32.85%,84.51%,76.21%,-16.09%,191.2%,933.1%,311.0%,957.9%,-0.67%,-38.80%
2017/11/30,2017/10/31,0.27%,-0.01%,-0.51%,-0.68%,1.48%,3.19%,2.93%,2.66%,3.16%,4.72%,1.66%,-0.90%,2.11%,2.85%,3.22%,3.13%,78,108,125,98,111,214,289,345,262,410,34.44%,87.35%,79.13%,-16.84%,200.6%,965.4%,310.6%,988.1%,0.00%,-39.35%
2017/12/31,2017/11/30,1.06%,-0.58%,-0.38%,0.05%,0.84%,2.44%,0.71%,0.72%,1.18%,1.76%,-0.37%,-0.97%,1.76%,2.74%,1.10%,3.04%,79,107,125,98,112,219,291,348,265,417,34.14%,86.07%,78.47%,-17.65%,203.8%,997.7%,318.5%,1018%,-0.37%,-39.94%
2018/01/31,2017/12/31,-0.77%,-0.52%,-0.87%,0.08%,-1.07%,3.02%,5.66%,4.88%,6.79%,4.08%,-0.48%,-0.64%,0.67%,2.40%,5.34%,2.59%,78,107,124,98,111,225,307,365,283,434,33.74%,88.06%,77.62%,-18.18%,220.1%,1026%,307.1%,1045%,-0.84%,-40.33%
2018/02/28,2018/01/31,-1.38%,-0.80%,0.50%,1.26%,-0.81%,-5.79%,-4.08%,-3.14%,-2.36%,-4.35%,-0.14%,0.41%,-0.90%,-5.02%,-3.65%,-5.15%,77,106,124,99,110,212,295,353,277,416,34.49%,90.77%,77.37%,-17.84%,208.4%,968.2%,301.0%,987.3%,-0.99%,-40.08%
2018/03/31,2018/02/28,1.92%,1.02%,0.07%,-0.97%,0.71%,0.00%,-1.30%,-1.95%,-3.56%,-2.35%,0.11%,-0.24%,-0.79%,1.09%,-1.98%,1.17%,79,107,124,98,111,212,291,347,267,406,32.86%,86.29%,77.56%,-18.03%,202.3%,980.7%,313.6%,999.2%,-0.88%,-40.22%
2018/04/30,2018/03/31,1.46%,0.03%,-0.83%,0.16%,-1.02%,1.93%,0.28%,-0.19%,0.48%,-0.32%,-0.77%,-1.28%,-0.58%,0.48%,0.43%,0.86%,80,107,123,98,110,216,292,346,268,404,29.56%,82.10%,76.19%,-19.09%,203.6%,990.0%,315.3%,1004%,-1.64%,-40.99%
2018/05/31,2018/04/30,0.20%,-0.51%,-2.15%,1.46%,0.28%,1.68%,2.10%,1.74%,4.86%,3.68%,-1.68%,-1.67%,-1.83%,3.73%,2.78%,4.23%,80,106,121,100,110,220,298,352,281,419,29.68%,85.74%,73.24%,-20.44%,212.0%,1036%,321.4%,1046%,-3.29%,-41.98%
2018/06/30,2018/05/31,0.92%,0.64%,0.16%,-0.96%,-1.00%,1.68%,1.36%,0.62%,0.11%,-0.55%,0.37%,-1.87%,-1.25%,0.31%,0.75%,0.87%,81,107,121,99,109,224,302,354,281,417,27.17%,81.59%,73.88%,-21.93%,214.4%,1046%,321.8%,1049%,-2.94%,-43.06%
2018/07/31,2018/06/30,-0.87%,-1.24%,0.41%,0.96%,0.63%,2.59%,1.83%,3.79%,4.62%,4.15%,2.47%,1.89%,-0.52%,1.51%,3.27%,0.94%,80,106,121,100,109,230,307,368,294,434,29.08%,84.41%,78.18%,-20.45%,224.7%,1057%,312.0%,1066%,-0.53%,-41.98%
2018/08/31,2018/07/31,-1.11%,-0.07%,-1.54%,2.48%,-1.55%,0.75%,3.82%,2.20%,7.50%,1.95%,2.05%,1.75%,2.16%,3.63%,3.55%,3.10%,79,106,119,102,108,231,319,376,316,443,28.51%,86.63%,81.82%,-19.06%,236.2%,1093%,310.1%,1109%,0.00%,-40.97%
2018/09/30,2018/08/31,1.18%,-0.11%,-0.15%,-0.77%,-0.16%,0.56%,0.42%,-0.12%,-0.05%,-0.34%,-1.71%,-3.47%,-2.20%,-4.69%,0.10%,-3.66%,80,106,119,101,108,233,320,375,316,441,26.79%,84.94%,78.71%,-21.86%,236.6%,1049%,294.7%,1052%,-1.71%,-43.01%
2018/10/31,2018/09/30,-3.27%,2.10%,1.25%,1.63%,-0.23%,-11.50%,-6.28%,-7.90%,-5.50%,-6.49%,2.07%,3.71%,0.44%,-7.78%,-7.27%,-8.89%,78,108,121,103,107,206,300,346,299,413,30.64%,94.21%,82.40%,-18.97%,212.1%,946.9%,288.3%,962.5%,0.00%,-40.90%
2018/11/30,2018/10/31,-0.29%,0.27%,-1.04%,1.29%,1.15%,1.77%,2.15%,0.74%,3.16%,3.15%,2.11%,2.14%,-3.68%,-1.94%,1.99%,-2.58%,77,108,120,104,109,210,307,348,308,426,32.53%,96.89%,86.24%,-17.23%,218.3%,919.9%,270.6%,941.9%,0.00%,-39.63%
2018/12/31,2018/11/30,-0.55%,1.01%,0.30%,-0.56%,-1.41%,-11.05%,-9.11%,-8.51%,-8.65%,-10.22%,1.84%,1.82%,-3.17%,-14.98%,-9.28%,-15.53%,77,109,120,104,107,186,279,319,282,382,31.38%,98.52%,89.67%,-15.72%,188.8%,761.5%,247.4%,785.8%,0.00%,-38.53%
2019/01/31,2018/12/31,-0.16%,0.62%,-0.67%,0.20%,-0.52%,10.17%,8.54%,8.17%,8.90%,8.22%,-5.01%,-6.48%,0.31%,15.43%,8.72%,17.37%,77,110,119,104,106,205,303,345,307,414,30.91%,94.66%,80.18%,-21.19%,214.0%,911.2%,277.5%,922.4%,-5.01%,-42.52%
2019/02/28,2019/01/31,0.21%,1.46%,-0.26%,0.16%,-3.05%,3.97%,4.58%,3.38%,3.65%,1.45%,0.82%,0.65%,-0.18%,5.14%,3.43%,4.95%,77,111,119,104,103,213,316,356,318,420,26.65%,89.75%,81.66%,-20.67%,224.7%,961.2%,283.2%,975.0%,-4.23%,-42.15%
2019/03/31,2019/02/28,1.23%,-0.46%,0.02%,-0.17%,-1.39%,0.96%,2.13%,0.69%,2.39%,-0.88%,0.75%,0.19%,-1.02%,-3.41%,1.41%,-3.46%,78,111,119,104,102,216,323,359,326,416,23.33%,86.27%,83.02%,-20.53%,229.3%,924.4%,264.5%,938.4%,-3.51%,-42.04%
2019/04/30,2019/03/31,-0.34%,1.82%,-1.46%,-0.14%,-1.06%,4.30%,5.13%,2.36%,4.38%,4.05%,1.06%,-0.56%,-1.47%,2.67%,4.02%,2.84%,78,113,117,104,101,225,340,367,340,433,22.44%,85.79%,84.97%,-20.97%,242.5%,953.6%,260.3%,966.1%,-2.48%,-42.37%
2019/05/31,2019/04/30,-0.45%,-1.43%,1.78%,1.26%,0.23%,-8.60%,-6.57%,-4.60%,-6.13%,-7.68%,-2.03%,-0.54%,-0.11%,-12.01%,-6.47%,-11.85%,77,111,119,105,101,205,317,350,319,399,23.28%,87.50%,81.21%,-21.40%,220.4%,828.7%,240.9%,838.1%,-4.46%,-42.68%
2019/06/30,2019/05/31,0.27%,1.05%,-1.00%,-1.04%,-0.83%,7.37%,7.62%,5.68%,6.59%,7.33%,3.08%,2.42%,-3.46%,5.33%,6.83%,4.61%,77,113,118,104,100,221,342,370,340,429,21.92%,87.42%,86.79%,-19.50%,242.2%,871.5%,233.3%,888.1%,-1.52%,-41.29%
2019/07/31,2019/06/30,0.42%,0.15%,-0.86%,2.86%,-0.98%,2.04%,1.53%,0.54%,3.16%,0.69%,2.34%,4.97%,1.93%,3.35%,1.45%,1.86%,78,113,117,107,99,225,347,372,351,432,20.21%,84.89%,91.17%,-15.50%,247.2%,889.6%,234.7%,921.2%,0.00%,-38.37%
2019/08/31,2019/07/31,-0.14%,0.06%,0.45%,-0.77%,0.19%,-2.54%,-2.87%,-1.12%,-2.42%,-1.47%,-1.83%,-0.38%,0.67%,-5.84%,-2.11%,-5.73%,78,113,118,106,99,219,337,368,342,425,20.61%,86.87%,87.66%,-15.82%,239.9%,832.9%,222.6%,861.6%,-1.83%,-38.61%
2019/09/30,2019/08/31,-0.29%,-0.19%,2.26%,0.02%,1.20%,1.39%,2.76%,1.39%,1.25%,1.39%,-0.24%,-3.94%,1.00%,2.78%,1.76%,3.96%,77,113,120,106,101,222,346,373,347,431,22.40%,86.87%,87.22%,-19.14%,245.8%,869.9%,229.7%,888.3%,-2.06%,-41.03%
2019/10/31,2019/09/30,-0.48%,0.17%,0.48%,-0.36%,-0.76%,1.45%,1.89%,2.91%,2.15%,1.94%,2.33%,1.32%,-3.01%,-1.11%,2.20%,-1.50%,77,113,121,106,100,226,353,384,354,440,22.06%,87.79%,91.59%,-18.07%,253.4%,855.3%,217.5%,877.4%,0.00%,-40.24%
2019/11/30,2019/10/31,-1.49%,1.11%,-1.49%,0.23%,-1.54%,2.66%,4.58%,3.01%,4.04%,3.19%,6.25%,8.33%,-0.39%,6.87%,3.75%,4.37%,76,114,119,106,98,232,369,395,368,454,22.00%,88.79%,103.6%,-11.24%,266.7%,897.1%,219.5%,944.5%,0.00%,-35.26%
2019/12/31,2019/11/30,-0.22%,1.23%,-0.42%,-0.47%,-0.80%,2.90%,3.62%,2.30%,2.34%,2.53%,0.15%,0.36%,1.12%,6.52%,2.79%,6.42%,76,115,118,105,97,238,382,405,377,465,21.30%,88.08%,103.9%,-10.92%,276.9%,961.0%,231.0%,1013%,0.00%,-35.03%
2020/01/31,2019/12/31,0.62%,-1.38%,0.57%,0.06%,-1.47%,0.10%,-0.90%,1.08%,0.95%,-1.34%,-1.78%,-0.24%,1.87%,-2.54%,0.06%,-2.47%,76,114,119,105,96,239,379,409,381,459,18.76%,85.36%,100.3%,-11.13%,277.2%,934.8%,222.7%,984.4%,-1.78%,-35.19%
2020/02/29,2020/01/31,-1.63%,-0.87%,0.29%,-0.63%,1.49%,-8.47%,-8.68%,-7.05%,-7.82%,-8.37%,0.08%,0.13%,-0.58%,-8.51%,-8.00%,-8.55%,75,113,119,105,97,218,346,380,351,420,22.46%,85.54%,100.4%,-11.01%,247.0%,846.3%,220.9%,892.1%,-1.70%,-35.10%
2020/03/31,2020/02/29,-7.12%,-1.14%,-1.27%,-1.68%,3.01%,-17.83%,-13.29%,-11.87%,-13.65%,-14.02%,-1.57%,-3.15%,-4.33%,-27.95%,-13.57%,-27.00%,70,112,118,103,100,179,300,335,303,362,34.88%,92.61%,97.27%,-13.82%,199.9%,590.8%,177.8%,614.8%,-3.25%,-37.14%
2020/04/30,2020/03/31,-1.05%,0.52%,0.26%,-2.05%,3.88%,11.39%,11.55%,13.83%,12.78%,18.74%,-0.74%,3.25%,9.54%,34.00%,13.44%,33.02%,69,112,118,101,104,200,335,381,342,429,41.53%,106.8%,95.80%,-11.01%,240.2%,818.9%,232.2%,857.9%,-3.96%,-35.10%
2020/05/31,2020/04/30,-0.46%,-0.71%,0.17%,-0.01%,-2.98%,3.82%,4.35%,6.91%,6.60%,4.46%,3.07%,2.11%,2.34%,9.89%,5.40%,9.26%,69,111,118,101,101,208,349,408,364,448,37.97%,108.1%,101.8%,-9.14%,258.6%,904.0%,245.0%,952.6%,-1.01%,-33.73%
2020/06/30,2020/05/31,0.11%,-2.46%,0.51%,0.76%,0.36%,0.83%,-0.81%,2.91%,4.27%,3.54%,-4.26%,-4.32%,4.04%,10.85%,2.43%,12.15%,69,109,119,102,102,209,346,420,380,464,38.31%,113.7%,93.21%,-13.06%,267.3%,1026%,278.5%,1067%,-5.23%,-36.59%
2020/07/31,2020/06/30,-2.87%,-0.52%,-3.06%,0.22%,0.53%,3.10%,4.08%,3.86%,7.66%,7.70%,2.64%,2.73%,4.23%,7.97%,5.73%,7.15%,67,108,115,102,102,216,360,436,409,500,43.02%,123.6%,98.31%,-10.69%,288.3%,1107%,283.9%,1160%,-2.74%,-34.87%
2020/08/31,2020/07/31,0.20%,-2.30%,-1.98%,1.01%,-0.08%,6.86%,4.03%,5.96%,10.15%,9.20%,-2.66%,-1.59%,-3.87%,4.81%,7.38%,5.29%,67,106,113,103,102,231,375,462,450,546,42.61%,128.8%,93.03%,-12.11%,317.0%,1170%,275.9%,1220%,-5.32%,-35.90%
2020/09/30,2020/08/31,-0.35%,0.54%,-0.72%,-1.09%,0.17%,-4.97%,-2.41%,-3.55%,-4.27%,-3.40%,0.12%,1.49%,1.58%,-2.54%,-3.61%,-2.99%,67,106,112,102,102,219,366,445,431,528,43.36%,132.4%,93.27%,-10.80%,301.9%,1132%,278.3%,1187%,-5.21%,-34.95%
2020/10/31,2020/09/30,3.29%,-1.48%,-0.47%,0.91%,0.93%,2.38%,-3.12%,-2.49%,-1.52%,-2.73%,2.51%,-1.85%,-2.09%,-0.52%,-2.11%,0.03%,69,105,112,103,103,224,355,434,424,513,39.97%,120.5%,98.11%,-12.45%,293.4%,1133%,286.4%,1180%,-2.83%,-36.15%
2020/11/30,2020/10/31,6.82%,1.98%,-0.00%,-1.62%,-0.17%,20.00%,12.27%,10.62%,11.50%,13.51%,-13.13%,-17.35%,-4.82%,17.64%,12.26%,22.85%,73,107,112,101,103,269,398,480,473,582,30.19%,106.2%,72.10%,-27.64%,341.6%,1414%,327.3%,1406%,-15.59%,-47.23%
2020/12/31,2020/11/30,0.04%,1.83%,0.03%,-1.61%,-1.93%,4.69%,5.94%,4.98%,3.38%,5.24%,-2.76%,-4.77%,-2.63%,7.62%,4.57%,9.05%,74,109,112,99,101,282,422,504,489,613,27.63%,107.3%,67.35%,-31.09%,361.8%,1551%,346.4%,1521%,-17.92%,-49.74%
2021/01/31,2020/12/31,-1.24%,1.84%,-1.24%,-1.17%,0.53%,-0.13%,1.65%,-0.79%,-1.21%,1.78%,-7.37%,-14.61%,2.98%,8.89%,-0.12%,13.27%,73,111,110,98,101,281,429,500,483,624,29.90%,111.3%,55.01%,-41.15%,361.3%,1771%,406.2%,1665%,-23.97%,-57.08%
