Date,fdate,ltr60_AR_1,ltr60_AR_2,ltr60_AR_3,ltr60_AR_4,ltr60_AR_5,ltr60_TR_1,ltr60_TR_2,ltr60_TR_3,ltr60_TR_4,ltr60_TR_5,ltr60_AR_Sig,ltr60_TR_Sig,ltr60_AR_130,ltr60_TR_130,ltr60_TR_BP,ltr60_TR_LO,ltr60_CAR_1,ltr60_CAR_2,ltr60_CAR_3,ltr60_CAR_4,ltr60_CAR_5,ltr60_CTR_1,ltr60_CTR_2,ltr60_CTR_3,ltr60_CTR_4,ltr60_CTR_5,ltr60_CAR_LS,ltr60_CTR_LS,ltr60_CAR_SW,ltr60_CTR_SW,ltr60_CTR_BP,ltr60_CTR_LO,ltr60_CXR_LO,ltr60_CTR_13,ltr60_CADD,ltr60_CTDD
2001/02/28,2001/01/31,1.70%,-1.20%,1.11%,4.19%,6.33%,-11.17%,-5.48%,-6.92%,-8.19%,-12.14%,14.76%,5.14%,19.09%,-4.63%,-9.48%,-6.17%,102,99,101,104,106,89,95,93,92,88,4.63%,-0.97%,14.76%,5.14%,-9.48%,-6.17%,3.30%,-4.63%,0.00%,0.00%
2001/03/31,2001/02/28,-0.30%,-0.88%,-0.49%,2.40%,5.31%,-7.59%,-5.13%,-6.70%,-5.71%,-3.73%,4.83%,1.39%,5.79%,-6.12%,-6.73%,-6.54%,101,98,101,107,112,82,90,87,87,85,10.50%,2.86%,20.30%,6.61%,-15.57%,-12.31%,3.50%,-10.47%,0.00%,0.00%
2001/04/30,2001/03/31,0.25%,0.28%,2.11%,-2.81%,-3.04%,8.74%,6.46%,9.15%,7.31%,8.18%,-6.40%,-3.55%,-7.20%,6.20%,8.26%,7.26%,102,98,103,104,109,89,95,95,93,92,6.86%,2.29%,12.61%,2.83%,-8.60%,-5.94%,2.47%,-4.92%,-6.40%,-3.55%
2001/05/31,2001/04/30,-0.10%,0.40%,-2.32%,-0.48%,0.42%,0.27%,2.65%,1.02%,1.93%,3.38%,5.57%,4.78%,7.23%,9.41%,1.01%,7.97%,102,99,100,103,109,90,98,96,95,95,7.42%,5.46%,18.88%,7.75%,-7.68%,1.55%,9.60%,4.02%,-1.18%,0.00%
2001/06/30,2001/05/31,1.40%,-0.96%,-0.35%,1.03%,3.92%,-1.54%,-2.52%,-2.15%,-1.40%,3.08%,0.47%,0.58%,-1.85%,1.60%,-1.54%,1.42%,103,98,100,104,113,88,96,94,93,98,10.12%,10.33%,19.45%,8.38%,-9.10%,3.00%,12.85%,5.68%,-0.71%,0.00%
2001/07/31,2001/06/30,-1.26%,1.01%,-0.79%,-1.51%,6.85%,-3.01%,1.18%,-2.04%,-2.01%,3.12%,2.49%,0.97%,5.22%,-2.11%,-1.79%,-2.40%,102,99,99,103,121,85,97,92,91,101,19.05%,17.09%,22.42%,9.43%,-10.73%,0.52%,12.16%,3.45%,0.00%,0.00%
2001/08/31,2001/07/31,-0.75%,0.94%,1.36%,4.16%,3.86%,-7.93%,-3.52%,-5.07%,-2.45%,-4.64%,3.79%,2.75%,4.24%,-2.26%,-5.97%,-3.08%,101,100,101,107,126,79,93,87,89,96,24.53%,20.94%,27.06%,12.44%,-16.06%,-2.58%,15.40%,1.11%,0.00%,0.00%
2001/09/30,2001/08/31,-1.68%,1.08%,-0.46%,-0.04%,3.95%,-9.09%,-5.39%,-10.41%,-10.62%,-13.16%,0.43%,-1.52%,3.29%,-14.61%,-8.92%,-14.16%,99,101,100,107,131,72,88,78,80,83,31.56%,16.01%,27.61%,10.73%,-23.54%,-16.37%,9.35%,-13.66%,0.00%,-1.52%
2001/10/31,2001/09/30,2.53%,2.67%,1.70%,-0.29%,1.31%,2.75%,3.14%,2.42%,1.47%,4.28%,-4.76%,-0.59%,-5.36%,7.96%,2.68%,8.14%,102,103,102,107,132,74,91,80,81,87,29.96%,17.79%,21.53%,10.07%,-21.50%,-9.56%,15.32%,-6.79%,-4.76%,-2.10%
2001/11/30,2001/10/31,0.39%,-0.12%,-1.50%,-3.02%,-0.94%,7.71%,7.65%,7.63%,7.21%,9.69%,-0.94%,0.43%,-1.71%,8.65%,7.75%,8.52%,102,103,100,103,131,79,98,86,87,95,28.22%,20.13%,20.38%,10.55%,-15.41%,-1.85%,16.22%,1.28%,-5.66%,-1.68%
2001/12/31,2001/11/30,0.30%,1.01%,0.16%,0.51%,-0.37%,1.23%,1.99%,1.95%,2.80%,2.25%,1.45%,2.07%,1.55%,7.69%,1.71%,7.07%,102,104,100,104,131,80,100,88,89,97,27.37%,21.35%,22.12%,12.83%,-13.96%,5.08%,22.44%,9.07%,-4.30%,0.00%
2002/01/31,2001/12/31,0.35%,0.64%,-2.01%,-0.26%,-0.85%,-1.64%,0.35%,-2.41%,-0.87%,-2.46%,6.67%,6.09%,7.94%,6.50%,-1.25%,4.68%,103,105,98,104,130,79,100,86,88,95,25.84%,20.36%,30.27%,19.71%,-15.04%,10.00%,29.70%,16.16%,0.00%,0.00%
2002/02/28,2002/01/31,-0.34%,0.76%,-0.18%,1.00%,1.30%,-2.92%,-0.69%,-2.45%,-1.08%,-2.07%,1.80%,0.48%,1.16%,-4.05%,-2.10%,-4.19%,102,106,98,105,131,77,100,84,87,93,27.90%,21.37%,32.61%,20.29%,-16.83%,5.39%,26.99%,11.46%,0.00%,0.00%
2002/03/31,2002/02/28,0.20%,1.39%,-0.35%,0.69%,4.02%,3.57%,4.89%,3.44%,5.48%,8.93%,2.17%,2.21%,2.56%,10.38%,4.42%,9.72%,103,107,98,105,137,79,104,86,92,101,32.78%,27.88%,35.49%,22.94%,-13.15%,15.63%,33.72%,23.03%,0.00%,0.00%
2002/04/30,2002/03/31,-1.07%,0.59%,1.07%,1.47%,2.57%,-7.48%,-2.24%,-3.43%,-2.74%,-3.10%,3.65%,2.30%,4.66%,1.24%,-5.00%,0.55%,102,108,99,107,140,73,102,83,90,98,37.61%,33.49%,40.44%,25.77%,-17.49%,16.27%,41.14%,24.56%,0.00%,0.00%
2002/05/31,2002/04/30,-0.69%,-2.14%,-0.86%,1.45%,0.74%,-2.34%,-1.95%,-1.18%,0.96%,-0.54%,1.52%,1.26%,2.20%,-1.82%,-1.20%,-2.20%,101,106,98,108,141,72,100,82,91,98,39.59%,35.90%,42.56%,27.35%,-18.48%,13.71%,39.73%,22.29%,0.00%,0.00%
2002/06/30,2002/05/31,-0.04%,4.24%,-3.64%,0.67%,-1.47%,-7.91%,-2.19%,-10.07%,-6.79%,-8.94%,-1.22%,-2.03%,-3.27%,-8.98%,-6.92%,-8.37%,101,110,95,109,139,66,98,74,84,89,37.58%,34.50%,40.82%,24.77%,-24.12%,4.19%,37.70%,11.31%,-1.22%,-2.03%
2002/07/31,2002/06/30,1.11%,-3.14%,-0.99%,1.40%,0.35%,-8.89%,-7.92%,-9.00%,-5.39%,-11.71%,-0.62%,-0.13%,0.20%,-12.02%,-7.99%,-11.98%,102,107,94,111,139,60,90,67,80,79,36.55%,30.71%,39.94%,24.60%,-30.19%,-8.29%,32.22%,-2.07%,-1.84%,-2.16%
2002/08/31,2002/07/31,0.67%,-0.57%,-2.37%,-2.22%,0.52%,1.53%,0.68%,-0.13%,-0.63%,2.59%,1.05%,0.63%,2.14%,0.77%,0.64%,0.58%,103,106,91,108,140,61,91,67,79,81,36.34%,32.10%,41.41%,25.39%,-29.74%,-7.75%,32.14%,-1.31%,-0.81%,-1.54%
2002/09/30,2002/08/31,1.17%,-1.00%,-3.54%,-2.24%,0.30%,-8.77%,-8.75%,-12.22%,-11.39%,-12.42%,-2.10%,-3.88%,0.20%,-11.19%,-10.13%,-10.03%,104,105,88,106,141,56,83,59,70,71,35.15%,27.28%,38.45%,20.53%,-36.86%,-17.00%,32.27%,-12.36%,-2.89%,-5.36%
2002/10/31,2002/09/30,1.24%,2.02%,-0.63%,3.37%,0.09%,8.10%,7.63%,5.84%,9.26%,8.07%,-2.63%,-0.83%,-3.56%,3.90%,7.77%,4.15%,105,107,88,109,141,60,89,63,77,76,33.60%,27.24%,34.81%,19.52%,-31.95%,-13.56%,27.50%,-8.94%,-5.44%,-6.15%
2002/11/30,2002/10/31,-3.35%,-0.55%,2.52%,3.30%,4.28%,3.45%,4.65%,7.87%,9.03%,14.84%,4.92%,7.91%,4.46%,18.62%,6.03%,16.25%,102,106,90,113,147,62,93,68,84,88,43.78%,41.74%,41.44%,28.97%,-27.85%,0.49%,40.53%,8.02%,-0.79%,0.00%
2002/12/31,2002/11/30,-0.53%,0.89%,-0.16%,-0.04%,0.79%,-6.99%,-4.02%,-5.06%,-4.93%,-6.75%,0.88%,-0.53%,1.86%,-6.25%,-5.58%,-6.09%,101,107,90,113,148,58,90,64,80,82,45.67%,42.07%,42.68%,28.29%,-31.88%,-5.63%,39.81%,1.27%,0.00%,-0.53%
2003/01/31,2002/12/31,0.11%,-0.34%,0.37%,-0.28%,0.58%,-2.41%,-2.79%,-1.80%,-3.10%,-2.79%,2.84%,3.30%,4.19%,2.92%,-2.56%,1.94%,101,107,90,113,149,56,87,63,77,79,46.35%,41.53%,46.74%,32.52%,-33.63%,-3.81%,46.10%,4.23%,0.00%,0.00%
2003/02/28,2003/01/31,1.46%,0.06%,0.35%,-0.92%,-1.60%,-0.33%,-1.77%,-1.79%,-2.89%,-4.51%,-0.30%,-0.46%,-0.14%,-2.87%,-1.81%,-2.74%,103,107,90,112,146,56,86,62,75,76,41.88%,35.62%,46.29%,31.91%,-34.83%,-6.44%,44.75%,1.23%,-0.30%,-0.46%
2003/03/31,2003/02/28,2.34%,0.07%,0.83%,0.37%,0.42%,2.91%,0.80%,0.68%,0.50%,0.07%,-1.02%,-0.78%,-0.13%,1.52%,1.22%,1.75%,105,107,91,112,147,58,86,62,75,76,39.16%,31.77%,44.80%,30.88%,-34.03%,-4.80%,45.51%,2.77%,-1.32%,-1.23%
2003/04/30,2003/03/31,-1.34%,-0.71%,0.83%,1.00%,0.71%,6.38%,8.13%,7.40%,9.73%,12.51%,2.03%,4.34%,1.67%,13.94%,8.22%,12.64%,104,106,92,113,148,62,93,67,83,85,42.02%,39.85%,47.74%,36.57%,-28.61%,7.23%,51.94%,17.10%,0.00%,0.00%
2003/05/31,2003/04/30,-1.58%,-1.66%,0.56%,1.99%,2.04%,4.87%,5.09%,6.05%,7.91%,11.41%,5.47%,8.45%,6.74%,20.89%,6.23%,18.36%,102,105,92,115,151,65,98,71,89,95,47.16%,49.00%,55.82%,48.11%,-24.16%,26.92%,70.38%,41.57%,0.00%,0.00%
2003/06/30,2003/05/31,-0.89%,-0.63%,-0.98%,1.89%,0.79%,0.78%,0.96%,0.43%,3.26%,3.14%,3.59%,4.98%,5.23%,10.01%,1.49%,8.52%,101,104,91,118,152,65,99,71,92,98,49.63%,52.52%,61.42%,55.48%,-23.03%,37.74%,82.36%,55.74%,0.00%,0.00%
2003/07/31,2003/06/30,1.14%,-0.57%,1.32%,0.65%,0.09%,3.78%,1.63%,3.51%,1.55%,1.58%,1.61%,1.71%,2.19%,8.57%,2.46%,8.06%,102,103,93,118,152,68,100,74,94,100,48.06%,49.16%,64.01%,58.14%,-21.14%,48.84%,92.57%,69.09%,0.00%,0.00%
2003/08/31,2003/07/31,1.25%,0.25%,-1.59%,1.18%,-3.03%,4.48%,3.20%,0.35%,3.64%,-0.29%,-0.24%,0.32%,0.59%,5.97%,2.35%,5.87%,103,104,91,120,148,71,104,74,97,99,41.73%,42.04%,63.62%,58.65%,-19.28%,57.58%,99.35%,79.19%,-0.24%,0.00%
2003/09/30,2003/08/31,-1.86%,-0.58%,-0.59%,0.95%,0.63%,-2.79%,-1.39%,-1.58%,-0.01%,-0.58%,4.89%,5.87%,6.48%,7.21%,-1.08%,5.44%,102,103,91,121,149,69,102,73,97,99,45.26%,45.18%,71.62%,67.97%,-20.15%,66.16%,112.4%,92.10%,0.00%,0.00%
2003/10/31,2003/09/30,0.48%,0.56%,-1.05%,0.86%,1.15%,7.28%,7.07%,5.75%,5.16%,5.84%,-0.49%,-1.01%,1.27%,8.29%,6.06%,8.59%,102,104,90,122,150,74,109,77,102,105,46.23%,43.09%,70.78%,66.27%,-15.32%,80.43%,117.7%,108.0%,-0.49%,-1.01%
2003/11/30,2003/10/31,-0.12%,0.09%,-1.06%,0.25%,0.27%,1.90%,1.82%,1.07%,1.45%,1.26%,0.36%,0.55%,1.22%,4.38%,1.47%,4.22%,102,104,89,122,151,75,111,78,103,106,46.80%,42.17%,71.39%,67.18%,-14.07%,88.04%,123.7%,117.1%,-0.13%,-0.47%
2003/12/31,2003/11/30,-0.97%,-1.32%,-1.53%,-0.42%,1.23%,2.73%,2.96%,2.38%,4.81%,7.21%,0.98%,3.04%,-0.32%,5.75%,4.39%,4.83%,101,102,87,122,153,77,115,80,108,113,50.03%,48.54%,73.07%,72.28%,-10.30%,97.13%,124.7%,129.6%,0.00%,0.00%
2004/01/31,2003/12/31,-1.20%,-0.35%,-1.28%,-0.12%,1.63%,1.69%,2.30%,1.88%,1.90%,3.29%,6.81%,7.74%,8.29%,13.44%,2.25%,11.12%,100,102,86,122,155,78,117,81,110,117,54.27%,50.93%,84.86%,85.61%,-8.28%,119.0%,144.6%,160.5%,0.00%,0.00%
2004/02/29,2004/01/31,2.40%,0.16%,1.28%,-0.80%,-1.25%,3.05%,1.48%,2.42%,0.89%,0.84%,-1.11%,-0.39%,-0.76%,0.72%,1.48%,0.84%,102,102,87,121,153,81,119,83,111,118,48.64%,47.59%,82.80%,84.89%,-6.92%,120.9%,143.1%,162.4%,-1.11%,-0.39%
2004/03/31,2004/02/29,2.05%,0.14%,-0.12%,0.15%,-1.40%,1.60%,-0.55%,-0.80%,-1.13%,-2.78%,-0.85%,-0.39%,-0.68%,0.23%,-1.09%,0.35%,104,102,87,121,151,82,119,82,110,115,43.52%,41.12%,81.25%,84.16%,-7.94%,121.6%,146.6%,163.0%,-1.95%,-0.78%
2004/04/30,2004/03/31,-1.07%,-0.09%,-1.42%,-0.14%,-0.32%,-3.91%,-1.88%,-2.93%,-2.31%,-0.66%,-0.06%,1.05%,-0.45%,-2.72%,-2.03%,-3.03%,103,102,86,121,151,79,116,80,108,114,44.61%,45.71%,81.14%,86.10%,-9.81%,114.9%,144.1%,155.8%,-2.01%,0.00%
2004/05/31,2004/04/30,0.31%,-0.54%,0.18%,-0.19%,1.19%,1.57%,0.44%,1.06%,1.23%,1.93%,-0.34%,-1.09%,-0.93%,-0.93%,1.34%,-0.60%,103,102,86,120,152,80,117,81,109,116,45.88%,46.24%,80.52%,84.07%,-8.61%,113.6%,139.4%,153.4%,-2.35%,-1.09%
2004/06/30,2004/05/31,-0.85%,-0.08%,-0.39%,-0.34%,1.42%,1.88%,2.40%,2.24%,1.56%,2.35%,0.35%,0.07%,-1.13%,2.44%,1.96%,2.42%,103,102,86,120,155,82,120,83,111,119,49.19%,46.92%,81.15%,84.19%,-6.81%,118.8%,140.5%,159.6%,-2.00%,-1.02%
2004/07/31,2004/06/30,0.05%,0.64%,-1.65%,1.42%,-1.77%,-5.35%,-3.99%,-4.62%,-3.35%,-3.44%,-2.75%,-0.78%,-4.31%,-7.59%,-3.87%,-7.35%,103,102,84,122,152,77,115,79,107,115,46.47%,49.71%,76.17%,82.75%,-10.42%,102.7%,132.1%,139.9%,-4.70%,-1.80%
2004/08/31,2004/07/31,1.35%,0.89%,0.07%,0.47%,-1.53%,0.56%,0.69%,0.30%,0.55%,-0.50%,-1.49%,-0.89%,-1.93%,-2.19%,0.29%,-1.93%,104,103,84,122,150,78,116,79,108,114,42.25%,48.14%,73.54%,81.13%,-10.15%,98.80%,126.9%,134.7%,-6.12%,-2.67%
2004/09/30,2004/08/31,0.85%,0.50%,0.45%,-0.94%,0.26%,4.23%,3.01%,2.50%,0.49%,0.62%,1.21%,-0.91%,1.46%,3.43%,1.66%,3.70%,105,104,85,121,150,81,119,81,108,115,41.41%,42.80%,75.64%,79.48%,-8.67%,106.2%,131.6%,142.7%,-4.99%,-3.56%
2004/10/31,2004/09/30,-0.92%,0.62%,1.15%,-0.34%,-0.13%,0.33%,1.87%,2.44%,1.34%,1.62%,-0.42%,0.21%,-0.36%,1.83%,1.55%,1.77%,104,104,86,121,150,81,121,83,110,117,42.53%,44.64%,74.89%,79.85%,-7.25%,109.8%,132.1%,147.2%,-5.39%,-3.36%
2004/11/30,2004/10/31,1.17%,1.18%,-0.14%,0.36%,-1.37%,7.37%,6.56%,5.20%,4.42%,2.78%,2.14%,0.90%,2.42%,9.86%,4.65%,9.59%,105,105,86,121,148,87,129,87,114,120,38.91%,37.99%,78.63%,81.47%,-2.94%,130.0%,143.6%,171.5%,-3.37%,-2.49%
2004/12/31,2004/11/30,1.32%,1.26%,0.30%,-0.58%,-0.50%,3.98%,4.37%,3.28%,3.53%,3.37%,0.63%,1.64%,2.92%,8.18%,3.62%,7.68%,106,107,86,120,147,91,135,90,118,124,36.38%,37.14%,79.75%,84.44%,0.58%,147.6%,153.5%,193.7%,-2.77%,-0.89%
2005/01/31,2004/12/31,-1.07%,-0.10%,-0.32%,-0.00%,0.78%,-3.18%,-2.53%,-2.54%,-3.49%,-1.94%,0.73%,-0.39%,0.62%,-3.81%,-2.69%,-3.69%,105,107,86,120,148,88,132,88,114,122,38.90%,38.84%,81.07%,83.72%,-2.13%,138.5%,150.9%,182.6%,-2.05%,-1.28%
2005/02/28,2005/01/31,0.17%,0.89%,-0.94%,-0.19%,1.10%,2.66%,2.83%,1.00%,1.24%,2.93%,-0.52%,-1.88%,-0.83%,-0.11%,2.06%,0.45%,106,108,85,120,150,90,135,89,116,125,40.19%,39.22%,80.13%,80.26%,-0.11%,139.6%,146.9%,182.2%,-2.56%,-3.14%
2005/03/31,2005/02/28,-0.93%,0.80%,0.24%,2.25%,-2.19%,-2.17%,-0.46%,-1.24%,-0.78%,-3.57%,0.16%,-0.10%,-0.95%,-2.89%,-1.73%,-2.86%,105,108,85,123,146,88,135,88,115,121,38.42%,37.28%,80.42%,80.07%,-1.84%,132.7%,144.1%,174.1%,-2.40%,-3.24%
2005/04/30,2005/03/31,1.22%,0.29%,0.52%,0.63%,-0.64%,-2.41%,-2.07%,-2.22%,-2.10%,-2.36%,-2.44%,-2.05%,-2.08%,-7.24%,-2.23%,-6.63%,106,109,86,124,145,86,132,86,112,118,35.84%,37.35%,76.02%,76.39%,-4.03%,117.3%,133.4%,154.2%,-4.78%,-5.22%
2005/05/31,2005/04/30,1.27%,-0.02%,-0.07%,-0.20%,-0.27%,5.39%,4.09%,3.39%,4.08%,3.36%,-2.04%,-2.12%,-1.93%,3.98%,3.88%,4.61%,107,109,85,123,145,91,137,89,117,122,33.75%,34.57%,72.44%,72.64%,-0.31%,127.3%,135.1%,164.4%,-6.72%,-7.23%
2005/06/30,2005/05/31,-0.50%,0.04%,-0.15%,0.12%,-0.04%,2.20%,2.07%,1.00%,-0.07%,0.43%,0.67%,0.28%,0.57%,3.93%,0.85%,3.85%,107,109,85,124,145,93,140,90,117,123,34.37%,32.19%,73.60%,73.13%,0.54%,136.1%,142.1%,174.8%,-6.09%,-6.97%
2005/07/31,2005/06/30,0.48%,1.57%,0.15%,-0.18%,-0.64%,5.32%,5.17%,3.86%,4.57%,3.26%,0.13%,0.49%,0.26%,7.22%,4.20%,7.07%,107,111,85,123,144,98,147,93,122,127,32.87%,29.47%,73.83%,73.97%,4.76%,152.8%,149.1%,194.6%,-5.97%,-6.52%
2005/08/31,2005/07/31,0.49%,-0.89%,-0.30%,1.27%,-0.55%,-0.19%,-1.61%,-1.15%,-0.42%,-1.52%,2.21%,1.33%,1.60%,-0.60%,-1.01%,-1.00%,108,110,85,125,143,97,145,92,122,125,31.49%,27.75%,77.67%,76.28%,3.70%,150.2%,149.1%,192.8%,-3.89%,-5.27%
2005/09/30,2005/08/31,1.27%,0.08%,0.40%,-0.76%,0.77%,2.40%,0.11%,0.91%,-0.50%,1.33%,1.75%,0.74%,2.25%,1.47%,0.77%,1.25%,109,110,86,124,144,100,145,93,121,126,30.83%,26.39%,80.78%,77.59%,4.50%,153.4%,150.3%,197.1%,-2.20%,-4.57%
2005/10/31,2005/09/30,-0.04%,0.16%,-1.24%,-0.25%,0.73%,-2.20%,-1.59%,-2.93%,-2.00%,-0.74%,-1.23%,-0.79%,-2.05%,-4.22%,-1.76%,-3.99%,109,110,84,124,145,98,143,90,119,125,31.84%,28.23%,78.57%,76.18%,2.66%,143.3%,144.8%,184.6%,-3.40%,-5.33%
2005/11/30,2005/10/31,0.29%,0.09%,0.88%,0.28%,-0.17%,4.33%,3.39%,4.31%,4.27%,3.56%,-0.87%,-1.04%,-1.44%,3.08%,3.93%,3.39%,109,110,85,124,145,102,148,94,124,130,31.23%,27.23%,77.02%,74.34%,6.69%,151.5%,143.5%,193.3%,-4.24%,-6.32%
2005/12/31,2005/11/30,0.97%,0.85%,0.28%,-1.03%,0.09%,0.74%,0.70%,0.28%,-1.04%,0.20%,-0.29%,-0.17%,0.96%,0.72%,0.04%,0.78%,110,111,85,123,145,103,149,94,122,130,30.08%,26.54%,76.50%,74.05%,6.73%,153.5%,145.3%,195.5%,-4.52%,-6.48%
2006/01/31,2005/12/31,-0.98%,-1.00%,-1.37%,-0.55%,1.28%,5.71%,3.98%,2.68%,2.17%,4.03%,0.02%,-0.01%,-0.42%,8.69%,3.44%,8.70%,109,110,84,122,147,108,155,97,125,135,33.01%,24.42%,76.54%,74.02%,10.40%,175.5%,158.2%,221.2%,-4.50%,-6.49%
2006/02/28,2006/01/31,-1.65%,-0.67%,0.57%,0.66%,0.10%,-1.87%,-0.47%,0.62%,0.87%,0.27%,0.93%,1.45%,0.86%,1.15%,0.09%,0.72%,107,109,85,123,147,106,154,97,126,136,35.35%,27.08%,78.18%,76.54%,10.50%,177.5%,159.8%,224.9%,-3.61%,-5.14%
2006/03/31,2006/02/28,-1.74%,-0.23%,-0.72%,-0.30%,0.90%,1.82%,2.66%,1.89%,1.30%,2.21%,-0.07%,0.03%,-0.72%,4.90%,1.90%,4.89%,106,109,84,123,149,108,158,99,128,139,38.92%,27.58%,78.05%,76.59%,12.59%,191.1%,167.6%,240.8%,-3.68%,-5.11%
2006/04/30,2006/03/31,-0.19%,0.35%,1.28%,-0.38%,-0.71%,0.35%,0.75%,2.18%,0.67%,1.01%,-0.76%,0.23%,-0.55%,0.70%,0.99%,0.63%,105,109,85,122,148,109,159,101,129,140,38.21%,28.42%,76.71%,76.99%,13.71%,192.9%,166.6%,243.2%,-4.41%,-4.89%
2006/05/31,2006/04/30,0.44%,0.44%,-1.63%,0.30%,-0.07%,-3.71%,-4.00%,-3.88%,-2.58%,-2.49%,-1.34%,0.63%,-1.51%,-5.18%,-3.11%,-5.37%,106,110,84,122,148,105,153,97,125,137,37.51%,29.99%,74.34%,78.10%,10.17%,177.2%,160.6%,225.4%,-5.69%,-4.30%
2006/06/30,2006/05/31,0.96%,-0.33%,0.86%,0.51%,-1.10%,1.19%,-0.39%,1.00%,0.56%,-1.05%,-0.72%,-0.50%,-1.23%,-1.10%,0.19%,-0.95%,107,109,85,123,146,106,152,98,126,135,34.66%,27.08%,73.07%,77.21%,10.39%,174.6%,157.6%,221.8%,-6.38%,-4.77%
2006/07/31,2006/06/30,-0.10%,-0.94%,0.31%,-0.30%,1.10%,-1.80%,-2.80%,0.37%,-0.29%,1.46%,-0.20%,0.83%,-1.07%,-3.42%,-0.28%,-3.67%,107,108,85,123,147,104,148,99,126,137,36.28%,31.22%,72.73%,78.68%,10.08%,164.5%,148.8%,210.8%,-6.56%,-3.98%
2006/08/31,2006/07/31,-0.94%,-0.56%,0.81%,0.25%,0.35%,0.87%,1.99%,3.34%,2.73%,2.69%,1.27%,1.90%,-0.58%,3.38%,2.48%,2.81%,106,108,86,123,148,105,151,102,129,141,38.03%,33.62%,74.93%,82.07%,12.81%,171.9%,149.7%,221.3%,-5.37%,-2.16%
2006/09/30,2006/08/31,-0.81%,-0.61%,0.03%,0.68%,-0.02%,0.95%,1.02%,2.18%,3.16%,2.70%,-0.65%,-0.47%,-1.24%,0.44%,2.24%,0.58%,105,107,86,124,148,106,152,104,133,145,39.12%,35.95%,73.79%,81.21%,15.33%,173.5%,145.5%,222.7%,-5.99%,-2.63%
2006/10/31,2006/09/30,-0.25%,1.35%,-0.36%,0.07%,-0.36%,3.88%,5.45%,3.06%,3.43%,3.48%,0.11%,0.59%,-0.86%,5.48%,3.69%,5.30%,105,108,85,124,147,110,161,107,138,150,38.96%,35.41%,73.99%,82.28%,19.59%,188.0%,149.5%,240.4%,-5.88%,-2.05%
2006/11/30,2006/10/31,0.89%,0.45%,-0.53%,-0.31%,-0.04%,3.06%,2.77%,1.58%,1.69%,2.44%,-0.64%,-0.33%,-1.10%,2.49%,2.16%,2.59%,106,109,85,124,147,113,165,109,140,153,37.68%,34.57%,72.87%,81.68%,22.17%,195.5%,150.6%,248.9%,-6.48%,-2.37%
2006/12/31,2006/11/30,-2.05%,-0.24%,-0.06%,0.62%,-0.14%,-0.34%,0.83%,1.03%,1.54%,2.28%,0.41%,0.67%,-0.21%,1.75%,1.18%,1.55%,103,109,85,124,147,113,166,110,142,157,40.31%,38.10%,73.58%,82.90%,23.61%,200.0%,151.5%,255.0%,-6.10%,-1.72%
2007/01/31,2006/12/31,1.75%,0.82%,0.09%,0.11%,-1.20%,3.54%,2.63%,1.83%,1.95%,0.60%,0.38%,0.52%,1.02%,3.12%,2.01%,2.96%,105,109,85,124,145,117,171,112,145,158,36.16%,34.05%,74.25%,83.85%,26.09%,208.9%,153.9%,266.1%,-5.74%,-1.21%
2007/02/28,2007/01/31,1.85%,-0.82%,-0.48%,-0.95%,0.52%,0.42%,-2.08%,-1.73%,-2.63%,-1.16%,0.25%,0.74%,1.19%,0.84%,-1.63%,0.62%,107,109,84,123,146,118,167,110,141,156,34.36%,31.93%,74.68%,85.20%,24.04%,210.9%,159.6%,269.1%,-5.51%,-0.48%
2007/03/31,2007/02/28,-0.03%,-0.42%,-0.07%,-0.56%,0.77%,2.05%,1.17%,0.77%,0.34%,1.61%,-1.42%,-2.57%,-1.87%,-1.51%,1.00%,-0.74%,107,108,84,123,147,120,169,111,142,159,35.44%,31.36%,72.19%,80.44%,25.28%,208.6%,155.1%,263.6%,-6.85%,-3.04%
2007/04/30,2007/03/31,1.14%,-1.45%,-0.53%,0.44%,0.44%,3.67%,2.32%,3.10%,5.14%,3.86%,-0.47%,-0.48%,0.49%,2.44%,3.86%,2.59%,108,107,84,123,148,124,173,115,149,165,34.48%,31.62%,71.38%,79.56%,30.12%,216.5%,151.9%,272.5%,-7.29%,-3.51%
2007/05/31,2007/04/30,1.43%,-0.30%,-0.71%,-0.41%,-0.19%,4.83%,3.61%,2.65%,3.45%,3.64%,-2.22%,-2.30%,-3.27%,0.94%,3.54%,1.63%,110,106,83,123,148,130,179,118,154,171,32.31%,30.04%,67.57%,75.44%,34.73%,221.7%,147.0%,276.0%,-9.35%,-5.73%
2007/06/30,2007/05/31,-1.54%,-0.28%,-1.05%,0.06%,3.02%,-2.38%,-1.87%,-2.59%,-1.81%,0.93%,-0.44%,-0.60%,0.64%,-0.83%,-1.77%,-0.65%,108,106,82,123,152,127,176,115,151,172,38.34%,34.35%,66.83%,74.39%,32.35%,219.6%,149.8%,272.8%,-9.75%,-6.29%
2007/07/31,2007/06/30,0.40%,2.31%,-1.01%,0.33%,0.54%,-3.11%,-3.45%,-4.11%,-3.39%,-2.82%,0.32%,-1.10%,2.00%,-5.66%,-3.46%,-5.33%,109,108,82,123,153,123,170,110,146,167,38.54%,34.74%,67.37%,72.48%,27.77%,202.6%,145.1%,251.7%,-9.46%,-7.32%
2007/08/31,2007/07/31,-0.51%,0.19%,1.33%,0.37%,-1.46%,1.12%,0.92%,2.48%,1.95%,-0.23%,-2.42%,-3.00%,-4.57%,-3.84%,1.50%,-2.94%,108,109,83,124,151,125,172,113,149,167,37.22%,32.91%,63.32%,67.30%,29.69%,193.7%,134.2%,238.2%,-11.65%,-10.10%
2007/09/30,2007/08/31,0.83%,-0.08%,0.75%,-2.15%,1.31%,5.85%,2.85%,4.10%,2.32%,3.11%,-1.33%,-3.39%,-0.77%,-0.42%,3.55%,0.60%,109,109,83,121,153,132,176,117,153,172,37.88%,29.27%,61.15%,61.63%,34.30%,195.4%,127.3%,236.8%,-12.83%,-13.15%
2007/10/31,2007/09/30,0.17%,0.39%,-1.22%,-0.18%,-0.03%,4.73%,2.15%,0.55%,1.72%,0.84%,-0.94%,-2.84%,-1.39%,-0.07%,2.05%,0.78%,109,109,82,121,153,138,180,118,155,174,37.60%,24.24%,59.64%,57.05%,37.05%,197.7%,124.4%,236.6%,-13.64%,-15.61%
2007/11/30,2007/10/31,0.84%,0.11%,0.41%,-0.58%,0.72%,-4.68%,-4.76%,-3.65%,-4.78%,-4.94%,-1.44%,-2.22%,-2.55%,-10.71%,-4.49%,-10.04%,110,109,83,120,154,132,172,114,148,165,37.45%,23.91%,57.35%,53.56%,30.89%,167.8%,112.0%,200.5%,-14.88%,-17.48%
2007/12/31,2007/11/30,-1.29%,-1.66%,-0.57%,0.04%,0.62%,1.25%,-1.36%,-1.00%,-1.25%,-0.96%,0.15%,-2.48%,-0.92%,-2.68%,-0.68%,-1.94%,109,107,82,120,155,133,169,113,146,163,40.08%,21.17%,57.59%,49.75%,30.00%,162.6%,109.3%,192.4%,-14.75%,-19.53%
2008/01/31,2007/12/31,2.28%,0.51%,0.19%,0.59%,1.45%,-9.02%,-5.89%,-5.27%,-5.20%,-2.55%,1.35%,6.24%,2.17%,-1.21%,-5.98%,-3.08%,111,108,82,121,157,121,159,107,138,159,38.91%,29.01%,59.72%,59.09%,22.22%,154.6%,115.4%,188.9%,-13.60%,-14.51%
2008/02/29,2008/01/31,-0.21%,-2.09%,0.40%,-0.17%,5.06%,-1.16%,-3.91%,-3.16%,-4.06%,0.77%,3.16%,1.00%,3.44%,-1.10%,-3.00%,-1.40%,111,106,83,120,165,120,153,103,133,160,46.23%,31.50%,64.77%,60.68%,18.56%,151.0%,118.8%,185.7%,-10.87%,-13.66%
2008/03/31,2008/02/29,-2.26%,2.23%,0.07%,-0.10%,-1.09%,-0.84%,1.43%,-1.11%,-1.42%,-2.38%,1.09%,-0.03%,-2.28%,-2.47%,-0.63%,-2.46%,108,108,83,120,163,119,155,102,131,157,47.94%,29.47%,66.56%,60.64%,17.81%,144.8%,114.8%,178.7%,-9.90%,-13.68%
2008/04/30,2008/03/31,1.89%,-1.91%,-0.35%,0.71%,2.90%,6.00%,2.44%,4.39%,5.63%,7.22%,-0.59%,-0.73%,-0.41%,2.75%,4.79%,2.97%,110,106,82,121,168,126,159,107,138,168,49.43%,31.05%,65.57%,59.47%,23.46%,152.1%,110.9%,186.3%,-10.43%,-14.31%
2008/05/31,2008/04/30,0.14%,-0.19%,-0.72%,-0.69%,-1.21%,4.74%,1.62%,1.32%,0.61%,1.10%,1.54%,0.41%,1.02%,5.06%,1.98%,4.94%,111,106,82,120,166,132,162,108,139,170,47.42%,26.27%,68.12%,60.12%,25.90%,164.5%,117.1%,200.8%,-9.05%,-13.96%
2008/06/30,2008/05/31,-1.96%,-2.52%,-2.33%,1.95%,0.59%,-5.05%,-9.53%,-10.99%,-7.35%,-12.59%,1.74%,-3.20%,0.47%,-10.75%,-8.40%,-9.79%,108,103,80,123,167,125,146,96,129,148,51.18%,16.75%,71.06%,55.00%,15.32%,138.6%,114.1%,168.5%,-7.47%,-16.71%
2008/07/31,2008/06/30,-2.21%,1.35%,2.80%,2.45%,-4.78%,-3.92%,0.32%,1.66%,1.95%,-3.88%,-2.15%,1.02%,-5.02%,0.24%,-0.54%,-0.06%,106,104,82,126,159,120,147,98,131,143,47.30%,16.79%,67.39%,56.58%,14.70%,138.5%,115.1%,169.2%,-9.45%,-15.86%
2008/08/31,2008/07/31,-1.21%,-0.19%,0.07%,1.36%,-3.83%,0.09%,1.65%,2.54%,2.88%,0.23%,0.04%,1.91%,-2.67%,3.42%,1.65%,2.85%,105,104,82,127,153,121,149,100,135,143,43.43%,16.95%,67.45%,59.57%,16.60%,145.3%,117.7%,178.4%,-9.42%,-14.25%
2008/09/30,2008/08/31,-2.50%,1.93%,4.28%,-0.37%,-8.84%,-11.89%,-5.93%,-5.24%,-8.76%,-21.09%,-1.73%,-1.26%,-5.31%,-14.29%,-8.85%,-13.91%,102,106,86,127,139,106,140,95,123,113,34.35%,6.19%,64.56%,57.56%,6.28%,111.2%,106.7%,138.6%,-10.98%,-15.33%
2008/10/31,2008/09/30,-0.11%,-1.89%,-1.46%,-0.70%,-1.30%,-16.02%,-17.92%,-16.77%,-19.22%,-24.79%,-1.40%,-3.34%,-3.12%,-24.95%,-17.40%,-23.95%,102,104,84,126,137,89,115,79,100,85,32.75%,-3.12%,62.26%,52.30%,-12.22%,60.59%,93.17%,79.07%,-12.23%,-18.16%
2008/11/30,2008/10/31,0.33%,0.31%,0.78%,-1.82%,-5.77%,-6.37%,-7.08%,-7.89%,-12.22%,-15.72%,-6.01%,-7.84%,-8.72%,-21.21%,-7.97%,-18.86%,102,104,85,124,129,84,107,73,87,72,24.65%,-12.18%,52.51%,40.35%,-19.21%,30.31%,72.13%,41.09%,-17.50%,-24.58%
2008/12/31,2008/11/30,0.25%,0.49%,0.49%,0.76%,-1.91%,0.59%,2.27%,2.98%,4.71%,3.68%,-4.18%,-2.01%,-5.33%,1.15%,2.00%,1.75%,103,105,86,125,127,84,109,75,92,74,21.94%,-9.47%,46.13%,37.53%,-17.59%,32.58%,71.69%,42.70%,-20.95%,-26.10%
2009/01/31,2008/12/31,1.14%,0.59%,-3.19%,-2.54%,0.94%,-6.73%,-7.28%,-11.49%,-9.83%,-8.58%,7.92%,6.57%,13.91%,1.67%,-8.28%,-0.31%,104,106,83,122,128,78,101,66,83,68,21.70%,-11.14%,57.70%,46.57%,-24.42%,32.18%,85.39%,45.08%,-14.69%,-21.24%
2009/02/28,2009/01/31,-2.52%,2.24%,-1.40%,-1.76%,-3.36%,-9.62%,-8.13%,-11.11%,-15.43%,-15.54%,-2.44%,-3.10%,-4.48%,-14.74%,-10.22%,-13.81%,101,108,82,119,124,71,93,59,70,57,20.67%,-16.40%,53.86%,42.02%,-32.14%,13.92%,78.73%,23.69%,-16.77%,-23.68%
2009/03/31,2009/02/28,0.75%,0.46%,0.92%,0.93%,0.79%,7.02%,8.93%,10.10%,14.17%,14.00%,3.59%,8.88%,4.18%,19.39%,8.87%,16.73%,102,108,82,121,125,76,102,65,80,65,20.72%,-10.57%,59.38%,54.64%,-26.13%,32.97%,92.78%,47.67%,-13.78%,-16.91%
2009/04/30,2009/03/31,1.80%,0.28%,-1.84%,-2.79%,3.75%,6.29%,9.95%,14.60%,21.16%,24.38%,6.09%,19.32%,7.97%,37.26%,10.45%,31.47%,104,109,81,117,130,81,112,74,97,81,23.07%,5.61%,69.10%,84.52%,-18.40%,74.81%,133.3%,102.7%,-8.53%,-0.85%
2009/05/31,2009/04/30,-0.56%,-0.57%,-0.99%,0.48%,5.12%,4.26%,4.78%,4.51%,8.12%,13.65%,5.17%,10.56%,7.23%,18.81%,5.16%,15.64%,103,108,80,118,136,84,117,78,104,92,30.07%,15.53%,77.84%,104.0%,-14.20%,102.2%,157.7%,140.8%,-3.80%,0.00%
2009/06/30,2009/05/31,-0.22%,0.97%,-0.90%,2.05%,0.76%,0.23%,1.39%,-0.43%,1.05%,-0.74%,4.36%,2.80%,5.51%,5.80%,0.39%,4.96%,103,109,79,120,137,84,119,77,106,92,31.35%,14.41%,85.60%,109.7%,-13.86%,112.2%,169.5%,154.8%,0.00%,0.00%
2009/07/31,2009/06/30,0.11%,-1.37%,1.68%,-1.86%,-1.12%,6.54%,6.86%,10.08%,9.44%,11.40%,0.89%,3.64%,-1.21%,11.30%,7.78%,10.21%,103,108,81,118,136,90,127,85,115,102,29.73%,19.97%,87.26%,117.3%,-7.16%,133.8%,176.1%,183.6%,0.00%,0.00%
2009/08/31,2009/07/31,0.76%,-2.42%,0.08%,-2.19%,8.37%,2.03%,2.04%,4.58%,6.31%,16.11%,8.25%,13.67%,10.25%,19.22%,3.49%,15.12%,104,105,81,115,147,92,129,89,123,118,39.60%,36.86%,102.7%,147.0%,-3.92%,169.2%,208.2%,238.1%,0.00%,0.00%
2009/09/30,2009/08/31,0.09%,-0.16%,-1.04%,-1.69%,0.08%,4.56%,3.29%,4.03%,3.89%,8.95%,2.19%,5.24%,2.46%,12.46%,4.15%,10.89%,104,105,80,113,147,96,134,93,128,129,39.59%,42.87%,107.1%,160.0%,0.06%,198.5%,228.9%,280.2%,0.00%,0.00%
2009/10/31,2009/09/30,-0.39%,1.11%,1.54%,0.35%,-2.10%,-2.31%,-1.04%,-3.40%,-4.35%,-9.13%,-0.76%,-2.25%,-1.50%,-8.07%,-2.59%,-7.40%,104,106,81,114,144,94,132,90,122,117,37.19%,33.13%,105.6%,154.2%,-2.53%,176.4%,213.1%,249.5%,-0.76%,-2.25%
2009/11/30,2009/10/31,-0.67%,0.57%,1.28%,-0.49%,-0.92%,5.36%,5.86%,6.19%,5.30%,3.69%,-2.24%,-2.78%,-4.26%,-0.22%,5.59%,0.62%,103,107,82,113,143,99,140,95,128,122,36.85%,30.90%,100.9%,147.1%,2.92%,178.1%,197.6%,248.8%,-2.99%,-4.97%
2009/12/31,2009/11/30,-0.03%,0.27%,0.28%,0.35%,-0.86%,2.16%,3.17%,3.15%,4.81%,1.47%,1.92%,1.82%,1.55%,8.34%,2.80%,7.79%,103,107,82,114,141,101,144,98,135,123,35.70%,29.99%,104.8%,151.6%,5.80%,199.8%,212.4%,277.8%,-1.13%,-3.24%
2010/01/31,2009/12/31,-1.33%,0.04%,0.57%,0.35%,0.35%,-4.88%,-2.91%,-2.24%,-1.57%,-2.46%,3.95%,6.57%,4.12%,4.40%,-3.38%,2.42%,101,107,83,114,142,96,140,96,133,120,37.98%,33.14%,112.9%,168.1%,2.23%,207.1%,230.5%,294.4%,0.00%,0.00%
2010/02/28,2010/01/31,0.47%,-0.24%,-1.16%,1.72%,-2.11%,3.59%,2.66%,2.72%,6.01%,3.97%,1.48%,0.64%,2.01%,4.36%,3.44%,4.17%,102,107,82,116,139,99,144,99,141,125,34.43%,33.65%,116.0%,169.8%,5.74%,219.9%,233.0%,311.6%,0.00%,0.00%
2010/03/31,2010/02/28,-0.31%,-0.26%,0.83%,0.41%,2.33%,6.07%,5.44%,6.63%,7.61%,11.56%,4.04%,4.32%,4.76%,12.20%,6.36%,10.90%,102,107,83,116,142,105,152,105,151,140,37.97%,40.98%,124.8%,181.5%,12.47%,254.7%,248.1%,361.8%,0.00%,0.00%
2010/04/30,2010/03/31,-0.29%,-0.25%,1.27%,-0.69%,2.92%,1.63%,1.50%,3.04%,2.22%,6.87%,7.70%,8.08%,9.94%,15.06%,2.11%,12.64%,101,106,84,116,146,107,154,108,155,149,42.39%,48.36%,142.1%,204.2%,14.85%,299.6%,284.7%,431.4%,0.00%,0.00%
2010/05/31,2010/04/30,1.12%,-0.29%,-0.28%,0.37%,3.79%,-7.23%,-7.75%,-7.68%,-8.86%,-9.92%,-2.32%,-2.91%,-2.31%,-11.20%,-7.82%,-10.32%,102,106,83,116,152,99,142,100,141,134,46.21%,44.38%,136.5%,195.4%,5.86%,258.3%,275.1%,371.9%,-2.32%,-2.91%
2010/06/30,2010/05/31,-0.39%,1.39%,-0.11%,0.04%,0.70%,-5.59%,-3.86%,-5.33%,-7.34%,-9.42%,-4.70%,-5.27%,-5.36%,-12.30%,-5.53%,-10.72%,102,107,83,116,153,94,137,95,131,122,47.81%,38.85%,125.4%,179.8%,0.01%,219.9%,255.6%,313.9%,-6.91%,-8.03%
2010/07/31,2010/06/30,-0.91%,1.25%,0.47%,0.33%,-0.26%,6.52%,7.51%,7.01%,6.76%,8.50%,0.14%,-0.33%,-1.12%,5.90%,7.01%,6.00%,101,109,84,117,153,100,147,101,139,132,48.77%,41.59%,125.7%,178.9%,7.02%,239.1%,252.0%,338.3%,-6.78%,-8.33%
2010/08/31,2010/07/31,0.51%,0.79%,-0.11%,0.13%,0.15%,-4.39%,-3.58%,-5.28%,-5.53%,-7.75%,-1.81%,-1.87%,-1.07%,-8.14%,-4.66%,-7.58%,102,110,84,117,153,95,142,96,132,122,48.23%,36.84%,121.6%,173.7%,2.02%,213.4%,241.8%,302.6%,-8.47%,-10.05%
2010/09/30,2010/08/31,-0.85%,0.34%,-1.28%,1.96%,1.82%,10.03%,8.13%,9.25%,10.27%,11.26%,1.73%,0.19%,-0.68%,11.38%,9.41%,11.33%,101,110,83,119,156,105,153,105,145,136,52.19%,38.52%,125.4%,174.2%,11.62%,248.9%,248.4%,348.5%,-6.88%,-9.88%
2010/10/31,2010/09/30,-0.24%,0.71%,0.73%,-1.18%,2.11%,4.31%,3.98%,3.99%,1.71%,5.48%,0.55%,0.09%,0.32%,4.82%,3.89%,4.79%,101,111,83,118,159,109,159,109,148,143,55.77%,40.14%,126.7%,174.4%,15.96%,265.7%,251.5%,370.1%,-6.37%,-9.80%
2010/11/30,2010/10/31,-0.01%,0.59%,-0.66%,-0.69%,1.32%,1.13%,0.70%,-0.19%,-0.24%,0.28%,-0.92%,-1.44%,-1.60%,1.00%,0.54%,1.43%,101,111,83,117,161,111,160,109,147,143,57.83%,38.96%,124.6%,170.5%,16.58%,270.9%,254.7%,374.8%,-7.24%,-11.10%
2010/12/31,2010/11/30,-1.16%,-0.32%,-1.42%,0.64%,-3.03%,5.92%,6.13%,6.11%,9.14%,10.70%,1.47%,4.10%,0.81%,11.68%,6.70%,10.45%,99,111,81,117,156,117,170,115,161,159,54.88%,45.60%,127.9%,181.6%,24.40%,309.6%,267.9%,430.2%,-5.88%,-7.45%
2011/01/31,2010/12/31,-0.03%,0.23%,0.70%,0.01%,-2.26%,1.71%,2.21%,2.44%,2.04%,1.87%,2.79%,4.19%,3.98%,6.00%,2.06%,4.74%,99,111,82,117,153,119,174,118,164,162,51.43%,45.83%,134.2%,193.3%,26.96%,329.1%,277.8%,462.0%,-3.25%,-3.58%
2011/02/28,2011/01/31,0.18%,0.46%,-1.36%,0.94%,-2.20%,3.71%,3.60%,2.29%,4.72%,2.65%,0.31%,1.18%,-0.02%,5.28%,3.59%,4.92%,100,112,81,119,149,124,180,121,172,166,47.82%,44.29%,134.9%,196.8%,31.52%,350.2%,282.8%,491.7%,-2.95%,-2.44%
2011/03/31,2011/02/28,0.42%,0.17%,0.08%,0.15%,2.94%,1.18%,0.18%,0.42%,-0.23%,-0.71%,-1.07%,-2.07%,-1.02%,-0.24%,0.49%,0.38%,100,112,81,119,154,125,180,121,171,165,51.54%,41.57%,132.4%,190.7%,32.16%,351.9%,282.4%,490.3%,-3.99%,-4.46%
2011/04/30,2011/03/31,-0.81%,0.74%,0.77%,0.28%,0.13%,2.70%,3.28%,3.23%,2.82%,2.32%,-1.78%,-2.33%,-2.36%,0.03%,2.97%,0.73%,99,113,82,119,154,128,186,125,176,169,52.95%,41.03%,128.3%,183.9%,36.08%,355.2%,273.9%,490.5%,-5.70%,-6.69%
2011/05/31,2011/04/30,-0.34%,0.35%,0.94%,0.17%,-0.78%,-1.17%,-1.04%,-0.57%,-1.78%,-3.78%,-1.07%,-1.32%,-1.29%,-2.98%,-1.22%,-2.58%,99,113,82,119,153,127,184,125,173,162,52.27%,37.35%,125.8%,180.1%,34.42%,343.5%,268.8%,472.9%,-6.71%,-7.93%
2011/06/30,2011/05/31,1.06%,-0.14%,0.24%,-0.14%,-0.30%,-0.95%,-1.85%,-1.80%,-2.65%,-3.43%,-2.60%,-2.73%,-2.52%,-4.78%,-1.74%,-3.96%,100,113,83,119,152,126,181,122,168,157,50.20%,33.93%,120.0%,172.5%,32.08%,325.9%,260.6%,445.5%,-9.14%,-10.44%
2011/07/31,2011/06/30,2.34%,-1.53%,0.47%,-0.27%,-0.03%,-0.25%,-3.69%,-2.03%,-3.54%,-3.20%,-0.62%,-0.61%,0.58%,-2.66%,-2.26%,-2.48%,102,111,83,119,152,125,174,120,163,152,46.64%,29.98%,118.6%,170.8%,29.09%,315.3%,259.8%,431.0%,-9.70%,-10.98%
2011/08/31,2011/07/31,0.98%,0.69%,0.26%,-0.03%,-2.39%,-5.38%,-5.38%,-5.27%,-7.22%,-10.65%,-3.94%,-4.73%,-4.32%,-13.16%,-5.89%,-11.74%,103,112,83,119,148,119,165,114,151,136,41.69%,23.13%,110.0%,158.0%,21.49%,266.6%,238.8%,361.1%,-13.25%,-15.19%
2011/09/30,2011/08/31,0.44%,-0.55%,0.49%,-0.40%,-3.56%,-7.39%,-7.45%,-6.38%,-8.89%,-13.14%,-1.98%,-1.88%,-3.12%,-12.53%,-7.63%,-11.97%,104,111,84,118,143,110,153,106,137,118,36.02%,16.04%,105.8%,153.2%,12.22%,222.7%,224.1%,303.3%,-14.97%,-16.79%
2011/10/31,2011/09/30,-0.84%,0.21%,0.27%,-0.40%,2.36%,10.86%,10.73%,11.54%,12.38%,15.77%,-3.01%,-2.24%,-4.53%,10.23%,11.39%,10.90%,103,112,84,118,147,122,169,119,154,136,40.38%,21.74%,99.65%,147.5%,25.00%,257.9%,222.5%,344.5%,-17.53%,-18.65%
2011/11/30,2011/10/31,0.28%,0.89%,0.43%,0.33%,-1.82%,-0.23%,0.41%,-0.61%,-1.00%,-4.09%,-2.68%,-4.31%,-3.11%,-5.67%,-0.35%,-4.38%,103,113,84,118,144,122,170,118,153,131,37.44%,17.04%,94.30%,136.8%,24.56%,242.2%,209.5%,319.3%,-19.74%,-22.16%
2011/12/31,2011/11/30,-1.08%,1.53%,1.84%,0.15%,-3.01%,-0.91%,2.02%,2.67%,0.63%,-0.88%,-0.23%,0.46%,-0.55%,0.17%,0.85%,0.03%,102,114,86,118,140,121,173,121,154,130,34.78%,17.08%,93.84%,137.9%,25.62%,242.3%,207.0%,320.0%,-19.93%,-21.80%
2012/01/31,2011/12/31,-0.88%,-1.32%,-0.23%,-1.56%,1.15%,5.26%,3.57%,5.72%,6.67%,8.31%,4.03%,5.86%,4.33%,14.35%,5.09%,12.59%,101,113,86,117,141,127,179,128,164,140,37.51%,20.65%,101.7%,151.8%,32.02%,285.4%,230.0%,380.3%,-16.70%,-17.22%
2012/02/29,2012/01/31,0.60%,-0.88%,-0.47%,0.00%,-0.78%,4.47%,3.52%,4.36%,4.59%,6.22%,0.95%,1.76%,1.61%,5.52%,4.25%,4.99%,102,112,85,117,140,133,186,134,172,149,35.61%,22.76%,103.6%,156.3%,37.63%,304.6%,232.4%,406.8%,-15.92%,-15.76%
2012/03/31,2012/02/29,0.38%,0.16%,0.41%,0.04%,-0.92%,3.12%,2.91%,3.40%,3.17%,4.26%,1.10%,2.10%,1.59%,4.97%,3.15%,4.34%,102,112,85,117,139,137,191,138,177,155,33.85%,24.15%,105.8%,161.7%,41.95%,322.2%,236.4%,432.0%,-14.99%,-13.99%
2012/04/30,2012/03/31,1.19%,0.03%,1.32%,-0.03%,0.43%,-0.06%,-0.74%,-0.48%,-2.26%,-2.51%,-0.20%,-1.07%,0.80%,-1.78%,-0.69%,-1.46%,103,112,87,117,139,137,190,137,173,152,32.84%,21.10%,105.4%,158.9%,40.97%,316.0%,233.8%,422.5%,-15.17%,-14.91%
2012/05/31,2012/04/30,-0.52%,1.66%,0.05%,0.59%,0.62%,-6.14%,-4.39%,-6.54%,-7.80%,-10.33%,1.79%,-0.85%,1.94%,-7.61%,-6.09%,-7.36%,103,114,87,117,140,128,181,128,160,136,34.35%,16.03%,109.0%,156.7%,32.39%,285.4%,229.6%,382.8%,-13.65%,-15.64%
2012/06/30,2012/05/31,-0.33%,0.45%,0.96%,-1.54%,0.91%,3.32%,3.98%,4.91%,3.34%,6.01%,-1.34%,-0.67%,-1.94%,3.11%,3.98%,3.31%,102,115,87,115,142,132,189,135,165,144,36.02%,19.14%,106.3%,154.9%,37.67%,298.2%,227.4%,397.8%,-14.80%,-16.20%
2012/07/31,2012/06/30,0.84%,0.26%,-0.43%,-0.31%,-0.87%,1.52%,1.57%,-0.33%,-0.92%,-1.17%,0.26%,0.10%,1.00%,-0.57%,0.87%,-0.60%,103,115,87,115,140,134,192,134,163,142,33.69%,15.94%,106.8%,155.2%,38.87%,295.8%,222.5%,394.9%,-14.58%,-16.12%
2012/08/31,2012/07/31,0.25%,-0.23%,-0.49%,0.01%,-0.81%,2.24%,2.15%,2.07%,3.81%,4.73%,-1.58%,0.43%,-1.91%,3.28%,2.50%,3.16%,104,115,87,115,139,137,196,137,170,149,32.28%,18.83%,103.5%,156.3%,42.34%,308.3%,224.7%,411.2%,-15.93%,-15.76%
2012/09/30,2012/08/31,-0.33%,-0.08%,1.10%,-1.12%,-1.06%,1.90%,2.35%,3.88%,2.40%,3.95%,1.01%,3.73%,0.88%,7.12%,2.56%,6.00%,103,114,88,114,138,140,200,142,174,155,31.32%,21.27%,105.6%,165.9%,45.99%,332.8%,235.8%,447.6%,-15.08%,-12.61%
2012/10/31,2012/09/30,-0.77%,0.31%,0.48%,0.76%,1.39%,-3.17%,-1.65%,-0.72%,-1.02%,1.73%,-4.25%,-1.47%,-4.45%,-3.35%,-1.70%,-2.91%,102,115,88,115,140,136,197,141,172,158,34.16%,27.20%,96.83%,161.9%,43.50%,320.2%,231.8%,429.3%,-18.70%,-13.90%
2012/11/30,2012/10/31,0.06%,0.05%,-0.56%,0.28%,-2.12%,1.11%,0.89%,0.12%,0.97%,-1.89%,-0.66%,-0.92%,-1.22%,-0.39%,0.66%,-0.12%,102,115,88,115,137,137,199,142,174,155,31.23%,23.39%,95.53%,159.5%,44.45%,319.7%,229.2%,427.2%,-19.23%,-14.69%
2012/12/31,2012/11/30,-0.64%,0.82%,0.03%,-0.17%,1.42%,-0.23%,1.39%,1.24%,1.74%,7.41%,-2.27%,0.99%,-3.31%,3.16%,1.26%,2.86%,102,116,88,115,139,137,201,143,177,166,33.93%,32.82%,91.09%,162.1%,46.27%,331.7%,234.5%,443.8%,-21.07%,-13.84%
2013/01/31,2012/12/31,-2.04%,0.86%,0.35%,1.21%,-1.51%,3.28%,6.19%,5.59%,7.23%,7.39%,2.76%,4.25%,3.56%,11.07%,5.53%,9.79%,100,117,88,116,136,141,214,151,189,178,34.64%,38.28%,96.37%,173.3%,54.35%,374.0%,248.7%,504.0%,-18.88%,-10.17%
2013/02/28,2013/01/31,-0.60%,0.43%,0.09%,0.25%,0.41%,0.64%,1.87%,1.31%,1.50%,0.94%,0.13%,0.14%,0.09%,1.14%,1.30%,1.10%,99,117,88,116,137,142,218,153,192,180,36.00%,38.70%,96.63%,173.7%,56.35%,379.2%,248.0%,510.9%,-18.78%,-10.05%
2013/03/31,2013/02/28,-0.43%,-0.61%,-0.14%,0.72%,2.95%,3.81%,3.64%,3.57%,4.73%,6.55%,0.63%,0.33%,0.43%,4.69%,4.00%,4.59%,99,117,88,117,141,148,226,159,201,192,40.59%,42.50%,97.86%,174.6%,62.60%,401.2%,250.1%,539.6%,-18.27%,-9.75%
2013/04/30,2013/03/31,-0.29%,-0.03%,0.62%,0.50%,1.73%,0.59%,2.10%,1.73%,2.20%,2.73%,-0.38%,-0.38%,-0.13%,-0.19%,1.68%,-0.08%,98,117,88,118,143,149,231,162,206,197,43.44%,45.54%,97.12%,173.5%,65.33%,400.8%,244.0%,538.3%,-18.58%,-10.10%
2013/05/31,2013/04/30,0.67%,-0.94%,-0.45%,-0.24%,-1.04%,2.64%,1.39%,2.47%,2.80%,6.59%,0.47%,2.54%,0.53%,7.08%,2.46%,6.32%,99,115,88,118,142,152,234,165,211,210,40.99%,51.29%,98.05%,180.5%,69.40%,432.5%,257.2%,583.6%,-18.19%,-7.81%
2013/06/30,2013/05/31,-1.15%,0.39%,-0.05%,0.77%,-0.97%,-2.00%,-1.01%,-1.08%,-0.45%,-2.40%,-0.65%,-0.68%,-0.39%,-1.00%,-1.25%,-0.79%,98,116,88,119,141,149,231,164,210,205,41.24%,50.68%,96.75%,178.6%,67.28%,428.2%,258.9%,576.7%,-18.73%,-8.43%
2013/07/31,2013/06/30,0.65%,-0.58%,-0.82%,0.21%,-0.96%,6.35%,5.00%,4.71%,5.72%,6.60%,0.79%,1.73%,1.16%,9.49%,5.46%,8.97%,99,115,87,119,139,159,243,171,222,219,38.97%,51.05%,98.31%,183.4%,76.41%,475.6%,271.5%,641.0%,-18.08%,-6.85%
2013/08/31,2013/07/31,0.12%,-0.43%,-0.21%,-0.15%,-0.01%,-1.41%,-3.35%,-2.73%,-3.42%,-4.32%,0.45%,0.03%,1.33%,-1.94%,-2.84%,-1.95%,99,115,87,119,139,157,235,167,215,209,38.78%,46.65%,99.20%,183.5%,71.40%,464.4%,274.8%,626.6%,-17.72%,-6.82%
2013/09/30,2013/08/31,0.65%,0.08%,-0.55%,-0.59%,-1.17%,5.35%,4.12%,2.94%,2.82%,2.51%,0.65%,0.08%,1.09%,6.16%,3.76%,6.13%,99,115,87,118,138,165,245,172,221,214,36.25%,42.49%,100.5%,183.7%,77.84%,499.0%,283.7%,671.3%,-17.18%,-6.75%
2013/10/31,2013/09/30,1.00%,-0.41%,-0.58%,0.59%,-0.48%,4.21%,4.37%,3.79%,4.58%,4.07%,-0.35%,0.23%,-1.48%,2.66%,4.19%,2.59%,100,114,86,119,137,172,255,178,231,223,34.24%,42.29%,99.79%,184.4%,85.29%,514.5%,277.6%,691.8%,-17.47%,-6.53%
2013/11/30,2013/10/31,0.07%,-1.15%,-0.54%,0.17%,-0.14%,3.46%,2.08%,2.63%,3.14%,2.96%,-0.49%,-0.59%,-0.04%,4.23%,2.86%,4.41%,100,113,86,119,137,178,261,183,238,230,33.95%,41.58%,98.81%,182.7%,90.59%,541.6%,283.4%,725.3%,-17.88%,-7.08%
2013/12/31,2013/11/30,-0.37%,0.64%,0.05%,-0.36%,-1.67%,2.62%,3.47%,2.90%,2.40%,1.00%,-0.95%,-0.76%,-0.93%,2.12%,2.61%,2.35%,100,114,86,118,134,183,270,188,244,232,32.21%,39.30%,96.91%,180.5%,95.56%,556.7%,282.4%,742.9%,-18.66%,-7.79%
2014/01/31,2013/12/31,-0.88%,1.30%,1.05%,0.02%,-0.31%,-3.81%,-2.16%,-2.43%,-3.71%,-3.77%,3.16%,3.70%,5.18%,2.44%,-3.13%,1.33%,99,115,87,118,134,176,264,184,235,223,32.95%,39.35%,103.1%,190.9%,89.43%,565.5%,299.5%,763.5%,-16.09%,-4.37%
2014/02/28,2014/01/31,0.94%,-0.36%,-0.24%,0.16%,-0.40%,5.93%,4.27%,4.34%,4.65%,3.98%,-0.76%,-0.94%,-0.39%,4.39%,4.67%,4.67%,100,115,86,119,134,186,275,192,246,232,31.17%,36.63%,101.6%,188.2%,98.28%,596.6%,299.5%,801.4%,-16.73%,-5.27%
2014/03/31,2014/02/28,-0.50%,-2.64%,1.58%,1.10%,0.86%,-1.04%,-1.67%,1.13%,2.12%,1.79%,2.35%,2.64%,1.62%,1.81%,0.51%,1.02%,100,112,88,120,135,184,270,194,251,236,32.96%,40.49%,106.3%,195.8%,99.29%,603.6%,301.5%,817.7%,-14.78%,-2.77%
2014/04/30,2014/03/31,0.14%,0.63%,-0.31%,0.68%,0.72%,-0.71%,-0.74%,-0.73%,1.19%,0.95%,-0.93%,0.07%,-0.99%,-3.64%,-0.02%,-3.66%,100,113,87,121,136,183,268,192,254,239,33.73%,42.84%,104.4%,196.0%,99.24%,577.9%,286.9%,784.3%,-15.57%,-2.70%
2014/05/31,2014/04/30,1.65%,-0.13%,0.07%,-0.90%,0.05%,3.69%,1.78%,2.00%,1.16%,1.67%,-0.84%,-0.90%,-1.13%,-0.68%,2.10%,-0.41%,101,112,88,120,136,190,273,196,257,243,31.59%,39.95%,102.7%,193.3%,103.4%,575.1%,277.2%,778.2%,-16.28%,-3.58%
2014/06/30,2014/05/31,-0.52%,-0.20%,0.63%,-0.60%,-0.40%,2.85%,2.57%,3.10%,1.83%,1.83%,-0.70%,-0.87%,-1.79%,3.52%,2.50%,3.78%,101,112,88,119,135,195,280,202,262,247,31.76%,38.52%,101.2%,190.8%,108.5%,600.6%,282.0%,809.1%,-16.87%,-4.42%
2014/07/31,2014/06/30,0.93%,-0.60%,0.56%,-0.29%,1.53%,-1.63%,-2.64%,-1.90%,-2.00%,-0.97%,0.38%,0.93%,1.50%,-3.55%,-1.95%,-3.83%,102,111,89,119,137,192,273,198,257,245,32.55%,39.43%,102.0%,193.5%,104.4%,573.8%,274.9%,776.9%,-16.56%,-3.53%
2014/08/31,2014/07/31,0.24%,-0.04%,0.43%,-0.04%,-2.58%,5.16%,3.94%,4.41%,3.87%,1.70%,-1.63%,-1.33%,-2.23%,3.09%,4.18%,3.49%,102,111,89,119,134,202,284,207,266,249,28.81%,34.61%,98.72%,189.6%,113.0%,597.3%,272.3%,804.0%,-17.92%,-4.81%
2014/09/30,2014/08/31,-1.15%,0.72%,-0.46%,0.67%,0.38%,-2.76%,-1.35%,-2.07%,-1.70%,-3.58%,-1.63%,-2.04%,-2.05%,-7.37%,-2.09%,-6.76%,101,112,89,119,134,196,280,203,262,240,30.79%,33.50%,95.47%,183.7%,108.5%,550.2%,254.9%,737.4%,-19.26%,-6.75%
2014/10/31,2014/09/30,0.57%,0.13%,1.12%,-0.68%,-1.09%,4.16%,2.86%,2.61%,1.13%,2.01%,-3.86%,-4.38%,-6.45%,-0.91%,2.74%,0.40%,101,112,90,118,133,204,288,208,265,245,28.62%,30.63%,87.92%,171.3%,114.2%,552.8%,246.6%,729.7%,-22.38%,-10.84%
2014/11/30,2014/10/31,-0.80%,0.49%,-0.64%,1.23%,1.34%,3.16%,2.52%,1.94%,2.52%,1.92%,-0.69%,-1.72%,-2.00%,-1.57%,2.53%,-1.05%,101,113,89,120,135,211,295,212,272,249,31.36%,29.00%,86.62%,166.6%,119.7%,545.9%,234.2%,716.7%,-22.91%,-12.38%
2014/12/31,2014/11/30,0.64%,0.32%,-0.32%,-0.37%,0.54%,-0.25%,0.52%,-0.44%,-0.21%,1.74%,-2.51%,-0.98%,-3.05%,0.37%,-0.03%,0.66%,101,113,89,120,135,210,297,211,271,254,31.24%,31.58%,81.94%,164.0%,119.6%,550.2%,236.5%,719.7%,-24.85%,-13.24%
2015/01/31,2014/12/31,1.65%,-0.31%,0.92%,-0.90%,-0.97%,-0.35%,-2.82%,-2.36%,-4.82%,-6.82%,-0.13%,-2.00%,1.23%,-4.32%,-2.75%,-3.72%,103,113,89,118,134,209,288,206,258,236,27.81%,23.06%,81.70%,158.7%,113.6%,526.0%,233.2%,684.3%,-24.95%,-14.98%
2015/02/28,2015/01/31,-0.02%,-1.12%,-0.12%,0.46%,-1.10%,6.77%,4.54%,5.26%,6.16%,5.63%,0.76%,0.64%,1.07%,7.42%,5.76%,7.23%,103,112,89,119,132,224,301,217,274,250,26.44%,21.66%,83.08%,160.3%,125.9%,571.3%,238.1%,742.5%,-24.38%,-14.43%
2015/03/31,2015/02/28,-0.01%,0.07%,-0.21%,0.10%,-1.50%,-0.43%,-0.52%,-1.13%,-1.95%,-2.66%,-2.81%,-3.24%,-3.16%,-2.57%,-1.06%,-1.60%,103,112,89,119,130,223,300,215,268,243,24.56%,18.95%,77.94%,151.9%,123.5%,560.6%,236.3%,720.9%,-26.50%,-17.20%
2015/04/30,2015/03/31,0.27%,-0.13%,0.22%,0.01%,0.27%,-0.97%,0.15%,-0.53%,2.74%,2.58%,0.72%,3.46%,1.38%,2.69%,0.40%,1.65%,103,112,89,119,131,220,300,214,276,249,24.56%,23.18%,79.22%,160.6%,124.4%,571.5%,240.5%,743.0%,-25.97%,-14.34%
2015/05/31,2015/04/30,0.30%,-0.70%,-0.14%,-0.30%,0.20%,2.98%,0.83%,0.24%,0.26%,-0.16%,-1.74%,-3.54%,-2.14%,-1.77%,1.29%,-0.71%,103,111,89,119,131,227,303,214,277,249,24.43%,19.31%,76.11%,151.4%,127.3%,566.7%,233.7%,728.0%,-27.26%,-17.37%
2015/06/30,2015/05/31,-0.09%,-0.99%,0.09%,0.63%,-1.98%,-0.80%,-3.04%,-0.38%,-1.48%,-3.30%,-0.73%,-1.74%,-1.44%,-2.05%,-1.63%,-1.52%,103,110,89,120,129,225,293,213,272,241,22.08%,16.32%,74.82%,147.0%,123.6%,556.6%,234.1%,711.1%,-27.79%,-18.81%
2015/07/31,2015/06/30,-1.30%,1.01%,0.44%,0.38%,4.10%,2.86%,1.01%,2.13%,0.55%,-0.91%,-2.57%,-7.24%,-2.76%,-8.56%,1.67%,-6.39%,102,111,90,120,134,232,296,218,274,238,28.67%,11.93%,70.33%,129.1%,127.3%,514.6%,207.2%,641.7%,-29.64%,-24.69%
2015/08/31,2015/07/31,1.07%,-0.51%,0.17%,-1.03%,0.82%,-6.43%,-5.74%,-5.77%,-5.95%,-4.57%,0.16%,2.31%,0.53%,-2.94%,-5.98%,-3.64%,103,110,90,119,135,217,279,205,258,228,28.34%,14.01%,70.60%,134.4%,113.7%,492.3%,214.4%,619.8%,-29.53%,-22.94%
2015/09/30,2015/08/31,0.02%,1.14%,-1.00%,-0.10%,0.26%,-2.83%,-1.87%,-3.66%,-2.81%,-4.29%,-0.57%,-2.34%,-0.76%,-7.43%,-2.82%,-6.73%,103,112,89,119,135,211,274,198,250,218,28.64%,12.34%,69.63%,128.9%,107.7%,452.4%,202.1%,566.3%,-29.93%,-24.75%
2015/10/31,2015/09/30,0.58%,1.83%,0.37%,-2.30%,-0.30%,7.92%,8.89%,7.71%,5.70%,8.26%,-2.63%,-0.55%,-3.90%,4.75%,7.68%,4.92%,104,114,89,116,135,227,299,213,265,236,27.51%,12.72%,65.16%,127.7%,123.6%,479.6%,193.7%,598.0%,-31.78%,-25.16%
2015/11/30,2015/10/31,-0.74%,0.98%,-0.47%,0.84%,-1.45%,0.49%,1.01%,-0.23%,1.08%,-0.92%,-0.82%,-1.54%,-2.66%,-0.16%,0.55%,0.31%,103,115,89,117,133,228,302,212,268,234,26.60%,11.13%,63.81%,124.2%,124.8%,481.4%,193.0%,596.9%,-32.33%,-26.32%
2015/12/31,2015/11/30,-0.67%,0.25%,-0.26%,0.49%,0.03%,-1.81%,-1.84%,-2.28%,-2.56%,-2.57%,-1.36%,-2.83%,-1.43%,-6.78%,-2.07%,-5.93%,102,115,89,117,133,224,296,208,261,228,27.50%,10.28%,61.58%,117.8%,120.2%,446.9%,181.7%,549.7%,-33.26%,-28.40%
2016/01/31,2015/12/31,-0.58%,0.65%,0.17%,-0.08%,1.47%,-6.80%,-4.69%,-4.98%,-5.17%,-4.21%,-0.87%,-0.58%,-2.09%,-9.53%,-5.64%,-9.36%,102,116,89,117,135,209,282,197,247,218,30.11%,13.14%,60.17%,116.6%,107.8%,395.7%,171.2%,487.7%,-33.84%,-28.82%
2016/02/29,2016/01/31,-0.68%,1.76%,0.12%,0.29%,1.39%,-0.93%,1.20%,-0.09%,0.37%,1.47%,0.42%,1.80%,-0.28%,1.49%,-0.05%,0.95%,101,118,89,118,137,207,286,197,248,221,32.80%,15.86%,60.85%,120.5%,107.6%,400.4%,174.0%,496.5%,-33.56%,-27.53%
2016/03/31,2016/02/29,0.26%,0.42%,1.30%,0.67%,0.67%,6.55%,6.72%,6.82%,8.66%,9.32%,1.68%,4.68%,1.60%,12.22%,7.08%,10.81%,101,118,90,118,138,221,305,211,270,242,33.34%,19.07%,63.55%,130.8%,122.4%,454.5%,184.2%,569.4%,-32.44%,-24.14%
2016/04/30,2016/03/31,-0.88%,1.46%,0.61%,0.76%,0.45%,-1.18%,2.19%,1.13%,3.23%,3.51%,0.33%,3.54%,1.68%,6.22%,0.81%,5.16%,100,120,91,119,138,218,311,213,278,250,35.11%,24.65%,64.10%,139.0%,124.2%,483.1%,196.5%,611.0%,-32.22%,-21.45%
2016/05/31,2016/04/30,0.10%,-0.29%,0.03%,0.11%,-1.10%,2.55%,1.27%,1.74%,1.35%,-0.09%,-3.05%,-3.41%,-3.93%,-2.54%,1.79%,-1.52%,100,120,91,119,137,224,315,217,282,250,33.48%,21.35%,59.08%,130.8%,128.2%,474.3%,186.7%,593.0%,-34.29%,-24.13%
2016/06/30,2016/05/31,-0.75%,1.75%,1.70%,-1.18%,0.18%,-0.04%,1.44%,1.82%,-1.88%,-1.13%,1.20%,0.31%,0.67%,0.43%,0.26%,0.33%,100,122,92,118,137,224,320,221,277,247,34.73%,20.04%,60.99%,131.5%,128.8%,476.2%,186.9%,595.9%,-33.50%,-23.90%
2016/07/31,2016/06/30,0.41%,-1.07%,0.70%,0.16%,1.49%,4.32%,2.53%,3.65%,4.49%,6.71%,0.93%,3.08%,0.78%,8.98%,3.96%,8.05%,100,120,93,118,139,233,328,229,289,264,36.19%,22.90%,62.48%,138.7%,137.9%,522.6%,198.6%,658.4%,-32.89%,-21.56%
2016/08/31,2016/07/31,0.15%,-0.31%,-0.67%,1.17%,-1.02%,-0.59%,0.42%,-0.36%,2.97%,0.80%,0.09%,2.71%,0.08%,4.12%,0.32%,3.31%,100,120,92,120,138,232,329,228,298,266,34.60%,24.60%,62.62%,145.1%,138.6%,543.2%,207.6%,689.6%,-32.83%,-19.43%
2016/09/30,2016/08/31,-0.32%,0.27%,-0.60%,0.34%,-0.40%,0.31%,0.45%,-0.31%,0.33%,-0.30%,-0.10%,-0.16%,-0.79%,1.33%,0.19%,1.38%,100,120,92,120,137,233,331,227,299,265,34.49%,23.84%,62.46%,144.7%,139.1%,552.0%,211.2%,700.1%,-32.89%,-19.55%
2016/10/31,2016/09/30,0.55%,-0.19%,0.00%,-0.39%,-0.52%,-3.08%,-1.82%,-1.88%,-1.17%,-3.34%,-2.65%,-1.97%,-3.17%,-7.72%,-2.12%,-7.12%,100,120,92,120,136,225,325,223,295,256,33.05%,23.52%,58.16%,139.9%,134.0%,505.6%,195.7%,638.4%,-34.67%,-21.14%
2016/11/30,2016/10/31,0.48%,0.92%,-0.61%,1.43%,-1.67%,3.20%,5.23%,3.12%,8.02%,4.32%,-3.46%,-0.45%,-2.81%,8.46%,4.59%,8.59%,101,121,91,121,134,233,342,230,319,267,30.19%,24.91%,52.69%,138.8%,144.7%,557.6%,207.5%,700.8%,-36.93%,-21.50%
2016/12/31,2016/11/30,-0.52%,1.08%,0.40%,-0.32%,-0.65%,1.24%,2.50%,2.20%,2.11%,1.51%,-1.06%,-0.83%,-0.59%,1.59%,1.94%,1.84%,100,123,91,121,133,235,350,235,326,271,30.03%,25.24%,51.08%,136.9%,149.5%,569.7%,207.2%,713.6%,-37.60%,-22.14%
2017/01/31,2016/12/31,1.67%,-1.14%,-0.70%,-0.73%,0.99%,3.75%,1.24%,1.46%,0.44%,2.99%,0.45%,1.42%,1.10%,3.23%,1.89%,2.80%,102,121,91,120,135,244,355,238,327,280,29.15%,24.29%,51.76%,140.2%,154.2%,588.5%,210.0%,739.9%,-37.31%,-21.04%
2017/02/28,2017/01/31,-0.77%,1.17%,-0.48%,0.62%,-1.72%,3.27%,5.14%,2.78%,3.40%,2.51%,-3.30%,-2.78%,-3.27%,-0.70%,3.64%,0.14%,101,123,90,121,132,252,373,245,338,287,27.91%,23.35%,46.76%,133.5%,163.5%,589.4%,199.1%,734.0%,-39.38%,-23.24%
2017/03/31,2017/02/28,0.02%,0.05%,-0.27%,-0.30%,-0.03%,0.67%,0.72%,-0.75%,-0.91%,0.68%,-0.78%,-0.27%,-1.69%,-0.11%,0.13%,-0.03%,101,123,90,120,132,254,376,243,335,289,27.84%,23.37%,45.61%,132.9%,163.8%,589.3%,198.6%,733.1%,-39.85%,-23.44%
2017/04/30,2017/03/31,1.06%,-0.47%,0.20%,-1.32%,-1.98%,2.64%,0.85%,0.95%,-0.65%,-0.97%,-2.55%,-2.47%,-3.12%,-1.48%,1.11%,-0.74%,102,122,90,119,130,261,379,245,333,286,23.95%,18.91%,41.89%,127.2%,166.7%,584.2%,193.1%,720.8%,-41.39%,-25.33%
2017/05/31,2017/04/30,0.20%,-0.21%,-0.34%,-0.64%,-1.09%,2.20%,1.19%,0.83%,-0.76%,-0.30%,-2.59%,-3.08%,-3.41%,-4.64%,1.06%,-3.71%,103,122,90,118,128,266,383,247,331,285,22.34%,15.95%,38.22%,120.2%,169.6%,558.8%,179.1%,682.7%,-42.90%,-27.64%
2017/06/30,2017/05/31,-0.06%,0.43%,-0.40%,0.50%,0.75%,0.47%,1.30%,0.19%,1.65%,1.57%,0.65%,2.58%,1.26%,6.02%,0.90%,5.24%,103,122,90,119,129,268,388,248,336,289,23.33%,17.22%,39.13%,125.8%,172.0%,593.3%,191.3%,729.8%,-42.53%,-25.77%
2017/07/31,2017/06/30,0.70%,-0.85%,-0.27%,-0.64%,0.61%,2.98%,1.00%,1.66%,1.19%,2.15%,-1.28%,-1.97%,-1.73%,-1.69%,1.93%,-1.10%,103,121,89,118,130,276,392,252,340,296,23.21%,16.25%,37.35%,121.4%,177.2%,585.7%,182.5%,715.9%,-43.26%,-27.23%
2017/08/31,2017/07/31,-0.14%,0.40%,0.59%,-0.88%,-1.17%,0.65%,0.35%,1.39%,-1.00%,-2.23%,-0.70%,-2.24%,-1.05%,-3.72%,0.26%,-3.05%,103,122,90,117,128,277,394,255,337,289,21.95%,12.91%,36.40%,116.4%,177.9%,564.8%,173.1%,685.5%,-43.66%,-28.86%
2017/09/30,2017/08/31,-0.14%,0.87%,-0.57%,-0.13%,-0.50%,1.88%,3.94%,1.39%,3.14%,2.83%,2.03%,3.81%,2.61%,10.39%,2.47%,9.25%,103,123,89,117,128,283,409,259,347,297,21.52%,13.98%,39.17%,124.7%,184.8%,626.3%,191.7%,767.2%,-42.51%,-26.15%
2017/10/31,2017/09/30,1.10%,-0.70%,0.04%,-1.03%,-2.93%,3.82%,1.75%,2.49%,1.23%,-1.89%,-0.94%,-2.37%,-0.83%,-1.62%,2.24%,-0.91%,104,122,89,116,124,293,416,265,351,292,16.62%,7.47%,37.86%,119.4%,191.2%,619.7%,182.5%,753.1%,-43.05%,-27.90%
2017/11/30,2017/10/31,-0.72%,0.45%,0.23%,0.43%,-0.98%,2.79%,3.78%,3.41%,3.40%,2.12%,0.76%,1.47%,0.84%,4.35%,3.22%,3.91%,103,122,90,116,123,302,432,274,363,298,16.31%,6.76%,38.92%,122.6%,200.6%,647.9%,184.4%,790.2%,-42.62%,-26.84%
2017/12/31,2017/11/30,-0.48%,0.17%,-0.64%,0.81%,0.18%,0.67%,1.27%,0.63%,1.94%,1.70%,0.65%,2.25%,0.80%,2.94%,1.10%,2.27%,103,123,89,117,123,304,438,276,370,303,17.08%,7.86%,39.81%,127.6%,203.8%,664.9%,187.8%,816.4%,-42.25%,-25.19%
2018/01/31,2017/12/31,1.95%,-2.32%,-1.07%,-1.93%,-1.17%,8.67%,3.85%,4.48%,2.75%,2.70%,1.39%,0.13%,1.39%,3.20%,5.34%,3.16%,105,120,88,115,122,330,454,289,381,311,13.42%,1.43%,41.76%,127.9%,220.1%,689.0%,181.5%,845.8%,-41.45%,-25.10%
2018/02/28,2018/01/31,2.06%,-1.12%,-1.55%,-1.81%,-2.13%,-1.62%,-4.69%,-4.81%,-5.43%,-6.24%,1.16%,-0.75%,0.37%,-5.02%,-3.65%,-4.80%,107,119,87,113,119,325,433,275,360,292,8.66%,-3.26%,43.40%,126.2%,208.4%,651.2%,178.3%,798.3%,-40.76%,-25.66%
2018/03/31,2018/02/28,0.40%,0.59%,0.56%,0.13%,-0.28%,-2.68%,-1.24%,-1.04%,-1.98%,-1.82%,-1.65%,-0.96%,-1.59%,-0.01%,-1.98%,0.28%,107,119,87,113,119,316,428,272,353,286,7.92%,-2.43%,41.04%,124.0%,202.3%,653.3%,184.5%,798.2%,-41.74%,-26.37%
2018/04/30,2018/03/31,0.72%,-0.93%,0.33%,-0.80%,-1.13%,0.99%,-0.24%,0.76%,-0.25%,-0.77%,0.87%,0.83%,-0.02%,1.18%,0.43%,0.93%,108,118,88,112,117,319,427,274,352,284,5.92%,-4.14%,42.27%,125.9%,203.6%,660.3%,186.0%,808.8%,-41.23%,-25.76%
2018/05/31,2018/04/30,1.09%,-1.98%,-1.60%,-0.25%,1.04%,4.75%,0.93%,1.72%,1.48%,2.85%,0.94%,-0.32%,-0.47%,4.82%,2.78%,4.92%,109,116,86,112,118,334,431,279,357,292,5.87%,-5.96%,43.61%,125.1%,212.0%,697.7%,192.1%,852.6%,-40.68%,-26.00%
2018/06/30,2018/05/31,-0.57%,-0.31%,1.15%,0.49%,0.37%,0.28%,0.69%,1.24%,0.95%,1.75%,-1.73%,-0.76%,-2.69%,0.29%,0.75%,0.52%,109,115,87,112,119,335,434,282,360,297,6.86%,-4.57%,41.13%,123.4%,214.4%,701.9%,191.4%,855.4%,-41.71%,-26.56%
2018/07/31,2018/06/30,-1.18%,0.71%,0.62%,0.46%,0.67%,2.27%,4.38%,3.59%,3.89%,3.83%,-3.09%,-2.51%,-4.09%,-1.62%,3.27%,-0.86%,108,116,88,113,120,343,453,292,375,309,8.83%,-3.08%,36.77%,117.8%,224.7%,694.9%,179.4%,840.0%,-43.50%,-28.41%
2018/08/31,2018/07/31,0.20%,-0.90%,-0.02%,-0.30%,-0.92%,6.09%,1.69%,2.72%,1.47%,0.66%,-0.95%,-3.16%,-0.94%,0.76%,3.55%,1.71%,108,115,88,112,119,364,460,300,380,311,7.61%,-8.34%,35.47%,110.9%,236.2%,708.5%,174.2%,847.2%,-44.04%,-30.67%
2018/09/30,2018/08/31,-0.49%,0.65%,0.25%,-0.77%,0.24%,0.27%,0.53%,0.13%,-1.01%,-0.03%,0.30%,0.81%,-0.58%,-1.55%,0.10%,-1.79%,107,116,88,111,119,365,463,300,376,311,8.39%,-8.61%,35.88%,112.6%,236.6%,694.1%,169.0%,832.5%,-43.87%,-30.11%
2018/10/31,2018/09/30,0.91%,1.42%,0.36%,1.01%,-1.66%,-9.12%,-4.93%,-5.93%,-6.16%,-8.83%,-1.46%,-0.32%,-1.11%,-10.94%,-7.27%,-10.84%,108,118,88,113,117,331,440,283,353,283,5.61%,-8.35%,33.89%,111.9%,212.1%,608.0%,159.4%,730.5%,-44.69%,-30.33%
2018/11/30,2018/10/31,-0.93%,2.10%,0.64%,0.64%,-2.02%,0.87%,4.06%,2.44%,2.72%,0.08%,-3.85%,-3.27%,-5.71%,-3.60%,1.99%,-2.62%,107,120,89,113,115,334,458,290,363,283,4.45%,-9.07%,28.74%,105.0%,218.3%,589.4%,147.4%,700.6%,-46.82%,-32.62%
2018/12/31,2018/11/30,0.92%,-0.60%,0.22%,-2.28%,-0.49%,-8.39%,-9.49%,-8.79%,-11.96%,-11.26%,-5.13%,-5.77%,-6.69%,-18.25%,-9.28%,-16.52%,108,119,89,111,114,306,414,264,319,251,2.98%,-11.69%,22.14%,93.18%,188.8%,475.5%,129.5%,554.4%,-49.55%,-36.50%
2019/01/31,2018/12/31,0.19%,-1.42%,0.41%,0.28%,1.80%,7.98%,7.43%,9.28%,11.63%,13.24%,4.16%,8.88%,5.49%,22.10%,8.72%,19.43%,108,118,89,111,116,331,445,289,356,285,4.64%,-7.04%,27.23%,110.3%,214.0%,587.3%,154.1%,699.0%,-47.45%,-30.86%
2019/02/28,2019/01/31,-0.71%,1.26%,-1.24%,0.14%,-1.50%,3.79%,3.94%,1.93%,3.31%,2.14%,0.74%,0.37%,0.04%,5.11%,3.43%,5.00%,108,119,88,111,114,343,463,294,368,291,3.82%,-8.58%,28.17%,111.1%,224.7%,621.7%,158.1%,739.9%,-47.06%,-30.61%
2019/03/31,2019/02/28,-0.12%,-0.04%,-0.55%,-0.28%,0.42%,3.09%,0.33%,0.02%,-0.65%,0.95%,-0.83%,-0.94%,-0.82%,-1.63%,1.41%,-1.35%,107,119,88,111,115,354,464,294,366,294,4.38%,-10.54%,27.10%,109.1%,229.3%,612.0%,151.0%,726.2%,-47.50%,-31.26%
2019/04/30,2019/03/31,0.64%,-1.00%,-0.91%,-0.90%,0.91%,4.19%,3.51%,3.56%,4.22%,5.56%,-3.70%,-2.02%,-4.51%,0.57%,4.02%,1.17%,108,118,87,110,116,369,480,305,381,310,4.66%,-9.32%,22.40%,104.9%,242.5%,620.4%,143.9%,730.9%,-49.44%,-32.64%
2019/05/31,2019/04/30,-0.32%,0.62%,1.66%,0.08%,2.74%,-5.90%,-6.40%,-6.37%,-8.28%,-6.82%,0.90%,-3.48%,2.01%,-10.93%,-6.47%,-9.88%,108,119,88,110,119,347,450,285,350,289,7.87%,-10.15%,23.50%,97.79%,220.4%,549.2%,135.5%,640.1%,-48.99%,-34.99%
2019/06/30,2019/05/31,-0.41%,-0.07%,-0.07%,-0.11%,0.02%,7.16%,6.01%,6.54%,7.52%,7.31%,-4.87%,-3.24%,-7.01%,2.57%,6.83%,3.55%,107,119,88,110,119,372,477,304,376,310,8.34%,-10.02%,17.48%,91.39%,242.2%,572.2%,127.8%,659.2%,-51.47%,-37.09%
2019/07/31,2019/06/30,-0.34%,0.39%,0.74%,0.37%,1.81%,1.58%,1.35%,1.25%,1.18%,1.86%,-1.16%,-2.58%,-0.91%,-2.57%,1.45%,-1.80%,107,119,89,110,121,377,483,308,380,316,10.66%,-9.77%,16.12%,86.44%,247.2%,560.1%,120.4%,639.7%,-52.04%,-38.72%
2019/08/31,2019/07/31,-0.54%,0.56%,1.39%,0.02%,-1.77%,-0.70%,-2.16%,-3.62%,-4.08%,-6.91%,0.94%,-2.63%,0.78%,-7.02%,-2.11%,-6.23%,106,120,90,110,119,375,473,297,365,294,9.30%,-15.38%,17.21%,81.54%,239.9%,519.0%,111.3%,587.7%,-51.59%,-40.33%
2019/09/30,2019/08/31,0.97%,0.81%,-0.52%,-0.05%,2.73%,-0.16%,3.20%,2.60%,3.90%,6.35%,1.74%,5.64%,1.67%,6.29%,1.76%,4.60%,107,121,90,110,122,374,488,304,379,313,11.22%,-9.87%,19.25%,91.79%,245.8%,547.4%,117.3%,631.0%,-50.74%,-36.96%
2019/10/31,2019/09/30,-0.39%,0.70%,0.28%,-0.02%,-4.32%,2.47%,2.43%,2.20%,1.70%,-1.88%,-4.06%,-3.79%,-5.99%,-2.95%,2.20%,-1.81%,107,121,90,110,117,384,500,311,386,307,6.86%,-13.79%,14.41%,84.53%,253.4%,535.7%,108.6%,609.4%,-52.74%,-39.35%
2019/11/30,2019/10/31,-0.52%,0.13%,-0.52%,0.33%,-0.67%,3.75%,3.38%,3.32%,4.54%,5.51%,-3.66%,-2.13%,-4.92%,1.95%,3.75%,2.59%,106,122,89,111,116,398,517,321,403,324,6.69%,-12.28%,10.22%,80.60%,266.7%,552.1%,106.2%,623.3%,-54.47%,-40.64%
2019/12/31,2019/11/30,0.58%,-0.05%,0.20%,-1.55%,-1.30%,2.89%,2.80%,3.39%,1.82%,3.18%,1.04%,3.02%,1.19%,7.02%,2.79%,6.12%,107,122,90,109,115,409,531,332,410,334,4.68%,-12.01%,11.36%,86.05%,276.9%,592.0%,113.0%,674.1%,-54.00%,-38.84%
2020/01/31,2019/12/31,-0.24%,-0.88%,-0.00%,-1.28%,3.68%,2.39%,-2.62%,-1.46%,-2.79%,-0.66%,3.72%,1.48%,5.08%,0.93%,0.06%,0.48%,107,120,90,107,119,419,517,327,399,332,8.78%,-14.70%,15.51%,88.80%,277.2%,595.4%,113.9%,681.3%,-52.29%,-37.94%
2020/02/29,2020/01/31,1.30%,-3.26%,-1.06%,-0.01%,-3.08%,-6.98%,-9.82%,-8.54%,-8.19%,-9.43%,-0.19%,0.01%,-0.83%,-7.12%,-8.00%,-7.12%,108,117,89,107,115,390,466,299,366,300,4.01%,-16.79%,15.29%,88.82%,247.0%,545.9%,115.8%,625.6%,-52.38%,-37.94%
2020/03/31,2020/02/29,-1.18%,0.50%,-3.05%,-3.95%,-8.21%,-10.33%,-12.90%,-18.85%,-20.44%,-29.16%,-1.67%,-8.65%,-6.09%,-29.30%,-13.57%,-26.71%,107,117,86,103,106,350,406,243,291,213,-3.30%,-32.45%,13.37%,72.48%,199.9%,373.4%,87.48%,413.0%,-53.17%,-43.31%
2020/04/30,2020/03/31,0.76%,-0.47%,-1.27%,0.38%,-3.01%,13.84%,11.99%,11.95%,15.42%,13.77%,5.87%,8.22%,7.41%,26.04%,13.44%,23.57%,108,117,85,104,103,398,455,272,336,242,-6.95%,-32.50%,20.03%,86.65%,240.2%,484.9%,106.5%,546.5%,-50.42%,-38.65%
2020/05/31,2020/04/30,-0.98%,-0.16%,-0.55%,0.93%,-1.75%,5.82%,4.61%,4.93%,6.01%,1.95%,0.89%,-0.44%,1.22%,8.53%,5.40%,8.66%,107,116,84,105,101,421,476,285,356,247,-7.66%,-35.11%,21.09%,85.83%,258.6%,535.6%,113.2%,601.7%,-49.98%,-38.92%
2020/06/30,2020/05/31,0.63%,-3.09%,-0.30%,0.29%,-0.07%,3.31%,-0.72%,2.06%,2.98%,2.36%,6.82%,8.50%,7.45%,14.99%,2.43%,12.44%,107,113,84,105,101,435,472,291,367,253,-8.31%,-35.72%,29.35%,101.6%,267.3%,614.7%,134.5%,706.9%,-46.57%,-33.72%
2020/07/31,2020/06/30,-0.74%,-0.33%,-2.29%,-0.15%,0.11%,7.10%,4.62%,2.94%,3.28%,2.29%,4.03%,1.10%,5.20%,7.07%,5.73%,6.74%,107,112,82,105,101,466,494,300,379,258,-7.53%,-38.82%,34.56%,103.8%,288.3%,662.9%,136.9%,764.0%,-44.42%,-33.00%
2020/08/31,2020/07/31,0.21%,-2.35%,-2.39%,-1.11%,-3.78%,9.28%,4.42%,4.32%,5.24%,3.43%,1.76%,1.21%,-2.72%,5.50%,7.38%,5.14%,107,110,80,103,97,509,516,313,399,267,-11.22%,-42.40%,36.93%,106.3%,317.0%,702.1%,131.6%,811.5%,-43.44%,-32.18%
2020/09/30,2020/08/31,-1.34%,1.96%,0.68%,1.40%,0.85%,-4.23%,-1.90%,-3.03%,-2.11%,-4.37%,-0.93%,-2.15%,0.78%,-3.75%,-3.61%,-3.10%,105,112,81,105,98,488,506,303,391,256,-9.27%,-42.48%,35.65%,101.9%,301.9%,677.2%,132.8%,777.4%,-43.97%,-33.64%
2020/10/31,2020/09/30,1.02%,0.53%,-2.05%,-2.07%,0.40%,-2.86%,-0.60%,-1.75%,-0.65%,1.48%,-2.83%,-0.20%,-3.83%,0.66%,-2.11%,0.72%,106,113,79,103,98,474,503,298,388,259,-9.84%,-39.98%,31.82%,101.5%,293.4%,682.8%,139.4%,783.2%,-45.55%,-33.77%
2020/11/30,2020/10/31,-1.36%,2.96%,1.33%,1.66%,5.33%,10.18%,13.98%,14.91%,16.26%,23.80%,5.90%,12.75%,6.11%,31.42%,12.26%,27.59%,105,116,80,104,103,522,574,343,451,321,-3.81%,-31.81%,39.59%,127.2%,341.6%,898.8%,176.1%,1061%,-42.34%,-25.33%
2020/12/31,2020/11/30,-0.20%,-0.91%,-0.33%,-2.49%,-2.41%,4.82%,3.34%,4.88%,5.14%,4.75%,1.60%,3.77%,0.13%,12.56%,4.57%,11.43%,105,115,80,102,101,547,593,359,474,336,-5.94%,-31.86%,41.82%,135.7%,361.8%,1013%,195.1%,1206%,-41.42%,-22.51%
2021/01/31,2020/12/31,-0.51%,-0.22%,-2.21%,-0.97%,4.09%,-0.62%,-0.54%,-0.99%,1.71%,7.43%,15.41%,16.35%,16.33%,25.27%,-0.12%,20.37%,104,115,78,101,105,544,590,356,483,361,-1.61%,-26.37%,63.68%,174.3%,361.3%,1240%,255.5%,1537%,-32.39%,-9.84%
