Date,fdate,trend_factor_AR_1,trend_factor_AR_2,trend_factor_AR_3,trend_factor_AR_4,trend_factor_AR_5,trend_factor_TR_1,trend_factor_TR_2,trend_factor_TR_3,trend_factor_TR_4,trend_factor_TR_5,trend_factor_AR_Sig,trend_factor_TR_Sig,trend_factor_AR_130,trend_factor_TR_130,trend_factor_TR_BP,trend_factor_TR_LO,trend_factor_CAR_1,trend_factor_CAR_2,trend_factor_CAR_3,trend_factor_CAR_4,trend_factor_CAR_5,trend_factor_CTR_1,trend_factor_CTR_2,trend_factor_CTR_3,trend_factor_CTR_4,trend_factor_CTR_5,trend_factor_CAR_LS,trend_factor_CTR_LS,trend_factor_CAR_SW,trend_factor_CTR_SW,trend_factor_CTR_BP,trend_factor_CTR_LO,trend_factor_CXR_LO,trend_factor_CTR_13,trend_factor_CADD,trend_factor_CTDD
2001/02/28,2001/01/31,2.35%,0.04%,-2.58%,6.05%,-0.97%,-12.31%,-6.50%,-11.48%,-7.55%,-5.18%,-0.70%,6.31%,5.44%,-2.77%,-9.48%,-4.66%,102,100,97,106,99,88,94,89,92,95,-3.31%,7.13%,-0.70%,6.31%,-9.48%,-4.66%,4.81%,-2.77%,-0.70%,0.00%
2001/03/31,2001/02/28,-1.10%,0.91%,0.30%,0.79%,1.19%,-6.64%,-5.43%,-7.02%,-4.83%,-8.31%,3.01%,-0.07%,4.16%,-5.57%,-6.73%,-5.55%,101,101,98,107,100,82,88,82,88,87,-1.10%,5.34%,2.29%,6.23%,-15.57%,-9.95%,6.05%,-8.18%,0.00%,-0.07%
2001/04/30,2001/03/31,-1.00%,1.26%,-0.27%,-0.08%,0.04%,5.64%,9.44%,8.78%,9.94%,10.38%,2.04%,4.59%,0.87%,12.05%,8.26%,10.67%,100,102,97,107,100,86,97,90,97,96,-0.07%,10.34%,4.38%,11.11%,-8.60%,-0.34%,8.61%,2.88%,0.00%,0.00%
2001/05/31,2001/04/30,-0.74%,0.37%,-0.24%,-0.72%,0.83%,-0.45%,1.68%,2.39%,1.77%,2.33%,3.07%,4.39%,5.36%,9.83%,1.01%,8.52%,99,103,97,106,101,86,98,92,98,98,1.49%,13.40%,7.59%,15.99%,-7.68%,8.15%,16.77%,12.99%,0.00%,0.00%
2001/06/30,2001/05/31,1.25%,0.49%,-1.28%,-0.55%,3.44%,-1.79%,-2.76%,-2.83%,-2.52%,1.72%,4.15%,3.81%,2.91%,6.01%,-1.54%,4.87%,101,103,96,105,105,85,96,89,96,100,3.72%,17.39%,12.05%,20.41%,-9.10%,13.41%,24.25%,19.79%,0.00%,0.00%
2001/07/31,2001/06/30,-3.95%,-4.12%,-3.29%,1.68%,3.99%,-4.23%,-4.25%,-6.35%,-1.70%,2.64%,7.04%,5.18%,8.02%,1.93%,-1.79%,0.37%,97,99,93,107,109,81,92,83,94,103,11.95%,25.46%,19.94%,26.65%,-10.73%,13.83%,26.94%,22.09%,0.00%,0.00%
2001/08/31,2001/07/31,-0.07%,-1.08%,2.17%,1.28%,1.81%,-5.68%,-6.50%,-5.95%,-5.56%,-6.72%,3.59%,2.30%,4.57%,-1.58%,-5.97%,-2.27%,97,98,95,109,111,76,86,78,89,96,14.05%,24.16%,24.25%,29.56%,-16.06%,11.25%,31.64%,20.17%,0.00%,0.00%
2001/09/30,2001/08/31,-0.22%,0.58%,0.47%,-0.09%,-2.96%,-7.38%,-7.70%,-6.74%,-5.14%,-15.84%,-1.89%,-4.44%,1.17%,-17.40%,-8.92%,-16.07%,96,98,95,109,107,71,79,73,84,81,10.92%,13.66%,21.90%,23.82%,-23.54%,-6.63%,22.22%,-0.75%,-1.89%,-4.44%
2001/10/31,2001/09/30,4.30%,1.78%,2.13%,-1.00%,0.23%,1.44%,1.03%,3.25%,1.00%,7.44%,0.08%,3.09%,0.87%,11.53%,2.68%,10.60%,101,100,97,107,108,72,80,76,85,86,6.41%,20.48%,21.99%,27.64%,-21.50%,3.27%,31.91%,10.70%,-1.82%,-1.48%
2001/11/30,2001/10/31,-2.18%,-1.38%,0.59%,-1.99%,1.99%,5.94%,7.03%,6.97%,6.75%,10.26%,4.60%,5.18%,2.59%,13.10%,7.75%,11.55%,98,99,98,105,110,76,85,81,91,95,10.86%,25.69%,27.60%,34.25%,-15.41%,15.19%,36.91%,25.20%,0.00%,0.00%
2001/12/31,2001/11/30,-0.77%,1.72%,2.23%,-1.75%,1.41%,1.71%,2.87%,3.78%,-0.80%,1.93%,1.64%,1.52%,2.19%,7.50%,1.71%,7.05%,98,100,100,103,111,77,88,84,90,97,13.27%,25.97%,29.69%,36.28%,-13.96%,23.31%,44.22%,34.59%,0.00%,0.00%
2002/01/31,2001/12/31,-2.19%,0.80%,-0.52%,-2.18%,1.88%,-2.26%,0.03%,-1.66%,-2.49%,-0.64%,3.44%,1.91%,3.78%,2.15%,-1.25%,1.58%,96,101,100,101,113,76,88,82,88,97,17.89%,28.02%,34.15%,38.89%,-15.04%,25.26%,48.30%,37.49%,0.00%,0.00%
2002/02/28,2002/01/31,0.50%,-0.12%,-1.10%,2.99%,-0.75%,-0.98%,-1.92%,-4.36%,1.35%,-3.94%,0.22%,-1.15%,-0.03%,-5.07%,-2.10%,-4.72%,96,101,98,104,113,75,86,79,89,93,16.41%,24.22%,34.45%,37.29%,-16.83%,19.34%,44.42%,30.52%,0.00%,-1.15%
2002/03/31,2002/02/28,-0.70%,1.53%,-0.43%,0.43%,1.75%,3.79%,5.11%,4.58%,3.03%,5.13%,3.59%,3.48%,3.88%,11.82%,4.42%,10.78%,95,103,98,105,115,78,91,82,92,98,19.27%,25.89%,39.28%,42.06%,-13.15%,32.20%,53.60%,45.95%,0.00%,0.00%
2002/04/30,2002/03/31,1.92%,-0.50%,1.24%,0.51%,-0.56%,-2.05%,-4.52%,-2.33%,-4.47%,-6.75%,-0.69%,-1.33%,0.76%,-1.36%,-5.00%,-0.96%,97,102,99,105,114,76,87,81,88,91,16.31%,19.97%,38.33%,40.18%,-17.49%,30.93%,59.79%,43.96%,-0.69%,-1.33%
2002/05/31,2002/04/30,-1.38%,-1.92%,0.57%,-0.77%,0.05%,-3.19%,-2.24%,-0.24%,-2.36%,-0.28%,1.38%,0.71%,1.97%,-2.33%,-1.20%,-2.55%,96,100,100,104,114,74,85,80,86,91,17.97%,23.46%,40.24%,41.17%,-18.48%,27.59%,57.64%,40.60%,0.00%,-0.63%
2002/06/30,2002/05/31,1.05%,-0.55%,-2.90%,0.04%,1.19%,-6.02%,-7.80%,-10.05%,-7.23%,-5.96%,-0.15%,-1.58%,-1.25%,-7.86%,-6.92%,-7.38%,97,100,97,104,115,69,78,72,80,85,18.15%,23.53%,40.03%,38.93%,-24.12%,18.17%,56.91%,29.55%,-0.15%,-2.20%
2002/07/31,2002/06/30,-0.39%,-1.02%,2.38%,-1.69%,0.04%,-10.07%,-9.58%,-8.44%,-9.58%,-5.84%,3.66%,1.94%,3.05%,-11.96%,-7.99%,-12.54%,96,99,99,103,115,62,71,66,72,80,18.64%,28.75%,45.15%,41.62%,-30.19%,3.35%,49.77%,14.05%,0.00%,-0.31%
2002/08/31,2002/07/31,-2.25%,-1.10%,-1.25%,0.03%,1.27%,-0.37%,0.77%,0.39%,0.94%,2.03%,0.48%,1.10%,0.94%,0.71%,0.64%,0.38%,94,98,98,103,117,62,71,66,73,82,22.83%,31.85%,45.85%,43.18%,-29.74%,3.74%,49.39%,14.86%,0.00%,0.00%
2002/09/30,2002/08/31,1.07%,0.55%,-4.53%,0.27%,-1.93%,-8.32%,-8.96%,-12.26%,-7.64%,-12.19%,-0.07%,-1.23%,1.16%,-9.87%,-10.13%,-9.50%,95,98,94,103,115,57,65,58,67,72,19.15%,26.74%,45.75%,41.41%,-36.86%,-6.12%,50.32%,3.52%,-0.07%,-1.23%
2002/10/31,2002/09/30,-0.34%,2.11%,0.90%,0.38%,2.38%,4.09%,8.95%,6.50%,5.09%,10.10%,1.31%,1.92%,-0.09%,6.41%,7.77%,5.84%,95,100,94,103,117,59,71,62,71,79,22.39%,34.36%,47.66%,44.12%,-31.95%,-0.63%,47.42%,10.16%,0.00%,0.00%
2002/11/30,2002/10/31,-2.01%,-0.79%,-0.05%,-0.15%,1.98%,4.32%,5.18%,6.66%,4.35%,8.91%,4.16%,5.04%,3.37%,15.32%,6.03%,13.81%,93,99,94,103,120,62,74,66,74,86,27.27%,40.53%,53.80%,51.39%,-27.85%,13.09%,58.89%,27.04%,0.00%,0.00%
2002/12/31,2002/11/30,-0.29%,0.04%,0.65%,0.59%,-0.17%,-7.19%,-4.27%,-7.54%,-3.94%,-4.96%,1.89%,1.81%,3.85%,-3.23%,-5.58%,-3.78%,93,99,95,104,119,57,71,61,71,82,27.42%,43.66%,56.70%,54.13%,-31.88%,8.82%,61.76%,22.93%,0.00%,0.00%
2003/01/31,2002/12/31,0.78%,-0.41%,0.99%,-0.09%,-0.40%,-1.43%,-3.07%,-1.68%,-2.25%,-3.33%,1.31%,0.88%,2.03%,-0.48%,-2.56%,-0.74%,93,99,96,104,119,56,69,60,69,79,25.91%,40.93%,58.75%,55.48%,-33.63%,8.01%,64.71%,22.34%,0.00%,0.00%
2003/02/28,2003/01/31,-0.44%,0.30%,0.99%,-1.31%,1.06%,-2.07%,-1.82%,-1.42%,-2.96%,-1.13%,0.91%,0.49%,1.22%,-2.13%,-1.81%,-2.27%,93,99,97,102,120,55,68,59,67,78,27.79%,42.26%,60.20%,56.23%,-34.83%,5.56%,63.94%,19.74%,0.00%,0.00%
2003/03/31,2003/02/28,1.24%,1.84%,0.58%,-0.26%,0.90%,1.92%,2.40%,0.54%,0.09%,0.66%,0.14%,-0.76%,0.44%,0.49%,1.22%,0.72%,94,101,97,102,121,56,69,60,67,79,27.36%,40.48%,60.41%,55.04%,-34.03%,6.32%,63.13%,20.33%,0.00%,-0.76%
2003/04/30,2003/03/31,-2.19%,1.21%,-0.45%,3.12%,-0.89%,4.65%,9.30%,7.56%,10.33%,8.84%,2.89%,4.85%,1.91%,14.20%,8.22%,12.74%,92,102,97,105,120,59,76,64,74,86,29.01%,46.37%,65.05%,62.56%,-28.61%,19.87%,70.50%,37.42%,0.00%,0.00%
2003/05/31,2003/04/30,-1.82%,-2.38%,1.38%,1.25%,0.44%,6.12%,4.89%,6.66%,6.89%,6.46%,4.01%,4.49%,4.32%,15.81%,6.23%,14.46%,90,100,98,107,121,63,79,68,79,91,31.93%,46.87%,71.67%,69.87%,-24.16%,37.20%,84.54%,59.14%,0.00%,0.00%
2003/06/30,2003/05/31,-0.83%,-1.65%,0.36%,-0.28%,0.68%,1.40%,0.27%,2.31%,1.19%,1.84%,0.77%,0.91%,1.56%,4.96%,1.49%,4.69%,90,98,99,106,122,63,80,70,80,93,33.92%,47.51%,72.99%,71.40%,-23.03%,43.63%,90.44%,67.03%,0.00%,0.00%
2003/07/31,2003/06/30,-2.74%,-0.21%,0.64%,0.19%,2.15%,1.23%,2.18%,3.69%,1.97%,2.81%,1.70%,1.71%,1.91%,8.34%,2.46%,7.82%,87,98,99,107,124,64,81,73,82,96,40.47%,49.83%,75.93%,74.33%,-21.14%,54.87%,100.7%,80.95%,0.00%,0.00%
2003/08/31,2003/07/31,-0.86%,0.52%,-2.62%,-1.84%,0.90%,2.81%,4.00%,0.62%,1.16%,2.56%,0.31%,0.56%,0.12%,5.47%,2.35%,5.30%,87,99,97,105,125,66,85,73,83,98,42.93%,49.44%,76.47%,75.31%,-19.28%,63.07%,106.6%,90.85%,0.00%,0.00%
2003/09/30,2003/08/31,-1.44%,-1.94%,-1.11%,-1.06%,1.46%,-2.48%,-3.01%,-1.59%,-1.94%,0.42%,0.77%,0.60%,1.56%,0.83%,-1.08%,0.65%,85,97,96,103,127,64,82,72,81,99,47.08%,53.78%,77.83%,76.36%,-20.15%,64.14%,110.1%,92.44%,0.00%,0.00%
2003/10/31,2003/09/30,-0.41%,2.73%,-0.63%,0.35%,0.36%,7.52%,9.77%,5.74%,5.70%,4.89%,-0.74%,-1.01%,0.06%,8.06%,6.06%,8.36%,85,99,95,104,128,69,90,76,86,103,48.21%,49.72%,76.51%,74.58%,-15.32%,77.86%,115.0%,107.9%,-0.74%,-1.01%
2003/11/30,2003/10/31,-0.19%,0.20%,-0.28%,-0.19%,0.09%,2.12%,2.67%,1.52%,1.52%,0.83%,-0.98%,-1.40%,0.15%,2.78%,1.47%,3.20%,85,99,95,104,128,71,92,77,87,104,48.61%,47.80%,74.77%,72.13%,-14.07%,83.56%,118.7%,113.7%,-1.72%,-2.40%
2003/12/31,2003/11/30,-2.14%,-3.81%,-0.78%,-1.21%,1.84%,2.17%,1.65%,3.43%,3.37%,6.95%,1.93%,2.87%,-0.02%,5.41%,4.39%,4.55%,83,96,94,102,130,72,94,80,90,112,54.54%,54.88%,78.14%,77.06%,-10.30%,91.91%,119.1%,125.3%,0.00%,0.00%
2004/01/31,2003/12/31,-1.73%,-1.46%,-0.62%,-0.20%,1.37%,1.61%,1.77%,2.41%,1.94%,2.81%,2.87%,2.33%,4.81%,8.56%,2.25%,7.86%,82,94,93,102,132,73,96,82,92,115,59.32%,56.74%,83.25%,81.20%,-8.28%,107.0%,131.3%,144.6%,0.00%,0.00%
2004/02/29,2004/01/31,0.50%,-0.01%,1.52%,-0.02%,-0.82%,1.49%,1.41%,2.82%,1.44%,1.01%,-1.22%,-0.96%,-1.36%,-0.11%,1.48%,0.18%,82,94,95,102,131,75,97,84,93,116,57.22%,55.99%,81.02%,79.45%,-6.92%,107.4%,128.3%,144.3%,-1.22%,-0.96%
2004/03/31,2004/02/29,1.85%,0.87%,0.21%,-0.27%,-0.81%,1.53%,-0.06%,-0.21%,-1.42%,-2.19%,-1.67%,-1.90%,-1.57%,-1.39%,-1.09%,-0.82%,83,95,95,102,130,76,97,84,92,113,53.04%,50.19%,78.00%,76.04%,-7.94%,105.7%,129.0%,140.9%,-2.87%,-2.84%
2004/04/30,2004/03/31,-1.28%,0.52%,-2.10%,-0.76%,0.11%,-3.23%,-1.59%,-4.79%,-2.55%,-0.59%,-2.41%,0.09%,-3.40%,-4.35%,-2.03%,-4.38%,82,96,93,101,130,73,95,80,89,113,55.16%,54.16%,73.71%,76.20%,-9.81%,96.66%,123.6%,130.4%,-5.21%,-2.76%
2004/05/31,2004/04/30,1.19%,-0.46%,0.80%,0.83%,-0.29%,1.90%,0.44%,1.77%,1.94%,0.99%,-0.43%,-0.91%,-0.35%,0.08%,1.34%,0.35%,83,95,94,102,129,75,96,81,91,114,52.85%,52.76%,72.96%,74.61%,-8.61%,97.35%,121.4%,130.6%,-5.61%,-3.64%
2004/06/30,2004/05/31,-0.31%,-0.35%,-0.23%,-0.45%,0.65%,2.64%,2.25%,2.28%,1.88%,1.66%,0.70%,-0.27%,-0.42%,2.87%,1.96%,2.96%,83,95,94,101,130,77,98,83,93,116,54.32%,51.25%,74.18%,74.13%,-6.81%,103.2%,123.6%,137.2%,-4.95%,-3.90%
2004/07/31,2004/06/30,-2.79%,-0.29%,-0.07%,0.70%,0.34%,-8.10%,-3.66%,-3.73%,-3.57%,-3.10%,2.33%,0.23%,0.01%,-7.42%,-3.87%,-7.49%,81,95,93,102,131,70,94,80,89,112,59.14%,58.81%,78.23%,74.53%,-10.42%,87.97%,115.5%,119.6%,-2.74%,-3.68%
2004/08/31,2004/07/31,-0.52%,0.10%,0.79%,-0.59%,0.86%,-0.67%,0.45%,0.70%,-0.37%,1.03%,1.52%,0.70%,0.15%,-1.26%,0.29%,-1.47%,80,95,94,102,132,70,95,81,89,113,61.34%,61.52%,80.95%,75.75%,-10.15%,85.20%,111.7%,116.9%,-1.26%,-3.00%
2004/09/30,2004/08/31,2.40%,1.87%,-1.58%,-0.02%,-1.38%,4.97%,3.61%,0.46%,1.32%,0.08%,-1.12%,-1.85%,-0.44%,2.79%,1.66%,3.34%,82,96,93,102,130,73,98,81,90,113,55.23%,53.63%,78.92%,72.50%,-8.67%,91.40%,115.3%,122.9%,-2.37%,-4.80%
2004/10/31,2004/09/30,-0.27%,0.19%,-0.28%,-0.33%,0.49%,1.22%,1.66%,0.83%,1.09%,2.26%,1.09%,1.57%,1.01%,3.40%,1.55%,2.93%,82,97,92,101,131,74,100,82,91,116,56.39%,55.23%,80.87%,75.21%,-7.25%,97.00%,118.2%,130.5%,-1.30%,-3.31%
2004/11/30,2004/10/31,0.60%,0.37%,-1.06%,-0.76%,0.61%,7.22%,5.50%,4.47%,3.08%,4.48%,0.57%,-0.78%,0.68%,8.18%,4.65%,8.42%,83,97,92,100,131,80,105,85,94,121,56.40%,50.98%,81.90%,73.84%,-2.94%,113.6%,126.5%,149.4%,-0.74%,-4.06%
2004/12/31,2004/11/30,-0.69%,0.04%,-0.05%,0.31%,0.06%,3.10%,3.65%,3.12%,3.15%,4.12%,1.17%,1.07%,2.17%,6.82%,3.62%,6.50%,82,97,91,101,132,82,109,88,97,126,57.57%,52.53%,84.03%,75.70%,0.58%,127.5%,133.0%,166.4%,0.00%,-3.03%
2005/01/31,2004/12/31,-0.08%,-0.45%,-0.94%,1.54%,-0.63%,-4.28%,-3.01%,-2.72%,-0.89%,-3.45%,0.83%,-0.05%,0.67%,-4.40%,-2.69%,-4.39%,82,97,91,102,131,79,106,86,96,122,56.69%,53.80%,85.57%,75.62%,-2.13%,117.5%,129.0%,154.6%,0.00%,-3.08%
2005/02/28,2005/01/31,-0.79%,0.17%,-1.53%,2.51%,-0.35%,1.76%,2.20%,0.43%,4.40%,1.12%,0.52%,-0.26%,-0.38%,0.74%,2.06%,0.82%,81,97,89,105,130,80,108,86,100,123,57.39%,52.82%,86.52%,75.16%,-0.11%,119.3%,126.2%,156.5%,0.00%,-3.33%
2005/03/31,2005/02/28,0.47%,-0.56%,0.38%,-0.04%,-0.06%,-1.39%,-1.70%,-0.90%,-1.72%,-2.39%,0.26%,-0.52%,-0.61%,-3.75%,-1.73%,-3.59%,82,96,90,105,130,79,106,85,99,120,56.54%,51.30%,87.01%,74.24%,-1.84%,111.4%,122.0%,146.9%,0.00%,-3.84%
2005/04/30,2005/03/31,0.95%,0.92%,0.44%,1.08%,-1.71%,-2.20%,-1.42%,-1.87%,-1.13%,-4.32%,-0.56%,-0.67%,-0.38%,-6.45%,-2.23%,-6.24%,82,97,90,106,128,77,105,84,98,115,52.38%,48.09%,85.96%,73.07%,-4.03%,98.19%,113.1%,131.0%,-0.56%,-4.49%
2005/05/31,2005/04/30,-0.37%,-0.84%,-1.00%,0.81%,2.58%,4.36%,1.97%,3.37%,4.13%,7.47%,1.42%,1.63%,0.38%,7.24%,3.88%,6.75%,82,96,89,107,131,80,107,86,102,123,56.88%,52.69%,88.60%,75.88%,-0.31%,111.6%,119.2%,147.7%,0.00%,-2.93%
2005/06/30,2005/05/31,1.04%,-0.12%,0.88%,-0.38%,-0.43%,2.69%,1.41%,2.95%,-0.07%,0.14%,1.68%,1.66%,1.03%,4.61%,0.85%,4.11%,83,96,90,106,131,83,108,89,102,124,54.58%,48.80%,91.77%,78.80%,0.54%,120.3%,126.3%,159.1%,0.00%,-1.33%
2005/07/31,2005/06/30,0.54%,-0.13%,-0.04%,-0.40%,0.39%,6.01%,4.26%,3.97%,3.59%,3.97%,2.38%,2.29%,2.20%,8.80%,4.20%,8.12%,83,96,90,106,131,88,113,92,105,129,54.35%,45.77%,96.34%,82.89%,4.76%,138.1%,135.2%,181.9%,0.00%,0.00%
2005/08/31,2005/07/31,2.12%,0.07%,-0.60%,-0.35%,-0.09%,-0.36%,-0.56%,-1.74%,-1.33%,-0.89%,1.02%,1.64%,1.29%,-0.20%,-1.01%,-0.69%,85,96,89,106,131,87,112,91,104,127,50.94%,45.00%,98.35%,85.89%,3.70%,136.5%,135.9%,181.4%,0.00%,0.00%
2005/09/30,2005/08/31,1.68%,-0.19%,1.75%,0.09%,-0.07%,1.80%,0.05%,1.47%,0.63%,0.68%,0.39%,0.16%,1.23%,0.68%,0.77%,0.63%,87,96,91,106,131,89,112,92,104,128,48.29%,43.37%,99.13%,86.19%,4.50%,138.0%,135.6%,183.3%,0.00%,0.00%
2005/10/31,2005/09/30,0.55%,0.59%,0.59%,-0.28%,-0.61%,-2.06%,-1.08%,-1.84%,-2.13%,-1.82%,-0.18%,0.21%,-1.15%,-3.56%,-1.76%,-3.62%,87,96,91,105,130,87,111,91,102,126,46.58%,43.72%,98.77%,86.57%,2.66%,129.4%,131.2%,173.2%,-0.18%,0.00%
2005/11/30,2005/10/31,-0.42%,0.85%,0.40%,0.00%,0.12%,4.26%,4.62%,3.59%,3.50%,3.72%,0.11%,-0.27%,-0.41%,3.86%,3.93%,3.94%,87,97,92,105,130,91,116,94,106,131,47.37%,42.94%,98.98%,86.06%,6.69%,138.4%,131.3%,183.7%,-0.08%,-0.27%
2005/12/31,2005/11/30,0.47%,1.35%,0.67%,-0.96%,0.01%,0.36%,1.42%,0.58%,-0.89%,-0.10%,0.25%,0.21%,1.28%,0.74%,0.04%,0.67%,87,99,92,104,130,91,118,94,105,130,46.70%,42.29%,99.48%,86.46%,6.73%,140.0%,132.7%,185.8%,0.00%,-0.06%
2006/01/31,2005/12/31,-1.71%,-0.16%,0.20%,-0.42%,0.65%,2.72%,2.71%,3.48%,2.98%,5.54%,1.48%,2.09%,0.30%,9.54%,3.44%,8.92%,86,98,93,104,131,94,121,98,108,138,50.16%,46.30%,102.4%,90.35%,10.40%,161.4%,145.5%,213.1%,0.00%,0.00%
2006/02/28,2006/01/31,-0.49%,0.02%,-0.35%,1.31%,-0.62%,-0.32%,0.30%,-0.27%,1.45%,-0.68%,1.18%,1.03%,1.13%,0.92%,0.09%,0.61%,85,98,92,105,130,93,122,97,110,137,49.97%,45.78%,104.8%,92.31%,10.50%,163.0%,146.8%,216.0%,0.00%,0.00%
2006/03/31,2006/02/28,-1.08%,0.18%,0.66%,-0.03%,-0.52%,1.53%,1.68%,2.74%,1.76%,2.38%,0.29%,0.67%,-0.65%,5.08%,1.90%,4.88%,84,99,93,105,130,95,124,100,111,140,50.81%,47.01%,105.4%,93.61%,12.59%,175.8%,154.1%,232.0%,0.00%,0.00%
2006/04/30,2006/03/31,0.02%,0.40%,-0.45%,-0.97%,0.55%,1.01%,0.58%,1.20%,0.49%,1.52%,0.66%,0.01%,1.28%,0.79%,0.99%,0.79%,84,99,92,104,130,96,124,101,112,142,51.61%,47.76%,106.8%,93.62%,13.71%,178.0%,153.6%,234.7%,0.00%,0.00%
2006/05/31,2006/04/30,-0.69%,-0.29%,-0.38%,-0.50%,1.05%,-3.59%,-2.88%,-2.72%,-3.66%,-2.62%,0.74%,-0.06%,0.55%,-5.31%,-3.11%,-5.29%,84,99,92,104,132,92,121,98,108,138,54.24%,49.20%,108.3%,93.50%,10.17%,163.3%,148.1%,216.9%,0.00%,-0.06%
2006/06/30,2006/05/31,-0.96%,0.37%,0.34%,0.79%,-0.12%,-1.05%,0.45%,0.49%,0.88%,-0.00%,0.53%,0.77%,-0.28%,-0.22%,0.19%,-0.45%,83,99,92,105,132,91,121,99,109,138,55.54%,50.77%,109.4%,94.99%,10.39%,162.1%,146.5%,216.2%,0.00%,0.00%
2006/07/31,2006/06/30,-0.97%,-0.26%,-1.23%,0.38%,1.23%,-3.84%,-1.73%,-1.58%,0.67%,1.93%,-0.76%,1.48%,-0.99%,-2.46%,-0.28%,-2.91%,82,99,91,105,133,88,119,97,110,141,58.95%,59.48%,107.8%,97.87%,10.08%,154.5%,140.0%,208.4%,-0.76%,0.00%
2006/08/31,2006/07/31,1.06%,1.02%,-0.49%,-0.79%,0.11%,4.24%,2.86%,1.87%,1.84%,2.32%,-2.87%,-2.02%,-3.08%,1.18%,2.48%,1.79%,83,100,91,104,133,91,123,99,112,144,57.44%,56.42%,101.9%,93.87%,12.81%,159.0%,138.3%,212.0%,-3.60%,-2.02%
2006/09/30,2006/08/31,0.37%,1.26%,0.02%,-0.65%,-0.22%,2.07%,3.19%,2.31%,1.79%,2.14%,-1.57%,-1.50%,-1.36%,0.28%,2.24%,0.73%,83,101,91,103,133,93,127,101,114,147,56.52%,56.52%,98.70%,90.96%,15.33%,160.9%,134.7%,212.9%,-5.11%,-3.49%
2006/10/31,2006/09/30,-0.97%,0.17%,1.12%,-0.59%,0.24%,3.50%,3.60%,4.58%,3.21%,3.63%,1.48%,1.51%,0.18%,5.96%,3.69%,5.51%,83,101,92,103,133,97,131,106,117,153,58.41%,56.71%,101.6%,93.85%,19.59%,175.3%,139.0%,231.6%,-3.71%,-2.03%
2006/11/30,2006/10/31,1.05%,-0.56%,1.51%,-0.35%,-1.32%,3.49%,1.42%,3.78%,1.66%,0.91%,0.17%,0.17%,-0.45%,2.86%,2.16%,2.80%,83,101,93,102,132,100,133,110,119,154,54.65%,52.66%,102.0%,94.17%,22.17%,183.0%,140.5%,241.0%,-3.54%,-1.87%
2006/12/31,2006/11/30,-1.12%,-0.25%,0.15%,-0.48%,0.44%,-0.41%,0.97%,1.81%,1.71%,1.41%,-0.19%,0.05%,0.02%,1.42%,1.18%,1.40%,82,100,93,102,132,100,134,112,121,156,57.06%,55.44%,101.6%,94.28%,23.61%,187.0%,141.1%,245.9%,-3.73%,-1.81%
2007/01/31,2006/12/31,-0.99%,-0.56%,1.84%,1.96%,0.54%,0.76%,1.26%,3.40%,3.71%,2.52%,0.58%,1.09%,0.66%,2.94%,2.01%,2.62%,82,100,95,104,133,100,136,116,126,160,59.47%,58.18%,102.8%,96.40%,26.09%,194.5%,142.5%,256.0%,-3.16%,-0.74%
2007/02/28,2007/01/31,0.17%,-1.10%,-0.19%,0.13%,0.50%,-1.53%,-2.61%,-1.89%,-0.77%,-0.96%,1.02%,0.90%,1.80%,0.92%,-1.63%,0.65%,82,99,95,104,134,99,132,114,125,159,60.00%,59.08%,104.8%,98.16%,24.04%,196.4%,148.1%,259.3%,-2.17%,0.00%
2007/03/31,2007/02/28,-0.03%,1.03%,-0.99%,0.43%,-2.19%,1.50%,1.91%,-0.04%,1.58%,-0.82%,-2.70%,-2.86%,-2.80%,-2.18%,1.00%,-1.32%,82,100,94,105,131,100,135,114,127,157,56.55%,55.38%,99.32%,92.49%,25.28%,192.5%,142.3%,251.5%,-4.82%,-2.86%
2007/04/30,2007/03/31,-0.18%,0.63%,-0.87%,0.03%,1.13%,3.17%,3.80%,3.50%,3.60%,5.46%,-0.31%,-0.67%,-0.20%,1.68%,3.86%,1.88%,82,100,93,105,132,103,140,118,131,166,58.60%,58.94%,98.71%,91.20%,30.12%,198.0%,137.5%,257.4%,-5.11%,-3.51%
2007/05/31,2007/04/30,0.54%,0.07%,-0.62%,-0.34%,-0.62%,4.20%,3.66%,3.09%,3.27%,3.09%,-0.70%,-0.75%,-1.86%,2.29%,3.54%,2.52%,82,101,93,104,131,108,145,121,136,171,56.75%,57.18%,97.32%,89.77%,34.73%,205.5%,135.1%,265.6%,-5.77%,-4.23%
2007/06/30,2007/05/31,-0.63%,0.37%,-0.17%,-1.17%,0.41%,-1.93%,-1.99%,-1.82%,-2.15%,-1.03%,0.18%,-0.02%,0.57%,-0.97%,-1.77%,-0.96%,82,101,92,103,132,106,142,119,133,169,58.36%,58.60%,97.68%,89.73%,32.35%,202.5%,137.0%,262.0%,-5.60%,-4.25%
2007/07/31,2007/06/30,-0.09%,1.82%,0.83%,-0.38%,-1.82%,-3.39%,-2.72%,-3.26%,-2.85%,-5.83%,-2.03%,-3.25%,-0.76%,-8.22%,-3.46%,-7.24%,81,103,93,103,129,102,138,115,129,160,55.63%,54.73%,93.66%,83.57%,27.77%,180.6%,128.0%,232.3%,-7.52%,-7.36%
2007/08/31,2007/07/31,0.48%,0.46%,0.14%,1.26%,-2.72%,1.75%,1.51%,1.44%,2.44%,-0.66%,-4.12%,-2.95%,-5.16%,-3.19%,1.50%,-2.31%,82,103,93,104,126,104,141,117,132,159,50.64%,50.99%,85.67%,78.16%,29.69%,174.2%,119.3%,221.7%,-11.33%,-10.09%
2007/09/30,2007/08/31,0.86%,-0.15%,1.36%,-0.22%,-1.91%,3.11%,4.95%,4.92%,2.92%,1.86%,-2.95%,-1.03%,-2.32%,0.17%,3.55%,0.48%,83,103,95,104,124,107,147,123,136,161,46.46%,49.11%,80.19%,76.31%,34.30%,175.5%,112.6%,222.2%,-13.95%,-11.02%
2007/10/31,2007/09/30,0.57%,0.17%,0.80%,-0.53%,-1.33%,-0.25%,0.97%,2.17%,2.53%,3.15%,-2.20%,3.18%,-2.92%,3.07%,2.05%,2.11%,83,103,95,103,122,107,149,125,139,167,43.69%,54.19%,76.22%,81.92%,37.05%,181.3%,112.7%,232.1%,-15.84%,-8.19%
2007/11/30,2007/10/31,-1.57%,1.17%,1.56%,0.63%,-0.78%,-7.91%,-3.26%,-3.56%,-3.60%,-4.89%,-0.09%,1.63%,-1.34%,-7.26%,-4.49%,-7.75%,82,104,97,104,121,98,144,121,134,158,44.82%,58.84%,76.06%,84.89%,30.89%,159.5%,105.8%,208.0%,-15.92%,-6.70%
2007/12/31,2007/11/30,-0.88%,-2.49%,1.16%,-0.64%,-0.97%,-4.38%,-2.64%,-0.36%,-0.10%,0.67%,-4.49%,0.13%,-3.31%,-0.89%,-0.68%,-0.93%,81,102,98,103,120,94,140,120,134,159,44.68%,66.86%,68.16%,85.12%,30.00%,157.1%,105.3%,205.2%,-19.69%,-6.58%
2008/01/31,2007/12/31,-0.52%,-0.97%,-0.04%,0.86%,2.85%,-0.88%,-6.44%,-5.06%,-6.77%,-7.59%,3.37%,-6.62%,4.27%,-9.11%,-5.98%,-7.12%,81,101,98,104,123,93,131,114,125,147,49.56%,55.66%,73.82%,72.86%,22.22%,138.8%,102.9%,177.4%,-16.99%,-12.77%
2008/02/29,2008/01/31,1.45%,-0.05%,-0.32%,0.79%,-1.86%,-4.89%,-4.27%,-3.99%,-1.42%,-2.36%,-1.15%,2.92%,-0.23%,-1.22%,-3.00%,-2.10%,82,101,98,105,121,89,126,110,123,144,44.61%,59.60%,71.82%,77.91%,18.56%,133.7%,104.7%,174.0%,-17.95%,-10.22%
2008/03/31,2008/02/29,-3.04%,-1.94%,1.22%,-0.48%,1.68%,-4.84%,-2.42%,0.52%,-0.67%,1.30%,1.03%,2.32%,-1.02%,-0.42%,-0.63%,-1.12%,79,99,99,104,123,84,123,110,122,146,51.43%,69.39%,73.59%,82.03%,17.81%,131.1%,103.7%,172.9%,-17.10%,-8.14%
2008/04/30,2008/03/31,-2.44%,1.99%,-0.29%,-0.11%,1.65%,4.37%,6.33%,4.39%,4.45%,4.69%,-1.17%,-1.71%,-1.72%,1.86%,4.79%,2.37%,77,101,98,104,125,88,130,115,128,153,57.62%,69.93%,71.56%,78.91%,23.46%,136.6%,98.80%,177.9%,-18.07%,-9.71%
2008/05/31,2008/04/30,0.12%,-0.69%,-0.35%,0.49%,-1.43%,1.93%,1.60%,1.38%,3.30%,1.48%,-1.01%,-0.18%,-1.58%,3.26%,1.98%,3.32%,77,100,98,105,123,90,132,117,132,155,55.18%,69.16%,69.83%,78.58%,25.90%,144.5%,101.5%,187.0%,-18.90%,-9.88%
2008/06/30,2008/05/31,0.64%,0.08%,-1.39%,-2.17%,-0.64%,-11.18%,-6.69%,-8.19%,-8.85%,-7.54%,-0.21%,4.37%,-0.83%,-7.34%,-8.40%,-8.65%,78,100,97,102,122,80,124,107,120,143,53.19%,75.31%,69.48%,86.37%,15.32%,123.3%,100.9%,165.9%,-19.06%,-5.95%
2008/07/31,2008/06/30,2.09%,-1.97%,-0.83%,0.83%,0.56%,3.35%,-1.84%,-1.67%,-0.41%,-1.22%,2.21%,-1.16%,0.48%,1.47%,-0.54%,1.82%,80,98,96,103,123,82,121,105,120,141,50.84%,67.30%,73.22%,84.22%,14.70%,127.4%,105.7%,169.8%,-17.28%,-7.03%
2008/08/31,2008/07/31,-3.79%,-0.18%,-1.94%,0.74%,1.08%,1.34%,2.71%,0.87%,2.20%,1.28%,1.71%,-1.68%,0.10%,2.58%,1.65%,3.09%,77,98,94,104,124,84,125,106,123,143,58.18%,67.20%,76.18%,81.12%,16.60%,134.4%,108.6%,176.8%,-15.86%,-8.60%
2008/09/30,2008/08/31,-4.48%,1.65%,1.03%,1.77%,0.81%,-16.40%,-6.66%,-7.10%,-6.92%,-7.42%,0.34%,4.40%,-1.13%,-6.63%,-8.85%,-7.95%,73,100,95,106,125,70,116,99,114,133,66.54%,82.20%,76.78%,89.08%,6.28%,115.7%,110.5%,158.4%,-15.58%,-4.58%
2008/10/31,2008/09/30,-0.99%,-0.41%,-3.29%,-2.93%,1.12%,-17.46%,-14.64%,-18.76%,-19.81%,-19.05%,1.56%,-0.47%,0.85%,-21.28%,-17.40%,-21.13%,72,99,92,103,127,58,99,80,91,107,70.06%,79.31%,79.53%,88.18%,-12.22%,70.15%,102.7%,103.5%,-14.27%,-5.03%
2008/11/30,2008/10/31,-4.03%,-1.83%,-3.04%,0.15%,3.24%,-13.85%,-9.00%,-11.05%,-7.55%,-4.08%,5.13%,2.32%,1.50%,-12.79%,-7.97%,-13.49%,69,97,89,103,131,50,90,71,85,103,82.41%,96.83%,88.73%,92.55%,-19.21%,47.20%,91.47%,77.43%,-9.87%,-2.83%
2008/12/31,2008/11/30,-0.73%,-0.91%,1.89%,1.75%,0.69%,0.66%,0.71%,3.72%,3.62%,2.34%,2.27%,1.52%,2.33%,6.30%,2.00%,5.85%,69,97,91,105,132,50,91,74,88,105,85.02%,100.1%,93.02%,95.48%,-17.59%,55.80%,98.83%,88.61%,-7.82%,-1.35%
2009/01/31,2008/12/31,-1.95%,2.14%,0.24%,-1.22%,-1.53%,-10.27%,-6.53%,-7.35%,-6.54%,-10.93%,0.41%,3.07%,4.53%,-4.98%,-8.28%,-5.90%,68,99,91,104,130,45,85,69,82,94,85.79%,98.83%,93.82%,101.5%,-24.42%,46.61%,103.6%,79.22%,-7.44%,0.00%
2009/02/28,2009/01/31,-2.78%,-1.44%,0.48%,2.62%,-0.18%,-9.32%,-10.62%,-8.86%,-8.00%,-15.29%,0.14%,-4.01%,-2.02%,-16.83%,-10.22%,-15.63%,66,97,91,106,130,41,76,63,75,80,90.63%,86.96%,94.09%,93.41%,-32.14%,23.70%,92.56%,49.06%,-7.31%,-4.01%
2009/03/31,2009/02/28,1.14%,2.82%,-0.64%,0.73%,-1.15%,7.38%,11.30%,9.19%,8.89%,10.07%,-1.63%,0.33%,-2.40%,10.30%,8.87%,10.20%,66,100,91,107,128,44,85,68,82,88,86.27%,91.99%,90.94%,94.05%,-26.13%,36.31%,95.12%,64.41%,-8.82%,-3.69%
2009/04/30,2009/03/31,-2.69%,0.74%,0.45%,-1.31%,8.61%,5.54%,9.39%,9.30%,13.84%,23.73%,16.37%,16.12%,16.73%,34.84%,10.45%,30.00%,65,101,91,106,139,46,93,75,93,108,107.3%,126.9%,122.2%,125.3%,-18.40%,77.21%,133.3%,121.7%,0.00%,0.00%
2009/05/31,2009/04/30,-3.60%,-1.35%,1.28%,2.44%,4.97%,2.76%,3.27%,6.26%,6.96%,11.40%,8.02%,6.43%,7.92%,13.06%,5.16%,11.13%,62,99,92,108,146,47,96,79,100,121,125.1%,146.5%,140.0%,139.8%,-14.20%,96.94%,147.2%,150.6%,0.00%,0.00%
2009/06/30,2009/05/31,-1.30%,0.90%,0.31%,1.51%,0.78%,-0.87%,1.21%,1.27%,0.84%,-0.09%,2.80%,1.26%,3.34%,2.40%,0.39%,2.02%,62,100,93,110,147,47,97,80,101,121,129.8%,148.4%,146.7%,142.8%,-13.86%,100.9%,151.2%,156.7%,0.00%,0.00%
2009/07/31,2009/06/30,-1.18%,1.24%,0.09%,-1.18%,-0.20%,5.78%,8.19%,7.08%,8.40%,12.22%,2.96%,5.43%,0.69%,13.63%,7.78%,12.00%,61,101,93,109,147,50,105,86,109,135,132.0%,164.5%,154.0%,156.0%,-7.16%,125.0%,161.9%,191.6%,0.00%,0.00%
2009/08/31,2009/07/31,-0.85%,0.05%,-1.37%,-0.31%,0.44%,2.29%,3.19%,2.80%,2.95%,7.11%,7.16%,8.13%,5.78%,12.54%,3.49%,10.10%,60,102,92,108,147,51,108,88,112,145,135.0%,177.2%,172.2%,176.8%,-3.92%,147.8%,179.2%,228.2%,0.00%,0.00%
2009/09/30,2009/08/31,-2.18%,-0.99%,-0.75%,2.30%,2.44%,3.31%,2.39%,3.80%,6.11%,7.99%,5.55%,5.50%,3.14%,10.38%,4.15%,8.73%,59,100,91,111,151,53,111,92,119,156,145.9%,190.2%,187.3%,192.1%,0.06%,169.4%,192.0%,262.3%,0.00%,0.00%
2009/10/31,2009/09/30,0.41%,1.28%,0.68%,-0.48%,0.04%,-3.07%,-1.58%,-2.50%,-2.26%,-3.79%,1.02%,1.08%,0.22%,-6.09%,-2.59%,-6.41%,59,102,91,110,151,51,109,89,117,151,145.0%,188.1%,190.2%,195.2%,-2.53%,152.1%,180.8%,240.2%,0.00%,0.00%
2009/11/30,2009/10/31,-0.63%,-0.16%,0.98%,1.77%,0.02%,5.25%,5.67%,5.43%,6.33%,6.09%,-0.87%,-1.19%,-2.36%,1.48%,5.59%,1.83%,59,102,92,112,151,54,115,94,124,160,146.6%,190.5%,187.7%,191.7%,2.92%,156.7%,170.3%,245.3%,-0.87%,-1.19%
2009/12/31,2009/11/30,0.04%,-0.08%,0.33%,0.23%,0.62%,2.05%,2.77%,3.34%,3.21%,5.52%,2.88%,3.00%,2.67%,9.03%,2.80%,8.13%,59,102,93,112,152,55,118,97,128,169,148.0%,200.6%,196.0%,200.5%,5.80%,177.6%,184.6%,276.4%,0.00%,0.00%
2010/01/31,2009/12/31,-2.56%,-1.38%,-0.37%,1.62%,3.01%,-6.03%,-4.33%,-2.94%,-1.47%,-0.03%,4.25%,3.37%,4.15%,1.74%,-3.38%,0.73%,57,100,92,114,157,51,113,95,126,168,161.8%,218.6%,208.6%,210.6%,2.23%,179.6%,196.3%,283.0%,0.00%,0.00%
2010/02/28,2010/01/31,0.94%,0.12%,0.66%,-0.39%,-1.09%,3.86%,3.42%,4.67%,2.92%,2.77%,-2.00%,-0.06%,-0.86%,4.37%,3.44%,4.39%,58,100,93,114,155,53,117,99,130,173,156.5%,215.1%,202.4%,210.4%,5.74%,191.9%,199.1%,299.7%,-2.00%,-0.06%
2010/03/31,2010/02/28,-0.19%,0.11%,-0.16%,-0.74%,1.07%,6.51%,6.42%,6.63%,5.72%,6.60%,1.77%,2.56%,2.26%,9.73%,6.36%,8.97%,58,100,93,113,157,57,124,106,137,185,159.7%,215.4%,207.8%,218.3%,12.47%,218.1%,206.9%,338.6%,-0.26%,0.00%
2010/04/30,2010/03/31,0.92%,-1.20%,0.51%,0.24%,-0.06%,3.65%,1.69%,2.82%,1.85%,0.65%,-0.73%,-1.12%,2.16%,6.95%,2.11%,7.29%,58,99,93,113,157,59,126,109,140,186,157.2%,205.9%,205.5%,214.8%,14.85%,241.2%,222.8%,369.1%,-0.98%,-1.12%
2010/05/31,2010/04/30,2.51%,-0.25%,0.33%,0.69%,-0.57%,-7.78%,-8.54%,-8.54%,-7.36%,-7.01%,-1.60%,-0.64%,-1.34%,-8.97%,-7.82%,-8.78%,60,99,94,114,156,54,116,99,129,173,149.3%,208.3%,200.7%,212.7%,5.86%,211.3%,219.7%,327.0%,-2.56%,-1.76%
2010/06/30,2010/05/31,0.21%,0.44%,1.36%,0.58%,-0.98%,-6.21%,-6.62%,-5.06%,-4.73%,-5.23%,-0.63%,-0.12%,-1.55%,-7.96%,-5.53%,-7.92%,60,99,95,115,154,51,108,94,123,164,146.3%,211.3%,198.8%,212.4%,0.01%,186.6%,212.1%,293.0%,-3.18%,-1.88%
2010/07/31,2010/06/30,-2.31%,-0.51%,1.69%,0.19%,1.58%,5.53%,6.02%,7.03%,7.98%,8.03%,1.21%,1.54%,0.25%,7.47%,7.01%,7.01%,59,99,96,115,157,54,115,101,133,177,155.9%,219.1%,202.4%,217.2%,7.02%,206.7%,212.1%,322.4%,-2.01%,-0.36%
2010/08/31,2010/07/31,1.56%,-0.69%,1.56%,0.30%,-0.31%,-5.75%,-5.56%,-3.18%,-4.03%,-4.88%,-0.06%,0.51%,0.14%,-6.76%,-4.66%,-6.92%,59,98,98,115,156,51,108,98,128,168,151.1%,221.9%,202.2%,218.8%,2.02%,185.5%,205.0%,293.8%,-2.07%,0.00%
2010/09/30,2010/08/31,-0.53%,-0.30%,-0.89%,0.95%,0.36%,8.58%,9.08%,9.29%,10.41%,9.80%,3.30%,3.34%,1.42%,14.34%,9.41%,13.34%,59,98,97,116,157,55,118,107,141,185,153.3%,225.8%,212.1%,229.4%,11.62%,223.6%,217.0%,350.3%,0.00%,0.00%
2010/10/31,2010/09/30,-1.08%,0.48%,1.63%,-0.74%,0.73%,4.39%,3.76%,4.54%,3.00%,3.93%,-0.06%,0.24%,-0.43%,4.43%,3.89%,4.35%,58,98,99,115,158,57,122,112,145,192,157.9%,224.3%,211.9%,230.2%,15.96%,237.7%,218.5%,370.2%,-0.06%,0.00%
2010/11/30,2010/10/31,0.64%,-0.22%,1.42%,-1.11%,-0.32%,2.46%,0.09%,0.36%,-0.12%,0.02%,-0.70%,-0.89%,-1.07%,1.93%,0.54%,2.20%,59,98,100,114,157,59,123,112,145,192,155.4%,216.4%,209.8%,227.3%,16.58%,245.1%,223.8%,379.3%,-0.76%,-0.89%
2010/12/31,2010/11/30,-4.03%,-1.85%,-1.55%,-1.12%,1.47%,4.72%,5.96%,6.04%,5.28%,9.31%,3.82%,3.34%,2.55%,11.11%,6.70%,10.11%,56,96,99,113,160,62,130,119,153,210,169.5%,230.9%,221.6%,238.2%,24.40%,280.0%,234.8%,432.5%,0.00%,0.00%
2011/01/31,2010/12/31,-1.07%,-0.30%,3.34%,-0.39%,-0.15%,0.15%,2.23%,4.93%,1.23%,1.95%,1.60%,1.40%,1.62%,1.81%,2.06%,1.39%,56,96,102,112,159,62,133,125,155,214,171.9%,236.9%,226.8%,243.0%,26.96%,285.3%,232.6%,442.2%,0.00%,0.00%
2011/02/28,2011/01/31,1.02%,1.26%,-0.68%,0.09%,-1.33%,4.67%,4.96%,3.22%,3.32%,1.99%,0.08%,0.11%,0.05%,4.72%,3.59%,4.69%,56,97,101,112,157,65,139,129,160,218,165.6%,227.9%,227.0%,243.4%,31.52%,303.3%,236.3%,467.8%,0.00%,0.00%
2011/03/31,2011/02/28,-0.33%,0.70%,0.87%,0.40%,0.41%,0.68%,1.27%,1.17%,-0.53%,0.25%,-0.38%,-0.15%,-0.43%,1.53%,0.49%,1.58%,56,98,102,113,158,65,141,130,159,219,167.5%,226.4%,225.8%,242.8%,32.16%,309.7%,239.9%,476.5%,-0.38%,-0.15%
2011/04/30,2011/03/31,-0.61%,0.07%,0.74%,0.09%,0.11%,2.83%,3.13%,2.96%,3.24%,2.72%,0.42%,0.31%,-0.62%,1.77%,2.97%,1.68%,56,98,103,113,158,67,145,134,164,225,169.4%,226.1%,227.2%,243.9%,36.08%,316.6%,235.5%,486.7%,0.00%,0.00%
2011/05/31,2011/04/30,-0.48%,-0.09%,1.29%,0.17%,0.22%,-1.84%,-1.24%,-0.57%,-0.92%,-1.41%,0.07%,-0.07%,-0.50%,-2.21%,-1.22%,-2.19%,56,98,104,113,158,66,144,133,163,222,171.3%,227.5%,227.4%,243.7%,34.42%,307.5%,232.3%,473.7%,0.00%,-0.07%
2011/06/30,2011/05/31,1.27%,0.28%,0.35%,0.17%,-0.37%,-1.37%,-1.60%,-1.44%,-1.80%,-2.42%,-1.83%,-2.07%,-1.46%,-3.95%,-1.74%,-3.33%,56,98,104,113,158,65,141,131,160,216,166.9%,224.0%,221.4%,236.5%,32.08%,293.9%,227.0%,451.1%,-1.83%,-2.14%
2011/07/31,2011/06/30,-0.40%,2.27%,-0.74%,-0.09%,0.12%,-3.70%,-0.36%,-3.75%,-2.18%,-2.29%,-1.07%,-1.07%,0.01%,-3.57%,-2.26%,-3.25%,56,100,104,113,158,62,141,126,156,211,168.3%,228.6%,218.0%,232.9%,29.09%,281.1%,223.8%,431.4%,-2.88%,-3.19%
2011/08/31,2011/07/31,-0.42%,-0.08%,2.09%,0.73%,0.49%,-7.36%,-6.80%,-4.58%,-4.87%,-5.17%,0.05%,-0.03%,-0.79%,-9.64%,-5.89%,-9.63%,56,100,106,114,159,58,131,121,149,200,170.7%,235.8%,218.1%,232.8%,21.49%,244.4%,211.7%,380.2%,-2.83%,-3.22%
2011/09/30,2011/08/31,1.73%,0.32%,-1.61%,-1.12%,-2.49%,-4.99%,-6.56%,-9.57%,-8.72%,-12.40%,-2.51%,-3.48%,-3.05%,-14.03%,-7.63%,-12.99%,57,101,104,113,155,55,123,109,136,175,159.3%,210.9%,210.1%,221.2%,12.22%,199.6%,195.0%,312.8%,-5.27%,-6.58%
2011/10/31,2011/09/30,-1.59%,-0.24%,0.68%,-1.26%,2.72%,10.34%,8.83%,12.31%,12.70%,15.98%,3.42%,3.13%,2.09%,16.49%,11.39%,15.55%,56,100,105,111,159,61,133,122,153,204,170.4%,228.4%,220.7%,231.3%,25.00%,246.3%,207.2%,380.9%,-2.03%,-3.66%
2011/11/30,2011/10/31,1.28%,-0.30%,1.26%,1.05%,-0.79%,-0.16%,-0.73%,0.49%,0.54%,-1.60%,-1.70%,-0.86%,-1.50%,-2.00%,-0.35%,-1.74%,57,100,106,113,158,60,133,123,154,200,164.8%,223.7%,215.3%,228.4%,24.56%,240.2%,203.0%,371.2%,-3.69%,-4.49%
2011/12/31,2011/11/30,-2.82%,0.39%,1.72%,2.03%,-0.69%,-2.14%,0.98%,1.93%,2.86%,-0.53%,1.70%,1.13%,1.65%,1.32%,0.85%,0.98%,55,100,108,115,157,59,134,125,158,199,170.5%,228.9%,220.7%,232.2%,25.62%,243.6%,203.4%,377.5%,-2.06%,-3.41%
2012/01/31,2011/12/31,-1.53%,-2.00%,0.09%,-0.91%,0.71%,5.86%,3.06%,4.52%,4.56%,8.27%,2.84%,2.05%,2.43%,10.83%,5.09%,10.21%,54,98,108,114,158,63,138,131,165,216,176.5%,236.9%,229.8%,239.0%,32.02%,278.6%,218.9%,429.2%,0.00%,-1.42%
2012/02/29,2012/01/31,1.10%,-0.42%,-1.42%,-1.11%,-0.15%,5.53%,4.24%,2.50%,3.03%,4.65%,1.37%,1.17%,2.18%,5.07%,4.25%,4.72%,55,98,107,113,158,66,144,134,170,226,173.1%,233.9%,234.3%,242.9%,37.63%,296.5%,220.4%,456.0%,0.00%,-0.27%
2012/03/31,2012/02/29,0.58%,0.45%,0.91%,-0.68%,-1.80%,3.82%,3.27%,3.44%,2.42%,0.77%,-0.53%,-0.70%,-0.03%,2.32%,3.15%,2.53%,55,99,108,112,155,69,148,139,174,227,166.6%,223.7%,232.5%,240.5%,41.95%,306.5%,218.4%,468.9%,-0.53%,-0.98%
2012/04/30,2012/03/31,0.61%,-0.01%,1.09%,2.45%,-0.16%,-0.62%,-1.34%,-0.23%,0.96%,-2.06%,-1.93%,-1.57%,-1.01%,-2.83%,-0.69%,-2.36%,56,99,109,115,154,68,146,139,176,223,164.5%,219.1%,226.1%,235.2%,40.97%,296.9%,213.1%,452.8%,-2.44%,-2.53%
2012/05/31,2012/04/30,0.60%,0.60%,1.27%,-0.83%,1.35%,-7.05%,-4.81%,-5.60%,-6.91%,-5.89%,0.85%,0.64%,0.83%,-7.10%,-6.09%,-7.29%,56,99,110,114,157,63,139,131,164,210,166.5%,222.8%,228.9%,237.4%,32.39%,268.0%,209.4%,413.5%,-1.62%,-1.90%
2012/06/30,2012/05/31,-0.54%,0.75%,0.61%,-0.04%,-0.05%,4.10%,4.51%,4.33%,3.33%,3.89%,1.11%,0.76%,0.53%,5.19%,3.98%,4.97%,56,100,111,114,156,66,146,137,169,218,167.8%,222.1%,232.5%,239.9%,37.67%,286.3%,212.4%,440.2%,-0.53%,-1.16%
2012/07/31,2012/06/30,0.25%,0.83%,1.10%,0.33%,-1.21%,-0.60%,1.44%,1.65%,1.65%,-0.30%,-1.37%,-1.48%,-0.64%,-2.57%,0.87%,-2.12%,56,101,112,114,155,66,148,139,172,217,163.8%,223.1%,228.0%,234.9%,38.87%,278.1%,203.0%,426.3%,-1.89%,-2.62%
2012/08/31,2012/07/31,0.07%,-0.53%,-1.76%,0.51%,0.92%,3.25%,1.14%,0.82%,3.21%,4.17%,0.98%,0.82%,0.92%,4.54%,2.50%,4.30%,56,100,110,114,156,68,149,140,178,226,166.1%,226.1%,231.2%,237.6%,42.34%,294.3%,208.5%,450.2%,-0.93%,-1.82%
2012/09/30,2012/08/31,-1.06%,0.41%,0.46%,0.93%,-1.66%,1.80%,2.92%,3.13%,2.94%,1.96%,0.66%,0.78%,-0.08%,3.92%,2.56%,3.69%,55,101,111,116,153,69,154,144,183,231,164.5%,226.6%,233.4%,240.3%,45.99%,308.9%,211.9%,471.8%,-0.28%,-1.06%
2012/10/31,2012/09/30,-0.10%,-1.13%,1.05%,0.10%,1.43%,-2.55%,-2.97%,-0.42%,-1.24%,-0.58%,0.16%,-0.29%,-0.38%,-2.30%,-1.70%,-2.21%,55,99,112,116,156,67,149,144,181,229,168.5%,233.1%,233.9%,239.3%,43.50%,299.8%,210.3%,458.7%,-0.12%,-1.34%
2012/11/30,2012/10/31,0.83%,-0.24%,-0.54%,-0.09%,-0.83%,2.03%,0.50%,0.31%,0.51%,0.00%,0.29%,0.27%,-0.10%,0.92%,0.66%,0.84%,56,99,111,116,154,69,150,144,182,229,164.1%,226.3%,234.9%,240.2%,44.45%,303.2%,210.9%,463.8%,0.00%,-1.07%
2012/12/31,2012/11/30,-0.66%,0.67%,-0.06%,-0.38%,1.18%,-0.37%,1.25%,-0.32%,1.23%,5.32%,-0.36%,1.39%,-0.90%,4.61%,1.26%,4.20%,55,100,111,115,156,68,152,144,184,242,169.0%,244.9%,233.7%,244.9%,46.27%,320.1%,220.0%,489.8%,-0.36%,0.00%
2013/01/31,2012/12/31,0.04%,0.43%,-2.97%,0.28%,0.84%,6.16%,6.44%,2.29%,5.47%,6.54%,1.13%,1.09%,1.18%,7.57%,5.53%,7.24%,55,100,108,115,157,73,162,147,194,257,171.1%,246.2%,237.4%,248.7%,54.35%,350.5%,225.5%,534.4%,0.00%,0.00%
2013/02/28,2013/01/31,-0.63%,0.24%,0.74%,0.97%,-1.18%,0.60%,1.68%,1.96%,2.23%,-0.16%,-0.47%,-0.60%,-0.52%,0.22%,1.30%,0.40%,55,101,109,117,156,73,164,150,198,257,169.6%,243.6%,235.8%,246.6%,56.35%,352.3%,222.6%,535.9%,-0.47%,-0.60%
2013/03/31,2013/02/28,-0.52%,-0.29%,0.44%,0.10%,0.39%,4.18%,3.61%,4.08%,3.75%,4.60%,0.17%,-0.45%,-0.09%,4.05%,4.00%,4.18%,55,100,109,117,156,76,170,156,206,269,172.1%,245.0%,236.4%,245.1%,62.60%,371.2%,223.2%,561.6%,-0.30%,-1.04%
2013/04/30,2013/03/31,0.17%,0.27%,0.47%,-0.19%,0.40%,1.07%,2.01%,1.86%,1.56%,1.92%,-0.01%,0.31%,0.76%,0.79%,1.68%,0.70%,55,100,110,116,157,77,174,159,209,274,172.7%,247.9%,236.4%,246.1%,65.33%,374.5%,220.0%,566.9%,-0.31%,-0.74%
2013/05/31,2013/04/30,0.67%,-1.36%,-1.40%,0.48%,-0.09%,2.66%,0.90%,0.68%,3.16%,6.89%,1.55%,2.85%,1.43%,7.96%,2.46%,7.10%,55,99,108,117,157,79,175,160,215,293,170.6%,262.7%,241.6%,256.0%,69.40%,408.2%,234.9%,619.9%,0.00%,0.00%
2013/06/30,2013/05/31,-1.04%,0.30%,-0.29%,0.26%,0.60%,-2.27%,-0.93%,-1.48%,-0.71%,-0.56%,0.58%,0.60%,0.56%,0.08%,-1.25%,-0.10%,54,99,108,117,158,77,174,158,214,291,175.0%,268.9%,243.6%,258.1%,67.28%,407.7%,238.8%,620.5%,0.00%,0.00%
2013/07/31,2013/06/30,0.24%,-0.94%,-1.10%,0.31%,0.01%,6.31%,5.45%,4.68%,5.64%,5.31%,1.42%,0.98%,1.34%,8.28%,5.46%,7.99%,55,98,106,118,158,82,183,165,226,307,174.4%,265.2%,248.5%,261.7%,76.41%,448.3%,247.3%,680.2%,0.00%,0.00%
2013/08/31,2013/07/31,-0.01%,-0.13%,-1.12%,-0.29%,0.62%,-2.46%,-2.30%,-4.05%,-3.54%,-1.82%,0.57%,1.06%,1.21%,-1.50%,-2.84%,-1.82%,55,98,105,117,159,80,179,158,218,301,176.1%,267.5%,250.4%,265.5%,71.40%,438.4%,250.9%,668.6%,0.00%,0.00%
2013/09/30,2013/08/31,0.05%,0.24%,-0.84%,0.49%,-1.21%,4.31%,4.33%,2.61%,4.04%,2.66%,1.39%,1.13%,1.65%,6.98%,3.76%,6.64%,55,99,104,118,157,83,187,163,227,309,172.6%,261.5%,255.3%,269.6%,77.84%,474.1%,261.0%,722.2%,0.00%,0.00%
2013/10/31,2013/09/30,0.39%,-0.38%,-0.25%,0.50%,0.23%,4.78%,3.69%,3.98%,4.38%,4.10%,0.10%,-0.28%,-0.68%,2.51%,4.19%,2.59%,55,98,104,119,157,87,194,169,237,322,172.2%,259.0%,255.7%,268.6%,85.29%,489.0%,255.2%,742.8%,0.00%,-0.28%
2013/11/30,2013/10/31,0.23%,0.92%,-1.76%,-0.30%,-1.17%,3.90%,4.18%,1.06%,2.62%,2.20%,-1.10%,-1.56%,-0.71%,3.12%,2.86%,3.59%,55,99,102,118,155,91,202,171,243,329,168.4%,252.9%,251.7%,262.8%,90.59%,510.1%,257.8%,769.1%,-1.10%,-1.83%
2013/12/31,2013/11/30,0.04%,-0.53%,-0.28%,0.16%,-0.25%,2.74%,2.31%,2.40%,3.01%,3.04%,0.61%,0.94%,0.56%,3.40%,2.61%,3.12%,55,99,102,118,155,93,206,175,250,339,167.6%,254.0%,253.9%,266.3%,95.56%,529.2%,259.7%,798.7%,-0.50%,-0.91%
2014/01/31,2013/12/31,1.53%,0.39%,0.25%,-0.17%,-0.74%,-2.39%,-3.37%,-3.03%,-3.21%,-3.51%,-0.37%,0.34%,1.16%,-1.67%,-3.13%,-1.77%,56,99,102,118,154,91,199,170,242,327,161.6%,250.0%,252.6%,267.5%,89.43%,518.1%,264.6%,783.8%,-0.87%,-0.58%
2014/02/28,2014/01/31,0.47%,0.27%,0.53%,-0.33%,-1.26%,5.11%,4.83%,4.84%,4.18%,4.17%,0.43%,0.62%,0.82%,5.90%,4.67%,5.72%,56,99,103,118,152,96,209,178,252,340,157.0%,246.7%,254.1%,269.8%,98.28%,553.4%,268.4%,835.9%,-0.45%,0.00%
2014/03/31,2014/02/28,-1.89%,0.66%,0.91%,1.16%,1.41%,-1.57%,1.32%,0.67%,1.30%,1.61%,1.61%,1.00%,1.29%,0.55%,0.51%,0.25%,55,100,104,119,154,94,212,179,256,346,165.5%,257.7%,259.8%,273.5%,99.29%,555.1%,267.5%,841.1%,0.00%,0.00%
2014/04/30,2014/03/31,0.77%,-1.24%,0.60%,1.18%,0.90%,-0.77%,-1.74%,-0.54%,2.15%,1.19%,0.74%,1.55%,0.41%,-2.02%,-0.02%,-2.49%,55,99,104,121,155,93,208,178,261,350,165.9%,264.8%,262.4%,279.3%,99.24%,538.8%,258.4%,822.0%,0.00%,0.00%
2014/05/31,2014/04/30,1.77%,-0.41%,0.04%,-0.58%,-0.03%,2.71%,1.68%,1.93%,1.69%,2.42%,0.11%,0.18%,0.37%,0.66%,2.10%,0.60%,56,98,104,120,155,96,212,181,266,359,161.1%,263.7%,262.8%,279.9%,103.4%,542.6%,253.0%,828.1%,0.00%,0.00%
2014/06/30,2014/05/31,0.10%,-0.31%,-0.34%,-0.33%,-0.25%,2.87%,2.27%,2.28%,2.30%,2.91%,0.64%,0.74%,-0.15%,5.32%,2.50%,5.10%,56,98,104,119,155,99,216,186,272,369,160.2%,263.8%,265.1%,282.8%,108.5%,575.4%,262.2%,877.5%,0.00%,0.00%
2014/07/31,2014/06/30,0.85%,0.04%,0.79%,-1.01%,1.14%,-1.78%,-2.45%,-2.03%,-1.93%,-1.36%,0.91%,1.00%,1.43%,-4.15%,-1.95%,-4.44%,57,98,105,118,157,97,211,182,266,364,160.9%,265.4%,268.5%,286.6%,104.4%,545.3%,253.2%,836.9%,0.00%,0.00%
2014/08/31,2014/07/31,0.06%,-0.52%,1.39%,-0.24%,-0.31%,4.84%,3.79%,4.62%,3.61%,3.73%,1.13%,1.06%,0.84%,5.38%,4.18%,5.06%,57,98,106,118,156,102,219,190,276,378,160.0%,261.3%,272.6%,290.7%,113.0%,578.0%,256.3%,887.4%,0.00%,0.00%
2014/09/30,2014/08/31,1.18%,-0.42%,-1.71%,0.66%,-0.91%,-1.76%,-1.83%,-3.14%,-1.55%,-2.80%,-2.01%,-2.52%,-2.10%,-7.78%,-2.09%,-7.02%,58,97,105,119,155,100,215,184,272,367,154.5%,257.6%,265.1%,280.8%,108.5%,530.4%,238.7%,810.6%,-2.01%,-2.52%
2014/10/31,2014/09/30,-0.40%,1.11%,2.95%,-1.29%,-1.87%,2.80%,2.93%,3.93%,1.90%,1.71%,1.08%,-0.06%,-2.22%,2.73%,2.74%,2.74%,57,98,108,117,152,103,221,192,277,373,150.8%,253.7%,269.1%,280.6%,114.2%,547.7%,238.7%,835.4%,-0.95%,-2.58%
2014/11/30,2014/10/31,-0.87%,0.83%,0.29%,1.04%,-1.32%,1.95%,2.89%,2.06%,4.18%,0.72%,-0.02%,-1.30%,-1.37%,-1.63%,2.53%,-1.24%,57,99,108,118,150,105,228,195,289,376,149.7%,249.3%,269.0%,275.6%,119.7%,539.7%,226.0%,820.1%,-0.97%,-3.85%
2014/12/31,2014/11/30,0.96%,-0.15%,-0.07%,0.31%,-1.62%,0.73%,-0.47%,0.05%,-0.06%,-0.75%,-0.41%,1.27%,-2.30%,1.32%,-0.03%,0.94%,57,99,108,119,147,105,227,196,288,373,143.2%,244.2%,267.5%,280.4%,119.6%,545.7%,229.1%,832.3%,-1.38%,-2.63%
2015/01/31,2014/12/31,1.86%,0.54%,0.21%,-0.47%,0.10%,-1.53%,-2.38%,-3.24%,-3.38%,-2.56%,0.09%,-0.39%,0.07%,-4.44%,-2.75%,-4.33%,59,99,108,118,147,104,221,189,279,364,138.9%,240.6%,267.8%,278.9%,113.6%,517.7%,223.9%,790.9%,-1.29%,-3.01%
2015/02/28,2015/01/31,-0.86%,0.03%,-1.68%,0.07%,0.37%,6.58%,5.59%,3.55%,6.21%,5.87%,2.68%,1.74%,2.74%,8.26%,5.76%,7.74%,58,99,106,118,148,111,234,196,296,385,141.9%,238.2%,277.7%,285.5%,125.9%,565.5%,230.3%,864.4%,0.00%,-1.32%
2015/03/31,2015/02/28,0.41%,0.81%,0.05%,-0.41%,-1.56%,-1.03%,-0.29%,-0.35%,-1.51%,-2.10%,-2.82%,-1.26%,-3.58%,-1.41%,-1.06%,-1.03%,58,100,106,118,146,109,233,195,291,377,137.1%,234.6%,267.0%,280.7%,123.5%,558.6%,230.4%,850.8%,-2.82%,-2.56%
2015/04/30,2015/03/31,-0.11%,-0.39%,-1.24%,0.47%,0.91%,-2.37%,-0.73%,-1.40%,0.56%,3.41%,0.27%,2.44%,0.94%,1.80%,0.40%,1.07%,58,100,105,118,147,107,231,193,293,390,139.5%,253.9%,268.0%,290.0%,124.4%,565.7%,232.6%,867.9%,-2.56%,-0.18%
2015/05/31,2015/04/30,1.96%,-0.07%,-2.59%,-1.54%,-0.33%,1.66%,1.65%,-0.07%,0.68%,2.41%,-3.51%,-0.59%,-3.21%,0.53%,1.29%,0.71%,59,100,102,117,147,109,235,192,295,399,134.1%,256.5%,255.1%,287.6%,127.3%,570.4%,230.7%,873.1%,-5.97%,-0.77%
2015/06/30,2015/05/31,-0.26%,-1.52%,0.33%,0.79%,-0.54%,-0.10%,-2.23%,-0.80%,-1.15%,-3.03%,0.39%,-1.59%,-0.27%,-1.67%,-1.63%,-1.19%,59,98,103,117,146,109,230,191,292,387,133.4%,246.1%,256.5%,281.5%,123.6%,562.4%,232.2%,856.8%,-5.61%,-2.35%
2015/07/31,2015/06/30,0.04%,-3.66%,1.72%,0.14%,1.98%,3.53%,0.37%,4.08%,1.13%,0.05%,0.74%,-3.38%,0.30%,-6.00%,1.67%,-4.98%,59,95,104,118,149,112,231,199,295,387,137.9%,234.1%,259.1%,268.6%,127.3%,529.4%,210.0%,799.5%,-4.91%,-5.65%
2015/08/31,2015/07/31,1.12%,-0.55%,0.53%,-0.01%,-0.17%,-5.57%,-6.15%,-5.74%,-5.69%,-6.67%,0.54%,-0.01%,1.06%,-3.76%,-5.98%,-3.76%,60,94,105,118,148,106,216,187,278,361,134.9%,230.4%,261.1%,268.6%,113.7%,505.8%,216.9%,765.6%,-4.39%,-5.65%
2015/09/30,2015/08/31,0.41%,-0.53%,0.39%,0.76%,-0.63%,-5.64%,-2.96%,-2.35%,-1.42%,-2.57%,1.41%,3.38%,0.18%,-4.35%,-2.82%,-5.37%,60,94,105,119,147,100,210,183,274,352,132.4%,240.5%,266.2%,281.0%,107.7%,473.2%,208.9%,728.0%,-3.05%,-2.47%
2015/10/31,2015/09/30,-1.05%,-0.10%,1.69%,0.61%,0.70%,7.59%,7.39%,7.82%,8.15%,7.59%,-0.99%,-0.87%,-1.70%,5.02%,7.68%,5.28%,59,94,107,119,148,108,226,197,297,379,136.5%,240.5%,262.5%,277.7%,123.6%,503.5%,201.5%,769.5%,-4.00%,-3.31%
2015/11/30,2015/10/31,1.12%,-0.95%,-0.89%,-0.21%,-0.20%,1.70%,-0.02%,-0.36%,0.04%,0.24%,-0.11%,1.27%,-1.32%,3.81%,0.55%,3.43%,60,93,106,119,148,110,226,196,297,380,133.3%,235.6%,262.1%,282.5%,124.8%,524.2%,210.1%,802.6%,-4.11%,-2.09%
2015/12/31,2015/11/30,-0.73%,-0.13%,0.27%,-1.17%,0.89%,-3.48%,-1.30%,-1.77%,-3.00%,-1.08%,-0.07%,-0.64%,0.27%,-5.08%,-2.07%,-4.89%,60,93,106,118,150,106,223,193,288,376,137.1%,243.6%,261.9%,280.1%,120.2%,493.7%,201.4%,756.7%,-4.18%,-2.71%
2016/01/31,2015/12/31,-1.23%,0.60%,-1.20%,1.52%,0.03%,-7.99%,-4.99%,-5.93%,-3.79%,-5.28%,-0.33%,1.10%,-2.21%,-9.27%,-5.64%,-9.60%,59,93,105,119,150,97,212,182,277,356,140.1%,253.0%,260.7%,284.2%,107.8%,436.7%,189.5%,677.3%,-4.49%,-1.64%
2016/02/29,2016/01/31,-0.85%,-0.80%,0.72%,0.17%,1.39%,-0.42%,-1.05%,0.05%,-0.67%,1.36%,-0.30%,-1.63%,-0.45%,-0.41%,-0.05%,0.08%,58,92,106,120,152,97,209,182,275,361,145.5%,259.3%,259.6%,278.0%,107.6%,437.1%,189.8%,674.1%,-4.78%,-3.25%
2016/03/31,2016/02/29,0.82%,2.27%,1.26%,-0.40%,0.05%,7.52%,7.02%,6.70%,6.58%,7.48%,-0.31%,-0.08%,0.15%,9.06%,7.08%,9.09%,59,94,107,119,152,104,224,194,293,388,143.6%,259.1%,258.5%,277.7%,122.4%,485.9%,195.6%,744.2%,-5.08%,-3.32%
2016/04/30,2016/03/31,1.33%,-1.40%,0.75%,1.44%,0.59%,1.22%,-0.72%,0.59%,1.49%,2.51%,1.41%,2.96%,2.62%,7.20%,0.81%,6.31%,60,93,108,121,153,105,222,195,298,397,141.8%,263.7%,263.5%,288.9%,124.2%,522.8%,211.9%,805.0%,-3.74%,-0.46%
2016/05/31,2016/04/30,-0.79%,-0.47%,0.16%,-0.11%,1.03%,1.43%,1.38%,2.51%,1.26%,2.44%,-1.32%,-2.16%,-2.24%,-1.95%,1.79%,-1.30%,59,93,108,121,154,107,225,200,301,407,146.2%,267.4%,258.7%,280.5%,128.2%,514.7%,202.2%,787.4%,-5.01%,-2.61%
2016/06/30,2016/05/31,-2.79%,-0.99%,0.56%,1.01%,4.64%,-1.89%,-1.01%,1.43%,1.04%,3.47%,0.85%,-0.51%,0.42%,-1.07%,0.26%,-0.92%,58,92,109,122,161,105,223,203,304,421,164.5%,287.1%,261.8%,278.5%,128.8%,509.1%,198.7%,777.8%,-4.20%,-3.10%
2016/07/31,2016/06/30,-0.51%,-1.16%,1.93%,1.17%,0.72%,3.50%,2.65%,4.31%,5.06%,5.65%,0.43%,1.84%,-0.13%,7.72%,3.96%,7.17%,57,91,111,123,163,109,229,211,320,445,167.8%,295.4%,263.4%,285.5%,137.9%,552.7%,208.2%,845.6%,-3.79%,-1.32%
2016/08/31,2016/07/31,0.22%,0.25%,-0.86%,0.96%,-0.67%,-0.36%,0.51%,-0.14%,1.33%,0.86%,1.41%,3.16%,1.21%,5.51%,0.32%,4.56%,57,91,110,125,161,108,230,211,324,449,165.4%,300.2%,268.5%,297.7%,138.6%,582.5%,221.3%,897.7%,-2.43%,0.00%
2016/09/30,2016/08/31,0.59%,-0.40%,-0.70%,-0.50%,0.25%,0.88%,-0.21%,-0.39%,-0.49%,1.10%,-0.12%,0.24%,-0.09%,2.21%,0.19%,2.14%,58,91,109,124,162,109,230,210,322,454,164.5%,301.1%,268.0%,298.6%,139.1%,597.1%,227.6%,919.8%,-2.55%,0.00%
2016/10/31,2016/09/30,0.23%,-0.80%,0.01%,0.32%,0.77%,-2.42%,-2.22%,-3.09%,-1.45%,-1.38%,-0.37%,-0.87%,-0.86%,-5.98%,-2.12%,-5.72%,58,90,109,124,163,107,225,204,318,447,166.0%,305.3%,266.7%,295.2%,134.0%,557.2%,215.8%,858.8%,-2.90%,-0.87%
2016/11/30,2016/10/31,-0.91%,-1.33%,0.38%,2.47%,3.94%,4.09%,4.60%,3.48%,5.20%,6.35%,6.49%,2.42%,4.62%,12.62%,4.59%,11.89%,57,89,110,127,169,111,235,211,334,476,178.9%,314.4%,290.5%,304.7%,144.7%,635.4%,238.8%,979.7%,0.00%,0.00%
2016/12/31,2016/11/30,-2.83%,-0.13%,0.42%,0.82%,1.38%,0.29%,2.09%,2.22%,2.63%,2.14%,2.17%,-0.13%,1.15%,1.71%,1.94%,1.75%,56,89,110,128,172,111,240,216,343,486,190.6%,322.1%,298.9%,304.2%,149.5%,648.2%,238.2%,998.2%,0.00%,-0.13%
2017/01/31,2016/12/31,0.75%,-0.54%,-0.97%,-0.19%,0.27%,2.77%,1.71%,0.67%,1.57%,2.31%,0.41%,1.74%,0.59%,2.69%,1.89%,2.17%,56,88,109,128,172,114,244,217,349,497,189.2%,320.1%,300.6%,311.2%,154.2%,664.4%,239.1%,1028%,0.00%,0.00%
2017/02/28,2017/01/31,-2.02%,1.41%,0.31%,0.66%,-0.12%,2.28%,5.05%,3.53%,3.88%,3.47%,-1.73%,-1.49%,-2.66%,-0.25%,3.64%,0.20%,55,89,109,129,172,117,256,225,362,515,194.7%,325.1%,293.7%,305.1%,163.5%,665.9%,227.4%,1025%,-1.73%,-1.49%
2017/03/31,2017/02/28,-0.01%,0.13%,-1.49%,0.29%,-0.15%,0.73%,-0.21%,-0.79%,0.07%,0.22%,0.48%,0.84%,-0.38%,0.93%,0.13%,0.68%,55,89,108,129,172,118,256,223,362,516,194.3%,323.0%,295.5%,308.5%,163.8%,671.1%,229.2%,1035%,-1.27%,-0.66%
2017/04/30,2017/03/31,0.67%,-0.11%,0.58%,-0.40%,-0.85%,2.46%,1.21%,1.94%,0.62%,-0.50%,-0.22%,-0.73%,-1.18%,-0.25%,1.11%,-0.03%,55,89,108,129,170,121,259,227,365,513,189.8%,310.4%,294.7%,305.5%,166.7%,670.9%,225.5%,1033%,-1.48%,-1.39%
2017/05/31,2017/04/30,0.34%,-0.08%,-0.43%,-0.13%,-1.40%,2.86%,0.88%,1.00%,0.86%,-1.62%,-1.24%,-2.79%,-1.81%,-4.53%,1.06%,-3.70%,56,89,108,129,168,124,261,230,368,505,184.8%,292.1%,289.8%,294.2%,169.6%,642.5%,210.0%,981.2%,-2.70%,-4.14%
2017/06/30,2017/05/31,-1.39%,0.32%,0.66%,0.47%,1.86%,-0.70%,0.64%,1.94%,1.30%,3.01%,2.30%,2.66%,2.00%,5.22%,0.90%,4.42%,55,90,109,129,171,123,263,234,372,520,194.0%,306.6%,298.7%,304.7%,172.0%,675.3%,220.9%,1038%,-0.47%,-1.59%
2017/07/31,2017/06/30,0.03%,0.34%,-0.54%,-0.14%,-0.17%,1.89%,2.40%,1.07%,1.79%,2.02%,-0.42%,0.28%,-0.39%,0.74%,1.93%,0.66%,55,90,108,129,171,126,269,236,379,530,193.4%,307.2%,297.0%,305.8%,177.2%,680.4%,216.9%,1046%,-0.88%,-1.31%
2017/08/31,2017/07/31,-0.90%,1.54%,-0.71%,0.24%,-0.59%,-1.38%,1.95%,0.16%,0.94%,-0.13%,0.19%,0.63%,0.61%,-1.13%,0.26%,-1.32%,54,91,107,129,170,124,274,237,383,530,194.3%,312.3%,297.8%,308.4%,177.9%,670.1%,211.9%,1033%,-0.70%,-0.69%
2017/09/30,2017/08/31,-0.76%,0.36%,0.43%,-1.47%,0.85%,3.06%,2.22%,1.59%,1.08%,3.93%,1.16%,0.38%,1.42%,7.98%,2.47%,7.86%,54,92,108,128,171,128,280,241,387,551,199.1%,315.9%,302.4%,309.9%,184.8%,730.7%,228.7%,1124%,0.00%,-0.32%
2017/10/31,2017/09/30,-0.85%,0.13%,-1.41%,0.30%,-0.08%,0.61%,3.44%,1.11%,2.95%,1.92%,-1.24%,-1.31%,-1.37%,-1.14%,2.24%,-0.75%,53,92,106,128,171,128,290,243,398,561,201.4%,321.3%,297.4%,304.5%,191.2%,724.5%,218.9%,1110%,-1.24%,-1.62%
2017/11/30,2017/10/31,-1.01%,-0.08%,-0.01%,0.77%,0.45%,2.77%,2.96%,2.74%,3.96%,3.54%,-0.69%,-0.49%,0.27%,3.17%,3.22%,3.32%,53,92,106,129,172,132,299,250,414,581,205.8%,324.6%,294.7%,302.6%,200.6%,751.8%,219.2%,1148%,-1.92%,-2.11%
2017/12/31,2017/11/30,0.92%,1.51%,-0.19%,-1.29%,-0.82%,1.83%,2.46%,0.75%,0.19%,0.58%,0.30%,0.41%,0.80%,1.57%,1.10%,1.45%,53,93,106,127,170,134,306,252,415,584,200.4%,319.3%,295.9%,304.2%,203.8%,764.1%,220.3%,1168%,-1.63%,-1.70%
2018/01/31,2017/12/31,1.55%,-0.08%,-2.20%,-1.28%,-1.99%,6.56%,6.41%,4.29%,3.90%,4.10%,0.60%,1.52%,0.69%,3.48%,5.34%,3.03%,54,93,104,126,167,143,326,263,431,608,189.8%,309.0%,298.3%,310.3%,220.1%,790.3%,212.9%,1212%,-1.04%,-0.21%
2018/02/28,2018/01/31,1.71%,-0.62%,-0.81%,0.50%,-2.04%,-2.22%,-4.25%,-3.58%,-3.16%,-5.65%,0.34%,0.10%,0.01%,-4.43%,-3.65%,-4.45%,55,92,103,126,164,140,312,253,417,574,179.0%,295.0%,299.6%,310.7%,208.4%,750.7%,210.4%,1154%,-0.70%,-0.11%
2018/03/31,2018/02/28,0.07%,0.83%,1.10%,0.02%,0.13%,-2.48%,-2.21%,-0.64%,-1.99%,-1.25%,0.11%,-0.12%,-0.61%,0.66%,-1.98%,0.70%,55,93,104,126,164,137,305,252,409,567,179.1%,299.8%,300.0%,310.2%,202.3%,756.6%,218.7%,1162%,-0.59%,-0.23%
2018/04/30,2018/03/31,-0.01%,-1.14%,-0.93%,-0.18%,1.36%,0.49%,-0.62%,-0.49%,0.32%,1.66%,1.39%,1.28%,0.99%,2.29%,0.43%,1.91%,55,92,103,126,166,137,303,250,410,576,183.0%,304.5%,305.6%,315.5%,203.6%,773.0%,223.4%,1191%,0.00%,0.00%
2018/05/31,2018/04/30,1.04%,-0.95%,0.59%,-1.84%,-1.30%,4.73%,1.35%,3.03%,0.74%,1.84%,0.75%,-0.23%,-0.45%,5.43%,2.78%,5.50%,56,91,104,124,164,144,307,258,413,587,176.4%,292.8%,308.7%,314.6%,212.0%,820.9%,232.2%,1261%,0.00%,-0.23%
2018/06/30,2018/05/31,0.07%,-0.21%,1.48%,0.30%,-0.77%,1.24%,0.91%,2.12%,0.88%,-0.69%,0.12%,-1.22%,-0.95%,-0.07%,0.75%,0.30%,56,91,105,124,163,145,310,263,417,583,174.0%,285.2%,309.1%,309.5%,214.4%,823.7%,230.7%,1260%,0.00%,-1.45%
2018/07/31,2018/06/30,0.18%,-1.32%,1.82%,-0.10%,-0.90%,4.22%,1.90%,4.72%,3.03%,1.90%,-0.58%,-0.46%,-1.58%,0.64%,3.27%,0.78%,56,90,107,124,161,152,316,276,430,594,171.1%,276.3%,306.8%,307.6%,224.7%,830.9%,222.4%,1269%,-0.58%,-1.90%
2018/08/31,2018/07/31,-1.17%,-0.65%,-0.59%,2.48%,-1.38%,1.24%,2.07%,2.59%,7.32%,3.55%,1.56%,1.94%,1.81%,5.40%,3.55%,4.82%,55,89,106,127,159,153,322,283,461,615,170.5%,285.0%,313.1%,315.5%,236.2%,875.8%,226.5%,1343%,0.00%,0.00%
2018/09/30,2018/08/31,-0.50%,0.10%,0.67%,-0.32%,-0.20%,-0.00%,0.01%,0.39%,0.18%,-0.01%,1.21%,1.54%,0.27%,-1.24%,0.10%,-1.71%,55,89,107,127,159,153,322,284,462,615,171.3%,285.0%,318.1%,321.9%,236.6%,859.1%,220.6%,1325%,0.00%,0.00%
2018/10/31,2018/09/30,0.78%,0.08%,2.57%,0.72%,0.85%,-10.42%,-7.07%,-4.25%,-6.36%,-5.62%,0.92%,1.29%,0.91%,-9.95%,-7.27%,-10.34%,55,89,110,128,160,137,300,272,433,580,171.5%,303.5%,321.9%,327.4%,212.1%,760.0%,210.8%,1183%,0.00%,0.00%
2018/11/30,2018/10/31,-0.42%,1.35%,1.24%,1.75%,-1.99%,1.57%,3.32%,2.66%,3.64%,-0.11%,1.02%,1.28%,-0.63%,1.26%,1.99%,0.88%,55,91,111,130,157,140,310,279,448,580,167.2%,296.7%,326.3%,332.8%,218.3%,767.5%,207.3%,1199%,0.00%,0.00%
2018/12/31,2018/11/30,2.46%,-0.79%,-2.17%,-1.26%,-0.66%,-8.69%,-8.44%,-11.24%,-9.41%,-10.67%,-1.30%,-2.01%,-1.94%,-14.75%,-9.28%,-14.14%,57,90,109,128,156,127,283,248,406,518,158.9%,288.9%,320.7%,324.1%,188.8%,644.8%,192.4%,1008%,-1.30%,-2.01%
2019/01/31,2018/12/31,2.70%,-0.71%,-1.23%,-0.35%,-0.72%,11.93%,8.08%,6.17%,8.66%,8.64%,-0.83%,2.37%,-0.00%,15.65%,8.72%,14.94%,58,89,108,128,155,143,306,263,441,563,150.1%,276.1%,317.2%,334.2%,214.0%,756.1%,210.6%,1181%,-2.12%,0.00%
2019/02/28,2019/01/31,-1.70%,-0.43%,0.36%,1.31%,0.66%,3.49%,2.66%,2.94%,4.48%,3.52%,0.62%,-0.18%,-0.09%,4.81%,3.43%,4.87%,57,89,108,129,156,148,314,271,461,582,156.0%,276.2%,319.8%,333.4%,224.7%,797.8%,215.0%,1243%,-1.51%,-0.18%
2019/03/31,2019/02/28,-0.11%,-0.71%,0.61%,-0.29%,0.15%,2.96%,0.63%,0.77%,0.42%,0.82%,-0.62%,-1.78%,-1.19%,-3.54%,1.41%,-3.01%,57,88,109,129,156,152,316,273,463,587,156.7%,268.1%,317.2%,325.7%,229.3%,770.7%,201.1%,1195%,-2.12%,-1.96%
2019/04/30,2019/03/31,-0.30%,1.15%,-1.77%,-0.82%,-0.10%,3.23%,5.35%,1.53%,3.83%,5.06%,0.08%,0.96%,-1.21%,3.21%,4.02%,2.92%,57,89,107,128,156,157,333,277,481,617,157.2%,274.8%,317.5%,329.8%,242.5%,796.2%,197.8%,1237%,-2.05%,-1.02%
2019/05/31,2019/04/30,2.09%,1.04%,2.26%,-2.28%,-2.24%,-4.64%,-5.51%,-4.94%,-8.75%,-9.34%,-2.21%,-3.20%,-1.36%,-11.90%,-6.47%,-10.94%,58,90,109,125,152,150,315,264,439,559,146.1%,257.2%,308.3%,316.0%,220.4%,698.2%,184.5%,1078%,-4.21%,-4.19%
2019/06/30,2019/05/31,0.26%,-1.62%,0.67%,0.03%,1.06%,6.33%,5.56%,7.73%,7.04%,10.28%,1.99%,2.60%,-0.60%,8.31%,6.83%,7.53%,58,89,110,125,154,159,332,284,469,617,148.0%,271.4%,316.4%,326.8%,242.2%,758.3%,186.5%,1176%,-2.30%,-1.69%
2019/07/31,2019/06/30,-0.08%,0.27%,1.48%,-0.79%,0.07%,0.76%,1.66%,3.03%,0.68%,1.28%,0.68%,1.26%,0.21%,0.18%,1.45%,-0.20%,58,89,111,124,154,160,338,292,473,625,148.4%,273.3%,319.3%,332.2%,247.2%,756.6%,181.8%,1178%,-1.64%,-0.46%
2019/08/31,2019/07/31,-0.91%,0.91%,0.61%,2.35%,-1.41%,-2.83%,-3.96%,-1.81%,0.16%,-2.38%,0.07%,0.78%,-0.48%,-5.28%,-2.11%,-5.51%,58,90,112,127,152,156,325,287,473,610,147.1%,275.0%,319.6%,335.5%,239.9%,709.4%,172.2%,1110%,-1.57%,0.00%
2019/09/30,2019/08/31,0.75%,0.42%,1.63%,0.73%,-1.15%,1.29%,1.87%,1.50%,2.26%,2.05%,-0.41%,0.65%,0.89%,3.65%,1.76%,3.46%,58,90,114,128,150,158,331,291,484,622,142.4%,277.8%,317.8%,338.4%,245.8%,737.4%,176.8%,1155%,-1.98%,0.00%
2019/10/31,2019/09/30,0.62%,-0.76%,-0.16%,0.06%,-0.24%,2.91%,1.14%,1.96%,2.21%,2.76%,-0.04%,0.39%,-2.41%,0.50%,2.20%,0.38%,58,89,114,128,150,162,334,297,495,639,140.4%,277.3%,317.6%,340.1%,253.4%,740.6%,171.8%,1161%,-2.02%,0.00%
2019/11/30,2019/10/31,0.74%,-0.48%,-2.71%,-0.61%,0.59%,5.00%,3.13%,2.04%,2.97%,4.72%,0.69%,-0.08%,-0.71%,3.85%,3.75%,3.88%,59,89,111,127,151,171,345,303,509,670,140.0%,276.2%,320.5%,339.8%,266.7%,773.2%,172.2%,1209%,-1.34%,-0.08%
2019/12/31,2019/11/30,0.41%,-0.07%,-1.44%,0.65%,0.61%,3.03%,2.77%,1.10%,3.38%,3.86%,2.27%,2.20%,2.99%,7.18%,2.79%,6.52%,59,89,109,128,152,176,355,307,527,696,140.5%,279.4%,330.1%,349.4%,276.9%,830.1%,182.3%,1303%,0.00%,0.00%
2020/01/31,2019/12/31,-0.41%,0.29%,0.08%,-1.63%,-0.11%,0.09%,0.05%,1.14%,-0.84%,-0.30%,0.67%,1.12%,0.84%,-3.04%,0.06%,-3.37%,59,89,109,126,151,176,355,310,522,693,141.2%,277.8%,333.0%,354.4%,277.2%,798.8%,172.6%,1261%,0.00%,0.00%
2020/02/29,2020/01/31,0.24%,-0.70%,-0.19%,-1.24%,-0.11%,-6.78%,-8.25%,-9.82%,-7.38%,-9.53%,-0.61%,-2.70%,-0.66%,-10.18%,-8.00%,-9.37%,59,88,109,124,151,164,325,280,484,627,140.4%,267.5%,330.3%,342.1%,247.0%,714.6%,168.9%,1122%,-0.61%,-2.70%
2020/03/31,2020/02/29,-2.44%,-0.62%,-2.27%,-2.71%,1.15%,-10.78%,-13.12%,-16.07%,-17.59%,-15.26%,8.39%,-1.18%,2.58%,-24.25%,-13.57%,-23.89%,58,88,106,121,153,146,283,235,399,532,149.0%,251.0%,366.5%,336.9%,199.9%,520.0%,141.2%,826.0%,0.00%,-3.85%
2020/04/30,2020/03/31,-0.46%,0.50%,1.13%,0.33%,1.21%,14.35%,12.43%,13.55%,11.79%,14.53%,11.40%,8.40%,11.94%,26.10%,13.44%,23.58%,57,88,108,121,155,167,318,266,446,609,153.2%,251.6%,419.7%,373.6%,240.2%,666.1%,165.6%,1068%,0.00%,0.00%
2020/05/31,2020/04/30,-1.34%,0.90%,-1.03%,1.21%,0.42%,5.73%,5.19%,4.54%,7.65%,2.80%,3.54%,0.70%,1.86%,6.85%,5.40%,6.64%,56,89,107,123,155,177,334,279,480,626,157.6%,241.3%,438.1%,376.9%,258.6%,717.1%,168.9%,1148%,0.00%,0.00%
2020/06/30,2020/05/31,1.21%,-3.04%,-1.07%,-0.42%,1.86%,4.39%,-1.58%,1.30%,3.08%,3.57%,2.57%,0.73%,3.21%,6.45%,2.43%,6.23%,57,86,105,122,158,185,329,282,495,648,159.3%,238.5%,451.9%,380.4%,267.3%,767.9%,179.1%,1228%,0.00%,0.00%
2020/07/31,2020/06/30,-0.15%,-1.36%,0.30%,-1.54%,-2.21%,8.04%,4.51%,4.70%,3.85%,2.32%,-4.07%,-4.73%,-3.86%,-0.74%,5.73%,0.68%,57,85,106,120,155,199,344,295,514,663,153.9%,219.2%,429.5%,357.7%,288.3%,773.8%,165.0%,1218%,-4.07%,-4.73%
2020/08/31,2020/07/31,0.37%,-1.75%,-4.06%,-1.70%,-1.71%,9.73%,4.95%,2.88%,5.15%,4.92%,5.33%,4.42%,0.86%,8.39%,7.38%,7.06%,57,84,101,118,152,219,361,304,540,696,148.7%,203.8%,457.7%,377.9%,317.0%,835.6%,164.2%,1329%,0.00%,-0.52%
2020/09/30,2020/08/31,-1.35%,1.71%,1.38%,1.59%,-0.51%,-4.36%,-1.87%,-0.88%,-1.82%,-5.97%,-1.20%,-2.84%,0.27%,-5.82%,-3.61%,-4.96%,57,85,103,120,151,209,354,301,530,654,150.8%,198.9%,451.0%,364.3%,301.9%,789.1%,160.6%,1246%,-1.20%,-3.35%
2020/10/31,2020/09/30,1.24%,-0.74%,-2.35%,-0.59%,-3.09%,-2.67%,-2.02%,-0.93%,0.43%,-0.66%,-1.28%,0.75%,-3.57%,1.15%,-2.11%,0.92%,57,85,100,120,147,204,347,299,532,650,139.9%,204.9%,443.9%,367.8%,293.4%,797.3%,168.5%,1261%,-2.47%,-2.62%
2020/11/30,2020/10/31,-2.34%,1.68%,2.93%,3.91%,5.36%,9.10%,13.82%,13.89%,17.33%,22.03%,11.47%,16.12%,11.44%,36.40%,12.26%,31.56%,56,86,103,124,155,222,395,340,625,793,158.4%,244.3%,506.4%,443.3%,341.6%,1081%,220.4%,1757%,0.00%,0.00%
2020/12/31,2020/11/30,-0.40%,-0.48%,1.61%,-4.64%,-1.45%,5.23%,3.21%,5.55%,4.22%,4.88%,3.72%,3.69%,0.55%,10.97%,4.57%,9.87%,56,86,105,119,152,234,408,359,651,832,155.7%,243.1%,528.9%,463.3%,361.8%,1197%,237.4%,1961%,0.00%,0.00%
2021/01/31,2020/12/31,0.45%,-2.72%,0.51%,-2.26%,-1.42%,-0.32%,-1.34%,2.23%,1.46%,1.24%,5.53%,4.13%,6.97%,12.94%,-0.12%,11.70%,56,83,106,116,150,233,402,367,661,842,150.9%,248.5%,563.7%,486.5%,361.3%,1349%,277.2%,2227%,0.00%,0.00%
