Date,fdate,REHOLDING_AR_1,REHOLDING_AR_2,REHOLDING_AR_3,REHOLDING_AR_4,REHOLDING_AR_5,REHOLDING_TR_1,REHOLDING_TR_2,REHOLDING_TR_3,REHOLDING_TR_4,REHOLDING_TR_5,REHOLDING_AR_Sig,REHOLDING_TR_Sig,REHOLDING_AR_130,REHOLDING_TR_130,REHOLDING_TR_BP,REHOLDING_TR_LO,REHOLDING_CAR_1,REHOLDING_CAR_2,REHOLDING_CAR_3,REHOLDING_CAR_4,REHOLDING_CAR_5,REHOLDING_CTR_1,REHOLDING_CTR_2,REHOLDING_CTR_3,REHOLDING_CTR_4,REHOLDING_CTR_5,REHOLDING_CAR_LS,REHOLDING_CTR_LS,REHOLDING_CAR_SW,REHOLDING_CTR_SW,REHOLDING_CTR_BP,REHOLDING_CTR_LO,REHOLDING_CXR_LO,REHOLDING_CTR_13,REHOLDING_CADD,REHOLDING_CTDD
2001/02/28,2001/01/31,1.67%,1.79%,-0.54%,0.97%,3.64%,-8.70%,-9.11%,-5.23%,-13.68%,-9.52%,-1.05%,1.43%,9.92%,-6.56%,-9.48%,-6.99%,102,102,99,101,104,91,91,95,86,90,1.97%,-0.82%,-1.05%,1.43%,-9.48%,-6.99%,2.49%,-6.56%,-1.05%,0.00%
2001/03/31,2001/02/28,0.85%,-0.61%,1.15%,-0.82%,0.92%,-6.01%,-6.64%,-3.49%,-8.92%,-7.03%,-0.79%,0.11%,1.85%,-7.13%,-6.73%,-7.16%,103,101,101,100,105,86,85,91,79,84,2.04%,-1.83%,-1.83%,1.54%,-15.57%,-13.65%,2.05%,-13.22%,-1.83%,0.00%
2001/04/30,2001/03/31,-0.32%,-0.42%,-2.23%,-0.12%,1.48%,8.45%,6.96%,4.22%,9.15%,10.78%,1.27%,0.53%,-2.13%,8.90%,8.26%,8.74%,102,101,98,100,106,93,91,95,86,93,3.88%,0.46%,-0.58%,2.08%,-8.60%,-6.10%,2.54%,-5.49%,-0.58%,0.00%
2001/05/31,2001/04/30,-2.80%,0.35%,-1.11%,0.56%,0.40%,-0.69%,1.38%,2.78%,0.79%,0.99%,0.31%,0.45%,5.50%,8.39%,1.01%,8.26%,99,101,97,101,107,92,92,98,86,94,7.20%,2.14%,-0.28%,2.54%,-7.68%,1.66%,9.98%,2.44%,-0.28%,0.00%
2001/06/30,2001/05/31,2.66%,-1.75%,1.79%,0.64%,1.86%,-0.24%,-3.54%,-1.85%,-1.92%,-0.26%,1.37%,1.26%,-1.31%,2.95%,-1.54%,2.57%,102,99,99,101,109,92,89,96,85,94,6.34%,2.11%,1.09%,3.82%,-9.10%,4.27%,14.50%,5.46%,0.00%,0.00%
2001/07/31,2001/06/30,-2.14%,0.49%,-2.35%,0.40%,-0.13%,-2.92%,-1.12%,-0.28%,-1.57%,-2.67%,-1.15%,-0.54%,3.09%,-3.52%,-1.79%,-3.36%,100,100,97,102,108,90,88,96,84,91,8.48%,2.37%,-0.08%,3.26%,-10.73%,0.77%,12.71%,1.74%,-1.15%,-0.54%
2001/08/31,2001/07/31,1.23%,-0.95%,2.36%,1.89%,-0.64%,-6.02%,-6.29%,-3.87%,-5.01%,-7.71%,0.89%,0.70%,2.37%,-2.75%,-5.97%,-2.96%,101,99,99,104,108,84,82,92,79,84,6.45%,0.63%,0.81%,3.98%,-16.06%,-2.22%,16.10%,-1.06%,-0.28%,0.00%
2001/09/30,2001/08/31,-3.39%,0.34%,1.09%,0.06%,-1.26%,-12.36%,-6.90%,-6.43%,-7.82%,-10.81%,-0.52%,0.13%,2.78%,-13.92%,-8.92%,-13.95%,98,99,100,104,106,74,77,86,73,75,8.72%,2.19%,0.28%,4.11%,-23.54%,-15.86%,10.25%,-14.83%,-0.80%,0.00%
2001/10/31,2001/09/30,3.89%,1.34%,2.36%,1.04%,2.39%,4.00%,2.90%,-1.36%,2.10%,4.95%,-0.19%,-1.15%,-2.73%,8.80%,2.68%,9.15%,101,101,102,105,109,77,79,85,75,79,7.09%,3.16%,0.09%,2.92%,-21.50%,-8.17%,17.38%,-7.33%,-0.99%,-1.15%
2001/11/30,2001/10/31,0.01%,-0.68%,-3.33%,0.21%,0.50%,9.39%,6.20%,6.39%,7.40%,9.00%,1.56%,1.04%,0.60%,9.44%,7.75%,9.13%,101,100,99,105,109,84,84,91,80,86,7.61%,2.76%,1.65%,3.99%,-15.41%,0.22%,19.00%,1.42%,0.00%,-0.12%
2001/12/31,2001/11/30,-0.31%,0.20%,2.06%,-0.13%,0.54%,1.46%,1.86%,2.66%,0.83%,2.12%,-0.63%,-0.83%,0.09%,5.98%,1.71%,6.23%,101,100,101,105,110,85,85,93,81,88,8.53%,3.43%,1.01%,3.13%,-13.96%,6.46%,24.38%,7.49%,-0.63%,-0.94%
2002/01/31,2001/12/31,0.23%,-0.52%,-0.55%,-0.06%,0.57%,-0.97%,-1.49%,-0.83%,-1.42%,-1.29%,-0.76%,-0.83%,2.63%,1.61%,-1.25%,1.86%,101,100,100,105,111,84,84,92,80,87,8.89%,3.10%,0.25%,2.27%,-15.04%,8.44%,28.25%,9.22%,-1.38%,-1.77%
2002/02/28,2002/01/31,-1.40%,-0.10%,0.72%,0.99%,0.34%,-4.12%,-2.28%,-0.54%,-1.16%,-2.48%,-0.03%,0.14%,-0.08%,-4.59%,-2.10%,-4.64%,100,99,101,106,111,81,82,92,79,85,10.79%,4.79%,0.22%,2.42%,-16.83%,3.42%,25.00%,4.21%,-1.41%,-1.63%
2002/03/31,2002/02/28,0.36%,1.48%,3.37%,1.62%,-2.02%,5.27%,5.76%,4.59%,4.96%,2.25%,-0.07%,-0.39%,0.07%,8.15%,4.42%,8.27%,100,101,105,107,109,85,87,96,83,86,8.16%,1.63%,0.14%,2.01%,-13.15%,11.97%,29.82%,12.70%,-1.48%,-2.01%
2002/04/30,2002/03/31,2.57%,0.47%,-0.02%,0.03%,-1.45%,-3.44%,-5.45%,-2.96%,-4.15%,-7.55%,1.47%,2.22%,2.27%,1.10%,-5.00%,0.43%,103,101,105,107,107,82,82,93,79,80,3.80%,-2.54%,1.62%,4.28%,-17.49%,12.46%,36.87%,13.94%,-0.03%,0.00%
2002/05/31,2002/04/30,-1.27%,0.92%,-1.25%,-0.57%,-0.55%,-2.44%,0.09%,-0.71%,-1.16%,-1.84%,-0.29%,-0.16%,1.23%,-3.18%,-1.20%,-3.13%,102,102,103,107,107,80,82,92,78,78,4.54%,-1.95%,1.32%,4.12%,-18.48%,8.94%,34.23%,10.32%,-0.32%,-0.16%
2002/06/30,2002/05/31,-0.55%,-1.33%,3.02%,-2.27%,2.19%,-9.14%,-9.72%,-2.73%,-8.26%,-5.77%,-0.05%,0.55%,-3.47%,-7.66%,-6.92%,-7.82%,101,101,106,104,109,73,74,90,72,74,7.42%,1.36%,1.27%,4.69%,-24.12%,0.41%,33.02%,1.87%,-0.37%,0.00%
2002/07/31,2002/06/30,2.11%,-0.17%,-3.80%,-0.15%,0.91%,-8.11%,-8.98%,-8.87%,-7.18%,-7.35%,0.95%,1.23%,2.33%,-11.12%,-7.99%,-11.49%,103,101,102,104,110,67,67,82,67,68,6.13%,2.13%,2.24%,5.98%,-30.19%,-11.12%,28.37%,-9.45%,0.00%,0.00%
2002/08/31,2002/07/31,-1.84%,-1.22%,-0.44%,-0.20%,-0.81%,-0.06%,-0.20%,2.25%,1.25%,-0.09%,-0.53%,-0.90%,0.77%,-1.41%,0.64%,-1.14%,101,100,102,104,109,67,67,84,68,68,7.22%,2.09%,1.70%,5.03%,-29.74%,-12.14%,26.08%,-10.73%,-0.53%,-0.90%
2002/09/30,2002/08/31,1.28%,-0.60%,-2.84%,-1.24%,-0.42%,-10.29%,-10.02%,-10.36%,-9.03%,-10.99%,1.24%,2.05%,2.45%,-7.44%,-10.13%,-8.05%,103,99,99,103,109,60,61,75,61,61,5.40%,1.38%,2.96%,7.18%,-36.86%,-19.21%,28.70%,-17.37%,0.00%,0.00%
2002/10/31,2002/09/30,1.01%,1.79%,0.34%,3.31%,0.15%,8.60%,8.27%,4.72%,8.59%,8.22%,0.79%,0.52%,-0.99%,5.36%,7.77%,5.20%,104,101,99,106,109,65,66,79,67,66,4.49%,0.99%,3.78%,7.73%,-31.95%,-15.01%,25.40%,-12.94%,0.00%,0.00%
2002/11/30,2002/10/31,-0.07%,1.55%,-2.81%,0.74%,-0.75%,7.33%,7.93%,2.31%,5.84%,6.55%,0.79%,0.69%,1.33%,14.79%,6.03%,14.59%,103,102,97,107,108,70,71,80,71,70,3.78%,0.20%,4.59%,8.47%,-27.85%,-2.61%,36.13%,-0.07%,0.00%,0.00%
2002/12/31,2002/11/30,-1.41%,0.84%,2.24%,0.02%,-1.23%,-7.99%,-5.45%,-1.39%,-4.57%,-7.91%,-0.26%,0.24%,1.54%,-5.66%,-5.58%,-5.73%,102,103,99,107,107,64,67,79,67,65,3.96%,0.28%,4.32%,8.73%,-31.88%,-8.19%,35.93%,-5.72%,-0.26%,0.00%
2003/01/31,2002/12/31,0.13%,-0.09%,1.60%,-0.33%,-0.71%,-2.83%,-2.61%,-1.09%,-2.46%,-3.40%,-2.17%,-2.98%,-0.11%,-2.19%,-2.56%,-1.29%,102,103,100,107,106,62,65,78,66,62,3.09%,-0.29%,2.05%,5.49%,-33.63%,-9.38%,37.65%,-7.78%,-2.43%,-2.98%
2003/02/28,2003/01/31,-0.58%,-0.36%,0.52%,-0.35%,1.09%,-2.92%,-2.23%,-1.82%,-1.99%,-0.80%,0.95%,1.11%,0.19%,-2.25%,-1.81%,-2.59%,102,103,101,106,107,61,64,77,64,62,4.81%,1.82%,3.02%,6.67%,-34.83%,-11.73%,36.58%,-9.86%,-1.50%,-1.90%
2003/03/31,2003/02/28,1.03%,0.27%,0.65%,1.84%,0.74%,1.43%,0.82%,0.07%,2.08%,1.42%,-1.40%,-1.73%,-0.86%,0.37%,1.22%,0.89%,103,103,101,108,108,62,64,77,66,63,4.50%,1.82%,1.58%,4.82%,-34.03%,-10.94%,36.12%,-9.53%,-2.88%,-3.60%
2003/04/30,2003/03/31,0.35%,0.27%,-0.23%,-0.76%,0.13%,9.82%,10.20%,7.02%,6.08%,9.04%,0.70%,0.96%,0.48%,11.98%,8.22%,11.69%,103,103,101,107,108,68,71,82,70,69,4.27%,1.03%,2.29%,5.83%,-28.61%,-0.53%,40.84%,1.30%,-2.21%,-2.67%
2003/05/31,2003/04/30,-0.77%,0.72%,2.63%,-0.09%,-2.38%,7.21%,8.39%,7.51%,4.85%,4.78%,-1.33%,-1.44%,1.68%,14.60%,6.23%,15.04%,102,104,104,107,105,72,77,89,73,72,2.60%,-1.43%,0.92%,4.31%,-24.16%,14.42%,53.25%,16.10%,-3.51%,-4.07%
2003/06/30,2003/05/31,-1.38%,0.06%,-0.60%,1.17%,0.00%,0.57%,1.71%,1.00%,2.52%,1.47%,-1.21%,-0.86%,1.35%,5.57%,1.49%,5.83%,101,104,103,109,105,73,78,90,75,73,4.01%,-0.54%,-0.30%,3.41%,-23.03%,21.10%,59.90%,22.57%,-4.68%,-4.90%
2003/07/31,2003/06/30,3.65%,0.57%,-1.72%,0.24%,0.96%,6.47%,2.09%,0.47%,1.80%,2.55%,-0.12%,-0.49%,1.09%,7.59%,2.46%,7.74%,104,105,102,109,106,78,80,90,76,75,1.21%,-4.43%,-0.42%,2.90%,-21.14%,30.47%,68.34%,31.87%,-4.79%,-5.36%
2003/08/31,2003/07/31,-0.13%,0.91%,-1.17%,-2.16%,1.37%,3.08%,3.22%,1.91%,0.24%,3.47%,-0.44%,-0.25%,0.01%,5.24%,2.35%,5.32%,104,106,100,106,108,80,82,92,77,77,2.74%,-4.05%,-0.86%,2.65%,-19.28%,37.40%,73.33%,38.78%,-5.21%,-5.60%
2003/09/30,2003/08/31,-0.10%,-1.06%,-0.07%,-0.31%,0.51%,-1.10%,-2.28%,-0.87%,-1.23%,-0.48%,-0.28%,-0.47%,2.92%,2.78%,-1.08%,2.92%,104,104,100,106,108,79,80,91,76,77,3.37%,-3.46%,-1.13%,2.16%,-20.15%,41.42%,80.27%,42.64%,-5.48%,-6.04%
2003/10/31,2003/09/30,1.77%,0.73%,-0.79%,-0.74%,1.22%,8.01%,5.93%,6.93%,4.46%,5.70%,0.33%,0.81%,1.86%,9.43%,6.06%,9.19%,106,105,99,105,110,85,85,97,79,81,2.80%,-5.68%,-0.80%,2.99%,-15.32%,54.41%,85.92%,56.10%,-5.16%,-5.28%
2003/11/30,2003/10/31,0.07%,0.79%,-1.27%,0.38%,-0.34%,1.97%,2.15%,1.19%,1.87%,0.59%,-0.22%,0.01%,0.60%,3.74%,1.47%,3.74%,106,106,98,106,109,87,87,98,80,82,2.39%,-6.98%,-1.03%,3.00%,-14.07%,60.19%,90.13%,61.94%,-5.37%,-5.27%
2003/12/31,2003/11/30,-1.15%,1.87%,-0.47%,0.11%,-2.14%,4.04%,6.93%,3.63%,4.32%,3.15%,-0.22%,-0.64%,-1.20%,2.88%,4.39%,3.08%,105,108,98,106,107,91,93,102,84,84,1.37%,-7.81%,-1.24%,2.33%,-10.30%,65.12%,87.64%,66.61%,-5.58%,-5.88%
2004/01/31,2003/12/31,-0.39%,-0.67%,-2.79%,-0.38%,2.24%,2.39%,1.95%,0.57%,1.70%,3.80%,-1.62%,-1.68%,2.95%,7.10%,2.25%,7.60%,104,107,95,105,109,93,95,102,85,88,4.04%,-6.51%,-2.84%,0.62%,-8.28%,77.67%,97.69%,78.44%,-7.11%,-7.46%
2004/02/29,2004/01/31,0.84%,-0.52%,0.72%,-0.04%,-0.62%,2.21%,1.12%,2.29%,1.39%,0.94%,0.84%,0.87%,1.04%,2.08%,1.48%,1.82%,105,107,96,105,109,95,96,105,87,88,2.52%,-7.70%,-2.03%,1.49%,-6.92%,80.90%,98.35%,82.15%,-6.33%,-6.66%
2004/03/31,2004/02/29,-0.60%,1.09%,-0.05%,-0.23%,-0.29%,-1.43%,-0.20%,-0.68%,-1.33%,-1.49%,0.60%,0.48%,0.23%,0.82%,-1.09%,0.68%,105,108,96,105,108,93,96,104,85,87,2.84%,-7.75%,-1.44%,1.98%,-7.94%,82.12%,101.9%,83.64%,-5.77%,-6.21%
2004/04/30,2004/03/31,-0.53%,-0.65%,0.67%,-0.05%,-1.48%,-2.10%,-1.51%,-2.40%,-1.44%,-2.49%,0.59%,0.49%,0.60%,-2.38%,-2.03%,-2.52%,104,107,96,105,107,92,94,102,84,85,1.87%,-8.12%,-0.86%,2.48%,-9.81%,77.53%,100.9%,79.28%,-5.21%,-5.75%
2004/05/31,2004/04/30,0.78%,-0.06%,1.41%,-0.54%,-0.08%,1.90%,0.88%,2.20%,0.47%,1.32%,0.75%,0.72%,-0.19%,0.26%,1.34%,0.05%,105,107,98,105,107,93,95,104,85,86,0.99%,-8.65%,-0.11%,3.21%,-8.61%,77.62%,98.28%,79.75%,-4.50%,-5.08%
2004/06/30,2004/05/31,-1.20%,1.96%,-0.64%,-0.65%,0.71%,1.12%,3.61%,1.74%,0.89%,2.63%,-0.19%,-0.05%,-1.57%,2.28%,1.96%,2.30%,104,109,97,104,107,94,99,106,85,88,2.92%,-7.27%,-0.31%,3.16%,-6.81%,81.70%,98.95%,83.86%,-4.69%,-5.12%
2004/07/31,2004/06/30,-1.49%,-0.52%,1.82%,-1.14%,0.94%,-6.23%,-3.76%,-0.43%,-4.38%,-4.16%,0.35%,0.16%,-2.35%,-7.48%,-3.87%,-7.52%,102,109,99,103,108,88,95,105,82,85,5.42%,-5.35%,0.04%,3.32%,-10.42%,68.03%,91.67%,70.11%,-4.36%,-4.97%
2004/08/31,2004/07/31,-0.31%,-0.61%,1.94%,0.69%,-0.52%,-0.47%,-0.28%,2.41%,0.82%,-0.53%,0.32%,0.28%,-0.80%,-1.54%,0.29%,-1.62%,102,108,101,103,108,88,95,108,82,84,5.20%,-5.41%,0.36%,3.61%,-10.15%,65.30%,88.00%,67.49%,-4.05%,-4.71%
2004/09/30,2004/08/31,-0.50%,0.81%,1.09%,-1.77%,0.47%,1.84%,1.82%,2.87%,-0.27%,2.27%,-0.12%,-0.24%,0.43%,3.86%,1.66%,3.93%,101,109,102,102,108,90,96,111,82,86,6.22%,-5.00%,0.24%,3.37%,-8.67%,71.80%,92.28%,73.96%,-4.17%,-4.93%
2004/10/31,2004/09/30,-1.38%,-0.52%,1.32%,0.06%,0.54%,0.36%,0.97%,2.37%,1.49%,2.27%,0.26%,0.66%,-0.27%,2.05%,1.55%,1.85%,100,108,103,102,109,90,97,113,83,88,8.25%,-3.20%,0.49%,4.05%,-7.25%,74.98%,92.86%,77.52%,-3.92%,-4.31%
2004/11/30,2004/10/31,0.30%,1.14%,-0.32%,-1.18%,0.06%,5.70%,5.50%,4.23%,3.13%,4.93%,0.24%,0.55%,1.56%,10.36%,4.65%,10.19%,100,110,103,100,109,95,103,118,86,92,7.99%,-3.94%,0.74%,4.62%,-2.94%,92.81%,103.5%,95.90%,-3.69%,-3.78%
2004/12/31,2004/11/30,0.88%,0.26%,-1.28%,0.65%,-0.05%,4.81%,4.29%,1.54%,4.09%,3.83%,-0.25%,0.02%,2.47%,7.28%,3.62%,7.28%,101,110,102,101,109,100,107,120,89,96,6.98%,-4.88%,0.48%,4.64%,0.58%,106.8%,111.0%,110.2%,-3.93%,-3.77%
2005/01/31,2004/12/31,1.45%,-0.17%,-0.28%,-1.67%,0.65%,-2.50%,-2.54%,-1.59%,-4.08%,-2.58%,0.07%,0.24%,0.70%,-3.58%,-2.69%,-3.65%,103,110,101,99,110,97,104,118,86,93,6.12%,-4.95%,0.56%,4.89%,-2.13%,99.29%,109.0%,102.6%,-3.86%,-3.54%
2005/02/28,2005/01/31,0.01%,-0.43%,2.94%,0.64%,-1.63%,1.65%,1.26%,5.25%,2.31%,0.16%,0.41%,0.61%,-0.34%,1.24%,2.06%,1.05%,103,109,104,100,108,99,106,124,88,94,4.39%,-6.37%,0.97%,5.53%,-0.11%,101.4%,106.8%,105.2%,-3.47%,-2.95%
2005/03/31,2005/02/28,0.08%,-0.67%,-1.91%,0.34%,1.08%,-2.72%,-1.84%,-1.95%,-1.37%,-1.21%,-0.30%,0.17%,-0.74%,-2.83%,-1.73%,-2.88%,103,108,102,100,109,96,104,122,86,93,5.43%,-4.96%,0.67%,5.71%,-1.84%,95.58%,104.5%,99.35%,-3.76%,-2.78%
2005/04/30,2005/03/31,0.02%,-2.53%,1.85%,0.90%,1.23%,-3.84%,-4.58%,-0.31%,-1.28%,-1.38%,1.88%,1.88%,1.97%,-4.14%,-2.23%,-4.70%,103,106,104,101,110,92,99,122,85,91,6.70%,-2.61%,2.56%,7.70%,-4.03%,86.39%,99.42%,91.10%,-1.95%,-0.95%
2005/05/31,2005/04/30,0.76%,-0.20%,-0.36%,-0.28%,0.19%,6.02%,3.15%,3.14%,3.10%,4.30%,1.22%,1.45%,-0.54%,6.42%,3.88%,5.98%,104,106,104,101,111,98,102,125,88,95,6.09%,-4.29%,3.80%,9.26%,-0.31%,97.54%,103.6%,103.4%,-0.76%,0.00%
2005/06/30,2005/05/31,0.98%,0.14%,0.86%,-0.66%,-0.86%,1.59%,1.16%,3.28%,-0.09%,-0.43%,0.33%,0.42%,0.11%,3.68%,0.85%,3.55%,105,106,105,100,110,100,103,129,88,95,4.14%,-6.22%,4.14%,9.72%,0.54%,104.6%,109.1%,110.8%,-0.43%,0.00%
2005/07/31,2005/06/30,-1.33%,1.01%,0.34%,1.43%,-1.07%,4.40%,4.64%,3.56%,5.09%,3.40%,0.50%,0.44%,0.07%,7.28%,4.20%,7.14%,103,107,105,102,109,104,108,134,92,98,4.40%,-7.16%,4.67%,10.21%,4.76%,119.2%,115.3%,126.2%,0.00%,0.00%
2005/08/31,2005/07/31,-0.98%,0.59%,0.16%,-0.62%,0.60%,-2.74%,-0.13%,-0.21%,-1.51%,-0.79%,-0.82%,-0.67%,-0.22%,-2.18%,-1.01%,-1.98%,102,107,105,101,109,101,108,134,91,97,6.05%,-5.34%,3.81%,9.47%,3.70%,114.8%,113.2%,121.3%,-0.82%,-0.67%
2005/09/30,2005/08/31,1.97%,0.84%,0.37%,-0.45%,-0.60%,1.93%,1.68%,0.99%,0.15%,-0.33%,-0.34%,-0.39%,0.73%,-0.01%,0.77%,0.11%,104,108,106,101,109,103,110,135,91,97,3.33%,-7.48%,3.45%,9.04%,4.50%,115.1%,111.8%,121.2%,-1.16%,-1.06%
2005/10/31,2005/09/30,1.58%,-1.65%,-2.44%,-0.51%,1.83%,-0.88%,-3.19%,-3.41%,-2.09%,0.05%,0.77%,0.67%,-0.27%,-2.86%,-1.76%,-3.06%,106,106,103,100,111,102,106,131,89,97,3.58%,-6.62%,4.25%,9.77%,2.66%,108.5%,109.0%,114.9%,-0.39%,-0.40%
2005/11/30,2005/10/31,-0.41%,-0.22%,-0.10%,0.24%,1.08%,4.31%,3.37%,2.60%,3.97%,4.76%,1.55%,1.56%,0.36%,5.01%,3.93%,4.54%,105,106,103,100,112,106,110,134,93,102,5.12%,-6.21%,5.87%,11.48%,6.69%,117.9%,110.3%,125.7%,0.00%,0.00%
2005/12/31,2005/11/30,-0.00%,0.26%,0.93%,-0.18%,-0.27%,-0.26%,0.43%,0.93%,-0.10%,-0.39%,-0.38%,-0.81%,0.96%,0.21%,0.04%,0.46%,105,106,104,100,111,106,110,135,93,101,4.84%,-6.32%,5.47%,10.58%,6.73%,118.9%,111.2%,126.1%,-0.38%,-0.81%
2006/01/31,2005/12/31,-2.86%,1.30%,1.64%,0.81%,-1.98%,2.26%,3.77%,6.04%,3.75%,2.46%,0.05%,-0.28%,-0.96%,8.12%,3.44%,8.20%,102,108,106,101,109,109,114,143,96,104,5.76%,-6.13%,5.52%,10.27%,10.40%,136.9%,121.3%,144.5%,-0.33%,-1.09%
2006/02/28,2006/01/31,0.38%,0.09%,-2.32%,0.93%,-0.00%,0.48%,0.16%,-2.19%,0.97%,0.24%,0.28%,0.52%,1.01%,1.36%,0.09%,1.20%,103,108,103,102,109,109,115,140,97,104,5.36%,-6.35%,5.81%,10.84%,10.50%,139.7%,123.7%,147.8%,-0.05%,-0.57%
2006/03/31,2006/02/28,-0.93%,1.05%,-1.30%,-0.58%,-0.34%,1.77%,2.48%,0.91%,1.79%,1.91%,0.12%,0.06%,-1.18%,4.38%,1.90%,4.36%,102,109,102,101,109,111,117,141,99,106,5.98%,-6.22%,5.94%,10.91%,12.59%,150.2%,129.2%,158.7%,0.00%,-0.51%
2006/04/30,2006/03/31,-0.33%,0.49%,-0.03%,-0.58%,-0.14%,-0.19%,2.38%,2.21%,-0.11%,0.60%,0.08%,-0.67%,0.31%,0.04%,0.99%,0.24%,101,110,102,101,109,111,120,145,99,106,6.18%,-5.48%,6.03%,10.17%,13.71%,150.8%,127.5%,158.8%,0.00%,-1.18%
2006/05/31,2006/04/30,0.18%,-0.49%,-1.24%,0.28%,0.24%,-4.68%,-2.67%,-1.93%,-3.30%,-3.02%,-0.08%,-0.01%,-0.71%,-5.31%,-3.11%,-5.30%,102,109,100,101,109,106,117,142,95,103,6.24%,-3.91%,5.95%,10.15%,10.17%,137.5%,122.5%,145.0%,-0.08%,-1.19%
2006/06/30,2006/05/31,0.70%,0.35%,0.12%,-0.01%,-0.46%,0.43%,0.72%,0.78%,-0.19%,-0.58%,-0.30%,-0.46%,-1.32%,-1.70%,0.19%,-1.56%,102,109,101,101,108,106,118,143,95,103,5.01%,-4.88%,5.63%,9.65%,10.39%,133.8%,118.6%,140.9%,-0.38%,-1.65%
2006/07/31,2006/06/30,0.22%,0.57%,0.71%,0.61%,-1.17%,-2.32%,1.50%,1.36%,-0.46%,-1.73%,-0.06%,-0.23%,-1.02%,-4.37%,-0.28%,-4.30%,103,110,101,102,107,104,120,145,95,101,3.55%,-4.32%,5.57%,9.40%,10.08%,123.7%,109.8%,130.4%,-0.43%,-1.87%
2006/08/31,2006/07/31,0.50%,-0.80%,0.11%,0.21%,0.87%,3.28%,1.04%,1.06%,3.20%,3.79%,0.56%,0.52%,-0.72%,3.02%,2.48%,2.87%,103,109,101,102,108,107,121,146,98,105,3.94%,-3.83%,6.16%,9.97%,12.81%,130.1%,110.6%,137.3%,0.00%,-1.36%
2006/09/30,2006/08/31,1.00%,-0.87%,-2.90%,-0.05%,1.89%,3.22%,1.72%,-0.79%,2.07%,3.96%,1.36%,1.38%,1.27%,2.51%,2.24%,2.10%,104,108,98,102,110,110,123,145,100,109,4.87%,-3.12%,7.60%,11.49%,15.33%,135.0%,110.3%,143.3%,0.00%,0.00%
2006/10/31,2006/09/30,-0.17%,-0.06%,1.15%,-0.05%,-0.50%,4.08%,3.30%,4.39%,3.68%,3.37%,0.36%,0.82%,0.14%,6.22%,3.69%,5.98%,104,108,100,102,110,115,127,152,104,113,4.52%,-3.81%,7.98%,12.40%,19.59%,149.0%,115.1%,158.4%,0.00%,0.00%
2006/11/30,2006/10/31,0.33%,-1.20%,3.17%,-0.30%,-0.84%,2.52%,0.88%,5.12%,1.96%,1.41%,-0.43%,-0.29%,-1.50%,1.91%,2.16%,2.00%,104,107,103,102,109,118,128,159,106,114,3.30%,-4.88%,7.52%,12.08%,22.17%,154.0%,114.8%,163.4%,-0.43%,-0.29%
2006/12/31,2006/11/30,0.97%,1.05%,-4.59%,-0.49%,0.79%,1.46%,2.56%,-0.25%,0.24%,1.52%,-0.14%,-0.52%,0.65%,1.36%,1.18%,1.52%,105,108,98,101,110,120,131,159,106,116,3.11%,-4.82%,7.37%,11.49%,23.61%,157.8%,115.5%,166.9%,-0.57%,-0.81%
2007/01/31,2006/12/31,-0.21%,0.00%,-1.13%,1.27%,0.54%,2.01%,1.74%,0.28%,3.16%,2.39%,0.09%,-0.15%,1.05%,2.85%,2.01%,2.90%,105,108,97,102,110,122,134,159,109,119,3.88%,-4.46%,7.47%,11.32%,26.09%,165.3%,117.4%,174.6%,-0.48%,-0.96%
2007/02/28,2007/01/31,-0.35%,0.42%,1.10%,-0.82%,-0.78%,-2.12%,-1.17%,-0.49%,-2.09%,-2.13%,0.16%,0.45%,0.75%,0.59%,-1.63%,0.45%,105,108,98,101,109,119,132,159,107,116,3.44%,-4.47%,7.64%,11.82%,24.04%,166.5%,122.0%,176.2%,-0.32%,-0.52%
2007/03/31,2007/02/28,-1.18%,0.24%,1.31%,-0.72%,0.04%,0.52%,1.05%,2.77%,0.15%,1.10%,1.06%,0.64%,0.30%,0.81%,1.00%,0.61%,103,109,99,101,109,120,133,163,107,117,4.70%,-3.91%,8.78%,12.54%,25.28%,168.1%,121.1%,178.4%,0.00%,0.00%
2007/04/30,2007/03/31,0.10%,-1.02%,1.86%,-0.26%,0.47%,4.63%,2.77%,3.55%,3.52%,4.69%,0.42%,0.56%,1.05%,3.20%,3.86%,3.04%,104,108,101,100,110,126,137,169,111,123,5.09%,-3.85%,9.23%,13.17%,30.12%,176.3%,119.3%,187.3%,0.00%,0.00%
2007/05/31,2007/04/30,-0.59%,-0.57%,1.43%,-0.42%,-0.03%,3.30%,2.96%,4.28%,3.27%,3.94%,0.33%,0.07%,-1.48%,2.40%,3.54%,2.38%,103,107,103,100,110,130,141,176,114,128,5.67%,-3.24%,9.59%,13.25%,34.73%,182.9%,116.7%,194.2%,0.00%,0.00%
2007/06/30,2007/05/31,1.05%,-0.67%,1.22%,-1.69%,-0.22%,-0.34%,-2.25%,-1.06%,-3.03%,-1.76%,-0.48%,-0.15%,0.03%,-0.86%,-1.77%,-0.82%,104,106,104,98,110,129,138,174,111,125,4.33%,-4.61%,9.07%,13.08%,32.35%,180.5%,118.8%,191.7%,-0.48%,-0.15%
2007/07/31,2007/06/30,-1.12%,1.01%,1.88%,-0.04%,-0.05%,-3.64%,-3.28%,-2.80%,-4.09%,-3.31%,-1.01%,-0.84%,0.57%,-5.71%,-3.46%,-5.46%,103,107,106,98,109,125,133,169,106,121,5.45%,-4.30%,7.96%,12.13%,27.77%,165.2%,114.4%,175.0%,-1.48%,-0.99%
2007/08/31,2007/07/31,-0.56%,0.79%,0.71%,0.60%,-0.38%,1.22%,1.97%,0.90%,1.82%,1.39%,0.99%,1.44%,-1.85%,-0.45%,1.50%,-0.88%,102,108,106,99,109,126,136,171,108,123,5.64%,-4.13%,9.03%,13.75%,29.69%,162.9%,109.3%,173.8%,-0.51%,0.00%
2007/09/30,2007/08/31,-0.31%,0.97%,-0.49%,0.77%,-1.40%,3.56%,4.32%,4.64%,3.20%,2.57%,-0.10%,-1.08%,-0.04%,0.68%,3.55%,1.00%,102,109,106,100,108,131,142,179,112,126,4.49%,-5.08%,8.93%,12.52%,34.30%,165.5%,104.0%,175.6%,-0.61%,-1.08%
2007/10/31,2007/09/30,-0.08%,-1.53%,-2.08%,0.06%,1.56%,2.45%,1.00%,1.24%,1.44%,3.65%,2.02%,1.02%,0.76%,2.04%,2.05%,1.73%,102,108,104,100,109,134,143,181,113,131,6.21%,-3.94%,11.13%,13.67%,37.05%,170.1%,103.3%,181.3%,0.00%,-0.07%
2007/11/30,2007/10/31,-1.50%,1.29%,0.48%,1.09%,-0.52%,-5.75%,-3.79%,-4.25%,-3.17%,-5.35%,0.85%,0.70%,-1.24%,-8.62%,-4.49%,-8.83%,100,109,104,101,109,126,138,173,110,124,7.24%,-3.56%,12.08%,14.47%,30.89%,146.3%,94.49%,157.0%,0.00%,0.00%
2007/12/31,2007/11/30,0.55%,-1.77%,-0.94%,-0.33%,-0.57%,-0.47%,-2.12%,2.84%,-1.73%,-1.16%,0.91%,-0.48%,-0.02%,-2.18%,-0.68%,-2.04%,101,107,103,100,108,126,135,178,108,122,6.05%,-4.23%,13.10%,13.92%,30.00%,141.3%,91.86%,151.4%,0.00%,-0.48%
2008/01/31,2007/12/31,-0.78%,2.09%,3.81%,-1.05%,0.63%,-7.52%,-3.23%,-6.70%,-5.97%,-6.62%,0.42%,0.96%,0.53%,-4.86%,-5.98%,-5.14%,100,109,107,99,109,116,131,166,102,114,7.54%,-3.36%,13.58%,15.02%,22.22%,128.9%,93.46%,139.2%,0.00%,0.00%
2008/02/29,2008/01/31,-2.12%,-0.38%,0.84%,1.93%,-1.11%,-5.47%,-3.53%,0.24%,-1.44%,-4.43%,1.09%,0.21%,1.96%,-2.65%,-3.00%,-2.71%,98,109,108,101,108,110,126,167,100,109,8.63%,-2.35%,14.82%,15.27%,18.56%,122.6%,94.01%,132.9%,0.00%,0.00%
2008/03/31,2008/02/29,-0.92%,0.10%,-0.93%,1.44%,0.07%,-2.19%,0.35%,-0.51%,0.35%,-1.05%,0.87%,0.39%,-2.22%,-2.70%,-0.63%,-2.82%,97,109,107,103,108,107,127,166,100,108,9.70%,-1.24%,15.82%,15.72%,17.81%,116.4%,89.78%,126.6%,0.00%,0.00%
2008/04/30,2008/03/31,0.23%,0.06%,1.65%,-1.34%,0.39%,5.58%,3.78%,5.54%,3.14%,5.56%,1.46%,1.44%,-0.09%,3.52%,4.79%,3.09%,97,109,109,101,108,113,131,175,104,114,9.87%,-1.27%,17.51%,17.39%,23.46%,123.1%,86.55%,134.6%,0.00%,0.00%
2008/05/31,2008/04/30,-0.51%,-0.87%,-1.58%,0.90%,-0.09%,1.89%,1.82%,0.79%,2.93%,2.40%,-0.69%,-0.89%,-1.60%,2.45%,1.98%,2.72%,97,108,107,102,108,115,134,176,107,117,10.33%,-0.76%,16.70%,16.34%,25.90%,129.1%,87.94%,140.3%,-0.69%,-0.89%
2008/06/30,2008/05/31,-1.25%,-3.18%,-0.78%,-0.41%,-0.00%,-10.95%,-9.92%,-6.29%,-6.79%,-9.05%,1.01%,0.18%,0.12%,-9.54%,-8.40%,-9.60%,96,105,106,102,108,103,120,165,99,106,11.72%,1.12%,17.88%,16.55%,15.32%,107.1%,85.68%,117.4%,0.00%,-0.71%
2008/07/31,2008/06/30,0.53%,1.25%,-4.26%,3.36%,1.69%,-0.83%,0.58%,-3.70%,1.67%,0.12%,1.34%,2.06%,-0.02%,3.24%,-0.54%,2.62%,96,106,102,105,110,102,121,159,101,106,13.02%,2.09%,19.46%,18.95%,14.70%,112.6%,91.55%,124.4%,0.00%,0.00%
2008/08/31,2008/07/31,-0.68%,-1.50%,-0.40%,-0.19%,1.18%,1.61%,0.99%,0.48%,1.44%,3.37%,0.49%,0.85%,-2.36%,3.08%,1.65%,2.83%,95,104,101,105,111,104,122,160,102,110,15.12%,3.88%,20.04%,19.96%,16.60%,118.6%,93.81%,131.4%,0.00%,0.00%
2008/09/30,2008/08/31,-0.82%,-2.23%,0.80%,-0.66%,2.22%,-12.79%,-11.24%,-5.71%,-7.91%,-8.80%,1.75%,1.58%,-0.61%,-10.65%,-8.85%,-11.12%,95,102,102,104,114,90,109,151,94,100,18.63%,8.02%,22.14%,21.86%,6.28%,94.28%,89.40%,106.7%,0.00%,0.00%
2008/10/31,2008/09/30,-0.22%,-0.31%,-1.99%,-2.89%,0.95%,-19.65%,-16.74%,-16.82%,-17.28%,-17.02%,0.20%,-0.83%,-0.79%,-23.36%,-17.40%,-23.11%,94,102,100,101,115,73,90,125,78,83,20.03%,10.87%,22.39%,20.85%,-12.22%,49.37%,78.59%,58.43%,0.00%,-0.83%
2008/11/30,2008/10/31,-1.02%,-1.30%,1.95%,0.75%,-1.77%,-9.02%,-8.90%,-6.75%,-6.68%,-9.35%,1.51%,0.46%,-2.24%,-14.86%,-7.97%,-14.99%,94,100,102,102,113,66,82,117,73,75,19.12%,10.51%,24.23%,21.40%,-19.21%,26.98%,66.04%,34.89%,0.00%,-0.38%
2008/12/31,2008/11/30,1.45%,-0.33%,-1.03%,1.63%,0.52%,3.93%,2.14%,-1.35%,3.81%,2.86%,0.73%,0.61%,-0.86%,4.51%,2.00%,4.33%,95,100,101,104,113,69,84,115,76,78,18.01%,9.32%,25.14%,22.14%,-17.59%,32.47%,69.90%,40.97%,0.00%,0.00%
2009/01/31,2008/12/31,-0.93%,-0.07%,0.78%,1.16%,-2.42%,-6.91%,-7.00%,-11.96%,-5.19%,-8.62%,-2.41%,-3.20%,6.76%,-4.81%,-8.28%,-3.85%,94,100,102,105,110,64,78,102,72,71,16.25%,7.44%,22.12%,18.23%,-24.42%,27.37%,77.42%,34.19%,-2.41%,-3.20%
2009/02/28,2009/01/31,0.88%,-2.43%,-3.88%,-1.08%,1.08%,-8.78%,-11.95%,-13.65%,-8.58%,-8.34%,0.46%,-1.06%,-1.03%,-12.17%,-10.22%,-11.86%,95,98,98,104,112,58,69,88,66,65,16.48%,7.91%,22.67%,16.98%,-32.14%,12.27%,74.52%,17.85%,-1.97%,-4.22%
2009/03/31,2009/02/28,-0.25%,1.45%,-0.18%,-0.87%,3.10%,9.35%,10.45%,5.90%,7.62%,11.66%,-0.98%,-0.80%,0.67%,12.86%,8.87%,13.10%,95,99,98,103,115,64,76,93,71,73,20.38%,10.41%,21.47%,16.05%,-26.13%,26.97%,81.91%,33.01%,-2.93%,-4.99%
2009/04/30,2009/03/31,-1.95%,3.63%,6.77%,-1.96%,-2.51%,13.31%,14.43%,10.18%,6.65%,10.15%,1.92%,2.63%,3.21%,26.23%,10.45%,25.44%,93,103,104,101,112,72,87,102,75,80,19.70%,6.92%,23.80%,19.10%,-18.40%,59.28%,109.2%,67.90%,-1.07%,-2.49%
2009/05/31,2009/04/30,-1.70%,-1.92%,3.75%,0.16%,-1.96%,4.20%,4.85%,8.71%,4.88%,3.56%,-2.91%,-3.82%,-0.26%,6.73%,5.16%,7.87%,91,101,108,101,110,75,91,111,79,83,19.40%,6.24%,20.20%,14.56%,-14.20%,71.82%,114.9%,79.20%,-3.95%,-6.21%
2009/06/30,2009/05/31,-1.30%,-2.30%,0.15%,1.17%,1.76%,0.53%,-1.80%,-1.91%,1.31%,2.56%,0.46%,0.02%,3.88%,5.31%,0.39%,5.30%,90,98,108,102,112,76,90,109,80,85,23.05%,8.39%,20.75%,14.58%,-13.86%,80.93%,125.4%,88.72%,-3.51%,-6.19%
2009/07/31,2009/06/30,0.44%,1.42%,-1.74%,0.98%,-1.27%,8.77%,9.65%,6.90%,8.01%,6.69%,0.03%,1.82%,-1.21%,11.21%,7.78%,10.66%,90,100,107,103,110,82,98,117,86,91,20.95%,6.14%,20.79%,16.67%,-7.16%,100.2%,131.9%,109.9%,-3.48%,-4.48%
2009/08/31,2009/07/31,1.94%,-1.26%,-3.24%,-0.98%,1.35%,4.14%,2.55%,4.36%,1.97%,4.17%,-1.09%,1.03%,2.47%,8.81%,3.49%,8.50%,92,98,103,102,112,86,101,122,88,94,20.24%,6.17%,19.48%,17.87%,-3.92%,117.2%,143.5%,128.4%,-4.52%,-3.50%
2009/09/30,2009/08/31,-0.28%,-0.52%,0.69%,-0.37%,-1.55%,5.32%,5.02%,3.99%,4.04%,3.06%,-1.07%,-0.91%,-1.46%,6.64%,4.15%,6.91%,92,98,104,102,110,90,106,127,92,97,18.71%,3.77%,18.20%,16.80%,0.06%,132.3%,150.3%,143.5%,-5.54%,-4.37%
2009/10/31,2009/09/30,1.05%,0.36%,-0.35%,0.04%,1.39%,-2.66%,-3.47%,-2.57%,-3.00%,-1.76%,2.54%,1.70%,1.47%,-5.10%,-2.59%,-5.61%,93,98,103,102,112,88,102,123,89,96,19.12%,4.70%,21.20%,18.79%,-2.53%,119.2%,142.7%,131.1%,-3.15%,-2.74%
2009/11/30,2009/10/31,-0.48%,2.00%,-1.46%,0.74%,0.23%,5.25%,7.04%,4.93%,5.38%,5.84%,-0.96%,-1.27%,-3.17%,0.98%,5.59%,1.36%,92,100,102,103,112,92,109,129,94,101,19.96%,5.31%,20.03%,17.29%,2.92%,122.2%,132.5%,133.4%,-4.08%,-3.98%
2009/12/31,2009/11/30,-0.79%,-0.89%,0.71%,0.87%,0.04%,3.93%,2.92%,0.37%,4.20%,3.28%,0.03%,-0.18%,-0.06%,7.39%,2.80%,7.45%,92,99,103,104,112,96,113,130,98,104,20.96%,4.62%,20.07%,17.07%,5.80%,138.8%,143.2%,150.6%,-4.05%,-4.15%
2010/01/31,2009/12/31,-1.57%,-0.85%,0.68%,-0.45%,-0.16%,-4.79%,-3.85%,-2.14%,-3.24%,-3.46%,0.04%,-0.29%,0.46%,-1.53%,-3.38%,-1.45%,90,99,103,103,112,92,108,127,94,101,22.65%,6.01%,20.12%,16.73%,2.23%,135.3%,148.0%,146.8%,-4.01%,-4.43%
2010/02/28,2010/01/31,0.82%,1.71%,-0.95%,-0.34%,-0.12%,4.20%,4.67%,3.13%,2.62%,3.27%,-1.03%,-0.23%,0.11%,3.86%,3.44%,3.93%,91,100,102,103,112,95,113,131,97,104,21.50%,5.03%,18.88%,16.46%,5.74%,144.6%,149.2%,156.3%,-5.00%,-4.65%
2010/03/31,2010/02/28,0.67%,-0.16%,0.38%,0.01%,-0.33%,7.48%,6.04%,6.58%,5.94%,6.06%,1.06%,1.46%,2.67%,10.02%,6.36%,9.58%,92,100,103,103,111,103,120,140,103,110,20.28%,3.54%,20.14%,18.17%,12.47%,168.0%,157.2%,182.0%,-3.99%,-3.26%
2010/04/30,2010/03/31,-0.83%,-1.43%,2.64%,-0.49%,-0.80%,1.95%,1.32%,3.35%,1.89%,1.57%,-1.30%,-0.88%,1.82%,7.24%,2.11%,7.50%,91,99,105,102,110,105,122,144,105,112,20.32%,3.15%,18.58%,17.13%,14.85%,188.1%,171.0%,202.4%,-5.24%,-4.11%
2010/05/31,2010/04/30,0.59%,1.16%,0.51%,0.14%,0.11%,-7.87%,-6.69%,-8.95%,-7.12%,-7.77%,0.83%,0.26%,0.69%,-8.01%,-7.82%,-8.09%,91,100,106,102,111,96,114,132,97,103,19.74%,3.25%,19.57%,17.43%,5.86%,164.8%,170.3%,178.2%,-4.45%,-3.85%
2010/06/30,2010/05/31,-0.39%,-0.84%,0.86%,1.10%,0.13%,-5.99%,-6.37%,-6.34%,-3.74%,-5.36%,0.43%,-0.38%,-1.13%,-8.21%,-5.53%,-8.10%,91,99,107,104,111,91,106,123,93,98,20.36%,3.90%,20.08%,16.98%,0.01%,143.4%,163.4%,155.3%,-4.04%,-4.22%
2010/07/31,2010/06/30,-0.03%,0.68%,1.04%,0.05%,-0.68%,7.80%,7.29%,7.52%,6.41%,6.37%,1.40%,1.29%,-0.49%,6.86%,7.01%,6.47%,91,100,108,104,110,98,114,132,99,104,19.58%,2.40%,21.76%,18.49%,7.02%,159.1%,162.0%,172.9%,-2.70%,-2.99%
2010/08/31,2010/07/31,1.01%,0.47%,-0.86%,0.83%,0.86%,-5.01%,-4.68%,-5.39%,-4.08%,-4.19%,0.07%,-0.35%,0.80%,-6.92%,-4.66%,-6.82%,92,100,107,105,111,93,109,125,95,100,19.40%,3.24%,21.85%,18.08%,2.02%,141.4%,156.3%,154.0%,-2.63%,-3.33%
2010/09/30,2010/08/31,-2.38%,-0.96%,1.60%,-0.87%,0.86%,10.15%,9.17%,7.40%,9.21%,10.96%,1.16%,0.31%,-1.27%,12.22%,9.41%,12.13%,90,99,109,104,112,102,119,135,104,111,23.26%,4.08%,23.27%,18.45%,11.62%,170.7%,163.3%,185.0%,-1.50%,-3.02%
2010/10/31,2010/09/30,0.27%,0.88%,0.75%,-0.49%,-0.22%,5.14%,4.83%,2.55%,3.50%,3.96%,0.08%,-0.31%,-0.25%,4.44%,3.89%,4.53%,90,100,110,103,112,107,124,138,108,115,22.65%,2.86%,23.37%,18.08%,15.96%,183.0%,165.0%,197.6%,-1.41%,-3.32%
2010/11/30,2010/10/31,-2.02%,-0.71%,4.10%,-0.98%,-0.82%,-0.55%,0.43%,2.07%,0.39%,0.15%,0.75%,0.62%,-0.68%,2.60%,0.54%,2.41%,88,99,114,102,111,107,125,141,108,115,24.12%,3.58%,24.29%,18.82%,16.58%,189.8%,170.0%,205.4%,-0.68%,-2.72%
2010/12/31,2010/11/30,-1.57%,-1.97%,1.31%,-0.68%,-1.46%,6.33%,5.96%,10.10%,5.74%,5.54%,-0.12%,0.54%,-0.68%,8.72%,6.70%,8.56%,87,97,116,101,109,114,132,155,114,122,24.24%,2.76%,24.14%,19.46%,24.40%,214.6%,175.0%,232.0%,-0.80%,-2.20%
2011/01/31,2010/12/31,-1.04%,-0.78%,1.23%,0.71%,-0.06%,0.62%,1.38%,4.46%,1.94%,1.56%,0.10%,-0.56%,1.15%,1.19%,2.06%,1.36%,86,97,117,102,109,114,134,162,117,124,25.47%,3.72%,24.26%,18.79%,26.96%,218.9%,173.1%,236.0%,-0.70%,-2.75%
2011/02/28,2011/01/31,-0.44%,-0.80%,1.30%,0.87%,-0.75%,3.28%,3.00%,4.66%,4.06%,2.78%,0.21%,0.61%,-0.02%,4.97%,3.59%,4.78%,85,96,119,103,108,118,138,170,121,127,25.08%,3.20%,24.52%,19.51%,31.52%,234.2%,176.3%,252.7%,-0.50%,-2.15%
2011/03/31,2011/02/28,-0.61%,1.06%,1.46%,0.30%,-0.36%,-0.22%,1.66%,-0.30%,1.33%,0.29%,0.39%,-0.07%,-0.02%,1.35%,0.49%,1.37%,85,97,120,103,108,118,141,169,123,127,25.39%,3.74%,25.00%,19.44%,32.16%,238.7%,178.8%,257.4%,-0.11%,-2.22%
2011/04/30,2011/03/31,-0.95%,0.47%,-0.39%,0.77%,0.64%,2.71%,3.37%,1.53%,3.77%,3.65%,0.19%,-0.25%,-0.98%,1.41%,2.97%,1.49%,84,97,120,104,109,121,145,172,128,132,27.38%,4.71%,25.23%,19.14%,36.08%,243.8%,174.7%,262.5%,0.00%,-2.46%
2011/05/31,2011/04/30,-0.93%,1.27%,-1.06%,0.96%,0.82%,-2.12%,0.04%,-3.08%,-0.13%,-0.37%,-0.28%,-0.62%,-1.07%,-2.96%,-1.22%,-2.78%,83,99,119,105,109,118,145,166,127,131,29.61%,6.54%,24.88%,18.41%,34.42%,234.2%,170.4%,251.7%,-0.28%,-3.06%
2011/06/30,2011/05/31,0.42%,0.22%,-0.17%,1.21%,0.03%,-1.92%,-1.76%,-2.27%,-0.69%,-1.87%,1.33%,1.27%,0.61%,-1.80%,-1.74%,-2.18%,84,99,118,106,109,116,143,163,127,129,29.12%,6.59%,26.54%,19.91%,32.08%,226.9%,169.2%,245.4%,0.00%,-1.83%
2011/07/31,2011/06/30,1.10%,-1.24%,0.21%,-0.58%,1.20%,-1.75%,-3.75%,-2.15%,-3.14%,-1.29%,0.22%,-0.08%,1.00%,-2.43%,-2.26%,-2.41%,85,97,119,106,111,114,137,159,123,127,29.24%,7.09%,26.82%,19.82%,29.09%,219.1%,168.8%,237.0%,0.00%,-1.90%
2011/08/31,2011/07/31,-0.96%,1.57%,-1.44%,1.42%,1.60%,-7.87%,-4.65%,-7.77%,-4.64%,-4.55%,1.68%,1.17%,0.02%,-8.73%,-5.89%,-9.09%,84,99,117,107,113,105,131,147,117,122,32.54%,10.64%,28.95%,21.22%,21.49%,190.1%,160.2%,207.6%,0.00%,-0.76%
2011/09/30,2011/08/31,0.80%,-1.83%,-2.76%,1.91%,1.15%,-7.60%,-9.05%,-9.95%,-5.73%,-6.26%,0.82%,0.43%,-0.10%,-10.19%,-7.63%,-10.32%,84,97,114,109,114,97,119,132,110,114,33.00%,12.12%,30.01%,21.74%,12.22%,160.1%,153.2%,176.2%,0.00%,-0.33%
2011/10/31,2011/09/30,-0.56%,-0.39%,1.62%,-0.73%,-0.61%,12.60%,10.76%,12.67%,10.71%,10.40%,0.59%,-0.07%,-2.62%,12.02%,11.39%,12.04%,84,97,116,109,113,109,132,149,122,126,32.93%,9.65%,30.77%,21.65%,25.00%,191.5%,154.8%,209.4%,0.00%,-0.40%
2011/11/30,2011/10/31,-0.42%,1.10%,-0.22%,0.97%,0.76%,-1.46%,0.39%,-1.06%,0.20%,0.16%,0.71%,1.23%,-0.61%,-1.70%,-0.35%,-2.07%,84,98,115,110,114,108,133,147,122,126,34.50%,11.43%,31.70%,23.14%,24.56%,185.4%,150.5%,204.2%,0.00%,0.00%
2011/12/31,2011/11/30,-0.30%,0.44%,0.84%,0.77%,-0.20%,-0.05%,0.66%,2.10%,0.80%,0.33%,0.27%,0.53%,0.33%,0.34%,0.85%,0.18%,83,98,116,110,114,108,133,150,123,126,34.65%,11.86%,32.06%,23.80%,25.62%,185.9%,148.8%,205.2%,0.00%,0.00%
2012/01/31,2011/12/31,-0.26%,-1.08%,-1.65%,-1.33%,-0.03%,6.90%,5.42%,3.97%,4.48%,5.46%,-0.61%,-0.71%,0.28%,9.36%,5.09%,9.57%,83,97,114,109,114,115,141,156,129,133,34.95%,10.24%,31.26%,22.92%,32.02%,213.3%,159.9%,233.8%,-0.61%,-0.71%
2012/02/29,2012/01/31,-0.02%,-1.46%,-0.92%,2.22%,-1.14%,4.23%,2.57%,4.45%,5.92%,3.31%,-0.53%,-0.27%,0.18%,3.63%,4.25%,3.71%,83,96,113,111,112,120,144,163,136,138,33.43%,9.23%,30.57%,22.59%,37.63%,224.9%,158.5%,245.9%,-1.13%,-0.98%
2012/03/31,2012/02/29,0.39%,-0.99%,-0.71%,1.50%,0.38%,3.48%,1.69%,2.87%,3.95%,3.19%,-0.13%,0.10%,0.59%,3.20%,3.15%,3.17%,83,95,112,113,113,124,147,168,142,142,33.41%,8.92%,30.40%,22.71%,41.95%,235.3%,158.6%,257.0%,-1.26%,-0.88%
2012/04/30,2012/03/31,0.93%,1.41%,0.18%,0.98%,0.37%,-0.80%,-0.19%,-1.40%,-0.09%,-0.69%,1.56%,1.21%,2.21%,-0.06%,-0.69%,-0.42%,84,96,113,114,113,123,146,166,142,141,32.65%,9.04%,32.43%,24.19%,40.97%,233.8%,159.3%,256.7%,0.00%,0.00%
2012/05/31,2012/04/30,-0.63%,2.03%,0.09%,0.76%,0.36%,-7.69%,-4.20%,-7.52%,-4.79%,-5.78%,-0.41%,0.44%,0.41%,-6.70%,-6.09%,-6.84%,84,98,113,115,114,114,140,153,135,133,33.97%,11.12%,31.88%,24.74%,32.39%,211.0%,157.4%,232.8%,-0.41%,0.00%
2012/06/30,2012/05/31,-0.20%,-0.89%,1.31%,-0.87%,0.49%,4.21%,2.93%,5.32%,2.69%,4.26%,0.48%,0.70%,-0.20%,4.77%,3.98%,4.56%,84,97,114,114,114,118,144,161,139,139,34.88%,11.18%,32.51%,25.61%,37.67%,225.2%,158.8%,248.7%,0.00%,0.00%
2012/07/31,2012/06/30,0.79%,0.05%,0.46%,0.81%,-0.82%,1.18%,0.43%,1.49%,1.03%,0.02%,-1.38%,-1.49%,-0.63%,-2.47%,0.87%,-2.03%,84,97,115,115,113,120,145,164,140,139,32.72%,9.89%,30.69%,23.75%,38.87%,218.6%,151.3%,240.1%,-1.38%,-1.49%
2012/08/31,2012/07/31,0.25%,-0.29%,-1.70%,0.91%,0.52%,3.45%,2.06%,1.25%,2.92%,2.97%,1.57%,1.50%,0.15%,3.91%,2.50%,3.46%,84,97,113,116,114,124,148,166,144,143,33.09%,9.36%,32.74%,25.60%,42.34%,229.6%,153.7%,253.4%,0.00%,-0.01%
2012/09/30,2012/08/31,-0.45%,-0.46%,0.07%,-0.09%,0.04%,2.49%,1.81%,3.49%,2.24%,2.37%,0.37%,0.19%,0.31%,4.07%,2.56%,4.01%,84,97,113,116,114,127,151,172,147,146,33.73%,9.23%,33.23%,25.84%,45.99%,242.8%,157.4%,267.7%,0.00%,0.00%
2012/10/31,2012/09/30,0.42%,1.35%,-0.57%,-1.08%,1.04%,-2.10%,-0.86%,-0.93%,-3.12%,-1.36%,-0.12%,-0.39%,-0.68%,-2.22%,-1.70%,-2.10%,84,98,112,115,115,124,149,170,143,144,34.56%,10.03%,33.07%,25.35%,43.50%,235.6%,156.4%,259.6%,-0.12%,-0.39%
2012/11/30,2012/10/31,-0.61%,1.34%,-1.83%,0.28%,0.77%,0.38%,2.25%,-1.40%,1.26%,1.66%,1.80%,1.37%,0.88%,1.74%,0.66%,1.33%,84,99,110,115,116,125,153,168,144,147,36.42%,11.44%,35.47%,27.07%,44.45%,240.1%,158.1%,265.8%,0.00%,0.00%
2012/12/31,2012/11/30,1.48%,0.61%,-1.11%,0.36%,0.15%,2.71%,0.95%,1.20%,0.76%,0.93%,0.39%,0.19%,-0.87%,2.88%,1.26%,2.82%,85,100,109,115,116,128,154,170,146,148,34.61%,9.45%,36.00%,27.31%,46.27%,249.7%,162.1%,276.4%,0.00%,0.00%
2013/01/31,2012/12/31,0.36%,1.51%,-0.82%,-1.54%,0.62%,6.72%,6.30%,5.40%,3.64%,6.14%,-1.17%,-1.37%,-0.07%,6.22%,5.53%,6.63%,85,101,108,114,117,137,164,179,151,157,34.96%,8.82%,34.40%,25.57%,54.35%,272.9%,165.0%,299.8%,-1.17%,-1.37%
2013/02/28,2013/01/31,0.35%,0.05%,-0.16%,0.43%,-0.26%,1.54%,1.26%,1.20%,1.64%,0.95%,-0.13%,0.16%,-0.48%,0.74%,1.30%,0.69%,86,101,108,114,117,139,166,181,153,159,34.13%,8.18%,34.23%,25.77%,56.35%,275.4%,163.4%,302.7%,-1.30%,-1.21%
2013/03/31,2013/02/28,-1.38%,0.22%,-1.06%,0.91%,1.00%,2.96%,4.16%,3.08%,4.69%,5.00%,-0.24%,-0.12%,-0.25%,4.46%,4.00%,4.49%,85,102,107,115,118,143,173,187,161,166,37.32%,10.39%,33.91%,25.62%,62.60%,292.3%,164.7%,320.7%,-1.54%,-1.33%
2013/04/30,2013/03/31,0.58%,0.64%,-0.41%,-0.72%,1.14%,1.97%,1.76%,1.34%,0.60%,2.64%,-0.35%,-0.50%,-0.18%,-0.42%,1.68%,-0.27%,85,102,106,114,119,146,176,189,162,171,38.09%,11.13%,33.45%,24.99%,65.33%,291.2%,159.5%,318.9%,-1.88%,-1.82%
2013/05/31,2013/04/30,0.72%,-1.13%,-1.72%,0.20%,0.49%,3.96%,1.32%,1.58%,2.33%,3.04%,0.08%,0.04%,0.35%,5.39%,2.46%,5.38%,86,101,105,114,120,152,178,192,165,176,37.78%,10.10%,33.55%,25.04%,69.40%,312.3%,167.1%,341.4%,-1.80%,-1.79%
2013/06/30,2013/05/31,0.94%,0.19%,-0.72%,-0.21%,-0.12%,-0.34%,-0.72%,-2.09%,-1.18%,-1.28%,-0.16%,-0.37%,-0.08%,-0.71%,-1.25%,-0.60%,86,101,104,114,120,151,177,188,163,174,36.33%,9.07%,33.33%,24.58%,67.28%,309.8%,168.9%,338.3%,-1.96%,-2.15%
2013/07/31,2013/06/30,-1.31%,-0.33%,-0.45%,0.89%,-0.06%,4.66%,4.92%,5.72%,6.32%,5.29%,0.69%,0.92%,0.73%,8.28%,5.46%,8.00%,85,101,103,115,119,158,186,199,174,183,38.03%,9.76%,34.26%,25.73%,76.41%,342.6%,175.7%,374.6%,-1.28%,-1.25%
2013/08/31,2013/07/31,-0.88%,-0.25%,0.69%,-0.49%,-0.31%,-3.62%,-2.07%,-2.97%,-2.73%,-2.64%,-0.10%,-0.26%,0.94%,-2.12%,-2.84%,-2.04%,85,101,104,115,119,152,182,193,169,178,38.81%,10.83%,34.13%,25.40%,71.40%,333.5%,177.9%,364.6%,-1.38%,-1.50%
2013/09/30,2013/08/31,0.56%,-0.09%,-1.80%,0.15%,0.81%,4.48%,3.99%,1.81%,4.73%,4.37%,0.91%,1.01%,1.32%,7.15%,3.76%,6.85%,85,101,102,115,120,159,189,196,177,186,39.17%,10.70%,35.34%,26.67%,77.84%,363.2%,186.5%,397.8%,-0.48%,-0.51%
2013/10/31,2013/09/30,0.91%,1.16%,-0.19%,-0.67%,-0.21%,5.08%,4.28%,4.89%,3.18%,3.65%,0.18%,0.23%,-0.78%,2.76%,4.19%,2.69%,86,102,102,114,120,167,197,206,183,193,37.61%,9.12%,35.58%,26.96%,85.29%,375.7%,182.2%,411.5%,-0.31%,-0.28%
2013/11/30,2013/10/31,-0.53%,-0.44%,-0.94%,-1.70%,1.55%,2.82%,2.58%,2.42%,1.50%,4.51%,1.43%,1.50%,2.21%,6.44%,2.86%,5.99%,85,101,101,112,122,172,202,211,185,201,40.48%,10.97%,37.53%,28.86%,90.59%,404.2%,191.0%,444.5%,0.00%,0.00%
2013/12/31,2013/11/30,0.23%,-0.80%,-0.61%,0.91%,-0.67%,3.01%,1.88%,2.66%,3.65%,1.99%,0.19%,0.32%,0.73%,3.61%,2.61%,3.52%,86,101,100,113,121,177,206,217,192,205,39.22%,9.82%,37.78%,29.28%,95.56%,421.9%,193.7%,464.1%,0.00%,0.00%
2014/01/31,2013/12/31,1.53%,-1.47%,0.69%,0.11%,0.39%,-2.50%,-4.33%,-4.03%,-2.84%,-2.27%,-1.83%,-2.15%,1.82%,-1.08%,-3.13%,-0.44%,87,99,101,113,121,173,197,208,187,201,37.64%,10.08%,35.26%,26.50%,89.43%,419.6%,201.6%,458.0%,-1.83%,-2.15%
2014/02/28,2014/01/31,-0.42%,-0.46%,-0.72%,0.48%,0.98%,4.09%,4.35%,4.34%,5.04%,5.29%,0.37%,0.41%,0.65%,5.26%,4.67%,5.14%,86,99,100,114,123,180,206,217,196,211,39.57%,11.39%,35.77%,27.02%,98.28%,446.3%,203.0%,487.4%,-1.46%,-1.75%
2014/03/31,2014/02/28,-2.43%,1.15%,0.21%,1.25%,0.52%,-0.80%,1.15%,2.30%,1.03%,-0.92%,-0.75%,-1.09%,-0.91%,-1.36%,0.51%,-1.03%,84,100,101,115,123,179,208,222,198,209,43.70%,11.25%,34.75%,25.63%,99.29%,440.7%,198.3%,479.4%,-2.20%,-2.82%
2014/04/30,2014/03/31,-0.75%,1.26%,0.65%,-0.10%,0.53%,-1.06%,0.40%,1.62%,-0.20%,-0.76%,0.60%,0.67%,-0.34%,-3.96%,-0.02%,-4.16%,84,101,101,115,124,177,209,225,198,208,45.54%,11.58%,35.56%,26.46%,99.24%,418.2%,186.0%,456.4%,-1.61%,-2.18%
2014/05/31,2014/04/30,1.31%,0.44%,-0.89%,-0.74%,0.50%,2.91%,2.52%,1.70%,1.41%,1.99%,-0.40%,-0.71%,-0.25%,-0.55%,2.10%,-0.33%,85,101,100,114,124,182,214,229,200,212,44.36%,10.56%,35.03%,25.57%,103.4%,416.5%,179.0%,453.4%,-2.00%,-2.87%
2014/06/30,2014/05/31,-0.05%,-0.14%,0.77%,0.35%,-1.61%,3.30%,3.00%,2.59%,2.32%,1.72%,-0.27%,-0.38%,-1.46%,4.09%,2.50%,4.20%,85,101,101,115,122,188,221,235,205,216,42.10%,8.82%,34.66%,25.09%,108.5%,438.2%,183.8%,476.0%,-2.27%,-3.24%
2014/07/31,2014/06/30,2.02%,0.74%,-1.94%,-1.64%,1.90%,-1.03%,-2.11%,-3.02%,-2.96%,-0.73%,0.77%,0.96%,1.77%,-3.76%,-1.95%,-4.04%,87,102,99,113,125,186,216,228,199,214,41.92%,9.15%,35.69%,26.29%,104.4%,416.4%,177.9%,454.4%,-1.52%,-2.31%
2014/08/31,2014/07/31,-0.40%,-0.12%,-1.06%,0.95%,0.23%,4.14%,4.72%,3.12%,4.45%,4.38%,0.11%,-0.46%,-0.10%,3.86%,4.18%,4.00%,86,102,98,114,125,194,226,235,208,223,42.81%,9.41%,35.85%,25.71%,113.0%,437.1%,177.3%,475.8%,-1.41%,-2.76%
2014/09/30,2014/08/31,-0.02%,1.62%,-2.99%,-0.04%,0.95%,-2.57%,-1.16%,-4.70%,-1.50%,-0.95%,0.15%,-0.46%,0.30%,-5.22%,-2.09%,-5.08%,86,104,95,114,126,189,224,224,205,221,44.21%,11.19%,36.05%,25.12%,108.5%,409.8%,169.0%,445.7%,-1.26%,-3.21%
2014/10/31,2014/09/30,-1.40%,0.46%,0.16%,1.38%,0.12%,1.69%,3.52%,1.71%,2.78%,3.56%,1.04%,1.20%,-1.99%,4.49%,2.74%,4.13%,85,104,95,115,126,192,231,228,210,229,46.40%,13.27%,37.47%,26.63%,114.2%,430.8%,172.8%,470.2%,-0.23%,-2.04%
2014/11/30,2014/10/31,1.12%,0.70%,-2.44%,0.57%,0.50%,3.33%,3.80%,-1.04%,2.58%,3.70%,1.54%,1.97%,0.93%,1.89%,2.53%,1.30%,86,105,93,116,127,198,240,226,216,238,45.49%,13.68%,39.58%,29.13%,119.7%,437.7%,169.4%,481.0%,0.00%,-0.12%
2014/12/31,2014/11/30,-0.09%,-0.36%,0.25%,0.06%,0.54%,-0.25%,-0.89%,1.18%,0.09%,-0.02%,0.31%,-0.62%,-0.76%,1.43%,-0.03%,1.61%,86,104,93,116,128,198,238,228,216,238,46.41%,13.95%,40.02%,28.33%,119.6%,446.4%,173.8%,489.3%,0.00%,-0.73%
2015/01/31,2014/12/31,0.40%,-0.29%,1.92%,0.14%,-0.32%,-3.38%,-3.75%,-2.34%,-2.22%,-2.28%,0.69%,0.79%,1.46%,-1.88%,-2.75%,-2.11%,86,104,95,116,127,191,229,223,211,232,45.35%,15.20%,40.98%,29.35%,113.6%,434.8%,175.6%,478.2%,0.00%,0.00%
2015/02/28,2015/01/31,0.81%,-0.13%,-0.86%,-0.18%,-0.76%,7.26%,6.69%,3.92%,4.96%,5.84%,-2.00%,-1.10%,-0.79%,5.82%,5.76%,6.15%,87,104,94,116,126,205,245,232,222,246,43.07%,13.56%,38.17%,27.93%,125.9%,467.7%,176.6%,511.9%,-2.00%,-1.10%
2015/03/31,2015/02/28,-0.03%,-0.41%,0.22%,-0.53%,0.20%,-1.62%,-1.57%,-0.72%,-1.29%,-0.34%,1.04%,0.79%,-0.28%,1.47%,-1.06%,1.23%,87,104,94,116,127,201,241,230,219,245,43.39%,15.01%,39.61%,28.94%,123.5%,474.7%,183.0%,520.9%,-0.97%,-0.31%
2015/04/30,2015/03/31,0.71%,-0.37%,0.11%,0.27%,-0.15%,2.06%,-0.14%,1.26%,-0.13%,-0.67%,-0.38%,-0.08%,1.16%,-0.85%,0.40%,-0.83%,87,103,94,116,126,206,240,233,219,243,42.16%,11.87%,39.08%,28.83%,124.4%,470.0%,179.5%,515.6%,-1.35%,-0.40%
2015/05/31,2015/04/30,1.07%,-0.32%,-1.19%,-0.28%,-0.06%,1.77%,1.47%,-0.64%,1.80%,1.97%,0.46%,0.40%,-0.16%,1.81%,1.29%,1.69%,88,103,93,115,126,209,244,231,222,248,40.55%,12.10%,39.72%,29.35%,127.3%,479.6%,180.6%,526.8%,-0.90%,-0.00%
2015/06/30,2015/05/31,0.93%,0.47%,-0.73%,-1.03%,-0.62%,-1.20%,-1.30%,-2.04%,-2.09%,-1.50%,0.51%,0.45%,-0.84%,0.06%,-1.63%,-0.08%,89,103,93,114,126,207,241,227,218,244,38.39%,11.76%,40.43%,29.93%,123.6%,479.2%,185.0%,527.1%,-0.40%,0.00%
2015/07/31,2015/06/30,2.31%,-2.13%,1.48%,-0.97%,-0.39%,3.10%,0.33%,0.71%,1.43%,2.36%,0.68%,1.33%,0.23%,-1.63%,1.67%,-2.03%,91,101,94,113,125,213,241,228,221,250,34.65%,10.93%,41.39%,31.66%,127.3%,467.4%,174.5%,516.9%,0.00%,0.00%
2015/08/31,2015/07/31,0.70%,1.07%,-1.30%,0.75%,-0.23%,-5.84%,-5.74%,-5.25%,-5.90%,-6.94%,-0.67%,-0.81%,-1.38%,-6.14%,-5.98%,-5.89%,92,102,93,114,125,201,228,216,208,233,33.39%,9.71%,40.43%,30.60%,113.7%,434.0%,174.7%,479.0%,-0.67%,-0.81%
2015/09/30,2015/08/31,0.14%,1.48%,-0.88%,-0.29%,0.30%,-2.65%,-2.41%,-2.89%,-3.21%,-2.83%,0.61%,0.29%,-0.61%,-5.97%,-2.82%,-6.06%,92,104,92,114,125,195,222,210,201,226,33.61%,9.51%,41.29%,30.97%,107.7%,401.6%,165.8%,444.4%,-0.07%,-0.52%
2015/10/31,2015/09/30,0.03%,-0.94%,1.16%,0.36%,0.19%,8.39%,7.40%,7.03%,8.01%,7.64%,-0.09%,0.09%,-1.65%,4.99%,7.68%,4.96%,92,103,93,114,125,212,239,225,217,243,33.82%,8.69%,41.16%,31.09%,123.6%,426.5%,158.6%,471.6%,-0.16%,-0.43%
2015/11/30,2015/10/31,0.57%,-0.38%,0.41%,-0.09%,-0.45%,0.61%,0.01%,0.89%,0.52%,0.59%,0.53%,0.52%,-1.36%,2.49%,0.55%,2.33%,93,102,93,114,125,213,239,227,218,245,32.46%,8.67%,41.91%,31.77%,124.8%,438.8%,163.2%,485.8%,0.00%,0.00%
2015/12/31,2015/11/30,0.37%,-1.81%,-0.40%,0.60%,0.14%,-1.37%,-3.35%,-3.17%,-1.33%,-1.38%,0.15%,0.48%,-0.32%,-4.40%,-2.07%,-4.54%,93,101,93,115,125,210,231,220,216,241,32.15%,8.66%,42.13%,32.40%,120.2%,414.3%,156.7%,460.0%,0.00%,0.00%
2016/01/31,2015/12/31,-1.92%,-0.12%,-0.95%,1.86%,1.14%,-7.51%,-6.20%,-5.12%,-4.08%,-5.36%,0.47%,0.06%,-1.66%,-10.05%,-5.64%,-10.07%,91,100,92,117,126,194,216,208,207,229,36.19%,10.99%,42.79%,32.48%,107.8%,362.5%,145.3%,403.8%,0.00%,0.00%
2016/02/29,2016/01/31,0.89%,-0.09%,-1.02%,1.47%,-0.15%,0.67%,-0.01%,-1.77%,1.22%,-0.26%,0.99%,1.63%,0.23%,1.55%,-0.05%,1.06%,92,100,91,119,126,196,216,205,209,228,34.77%,9.97%,44.21%,34.64%,107.6%,367.4%,148.1%,411.6%,0.00%,0.00%
2016/03/31,2016/02/29,0.28%,0.26%,2.34%,-0.14%,0.10%,7.26%,7.73%,8.12%,6.35%,6.33%,-0.27%,-0.59%,-0.34%,7.61%,7.08%,7.79%,92,101,93,118,126,210,233,221,223,242,34.52%,8.95%,43.82%,33.84%,122.4%,403.8%,149.8%,450.5%,-0.27%,-0.59%
2016/04/30,2016/03/31,0.14%,-2.24%,1.24%,-0.08%,0.98%,0.74%,-1.24%,2.66%,0.51%,0.81%,-0.44%,-0.96%,1.06%,2.41%,0.81%,2.70%,92,98,95,118,128,211,230,227,224,244,35.64%,9.03%,43.19%,32.56%,124.2%,417.5%,154.5%,463.8%,-0.71%,-1.55%
2016/05/31,2016/04/30,-0.03%,-0.40%,0.53%,-0.92%,0.30%,2.13%,1.46%,1.58%,1.21%,2.46%,-0.20%,-0.81%,-0.99%,0.42%,1.79%,0.67%,92,98,95,117,128,216,233,231,226,250,36.09%,9.39%,42.90%,31.49%,128.2%,420.9%,151.7%,466.2%,-0.91%,-2.34%
2016/06/30,2016/05/31,0.68%,-0.70%,1.41%,1.09%,-1.47%,0.72%,-0.74%,1.03%,1.29%,-0.98%,-0.57%,-0.23%,-1.66%,-0.58%,0.26%,-0.51%,93,97,96,119,126,218,232,233,229,248,33.17%,7.53%,42.09%,31.19%,128.8%,418.3%,149.7%,462.9%,-1.48%,-2.57%
2016/07/31,2016/06/30,0.15%,0.19%,-0.77%,0.07%,1.18%,4.05%,4.53%,2.07%,4.05%,5.23%,0.11%,0.44%,-0.22%,6.64%,3.96%,6.51%,93,97,96,119,128,226,242,238,239,261,34.54%,8.81%,42.25%,31.76%,137.9%,452.0%,156.1%,500.3%,-1.37%,-2.14%
2016/08/31,2016/07/31,0.70%,0.47%,-0.86%,0.18%,-0.07%,0.64%,0.51%,0.92%,0.11%,-0.47%,0.89%,0.50%,0.38%,1.64%,0.32%,1.49%,94,98,95,119,127,228,243,240,239,260,33.51%,7.60%,43.51%,32.42%,138.6%,460.2%,159.1%,510.2%,-0.49%,-1.65%
2016/09/30,2016/08/31,0.52%,0.95%,-0.15%,-0.96%,-0.61%,0.84%,1.23%,-0.36%,-0.43%,0.04%,-0.05%,2.21%,-0.04%,5.10%,0.19%,4.43%,94,99,95,118,127,230,246,239,238,260,32.00%,6.75%,43.44%,35.35%,139.1%,485.1%,170.1%,541.3%,-0.54%,0.00%
2016/10/31,2016/09/30,-0.64%,1.24%,-0.62%,-0.40%,0.56%,-2.92%,-1.47%,-0.83%,-2.88%,-2.51%,0.81%,-0.17%,0.51%,-6.41%,-2.12%,-6.35%,94,100,94,117,127,223,243,237,231,253,33.58%,7.19%,44.60%,35.12%,134.0%,447.9%,158.6%,500.2%,0.00%,-0.17%
2016/11/30,2016/10/31,2.04%,0.43%,-2.18%,0.53%,1.41%,5.04%,3.77%,6.28%,3.49%,4.13%,3.04%,1.28%,1.06%,8.44%,4.59%,8.06%,96,100,92,118,129,234,252,252,239,264,32.73%,6.22%,48.99%,36.85%,144.7%,492.0%,167.6%,550.9%,0.00%,0.00%
2016/12/31,2016/11/30,0.33%,1.25%,0.06%,0.52%,-1.13%,2.05%,2.91%,3.29%,1.63%,0.23%,0.06%,-0.16%,-0.43%,0.71%,1.94%,0.76%,96,102,92,118,128,239,259,260,243,264,30.79%,4.29%,49.08%,36.62%,149.5%,496.5%,164.4%,555.5%,0.00%,-0.16%
2017/01/31,2016/12/31,0.41%,0.43%,-0.95%,0.06%,-0.17%,2.87%,2.66%,-0.34%,2.39%,2.26%,-0.26%,-0.27%,0.21%,2.01%,1.89%,2.09%,96,102,91,119,127,246,266,260,249,270,30.04%,3.66%,48.70%,36.25%,154.2%,509.0%,165.0%,568.6%,-0.26%,-0.43%
2017/02/28,2017/01/31,-1.06%,-0.29%,0.90%,0.14%,0.03%,3.23%,3.64%,3.25%,3.96%,4.01%,-0.30%,0.02%,-0.29%,2.40%,3.64%,2.40%,95,102,92,119,128,254,276,268,259,281,31.46%,4.47%,48.25%,36.28%,163.5%,523.6%,161.7%,584.7%,-0.56%,-0.41%
2017/03/31,2017/02/28,-0.12%,-0.11%,-0.13%,-0.27%,0.15%,0.29%,0.66%,-1.44%,0.57%,0.80%,-0.39%,-0.02%,-0.86%,1.51%,0.13%,1.52%,95,102,92,118,128,255,278,264,260,283,31.82%,5.01%,47.68%,36.26%,163.8%,533.0%,165.3%,595.0%,-0.95%,-0.43%
2017/04/30,2017/03/31,-0.36%,-0.64%,-0.19%,0.02%,0.67%,0.94%,0.75%,0.11%,1.51%,2.14%,1.12%,1.48%,-1.10%,1.37%,1.11%,0.93%,95,101,92,118,129,257,280,264,264,289,33.17%,6.27%,49.33%,38.28%,166.7%,538.9%,164.8%,604.6%,0.00%,0.00%
2017/05/31,2017/04/30,-0.85%,0.36%,0.13%,-0.24%,-0.37%,1.02%,1.69%,-0.19%,1.37%,1.55%,0.70%,1.04%,-1.34%,-1.42%,1.06%,-1.74%,94,101,92,118,128,259,285,264,268,294,33.82%,6.85%,50.37%,39.72%,169.6%,527.8%,157.4%,594.5%,0.00%,0.00%
2017/06/30,2017/05/31,-1.06%,-1.11%,0.98%,0.88%,0.83%,-0.58%,-0.27%,2.36%,1.42%,1.34%,0.24%,0.56%,1.64%,4.60%,0.90%,4.43%,93,100,93,119,129,258,284,270,272,298,36.36%,8.90%,50.73%,40.51%,172.0%,555.6%,166.5%,626.5%,0.00%,0.00%
2017/07/31,2017/06/30,0.36%,-0.91%,-0.05%,-1.51%,1.18%,2.62%,0.88%,1.82%,0.37%,3.32%,0.34%,0.64%,-0.29%,0.39%,1.93%,0.19%,93,99,93,117,131,265,286,275,273,308,37.48%,9.67%,51.23%,41.40%,177.2%,556.9%,161.9%,629.3%,0.00%,0.00%
2017/08/31,2017/07/31,-1.37%,2.00%,-0.82%,-0.62%,0.66%,-0.69%,1.81%,-1.10%,-0.02%,1.45%,0.45%,0.56%,0.52%,-0.70%,0.26%,-0.87%,92,101,92,117,132,263,291,272,272,312,40.27%,12.02%,51.92%,42.19%,177.9%,551.2%,158.9%,624.2%,0.00%,0.00%
2017/09/30,2017/08/31,-0.43%,-0.57%,0.21%,-0.05%,0.40%,1.56%,2.11%,3.90%,2.08%,2.37%,-0.27%,-1.37%,0.41%,6.01%,2.47%,6.43%,92,101,92,117,132,267,298,283,278,320,41.43%,12.92%,51.51%,40.23%,184.8%,593.0%,169.2%,667.7%,-0.27%,-1.37%
2017/10/31,2017/09/30,-0.42%,0.12%,-0.36%,-0.19%,-0.04%,2.27%,2.22%,2.19%,1.74%,2.59%,0.61%,0.41%,0.48%,0.51%,2.24%,0.39%,91,101,92,116,132,273,304,289,283,328,41.96%,13.28%,52.43%,40.81%,191.2%,595.7%,164.2%,671.6%,0.00%,-0.97%
2017/11/30,2017/10/31,-0.73%,-0.06%,-0.38%,0.46%,0.39%,2.77%,3.70%,2.34%,3.38%,3.78%,0.35%,0.04%,1.15%,3.70%,3.22%,3.69%,91,101,91,117,133,281,316,296,293,340,43.56%,14.42%,52.95%,40.87%,200.6%,621.4%,165.4%,700.2%,0.00%,-0.93%
2017/12/31,2017/11/30,0.51%,0.01%,-0.59%,-0.12%,-0.18%,1.87%,1.27%,0.49%,0.93%,0.96%,-0.22%,0.24%,0.77%,2.06%,1.10%,1.99%,91,101,91,117,132,286,320,297,295,344,42.56%,13.39%,52.61%,41.21%,203.8%,635.7%,167.8%,716.7%,-0.22%,-0.69%
2018/01/31,2017/12/31,0.66%,-2.29%,-1.98%,-0.57%,0.97%,7.05%,3.52%,3.23%,4.69%,7.38%,-0.06%,0.18%,0.66%,3.52%,5.34%,3.47%,92,99,89,116,134,306,331,307,309,369,43.00%,13.76%,52.52%,41.47%,220.1%,661.2%,162.8%,745.5%,-0.28%,-0.51%
2018/02/28,2018/01/31,0.65%,1.93%,-1.77%,-1.01%,0.26%,-3.11%,-2.28%,-5.45%,-4.06%,-3.13%,1.33%,1.54%,0.90%,-2.53%,-3.65%,-2.99%,92,100,88,115,134,297,323,290,297,357,42.44%,13.74%,54.55%,43.64%,208.4%,638.5%,164.5%,724.1%,0.00%,0.00%
2018/03/31,2018/02/28,0.92%,-0.86%,1.17%,0.13%,0.59%,-2.35%,-2.47%,-1.25%,-1.53%,-2.11%,0.89%,1.23%,-0.23%,1.60%,-1.98%,1.24%,93,100,89,115,135,290,315,286,292,350,41.97%,14.02%,55.93%,45.40%,202.3%,647.6%,173.0%,737.3%,0.00%,0.00%
2018/04/30,2018/03/31,0.29%,-1.40%,2.10%,-1.63%,0.41%,0.57%,-0.83%,2.72%,-1.15%,0.75%,-0.70%,-0.94%,-1.66%,-0.54%,0.43%,-0.26%,93,98,90,113,135,291,313,294,289,353,42.15%,14.24%,54.84%,44.04%,203.6%,645.7%,171.2%,732.8%,-0.70%,-0.94%
2018/05/31,2018/04/30,-1.73%,0.28%,1.38%,-1.86%,0.55%,1.71%,3.61%,2.64%,1.39%,3.89%,-0.04%,0.32%,-2.08%,5.45%,2.78%,5.35%,92,99,92,111,136,296,324,302,293,366,45.38%,16.72%,54.78%,44.51%,212.0%,685.6%,178.1%,778.2%,-0.73%,-0.62%
2018/06/30,2018/05/31,0.76%,-0.39%,1.31%,-0.29%,-0.62%,1.34%,0.24%,1.52%,1.05%,0.09%,-0.34%,-0.10%,-2.13%,0.34%,0.75%,0.37%,92,98,93,111,135,300,325,307,296,367,43.38%,15.26%,54.26%,44.36%,214.4%,688.5%,177.1%,781.2%,-1.07%,-0.72%
2018/07/31,2018/06/30,-1.30%,0.29%,-0.37%,0.42%,0.28%,2.49%,3.93%,2.03%,3.68%,3.71%,0.46%,0.21%,-1.44%,0.44%,3.27%,0.38%,91,98,93,111,136,308,337,313,307,380,45.66%,16.66%,54.96%,44.65%,224.7%,691.5%,169.0%,785.1%,-0.62%,-0.52%
2018/08/31,2018/07/31,0.23%,0.37%,-0.99%,-0.69%,-0.37%,4.53%,3.64%,1.07%,2.56%,4.68%,-0.50%,0.21%,-0.40%,4.27%,3.55%,4.20%,91,99,92,110,135,322,350,316,314,398,44.78%,16.82%,54.18%,44.96%,236.2%,724.8%,170.8%,822.8%,-1.12%,-0.31%
2018/09/30,2018/08/31,-1.03%,0.48%,-1.06%,0.38%,0.35%,-0.30%,0.28%,-1.30%,0.61%,0.75%,-0.44%,0.01%,-0.77%,-1.29%,0.10%,-1.29%,90,99,91,111,135,321,351,312,316,401,46.78%,18.04%,53.51%,44.98%,236.6%,714.1%,167.0%,810.9%,-1.55%,-0.29%
2018/10/31,2018/09/30,0.36%,1.20%,1.59%,-0.00%,0.88%,-8.91%,-7.08%,-4.05%,-6.93%,-8.29%,-0.26%,-0.73%,0.02%,-11.19%,-7.27%,-10.97%,91,100,92,111,137,292,326,299,294,368,47.55%,18.77%,53.12%,43.92%,212.1%,624.8%,157.1%,709.0%,-1.80%,-1.02%
2018/11/30,2018/10/31,0.41%,-1.74%,1.70%,0.05%,0.71%,2.51%,0.22%,3.38%,1.82%,2.57%,1.55%,1.57%,-0.73%,0.91%,1.99%,0.44%,91,99,94,111,138,299,327,309,300,377,48.00%,18.84%,55.49%,46.17%,218.3%,627.9%,153.1%,716.3%,-0.28%,0.00%
2018/12/31,2018/11/30,1.44%,-0.34%,-2.22%,-1.32%,1.39%,-8.74%,-10.18%,-10.17%,-9.25%,-8.24%,0.57%,0.88%,-1.95%,-12.88%,-9.28%,-13.14%,92,98,92,109,140,273,293,278,272,346,47.92%,19.44%,56.38%,47.46%,188.8%,532.3%,143.3%,611.2%,0.00%,0.00%
2019/01/31,2018/12/31,0.98%,-1.51%,1.76%,-0.08%,-0.14%,9.68%,8.31%,8.25%,9.25%,8.23%,-1.02%,-1.80%,0.88%,13.97%,8.72%,14.51%,93,97,93,109,139,300,318,301,297,375,46.27%,17.70%,54.78%,44.80%,214.0%,624.0%,157.4%,710.5%,-1.02%,-1.80%
2019/02/28,2019/01/31,-1.42%,-0.45%,-0.22%,0.75%,0.35%,2.63%,2.81%,2.59%,4.13%,4.61%,1.89%,1.88%,1.14%,6.86%,3.43%,6.30%,92,96,93,110,140,308,327,309,310,392,48.85%,20.03%,57.71%,47.53%,224.7%,669.6%,164.8%,766.2%,0.00%,0.00%
2019/03/31,2019/02/28,-0.45%,0.13%,1.27%,-0.06%,-1.03%,2.45%,0.66%,1.48%,1.72%,1.31%,-1.39%,-0.68%,-0.90%,-0.75%,1.41%,-0.55%,92,97,94,110,138,315,329,313,315,397,47.99%,18.65%,55.52%,46.52%,229.3%,665.4%,159.6%,759.7%,-1.39%,-0.68%
2019/04/30,2019/03/31,-0.06%,0.37%,-1.89%,0.60%,-0.27%,4.42%,4.92%,0.97%,4.70%,3.76%,1.89%,1.62%,-0.13%,3.38%,4.02%,2.89%,92,97,92,111,138,329,345,316,330,412,47.68%,17.87%,58.46%,48.89%,242.5%,687.5%,156.7%,788.7%,0.00%,0.00%
2019/05/31,2019/04/30,0.77%,-0.36%,1.22%,-0.47%,0.85%,-5.97%,-7.92%,-4.11%,-7.53%,-5.40%,-0.53%,-0.22%,1.20%,-8.48%,-6.47%,-8.41%,92,97,93,110,139,309,318,303,305,390,47.81%,18.54%,57.62%,48.56%,220.4%,621.3%,151.7%,713.3%,-0.53%,-0.22%
2019/06/30,2019/05/31,-1.66%,-0.02%,0.44%,0.78%,-0.43%,6.31%,7.18%,5.30%,7.88%,6.95%,0.24%,0.82%,-3.29%,6.06%,6.83%,5.81%,91,97,94,111,139,329,341,319,329,417,49.63%,19.29%,58.00%,49.78%,242.2%,663.2%,149.2%,762.6%,-0.29%,0.00%
2019/07/31,2019/06/30,-0.78%,1.19%,0.04%,0.18%,-0.45%,1.24%,2.42%,0.32%,1.02%,1.36%,0.48%,0.10%,-0.04%,-1.32%,1.45%,-1.35%,90,98,94,111,138,333,349,320,332,422,50.12%,19.43%,58.76%,49.93%,247.2%,652.9%,142.2%,751.2%,0.00%,0.00%
2019/08/31,2019/07/31,-3.19%,0.38%,2.49%,0.49%,0.04%,-3.68%,-3.01%,-0.39%,-2.12%,-0.70%,0.92%,1.28%,1.04%,-3.74%,-2.11%,-4.13%,87,98,96,112,138,321,338,319,325,419,54.97%,22.99%,60.22%,51.85%,239.9%,621.8%,137.3%,719.3%,0.00%,0.00%
2019/09/30,2019/08/31,1.07%,1.31%,0.24%,-0.00%,0.58%,0.84%,3.25%,3.33%,0.90%,0.37%,0.52%,0.38%,0.91%,1.94%,1.76%,1.83%,88,99,96,112,139,323,349,330,328,421,54.21%,22.41%,61.05%,52.42%,245.8%,635.0%,137.5%,735.2%,0.00%,0.00%
2019/10/31,2019/09/30,-1.38%,0.68%,0.63%,0.50%,-0.91%,1.45%,2.79%,1.92%,2.96%,1.64%,-0.39%,-1.04%,-3.18%,-0.52%,2.20%,-0.21%,87,100,97,112,138,328,359,336,338,428,54.94%,22.65%,60.42%,50.83%,253.4%,633.5%,131.8%,730.9%,-0.39%,-1.04%
2019/11/30,2019/10/31,-1.26%,-0.36%,-0.75%,-1.33%,1.63%,3.35%,3.67%,1.97%,3.38%,5.55%,3.08%,2.63%,0.24%,5.99%,3.75%,5.20%,86,100,96,111,140,339,372,343,349,452,59.41%,25.35%,65.37%,54.80%,266.7%,671.6%,135.1%,780.7%,0.00%,0.00%
2019/12/31,2019/11/30,-0.07%,0.76%,-0.07%,-0.24%,-0.44%,2.75%,3.93%,2.41%,2.50%,1.94%,0.43%,-0.18%,0.99%,4.94%,2.79%,5.00%,86,100,96,111,139,348,387,351,358,460,58.83%,24.34%,66.08%,54.52%,276.9%,710.2%,140.3%,824.2%,0.00%,-0.18%
2020/01/31,2019/12/31,1.47%,-0.87%,1.33%,-2.15%,-0.71%,3.19%,-1.83%,0.10%,-1.16%,0.93%,-0.57%,-1.84%,2.27%,-0.58%,0.06%,-0.03%,87,100,98,108,138,360,380,351,354,465,55.37%,21.53%,65.14%,51.68%,277.2%,710.0%,140.1%,818.8%,-0.57%,-2.01%
2020/02/29,2020/01/31,1.52%,-1.60%,-2.24%,0.04%,0.98%,-7.25%,-8.76%,-9.84%,-7.40%,-7.01%,0.38%,2.18%,0.35%,-3.52%,-8.00%,-4.18%,88,98,95,108,140,334,346,317,328,432,54.53%,21.81%,65.76%,54.99%,247.0%,676.1%,149.3%,786.4%,-0.19%,0.00%
2020/03/31,2020/02/29,-0.29%,-0.42%,-2.27%,-3.45%,-1.07%,-10.02%,-14.47%,-21.50%,-12.97%,-12.20%,-3.39%,-1.59%,-7.89%,-23.56%,-13.57%,-23.09%,88,98,93,105,138,300,296,249,285,379,53.32%,19.16%,60.13%,52.53%,199.9%,496.9%,125.6%,577.6%,-3.58%,-1.59%
2020/04/30,2020/03/31,0.93%,0.30%,0.46%,-1.22%,0.81%,14.21%,13.57%,13.12%,12.16%,14.04%,2.40%,1.00%,4.11%,20.83%,13.44%,20.53%,89,98,94,103,139,343,337,281,320,433,53.13%,18.97%,63.98%,54.05%,240.2%,619.5%,141.6%,718.7%,-1.26%,-0.61%
2020/05/31,2020/04/30,-1.63%,-1.05%,-1.17%,0.87%,-0.32%,4.78%,4.92%,3.52%,7.00%,6.55%,1.97%,3.78%,2.37%,13.20%,5.40%,12.07%,87,97,93,104,139,359,353,291,342,461,55.15%,21.06%,67.21%,59.88%,258.6%,706.3%,157.7%,826.7%,0.00%,0.00%
2020/06/30,2020/05/31,2.61%,-2.86%,-1.14%,-2.03%,1.03%,4.92%,-0.04%,0.74%,0.89%,4.19%,-1.01%,0.92%,1.41%,9.70%,2.43%,9.42%,90,94,92,102,140,377,353,293,345,480,52.70%,20.18%,65.53%,61.34%,267.3%,782.2%,175.7%,916.6%,-1.01%,0.00%
2020/07/31,2020/06/30,0.92%,0.60%,-2.47%,-0.00%,-4.51%,8.32%,6.35%,2.54%,6.12%,3.13%,-1.38%,-2.12%,-0.14%,3.19%,5.73%,3.83%,91,95,89,102,134,408,375,301,366,495,44.40%,13.94%,63.25%,57.92%,288.3%,816.0%,170.4%,949.0%,-2.37%,-2.12%
2020/08/31,2020/07/31,1.00%,-2.11%,-3.44%,-1.36%,0.46%,10.12%,5.58%,2.97%,6.85%,8.71%,1.54%,1.94%,-2.25%,6.83%,7.38%,6.25%,91,93,86,101,135,449,396,310,391,538,43.62%,12.34%,65.77%,60.99%,317.0%,873.2%,167.4%,1021%,-0.86%,-0.22%
2020/09/30,2020/08/31,-2.37%,1.61%,0.67%,0.48%,-0.29%,-5.55%,-1.93%,-3.31%,-2.59%,-3.00%,0.81%,0.90%,2.00%,-1.48%,-3.61%,-1.75%,89,94,87,101,134,424,389,300,381,522,46.61%,15.20%,67.10%,62.44%,301.9%,856.2%,172.3%,1004%,-0.06%,0.00%
2020/10/31,2020/09/30,0.43%,2.90%,-0.51%,0.24%,-1.35%,-3.64%,0.89%,-0.40%,-2.36%,-3.19%,0.48%,-0.16%,-1.98%,0.14%,-2.11%,0.19%,90,97,86,101,132,409,392,298,372,506,43.99%,15.72%,67.90%,62.18%,293.4%,858.0%,178.6%,1006%,0.00%,-0.16%
2020/11/30,2020/10/31,0.33%,-0.33%,-0.02%,0.54%,-0.21%,11.87%,12.21%,12.91%,12.61%,12.06%,-0.57%,-0.01%,0.71%,21.44%,12.26%,21.44%,90,97,86,102,132,458,440,337,419,567,43.22%,15.94%,66.94%,62.17%,341.6%,1063%,204.2%,1243%,-0.57%,-0.17%
2020/12/31,2020/11/30,0.81%,0.76%,0.29%,-2.06%,-4.03%,5.27%,6.12%,4.87%,2.92%,3.68%,-1.48%,-3.25%,-2.00%,7.77%,4.57%,8.74%,91,97,87,100,127,482,467,353,432,587,36.29%,14.09%,64.48%,56.90%,361.8%,1165%,216.9%,1347%,-2.04%,-3.41%
2021/01/31,2020/12/31,1.70%,-0.67%,-0.72%,-2.63%,-1.21%,0.00%,1.09%,0.60%,-2.31%,0.34%,2.61%,3.47%,6.73%,14.37%,-0.12%,13.33%,92,97,86,97,125,482,472,355,422,589,32.33%,14.47%,68.78%,62.34%,361.3%,1334%,259.5%,1555%,0.00%,-0.06%
