Date,fdate,Cash_to_Debt_AR_1,Cash_to_Debt_AR_2,Cash_to_Debt_AR_3,Cash_to_Debt_AR_4,Cash_to_Debt_AR_5,Cash_to_Debt_TR_1,Cash_to_Debt_TR_2,Cash_to_Debt_TR_3,Cash_to_Debt_TR_4,Cash_to_Debt_TR_5,Cash_to_Debt_AR_Sig,Cash_to_Debt_TR_Sig,Cash_to_Debt_AR_130,Cash_to_Debt_TR_130,Cash_to_Debt_TR_BP,Cash_to_Debt_TR_LO,Cash_to_Debt_CAR_1,Cash_to_Debt_CAR_2,Cash_to_Debt_CAR_3,Cash_to_Debt_CAR_4,Cash_to_Debt_CAR_5,Cash_to_Debt_CTR_1,Cash_to_Debt_CTR_2,Cash_to_Debt_CTR_3,Cash_to_Debt_CTR_4,Cash_to_Debt_CTR_5,Cash_to_Debt_CAR_LS,Cash_to_Debt_CTR_LS,Cash_to_Debt_CAR_SW,Cash_to_Debt_CTR_SW,Cash_to_Debt_CTR_BP,Cash_to_Debt_CTR_LO,Cash_to_Debt_CXR_LO,Cash_to_Debt_CTR_13,Cash_to_Debt_CADD,Cash_to_Debt_CTDD
2001/02/28,2001/01/31,2.96%,0.21%,1.63%,2.64%,1.81%,-9.41%,-3.47%,-7.18%,-7.87%,-15.33%,-14.98%,8.13%,1.53%,-7.83%,-9.48%,-10.27%,103,100,102,103,102,91,97,93,92,85,-1.16%,-5.92%,-14.98%,8.13%,-9.48%,-10.27%,-0.79%,-7.83%,-14.98%,0.00%
2001/03/31,2001/02/28,-0.64%,0.60%,1.17%,3.07%,-1.34%,-8.03%,-3.34%,-4.56%,-4.16%,-11.12%,-2.26%,7.87%,1.50%,-5.25%,-6.73%,-7.62%,102,101,103,106,100,83,93,89,88,75,-1.85%,-8.84%,-16.91%,16.64%,-15.57%,-17.11%,-1.68%,-12.68%,-16.91%,0.00%
2001/04/30,2001/03/31,-0.32%,-1.71%,-0.45%,-1.90%,2.45%,8.31%,4.46%,6.79%,7.15%,12.80%,8.12%,-1.37%,1.72%,11.00%,8.26%,11.42%,102,99,102,104,103,90,97,95,95,85,0.86%,-4.75%,-10.16%,15.04%,-8.60%,-7.64%,1.43%,-3.07%,-10.16%,-1.37%
2001/05/31,2001/04/30,0.68%,-1.22%,-0.99%,-1.65%,0.86%,1.81%,1.77%,2.48%,0.21%,-0.30%,-7.02%,-3.77%,1.08%,6.07%,1.01%,7.20%,103,98,101,102,104,92,99,97,95,85,1.05%,-6.76%,-16.46%,10.71%,-7.68%,-0.99%,7.71%,2.82%,-16.46%,-5.09%
2001/06/30,2001/05/31,3.18%,0.60%,0.05%,-1.21%,0.99%,-1.95%,-2.58%,-1.23%,-2.16%,-0.23%,7.74%,6.87%,-0.52%,5.68%,-1.54%,3.62%,106,98,101,101,105,90,97,96,93,84,-1.16%,-5.16%,-10.00%,18.31%,-9.10%,2.60%,13.27%,8.66%,-10.00%,0.00%
2001/07/31,2001/06/30,-4.42%,-1.67%,-1.85%,3.56%,1.12%,-3.82%,0.55%,-2.03%,0.31%,-3.87%,0.61%,7.43%,4.62%,-1.64%,-1.79%,-3.86%,101,97,100,104,106,87,97,94,93,81,4.32%,-5.21%,-9.45%,27.10%,-10.73%,-1.37%,10.93%,6.88%,-9.45%,0.00%
2001/08/31,2001/07/31,1.74%,1.77%,2.52%,-0.06%,-1.20%,-6.55%,-3.84%,-2.67%,-6.54%,-8.58%,2.14%,4.21%,1.46%,-3.10%,-5.97%,-4.36%,103,99,102,104,105,81,93,91,87,74,1.25%,-7.13%,-7.51%,32.45%,-16.06%,-5.67%,12.71%,3.57%,-7.51%,0.00%
2001/09/30,2001/08/31,-4.01%,-0.50%,0.15%,4.89%,-2.93%,-10.66%,-6.62%,-10.39%,-7.90%,-10.88%,0.73%,3.83%,7.20%,-12.77%,-8.92%,-13.91%,99,98,102,109,102,72,87,82,80,66,2.35%,-7.34%,-6.84%,37.52%,-23.54%,-18.80%,7.08%,-9.65%,-6.84%,0.00%
2001/10/31,2001/09/30,6.06%,3.17%,1.40%,-4.88%,4.39%,7.17%,-0.70%,0.47%,-1.39%,9.33%,6.02%,-4.08%,0.95%,11.54%,2.68%,12.77%,105,101,104,104,106,78,87,82,79,72,0.65%,-5.34%,-1.23%,31.90%,-21.50%,-8.43%,17.89%,0.78%,-1.23%,-4.08%
2001/11/30,2001/10/31,-3.74%,-3.14%,-3.93%,-0.14%,4.82%,6.66%,4.89%,5.74%,9.55%,11.04%,-3.27%,-2.01%,-1.40%,8.96%,7.75%,9.56%,101,98,100,104,111,83,91,87,87,80,9.26%,-1.19%,-4.46%,29.25%,-15.41%,0.33%,20.02%,9.81%,-4.46%,-6.02%
2001/12/31,2001/11/30,1.74%,2.73%,0.66%,-0.17%,-2.23%,3.84%,2.87%,3.58%,2.12%,-0.86%,-3.26%,-3.53%,-0.97%,6.21%,1.71%,7.27%,103,101,100,104,109,86,93,90,88,80,4.93%,-5.83%,-7.58%,24.68%,-13.96%,7.62%,26.69%,16.63%,-7.58%,-9.34%
2002/01/31,2001/12/31,-2.41%,-0.78%,-1.24%,-0.11%,2.04%,-5.94%,-1.20%,-0.55%,-1.35%,-0.70%,-4.25%,-0.51%,-0.34%,0.17%,-1.25%,0.32%,100,100,99,104,111,81,92,90,87,79,9.60%,-0.90%,-11.50%,24.05%,-15.04%,7.97%,28.69%,16.83%,-11.50%,-9.80%
2002/02/28,2002/01/31,-0.39%,2.25%,2.37%,-1.19%,-2.51%,-3.97%,1.40%,0.49%,-4.45%,-6.02%,3.66%,6.07%,0.33%,-3.83%,-2.10%,-5.65%,100,102,101,102,108,78,94,90,83,74,7.28%,-2.92%,-8.27%,31.58%,-16.83%,1.87%,24.13%,12.36%,-8.27%,-4.32%
2002/03/31,2002/02/28,0.40%,2.03%,1.39%,-1.68%,0.04%,2.62%,4.29%,6.28%,5.10%,3.31%,2.02%,2.31%,-0.36%,9.86%,4.42%,9.17%,100,104,103,101,108,80,98,96,88,77,6.90%,-2.25%,-6.41%,34.61%,-13.15%,11.21%,30.02%,23.43%,-6.41%,-2.11%
2002/04/30,2002/03/31,1.88%,1.97%,0.67%,0.06%,-2.86%,-5.38%,-2.77%,-2.60%,-4.73%,-9.41%,1.85%,6.49%,-1.27%,-0.58%,-5.00%,-2.52%,102,106,103,101,105,75,95,93,83,70,1.83%,-6.19%,-4.68%,43.35%,-17.49%,8.40%,33.24%,22.72%,-4.68%,0.00%
2002/05/31,2002/04/30,-2.73%,-1.10%,0.49%,2.18%,-1.03%,-2.90%,-0.42%,-0.09%,-0.03%,-3.07%,2.50%,3.54%,3.04%,-2.20%,-1.20%,-3.27%,99,105,104,103,104,73,95,93,83,67,3.56%,-6.35%,-2.30%,48.43%,-18.48%,4.86%,30.48%,20.01%,-2.30%,0.00%
2002/06/30,2002/05/31,2.06%,2.30%,1.91%,-1.01%,-3.32%,-5.33%,-4.30%,-5.54%,-9.70%,-10.30%,4.94%,5.29%,-2.40%,-7.11%,-6.92%,-8.69%,101,107,106,102,101,69,90,88,75,60,-2.02%,-11.01%,2.53%,56.28%,-24.12%,-4.25%,28.17%,11.49%,0.00%,0.00%
2002/07/31,2002/06/30,-4.07%,-1.33%,1.13%,-0.58%,1.24%,-8.91%,-6.79%,-9.04%,-12.61%,-6.05%,4.90%,1.67%,5.62%,-12.10%,-7.99%,-12.60%,97,106,107,101,102,63,84,80,66,57,3.18%,-8.46%,7.55%,58.89%,-30.19%,-16.32%,22.27%,-2.00%,0.00%,0.00%
2002/08/31,2002/07/31,-2.32%,-1.71%,-0.52%,-1.49%,0.90%,-0.19%,0.91%,1.60%,-0.33%,0.28%,-0.17%,1.80%,3.01%,1.14%,0.64%,0.60%,95,104,107,100,103,63,85,81,66,57,6.49%,-8.03%,7.37%,61.75%,-29.74%,-15.82%,22.22%,-0.88%,-0.17%,0.00%
2002/09/30,2002/08/31,-0.26%,-2.27%,-0.28%,-0.18%,0.24%,-7.68%,-9.75%,-9.47%,-12.13%,-10.76%,1.96%,3.26%,3.51%,-8.23%,-10.13%,-9.21%,95,102,106,100,103,58,77,74,58,51,7.02%,-10.87%,9.48%,67.02%,-36.86%,-23.57%,23.34%,-9.04%,0.00%,0.00%
2002/10/31,2002/09/30,-2.86%,-0.19%,0.83%,1.76%,5.11%,2.53%,5.05%,6.05%,9.15%,13.70%,2.82%,-1.25%,1.14%,7.13%,7.77%,7.51%,92,102,107,101,108,60,81,78,63,58,15.55%,-0.92%,12.57%,64.94%,-31.95%,-17.83%,23.02%,-2.56%,0.00%,-1.25%
2002/11/30,2002/10/31,0.67%,-0.65%,-2.08%,-0.73%,2.04%,4.41%,3.02%,4.22%,9.74%,9.68%,-5.70%,-9.72%,-1.17%,12.06%,6.03%,14.98%,93,101,105,101,110,62,83,81,69,63,17.12%,4.30%,6.15%,48.90%,-27.85%,-5.52%,34.03%,9.20%,-5.70%,-10.85%
2002/12/31,2002/11/30,-0.40%,0.16%,1.00%,0.53%,-1.15%,-4.47%,-3.53%,-3.69%,-7.44%,-8.64%,2.43%,4.98%,3.19%,-4.50%,-5.58%,-5.99%,92,101,106,101,109,59,80,78,64,58,16.24%,-0.04%,8.73%,56.32%,-31.88%,-11.19%,33.48%,4.28%,-3.41%,-6.40%
2003/01/31,2002/12/31,0.02%,-0.35%,0.14%,-0.93%,0.93%,-2.53%,-2.70%,-2.75%,-3.97%,-1.36%,-3.29%,-4.25%,0.29%,-1.53%,-2.56%,-0.25%,92,101,106,100,110,58,78,76,61,57,17.30%,1.13%,5.16%,49.68%,-33.63%,-11.41%,36.56%,2.69%,-6.59%,-10.38%
2003/02/28,2003/01/31,-3.56%,0.24%,-1.12%,1.28%,1.69%,-5.25%,-1.40%,-3.63%,-1.44%,0.10%,2.18%,2.09%,0.90%,-2.08%,-1.81%,-2.71%,89,101,105,102,112,55,77,73,60,57,23.45%,6.55%,7.45%,52.82%,-34.83%,-13.81%,35.33%,0.55%,-4.55%,-8.50%
2003/03/31,2003/02/28,2.89%,1.46%,1.70%,-0.67%,0.05%,2.62%,1.04%,1.59%,-0.30%,1.53%,2.53%,1.63%,1.13%,2.91%,1.22%,2.43%,92,103,107,101,112,56,78,75,60,58,19.95%,5.39%,10.17%,55.30%,-34.03%,-11.72%,36.95%,3.48%,-2.13%,-7.02%
2003/04/30,2003/03/31,-0.42%,2.12%,0.71%,-2.51%,-1.59%,6.94%,8.55%,9.04%,8.87%,7.29%,-0.28%,-2.44%,-1.21%,10.34%,8.22%,11.08%,91,105,107,98,110,60,84,81,66,62,18.54%,5.76%,9.86%,51.51%,-28.61%,-1.95%,40.87%,14.18%,-2.41%,-9.29%
2003/05/31,2003/04/30,1.10%,-0.24%,0.02%,1.14%,-1.60%,7.79%,3.64%,6.59%,10.95%,5.66%,-13.72%,-18.29%,-4.65%,7.11%,6.23%,12.60%,92,104,107,99,109,65,87,87,73,66,15.35%,3.51%,-5.21%,23.79%,-24.16%,10.41%,49.84%,22.30%,-15.80%,-25.88%
2003/06/30,2003/05/31,-0.23%,-0.25%,-0.45%,-0.80%,1.06%,1.01%,0.72%,1.35%,1.66%,2.71%,-0.93%,-1.84%,1.91%,5.66%,1.49%,6.22%,92,104,107,99,110,66,88,88,74,68,16.84%,5.26%,-6.09%,21.51%,-23.03%,17.27%,56.93%,29.23%,-16.58%,-27.25%
2003/07/31,2003/06/30,2.10%,0.80%,0.35%,-2.04%,1.76%,2.75%,1.58%,2.51%,1.70%,3.67%,-1.20%,-1.92%,-0.28%,7.03%,2.46%,7.60%,94,105,107,97,112,67,89,90,75,70,16.44%,6.24%,-7.22%,19.18%,-21.14%,26.19%,65.00%,38.32%,-17.58%,-28.64%
2003/08/31,2003/07/31,3.18%,0.16%,-2.18%,-0.74%,0.13%,5.16%,2.31%,1.16%,3.19%,1.89%,-1.45%,-1.56%,-0.42%,4.88%,2.35%,5.35%,97,105,105,96,112,71,92,91,78,71,12.89%,2.76%,-8.56%,17.32%,-19.28%,32.94%,69.94%,45.07%,-18.77%,-29.76%
2003/09/30,2003/08/31,-1.82%,0.31%,0.26%,-0.61%,0.17%,-2.73%,-0.65%,-0.65%,-1.60%,-0.88%,-7.87%,-9.45%,-1.98%,-2.86%,-1.08%,-0.02%,95,106,105,95,112,69,91,90,76,71,15.14%,4.66%,-15.76%,6.23%,-20.15%,32.91%,71.74%,40.92%,-25.17%,-36.40%
2003/10/31,2003/09/30,1.74%,0.26%,-1.10%,0.56%,1.32%,6.12%,5.49%,6.05%,8.52%,5.07%,-1.69%,0.22%,-0.20%,8.85%,6.06%,8.78%,97,106,104,96,113,73,96,96,83,74,14.66%,3.57%,-17.18%,6.47%,-15.32%,44.58%,76.42%,53.39%,-26.43%,-36.25%
2003/11/30,2003/10/31,0.25%,-0.72%,-0.66%,-0.11%,1.06%,1.35%,0.96%,1.29%,2.39%,1.49%,0.56%,1.24%,1.18%,4.40%,1.47%,4.03%,97,105,103,96,115,74,97,97,85,75,15.60%,3.71%,-16.72%,7.79%,-14.07%,50.40%,80.92%,60.14%,-26.02%,-35.46%
2003/12/31,2003/11/30,-2.63%,0.59%,0.53%,-0.93%,-1.25%,4.91%,4.73%,5.40%,3.66%,3.54%,2.66%,-1.42%,0.07%,2.34%,4.39%,2.77%,95,106,104,95,113,78,101,102,88,78,17.19%,2.29%,-14.50%,6.26%,-10.30%,54.56%,77.99%,63.88%,-24.05%,-36.38%
2004/01/31,2003/12/31,1.63%,0.77%,-1.66%,-1.58%,1.07%,3.87%,3.20%,1.22%,1.74%,2.09%,-12.14%,-12.48%,-2.07%,1.67%,2.25%,5.42%,96,106,102,93,114,81,105,104,90,80,16.54%,0.47%,-24.88%,-7.00%,-8.28%,62.93%,83.63%,66.62%,-33.27%,-44.32%
2004/02/29,2004/01/31,-0.74%,1.10%,0.92%,0.24%,-2.10%,1.37%,2.63%,2.58%,1.59%,-0.80%,2.38%,1.48%,0.32%,0.51%,1.48%,0.06%,95,108,103,94,112,82,107,106,91,79,14.95%,-1.72%,-23.09%,-5.62%,-6.92%,63.04%,81.02%,67.47%,-31.68%,-43.49%
2004/03/31,2004/02/29,-0.94%,-0.04%,1.19%,0.78%,-1.46%,-1.87%,-1.20%,0.30%,-0.04%,-2.62%,2.53%,1.41%,1.04%,1.25%,-1.09%,0.82%,94,108,104,94,110,80,106,107,91,77,14.35%,-2.45%,-21.14%,-4.29%,-7.94%,64.38%,84.48%,69.55%,-29.95%,-42.70%
2004/04/30,2004/03/31,-2.76%,-0.40%,-0.40%,0.68%,-1.04%,-3.89%,-2.35%,-3.44%,-1.73%,-0.39%,2.95%,1.16%,0.43%,-3.07%,-2.03%,-3.42%,92,107,104,95,109,77,104,103,89,77,16.32%,0.96%,-18.82%,-3.18%,-9.81%,58.76%,81.93%,64.35%,-27.88%,-42.03%
2004/05/31,2004/04/30,-0.05%,-0.18%,0.02%,-0.15%,1.40%,0.32%,0.93%,1.22%,1.03%,2.51%,2.51%,3.39%,0.68%,1.88%,1.34%,0.86%,92,107,104,95,111,77,105,104,90,79,18.01%,3.17%,-16.78%,0.10%,-8.61%,60.12%,81.06%,67.43%,-26.08%,-40.07%
2004/06/30,2004/05/31,-0.17%,0.34%,-0.41%,-0.48%,0.56%,2.22%,2.10%,2.14%,2.02%,1.60%,3.34%,4.37%,-0.13%,4.44%,1.96%,3.13%,92,107,104,94,111,79,107,106,92,80,18.86%,2.53%,-14.00%,4.47%,-6.81%,65.14%,83.18%,74.87%,-23.61%,-37.45%
2004/07/31,2004/06/30,-3.59%,0.74%,0.46%,0.62%,-0.87%,-6.66%,-2.15%,-2.38%,-3.41%,-6.56%,5.17%,3.59%,0.16%,-7.35%,-3.87%,-8.43%,88,108,104,95,110,74,105,104,89,75,22.10%,2.63%,-9.56%,8.22%,-10.42%,51.22%,74.82%,62.01%,-19.66%,-35.21%
2004/08/31,2004/07/31,0.20%,-0.02%,1.87%,0.18%,-1.03%,0.71%,0.55%,2.05%,0.25%,-1.51%,1.39%,0.55%,0.08%,-1.60%,0.29%,-1.76%,89,108,106,95,109,74,105,106,89,74,20.60%,0.35%,-8.30%,8.81%,-10.15%,48.55%,71.23%,59.42%,-18.54%,-34.85%
2004/09/30,2004/08/31,0.80%,-0.15%,-0.47%,1.17%,-0.81%,2.20%,1.09%,1.34%,3.47%,0.82%,0.31%,2.40%,0.30%,5.88%,1.66%,5.16%,89,108,106,96,108,76,106,107,92,74,18.66%,-1.04%,-8.02%,11.42%,-8.67%,56.22%,77.23%,68.80%,-18.29%,-33.29%
2004/10/31,2004/09/30,1.80%,-0.40%,0.15%,0.30%,-0.28%,3.41%,0.91%,1.51%,1.78%,1.63%,2.28%,1.75%,0.66%,2.47%,1.55%,1.94%,91,108,106,97,108,79,107,109,94,75,16.19%,-2.80%,-5.93%,13.37%,-7.25%,59.26%,77.93%,72.97%,-16.43%,-32.12%
2004/11/30,2004/10/31,1.92%,0.52%,-0.79%,0.68%,-1.67%,7.11%,4.42%,4.45%,6.54%,2.41%,-4.49%,-4.07%,-2.77%,6.58%,4.65%,7.80%,93,108,105,97,106,84,112,114,100,77,12.02%,-7.36%,-10.15%,8.76%,-2.94%,71.68%,83.53%,84.34%,-20.18%,-34.88%
2004/12/31,2004/11/30,1.02%,0.28%,-0.34%,-0.94%,0.55%,4.64%,3.55%,3.08%,2.81%,4.54%,-4.46%,-5.83%,0.36%,4.73%,3.62%,6.48%,94,108,105,96,107,88,116,117,103,81,11.50%,-7.45%,-14.16%,2.41%,0.58%,82.81%,88.79%,93.07%,-23.75%,-38.68%
2005/01/31,2004/12/31,-0.49%,-0.42%,-0.35%,1.25%,-0.32%,-3.08%,-1.89%,-2.51%,-1.45%,-5.10%,1.60%,2.03%,1.87%,-3.62%,-2.69%,-4.23%,93,108,104,98,107,85,114,115,101,77,11.69%,-9.32%,-12.79%,4.49%,-2.13%,75.07%,85.87%,86.07%,-22.53%,-37.44%
2005/02/28,2005/01/31,-0.19%,-1.31%,-0.72%,2.42%,0.70%,1.47%,1.07%,1.72%,4.72%,1.13%,2.00%,2.35%,0.32%,1.45%,2.06%,0.74%,93,107,103,100,107,87,115,117,106,77,12.68%,-9.64%,-11.04%,6.94%,-0.11%,76.37%,83.43%,88.77%,-20.98%,-35.97%
2005/03/31,2005/02/28,0.19%,-0.72%,-0.51%,-0.86%,2.05%,-1.17%,-1.72%,-1.17%,-2.33%,-1.73%,5.14%,5.25%,2.29%,-1.38%,-1.73%,-2.96%,93,106,103,99,110,86,113,115,104,76,14.77%,-10.15%,-6.47%,12.56%,-1.84%,71.15%,81.17%,86.15%,-16.92%,-32.60%
2005/04/30,2005/03/31,-0.25%,-1.15%,1.28%,-0.88%,2.98%,-2.69%,-2.70%,-1.34%,-3.93%,-0.18%,3.29%,2.92%,2.55%,-4.91%,-2.23%,-5.78%,93,105,104,98,113,83,110,114,100,76,18.48%,-7.89%,-3.39%,15.85%,-4.03%,61.25%,74.74%,77.02%,-14.18%,-30.64%
2005/05/31,2005/04/30,-1.00%,0.26%,-0.54%,0.00%,0.43%,2.53%,3.33%,3.40%,4.38%,5.05%,2.74%,3.25%,-0.23%,7.92%,3.88%,6.95%,92,105,104,98,113,86,114,117,104,80,20.18%,-5.58%,-0.75%,19.62%,-0.31%,72.46%,80.10%,91.05%,-11.83%,-28.38%
2005/06/30,2005/05/31,0.79%,0.14%,0.35%,-0.37%,-0.59%,2.70%,0.85%,3.03%,1.18%,-1.56%,0.61%,-0.75%,-0.01%,2.91%,0.85%,3.14%,93,105,104,98,113,88,115,121,105,79,18.53%,-9.60%,-0.14%,18.72%,0.54%,77.87%,84.22%,96.61%,-11.29%,-28.92%
2005/07/31,2005/06/30,0.96%,-0.07%,0.42%,-0.29%,-0.05%,4.68%,3.10%,4.44%,4.47%,5.11%,-0.65%,-1.63%,-1.38%,6.36%,4.20%,6.85%,94,105,104,98,113,92,118,126,110,83,17.33%,-9.21%,-0.79%,16.78%,4.76%,90.05%,89.10%,109.1%,-11.87%,-30.08%
2005/08/31,2005/07/31,-1.72%,-0.73%,0.22%,0.42%,1.34%,-2.40%,-1.10%,-0.69%,-0.54%,-0.98%,0.14%,-0.37%,1.45%,-1.41%,-1.01%,-1.30%,92,104,105,98,114,90,117,126,109,82,20.92%,-7.93%,-0.65%,16.35%,3.70%,87.58%,88.56%,106.2%,-11.74%,-30.34%
2005/09/30,2005/08/31,0.51%,-0.01%,-0.03%,1.36%,-0.15%,0.76%,1.03%,0.57%,2.05%,-0.67%,0.90%,1.13%,2.43%,1.56%,0.77%,1.22%,92,104,105,99,114,90,118,126,112,81,20.13%,-9.24%,0.24%,17.66%,4.50%,89.87%,89.40%,109.4%,-10.95%,-29.55%
2005/10/31,2005/09/30,-0.69%,0.67%,0.69%,-1.57%,0.20%,-2.27%,-0.60%,-1.12%,-3.36%,-2.02%,4.27%,3.82%,1.94%,-1.30%,-1.76%,-2.45%,92,105,105,98,114,88,117,125,108,80,21.21%,-9.01%,4.52%,22.15%,2.66%,85.22%,88.10%,106.7%,-7.15%,-26.86%
2005/11/30,2005/10/31,0.35%,0.34%,0.42%,-0.38%,0.48%,3.89%,3.60%,3.77%,3.24%,5.22%,3.86%,4.14%,1.04%,6.56%,3.93%,5.32%,92,105,106,97,115,92,122,130,111,84,21.36%,-7.80%,8.56%,27.21%,6.69%,95.07%,90.72%,120.2%,-3.57%,-23.83%
2005/12/31,2005/11/30,0.71%,0.09%,-0.77%,-0.06%,0.56%,0.73%,0.26%,-0.69%,-0.06%,0.24%,1.32%,0.76%,1.99%,0.99%,0.04%,0.76%,93,105,105,97,115,92,122,129,111,84,21.18%,-8.25%,10.00%,28.18%,6.73%,96.56%,92.11%,122.4%,-2.29%,-23.25%
2006/01/31,2005/12/31,2.62%,-0.11%,-0.77%,-1.48%,0.07%,6.46%,2.59%,2.43%,3.61%,3.96%,-3.68%,-4.72%,-2.98%,7.11%,3.44%,8.52%,95,105,104,96,115,98,125,132,115,87,18.08%,-10.55%,5.95%,22.14%,10.40%,113.3%,101.9%,138.2%,-5.88%,-26.87%
2006/02/28,2006/01/31,1.42%,0.51%,0.71%,-0.66%,-1.23%,1.34%,0.66%,0.84%,-0.74%,-1.01%,-0.67%,-0.94%,-0.47%,-0.53%,0.09%,-0.24%,96,106,105,95,114,100,126,133,114,86,14.94%,-12.65%,5.24%,20.98%,10.50%,112.8%,101.2%,136.9%,-6.52%,-27.56%
2006/03/31,2006/02/28,2.12%,0.23%,-0.42%,-0.86%,-1.13%,4.24%,1.25%,1.87%,2.40%,1.31%,0.36%,0.13%,-2.19%,4.25%,1.90%,4.22%,99,106,104,94,113,104,127,135,117,87,11.21%,-15.21%,5.62%,21.14%,12.59%,121.8%,105.9%,147.0%,-6.18%,-27.47%
2006/04/30,2006/03/31,-1.56%,0.82%,-0.35%,-0.72%,0.12%,-0.14%,2.53%,1.29%,0.69%,-0.62%,3.43%,1.98%,2.24%,0.97%,0.99%,0.38%,97,107,104,94,113,104,131,137,118,87,13.08%,-15.62%,9.24%,23.54%,13.71%,122.6%,104.6%,149.4%,-2.96%,-26.03%
2006/05/31,2006/04/30,-0.62%,0.02%,0.41%,-0.48%,-0.24%,-3.80%,-1.81%,-1.49%,-3.60%,-5.68%,3.79%,3.11%,0.88%,-5.13%,-3.11%,-6.07%,96,107,105,93,113,100,128,135,114,82,13.52%,-17.20%,13.38%,27.38%,10.17%,109.1%,98.56%,136.6%,0.00%,-23.73%
2006/06/30,2006/05/31,0.74%,-0.11%,-0.03%,-0.46%,0.88%,0.95%,0.12%,0.31%,-0.26%,0.28%,3.39%,3.14%,1.10%,0.52%,0.19%,-0.42%,97,107,105,93,114,101,128,135,113,82,13.69%,-17.75%,17.22%,31.38%,10.39%,108.2%,97.34%,137.9%,0.00%,-21.34%
2006/07/31,2006/06/30,-0.07%,-0.90%,0.50%,-0.28%,1.96%,-0.44%,-0.35%,0.72%,-0.12%,-1.09%,2.34%,2.28%,0.98%,-3.62%,-0.28%,-4.30%,97,106,105,93,116,100,128,136,113,81,15.99%,-18.28%,19.96%,34.38%,10.08%,99.26%,89.39%,129.2%,0.00%,-19.54%
2006/08/31,2006/07/31,-0.69%,-0.14%,1.12%,-0.45%,0.65%,1.24%,1.63%,2.92%,2.19%,4.30%,0.10%,0.48%,-0.80%,3.49%,2.48%,3.35%,96,106,106,92,117,102,130,140,116,85,17.55%,-15.78%,20.08%,35.02%,12.81%,105.9%,91.04%,137.3%,0.00%,-19.16%
2006/09/30,2006/08/31,0.64%,0.03%,-1.53%,0.26%,0.63%,3.03%,2.37%,0.90%,2.05%,2.94%,2.81%,3.16%,1.07%,2.23%,2.24%,1.29%,97,106,105,92,117,105,133,142,118,87,17.54%,-15.86%,23.46%,39.28%,15.33%,108.6%,89.22%,142.5%,0.00%,-16.61%
2006/10/31,2006/09/30,0.98%,-0.52%,1.74%,0.03%,-0.78%,4.79%,2.41%,5.36%,4.46%,3.28%,-1.56%,-3.24%,-1.42%,4.11%,3.69%,5.09%,98,105,106,92,116,110,136,149,123,90,15.47%,-17.13%,21.54%,34.76%,19.59%,119.2%,91.86%,152.5%,-1.56%,-19.31%
2006/11/30,2006/10/31,0.83%,-0.07%,-0.88%,0.17%,0.05%,2.90%,1.75%,1.55%,2.85%,2.19%,0.49%,0.45%,-0.78%,2.62%,2.16%,2.49%,99,105,105,93,116,113,139,152,127,92,14.57%,-17.71%,22.14%,35.37%,22.17%,124.6%,92.50%,159.1%,-1.07%,-18.95%
2006/12/31,2006/11/30,-0.38%,0.31%,-0.85%,0.43%,-0.91%,1.29%,2.29%,1.98%,1.43%,-1.18%,1.31%,1.68%,0.87%,2.00%,1.18%,1.49%,98,105,105,93,115,114,142,155,129,91,13.96%,-19.74%,23.74%,37.64%,23.61%,128.0%,93.10%,164.3%,0.00%,-17.59%
2007/01/31,2006/12/31,1.83%,-0.02%,0.05%,-0.13%,0.33%,3.70%,1.51%,1.60%,1.65%,2.73%,-0.53%,-1.11%,-0.13%,1.67%,2.01%,2.01%,100,105,105,93,116,119,144,157,131,94,12.24%,-20.51%,23.09%,36.12%,26.09%,132.6%,93.10%,168.7%,-0.53%,-18.50%
2007/02/28,2007/01/31,-1.12%,0.52%,0.20%,-0.25%,-0.81%,-2.96%,-1.03%,-1.08%,-1.44%,-2.57%,0.96%,0.38%,0.87%,0.13%,-1.63%,0.02%,99,106,105,93,115,115,143,155,129,91,12.59%,-20.20%,24.27%,36.63%,24.04%,132.6%,96.27%,169.1%,0.00%,-18.20%
2007/03/31,2007/02/28,-1.39%,-0.42%,1.68%,0.65%,-1.64%,0.33%,0.46%,1.93%,1.63%,0.56%,3.25%,2.39%,0.73%,1.84%,1.00%,1.13%,98,105,107,93,113,115,143,158,131,92,12.31%,-20.02%,28.32%,39.90%,25.28%,135.2%,96.51%,174.1%,0.00%,-16.24%
2007/04/30,2007/03/31,-0.13%,-0.25%,0.30%,0.02%,0.61%,4.22%,3.51%,2.57%,3.37%,5.81%,0.72%,-0.65%,1.61%,3.03%,3.86%,3.22%,98,105,107,93,114,120,148,162,135,97,13.14%,-18.75%,29.24%,38.99%,30.12%,142.8%,95.25%,182.3%,0.00%,-16.78%
2007/05/31,2007/04/30,-1.07%,-0.11%,0.55%,1.02%,-1.70%,2.80%,3.04%,3.57%,4.79%,2.81%,4.15%,3.75%,-0.54%,3.89%,3.54%,2.77%,97,105,107,94,112,124,153,168,142,100,12.42%,-18.74%,34.60%,44.20%,34.73%,149.5%,93.73%,193.3%,0.00%,-13.66%
2007/06/30,2007/05/31,-1.66%,-0.90%,-0.44%,0.99%,-0.23%,-3.63%,-2.45%,-1.93%,-1.02%,-1.26%,2.33%,1.52%,2.09%,0.67%,-1.77%,0.21%,95,104,107,95,111,119,149,165,141,98,14.03%,-16.81%,37.74%,46.39%,32.35%,150.0%,97.57%,195.3%,0.00%,-12.35%
2007/07/31,2007/06/30,-3.19%,-0.90%,1.57%,2.54%,-1.20%,-7.87%,-4.32%,-3.95%,-2.07%,-2.58%,2.84%,1.50%,3.79%,-3.33%,-3.46%,-3.78%,92,103,109,98,110,110,143,158,138,96,16.30%,-12.41%,41.65%,48.59%,27.77%,140.6%,96.95%,185.5%,0.00%,-11.03%
2007/08/31,2007/07/31,-2.27%,0.65%,0.68%,0.35%,-0.12%,-1.30%,1.57%,1.21%,1.53%,2.29%,3.68%,2.00%,-0.29%,0.44%,1.50%,-0.16%,90,104,109,98,110,108,145,160,140,98,18.80%,-9.27%,46.86%,51.56%,29.69%,140.2%,93.69%,186.7%,0.00%,-9.26%
2007/09/30,2007/08/31,1.74%,-0.62%,0.77%,0.15%,-1.16%,5.01%,2.48%,2.36%,4.36%,4.26%,1.80%,0.11%,1.38%,2.82%,3.55%,2.78%,91,103,110,98,109,114,148,164,146,102,15.35%,-9.95%,49.51%,51.73%,34.30%,146.9%,92.19%,194.8%,0.00%,-9.16%
2007/10/31,2007/09/30,-0.13%,-1.22%,1.09%,-1.26%,1.26%,1.97%,0.01%,1.83%,1.68%,5.00%,5.00%,2.63%,1.29%,3.52%,2.05%,2.73%,91,102,111,97,110,116,148,167,148,107,16.95%,-7.22%,56.98%,55.72%,37.05%,153.6%,93.50%,205.2%,0.00%,-6.76%
2007/11/30,2007/10/31,-1.03%,-0.66%,-0.16%,1.08%,0.35%,-6.10%,-5.01%,-4.97%,-3.71%,-4.16%,6.67%,7.18%,2.44%,-4.71%,-4.49%,-6.86%,90,101,111,98,110,109,141,159,143,103,18.56%,-5.42%,67.45%,66.90%,30.89%,136.2%,88.91%,190.8%,0.00%,-0.07%
2007/12/31,2007/11/30,-1.83%,-0.72%,-1.20%,0.67%,-1.10%,-1.74%,-1.77%,-2.32%,1.52%,-0.52%,4.47%,3.38%,1.71%,1.23%,-0.68%,0.22%,89,101,110,98,109,107,139,155,145,102,19.43%,-4.27%,74.93%,72.54%,30.00%,136.8%,90.62%,194.4%,0.00%,0.00%
2008/01/31,2007/12/31,2.59%,1.71%,-0.02%,0.76%,0.33%,-3.60%,-3.17%,-3.35%,-7.69%,-9.15%,0.25%,-0.10%,1.37%,-6.84%,-5.98%,-6.81%,91,102,110,99,110,103,134,150,134,93,16.73%,-9.59%,75.37%,72.37%,22.22%,120.6%,89.03%,174.2%,0.00%,-0.10%
2008/02/29,2008/01/31,-1.77%,-0.98%,-1.77%,1.55%,0.18%,-5.18%,-5.29%,-4.54%,-0.16%,-1.89%,-0.56%,-0.15%,0.43%,-2.25%,-3.00%,-2.21%,89,101,108,101,110,98,127,143,134,91,19.01%,-6.62%,74.39%,72.11%,18.56%,115.8%,90.52%,168.1%,-0.56%,-0.25%
2008/03/31,2008/02/29,-1.31%,1.05%,0.39%,-1.00%,0.06%,-2.80%,-0.71%,-0.55%,-0.42%,-0.31%,5.86%,5.34%,-0.29%,-0.07%,-0.63%,-1.68%,88,102,108,100,110,95,126,142,133,91,20.65%,-4.29%,84.60%,81.31%,17.81%,112.1%,88.53%,167.9%,0.00%,0.00%
2008/04/30,2008/03/31,1.20%,0.94%,-1.31%,0.76%,0.06%,5.72%,5.46%,2.73%,5.01%,5.37%,3.58%,3.47%,1.29%,5.17%,4.79%,4.13%,89,103,107,101,110,101,133,146,140,96,19.27%,-4.62%,91.21%,87.61%,23.46%,120.9%,87.28%,181.7%,0.00%,0.00%
2008/05/31,2008/04/30,-2.05%,-1.19%,-0.61%,-0.14%,0.43%,-0.50%,-0.44%,1.17%,3.00%,4.14%,0.52%,1.01%,-0.28%,5.12%,1.98%,4.82%,87,102,106,100,110,100,132,148,144,100,22.24%,-0.20%,92.21%,89.51%,25.90%,131.5%,92.60%,196.2%,0.00%,0.00%
2008/06/30,2008/05/31,-1.26%,-1.41%,-1.39%,-1.47%,0.42%,-12.08%,-11.58%,-9.73%,-6.31%,-5.88%,0.89%,3.04%,0.39%,-5.59%,-8.40%,-6.50%,86,101,105,99,111,88,117,134,135,94,24.30%,5.98%,93.92%,95.27%,15.32%,116.5%,96.24%,179.6%,0.00%,0.00%
2008/07/31,2008/06/30,-0.78%,1.16%,-1.69%,-1.41%,3.30%,-0.12%,2.56%,-1.93%,-2.62%,-0.06%,6.79%,5.32%,3.10%,3.75%,-0.54%,2.15%,86,102,103,98,114,88,120,131,131,94,29.37%,6.04%,107.1%,105.7%,14.70%,121.1%,101.5%,190.1%,0.00%,0.00%
2008/08/31,2008/07/31,-0.38%,-0.71%,-1.77%,0.56%,0.44%,3.04%,1.50%,1.03%,1.71%,1.83%,4.76%,4.33%,-0.30%,4.17%,1.65%,2.87%,85,101,101,98,115,91,122,132,133,96,30.44%,4.76%,116.9%,114.6%,16.60%,127.5%,104.0%,202.2%,0.00%,0.00%
2008/09/30,2008/08/31,-6.70%,2.13%,-0.48%,0.33%,0.42%,-13.96%,-4.75%,-8.07%,-9.06%,-11.21%,7.79%,7.33%,2.85%,-8.37%,-8.85%,-10.57%,80,103,101,98,115,78,116,122,121,85,39.73%,7.64%,133.8%,130.3%,6.28%,103.4%,100.5%,176.9%,0.00%,0.00%
2008/10/31,2008/09/30,-6.61%,-3.08%,-2.12%,1.16%,0.67%,-22.79%,-20.06%,-18.14%,-15.24%,-15.74%,4.22%,4.73%,3.37%,-17.02%,-17.40%,-18.44%,74,100,99,100,116,60,93,100,103,72,49.89%,15.24%,143.7%,141.2%,-12.22%,65.91%,98.38%,129.7%,0.00%,0.00%
2008/11/30,2008/10/31,-1.40%,0.12%,0.31%,2.58%,-3.02%,-7.98%,-10.35%,-9.42%,-4.24%,-8.78%,5.73%,5.42%,-0.77%,-10.63%,-7.97%,-12.25%,73,100,99,102,113,55,83,90,99,65,47.47%,14.32%,157.7%,154.3%,-19.21%,45.58%,89.88%,105.3%,0.00%,0.00%
2008/12/31,2008/11/30,-1.18%,-0.43%,-0.77%,-0.10%,2.75%,1.18%,1.28%,0.47%,1.89%,4.39%,9.43%,7.83%,4.83%,9.04%,2.00%,6.69%,72,100,98,102,116,56,84,91,100,68,53.26%,17.99%,182.0%,174.2%,-17.59%,55.32%,98.77%,123.9%,0.00%,0.00%
2009/01/31,2008/12/31,-0.90%,-4.33%,0.44%,0.85%,1.16%,-7.12%,-12.31%,-11.53%,-6.63%,-4.64%,-12.77%,-18.85%,1.80%,-10.21%,-8.28%,-4.55%,72,95,99,103,117,52,74,80,94,65,56.41%,20.92%,145.9%,122.5%,-24.42%,48.25%,106.2%,101.0%,-12.77%,-18.85%
2009/02/28,2009/01/31,-4.04%,0.57%,-4.15%,-2.02%,0.35%,-14.59%,-11.25%,-14.21%,-10.00%,-7.19%,5.77%,0.58%,1.61%,-9.07%,-10.22%,-9.25%,69,96,95,101,118,44,66,69,84,60,63.28%,29.86%,160.1%,123.8%,-32.14%,34.54%,108.2%,82.79%,-7.74%,-18.37%
2009/03/31,2009/02/28,-2.23%,-0.37%,0.39%,0.52%,1.95%,9.74%,8.66%,10.81%,8.01%,8.71%,-1.05%,-5.68%,1.44%,8.84%,8.87%,10.54%,67,96,95,101,120,49,71,76,91,66,70.12%,28.52%,157.4%,111.1%,-26.13%,48.72%,111.7%,98.94%,-8.71%,-23.01%
2009/04/30,2009/03/31,-6.27%,-0.83%,-1.38%,4.13%,-0.27%,20.76%,12.20%,14.01%,12.90%,5.24%,6.00%,-6.67%,4.12%,13.82%,10.45%,15.82%,63,95,94,105,120,59,80,87,103,69,80.32%,8.57%,172.9%,97.01%,-18.40%,72.25%,123.0%,126.4%,-3.23%,-28.14%
2009/05/31,2009/04/30,-4.73%,-1.80%,-0.64%,-1.45%,1.63%,4.63%,4.26%,6.55%,3.87%,5.74%,-2.04%,-12.23%,2.88%,3.50%,5.16%,7.17%,60,93,93,104,122,62,83,93,107,73,91.79%,9.77%,167.3%,72.91%,-14.20%,84.60%,127.5%,134.4%,-5.20%,-36.94%
2009/06/30,2009/05/31,-1.92%,0.96%,0.12%,-0.94%,0.97%,-1.00%,0.66%,-1.73%,-0.41%,2.19%,-3.76%,-3.46%,0.82%,3.36%,0.39%,4.39%,59,94,93,103,123,61,84,91,106,75,97.32%,13.28%,157.2%,66.93%,-13.86%,92.71%,136.7%,142.2%,-8.76%,-39.11%
2009/07/31,2009/06/30,-0.29%,-1.12%,-0.85%,0.03%,0.22%,9.94%,8.26%,8.32%,8.16%,6.69%,-1.56%,-0.04%,-2.00%,8.15%,7.78%,8.17%,59,93,92,103,123,67,91,99,115,80,98.33%,9.59%,153.2%,66.87%,-7.16%,108.5%,137.6%,162.0%,-10.19%,-39.14%
2009/08/31,2009/07/31,1.48%,-2.76%,-0.63%,-1.08%,1.02%,6.42%,5.79%,5.12%,3.03%,1.64%,-9.04%,-10.59%,-2.04%,-0.48%,3.49%,2.69%,60,90,92,102,124,71,96,104,119,81,97.41%,4.35%,130.3%,49.20%,-3.92%,114.1%,135.7%,160.7%,-18.30%,-45.58%
2009/09/30,2009/08/31,0.50%,-1.95%,-1.74%,-0.54%,0.99%,7.94%,2.90%,3.31%,3.96%,4.80%,-1.75%,-4.55%,1.07%,6.32%,4.15%,7.69%,60,89,90,101,125,77,99,107,123,85,98.36%,1.08%,126.3%,42.40%,0.06%,130.5%,144.0%,177.2%,-19.74%,-48.06%
2009/10/31,2009/09/30,-2.30%,2.61%,0.69%,0.11%,0.30%,-8.33%,-2.59%,-3.59%,-2.69%,-1.18%,4.54%,4.17%,0.30%,-4.25%,-2.59%,-5.50%,59,91,91,101,126,71,96,103,120,84,103.5%,8.31%,136.6%,48.34%,-2.53%,117.8%,136.9%,165.4%,-16.09%,-45.90%
2009/11/30,2009/10/31,-1.27%,-0.06%,-0.29%,0.47%,0.12%,3.09%,3.84%,5.20%,6.40%,6.02%,2.18%,0.91%,-0.76%,3.71%,5.59%,3.43%,58,91,91,102,126,73,100,109,128,89,106.4%,11.48%,141.7%,49.69%,2.92%,125.3%,131.8%,175.2%,-14.26%,-45.41%
2009/12/31,2009/11/30,1.34%,1.42%,0.86%,-0.36%,-0.50%,7.31%,3.15%,2.83%,2.35%,2.60%,0.47%,-1.28%,0.25%,6.89%,2.80%,7.27%,59,92,91,102,125,78,103,112,131,91,102.6%,6.24%,142.9%,47.77%,5.80%,141.7%,142.2%,194.2%,-13.85%,-46.11%
2010/01/31,2009/12/31,1.25%,0.75%,-0.86%,-0.60%,-0.61%,-0.69%,-0.70%,-3.53%,-3.65%,-4.73%,-1.81%,-3.68%,-0.73%,-4.38%,-3.38%,-3.27%,59,93,90,101,125,78,102,108,126,87,98.82%,1.95%,138.5%,42.33%,2.23%,133.8%,142.4%,181.3%,-15.41%,-48.09%
2010/02/28,2010/01/31,2.31%,-0.49%,-0.58%,0.57%,-0.08%,5.51%,3.54%,3.60%,3.36%,3.09%,-1.87%,0.23%,-0.09%,4.14%,3.44%,4.07%,61,92,90,102,124,82,106,112,130,89,94.07%,-0.52%,134.1%,42.65%,5.74%,143.3%,144.0%,193.0%,-16.99%,-47.97%
2010/03/31,2010/02/28,1.36%,1.55%,0.34%,-0.56%,-0.57%,7.45%,7.58%,6.65%,5.71%,5.95%,-0.14%,-0.08%,0.37%,7.30%,6.36%,7.32%,62,94,90,101,124,88,114,119,138,95,90.31%,-2.01%,133.7%,42.53%,12.47%,161.1%,146.3%,214.4%,-17.10%,-48.02%
2010/04/30,2010/03/31,0.56%,-0.56%,0.82%,1.02%,-0.78%,3.99%,1.87%,3.31%,2.70%,0.92%,-8.25%,-8.00%,-3.25%,1.23%,2.11%,3.63%,62,93,91,102,123,91,116,123,141,96,87.77%,-5.02%,114.4%,31.14%,14.85%,170.6%,150.0%,218.2%,-23.94%,-52.17%
2010/05/31,2010/04/30,2.81%,1.09%,1.20%,-0.53%,-0.22%,-8.02%,-7.34%,-7.33%,-8.34%,-8.07%,2.93%,2.79%,0.82%,-6.99%,-7.82%,-7.83%,64,94,92,101,123,84,108,114,129,88,82.10%,-5.07%,120.7%,34.80%,5.86%,149.4%,150.0%,196.0%,-21.71%,-50.84%
2010/06/30,2010/05/31,1.47%,1.17%,-0.37%,-0.88%,0.55%,-6.70%,-5.95%,-5.97%,-6.00%,-4.26%,6.44%,5.89%,2.89%,-3.16%,-5.53%,-4.93%,65,95,92,101,123,79,101,107,122,84,80.42%,-2.76%,135.0%,42.73%,0.01%,137.1%,151.5%,186.6%,-16.67%,-47.94%
2010/07/31,2010/06/30,-0.86%,1.00%,1.50%,0.73%,-1.68%,5.95%,6.48%,8.28%,8.17%,6.02%,1.24%,0.85%,-2.02%,5.74%,7.01%,5.49%,64,96,93,101,121,83,108,116,132,89,78.94%,-2.69%,137.9%,43.94%,7.02%,150.1%,147.7%,203.1%,-15.64%,-47.50%
2010/08/31,2010/07/31,-0.64%,-0.30%,1.92%,0.18%,0.80%,-5.95%,-5.12%,-3.89%,-5.13%,-3.95%,2.37%,1.63%,1.86%,-5.45%,-4.66%,-5.93%,64,96,95,101,122,78,102,112,125,86,81.52%,-0.75%,143.5%,46.29%,2.02%,135.3%,144.6%,186.6%,-13.64%,-46.65%
2010/09/30,2010/08/31,2.09%,1.70%,-1.55%,-1.21%,-0.70%,8.83%,7.97%,9.16%,10.23%,10.45%,1.27%,1.13%,-2.67%,12.19%,9.41%,11.85%,65,98,93,100,121,85,111,122,138,95,76.46%,0.86%,146.6%,47.94%,11.62%,163.2%,150.5%,221.5%,-12.54%,-46.04%
2010/10/31,2010/09/30,1.06%,0.81%,0.71%,-0.91%,-0.03%,3.20%,2.71%,4.58%,3.91%,4.82%,2.46%,2.25%,1.64%,6.89%,3.89%,6.21%,66,98,94,99,121,88,114,127,143,99,74.52%,2.49%,152.7%,51.26%,15.96%,179.5%,156.4%,243.6%,-10.39%,-44.83%
2010/11/30,2010/10/31,1.48%,0.06%,1.99%,-1.00%,-0.80%,-0.12%,-0.21%,2.27%,0.70%,0.20%,3.08%,3.04%,0.13%,3.51%,0.54%,2.60%,67,99,96,98,120,88,113,130,144,99,70.55%,2.81%,160.4%,55.86%,16.58%,186.8%,161.6%,255.7%,-7.63%,-43.15%
2010/12/31,2010/11/30,-1.66%,-0.92%,0.19%,-0.76%,-1.08%,6.22%,7.85%,8.56%,6.37%,5.33%,-1.86%,-3.17%,-1.36%,5.60%,6.70%,6.55%,65,98,96,98,119,93,122,141,153,105,71.55%,1.90%,155.6%,50.92%,24.40%,205.6%,161.2%,275.6%,-9.35%,-44.95%
2011/01/31,2010/12/31,-1.31%,-0.51%,-0.61%,2.75%,-1.07%,1.76%,1.26%,1.78%,4.49%,0.72%,-1.77%,-3.36%,-0.27%,-0.78%,2.06%,0.23%,65,97,96,100,118,95,124,144,160,106,71.98%,0.84%,151.1%,45.86%,26.96%,206.3%,156.4%,272.7%,-10.95%,-46.80%
2011/02/28,2011/01/31,0.34%,-0.24%,-0.59%,0.75%,-0.05%,3.65%,3.37%,3.04%,4.26%,3.36%,0.79%,1.12%,-0.18%,4.71%,3.59%,4.38%,65,97,95,101,118,98,128,148,167,109,71.31%,0.54%,153.1%,47.49%,31.52%,219.7%,158.5%,290.2%,-10.25%,-46.21%
2011/03/31,2011/02/28,2.16%,0.12%,1.26%,0.13%,-0.29%,0.98%,0.34%,-0.42%,0.64%,0.81%,-0.60%,-0.27%,-1.60%,0.84%,0.49%,0.92%,66,97,96,101,117,99,128,148,168,110,67.13%,0.37%,151.5%,47.10%,32.16%,222.6%,159.6%,293.5%,-10.79%,-46.35%
2011/04/30,2011/03/31,1.15%,0.56%,-0.32%,0.09%,-0.18%,3.18%,3.01%,1.09%,3.40%,3.64%,2.13%,1.86%,-0.57%,2.44%,2.97%,1.89%,67,98,96,101,117,102,132,149,174,114,64.90%,0.83%,156.9%,49.83%,36.08%,228.7%,156.8%,303.1%,-8.88%,-45.35%
2011/05/31,2011/04/30,-0.24%,0.55%,1.39%,-0.73%,-0.04%,-2.31%,-0.95%,-0.98%,-1.78%,-0.86%,0.95%,0.40%,-0.52%,-2.03%,-1.22%,-2.15%,67,98,97,101,117,100,131,148,171,113,65.22%,2.30%,159.4%,50.42%,34.42%,221.6%,154.4%,294.9%,-8.01%,-45.14%
2011/06/30,2011/05/31,0.41%,0.15%,0.26%,0.72%,0.01%,-1.68%,-2.01%,-1.96%,-1.35%,-1.75%,1.85%,1.70%,-0.40%,-2.64%,-1.74%,-3.15%,67,98,98,101,117,98,128,145,168,111,64.56%,2.23%,164.2%,52.98%,32.08%,211.5%,150.8%,284.5%,-6.31%,-44.20%
2011/07/31,2011/06/30,-2.17%,-0.32%,-0.57%,0.09%,2.10%,-4.70%,-3.06%,-3.27%,-2.44%,-0.18%,3.15%,2.46%,3.68%,0.45%,-2.26%,-0.29%,66,98,97,101,119,94,124,140,164,111,71.58%,6.85%,172.5%,56.75%,29.09%,210.6%,155.8%,286.3%,-3.36%,-42.83%
2011/08/31,2011/07/31,-0.71%,1.00%,-0.38%,-0.22%,1.32%,-7.01%,-5.97%,-6.87%,-6.42%,-4.43%,4.01%,3.75%,0.45%,-7.57%,-5.89%,-8.70%,65,99,97,101,121,87,117,131,154,106,75.05%,9.61%,183.4%,62.63%,21.49%,183.6%,148.6%,257.0%,0.00%,-40.68%
2011/09/30,2011/08/31,-0.96%,-0.69%,-0.89%,-0.12%,1.03%,-7.85%,-8.30%,-8.05%,-7.97%,-6.54%,2.37%,1.24%,0.01%,-10.49%,-7.63%,-10.87%,65,98,96,101,122,80,107,120,141,99,78.53%,11.05%,190.1%,64.66%,12.22%,152.8%,140.5%,219.5%,0.00%,-39.95%
2011/10/31,2011/09/30,-0.51%,0.21%,0.54%,0.26%,-0.82%,9.87%,11.51%,11.80%,12.37%,10.67%,4.09%,2.66%,-0.95%,13.42%,11.39%,12.62%,64,98,96,101,121,88,120,134,159,110,77.97%,11.94%,202.0%,69.04%,25.00%,184.7%,143.5%,262.4%,0.00%,-38.35%
2011/11/30,2011/10/31,0.23%,0.59%,-0.22%,0.99%,0.20%,-0.67%,-0.47%,-1.37%,0.19%,-0.06%,3.70%,4.30%,0.13%,-0.42%,-0.35%,-1.70%,64,99,96,102,122,88,119,132,159,109,77.91%,12.63%,213.2%,76.31%,24.56%,179.8%,140.2%,260.9%,0.00%,-35.70%
2011/12/31,2011/11/30,-0.24%,0.34%,0.39%,0.30%,0.45%,0.80%,1.05%,1.36%,0.43%,0.74%,1.29%,1.30%,-0.11%,-0.27%,0.85%,-0.66%,64,99,96,103,122,88,120,134,160,110,79.13%,12.56%,217.2%,78.60%,25.62%,178.0%,136.6%,259.9%,0.00%,-34.86%
2012/01/31,2011/12/31,0.85%,-1.13%,-1.03%,-2.11%,0.02%,7.00%,4.44%,4.77%,4.66%,5.80%,-2.31%,-5.73%,0.17%,6.97%,5.09%,8.69%,65,98,95,100,122,95,126,141,167,117,77.65%,11.21%,209.9%,68.36%,32.02%,202.1%,145.1%,285.0%,-2.31%,-38.59%
2012/02/29,2012/01/31,-1.34%,-0.17%,-1.06%,-0.43%,0.74%,2.91%,4.07%,3.25%,4.20%,5.29%,-1.36%,-2.97%,-0.82%,1.59%,4.25%,2.48%,64,98,94,100,123,97,131,145,174,123,81.36%,13.85%,205.7%,63.37%,37.63%,209.6%,140.7%,291.2%,-3.64%,-40.42%
2012/03/31,2012/02/29,-0.91%,-0.46%,0.43%,0.57%,0.49%,1.22%,2.65%,2.88%,3.78%,3.58%,1.75%,1.95%,0.92%,3.68%,3.15%,3.09%,63,98,95,101,124,99,134,149,181,127,83.90%,16.53%,211.0%,66.56%,41.95%,219.2%,140.6%,305.5%,-1.95%,-39.25%
2012/04/30,2012/03/31,1.58%,1.78%,0.92%,0.28%,-0.14%,0.31%,0.02%,-0.42%,-1.41%,-0.92%,1.70%,2.74%,0.65%,-0.51%,-0.69%,-1.33%,64,99,96,101,123,99,134,149,178,126,80.73%,15.10%,216.3%,71.11%,40.97%,214.9%,139.1%,303.5%,-0.29%,-37.59%
2012/05/31,2012/04/30,-0.33%,1.62%,1.40%,-0.80%,0.28%,-5.55%,-4.83%,-4.65%,-8.18%,-6.14%,-3.42%,-0.82%,-1.65%,-8.16%,-6.09%,-7.92%,64,101,97,100,124,93,128,142,164,118,81.85%,14.43%,205.5%,69.72%,32.39%,190.0%,134.7%,270.5%,-3.70%,-38.10%
2012/06/30,2012/05/31,-0.18%,0.92%,0.23%,-0.55%,-0.19%,3.62%,4.68%,4.03%,3.57%,3.73%,2.68%,2.12%,0.84%,5.50%,3.98%,4.87%,64,102,97,99,124,97,134,147,170,123,81.84%,14.55%,213.7%,73.31%,37.67%,204.1%,136.8%,290.9%,-1.12%,-36.79%
2012/07/31,2012/06/30,0.31%,0.43%,0.17%,-0.16%,0.46%,1.24%,0.90%,0.62%,0.18%,1.39%,-1.08%,-1.47%,-0.28%,-2.20%,0.87%,-1.76%,64,102,97,99,124,98,135,148,170,124,82.11%,14.72%,210.3%,70.76%,38.87%,198.8%,130.5%,282.3%,-2.19%,-37.72%
2012/08/31,2012/07/31,0.10%,-0.45%,-1.64%,0.17%,1.00%,2.60%,2.41%,0.98%,2.89%,3.32%,0.76%,-0.71%,-0.50%,2.20%,2.50%,2.42%,64,102,96,100,125,100,138,150,175,129,83.76%,15.56%,212.6%,69.54%,42.34%,206.0%,130.3%,290.7%,-1.45%,-38.17%
2012/09/30,2012/08/31,0.08%,-0.04%,-0.33%,-0.35%,0.07%,2.05%,2.56%,3.07%,2.51%,2.39%,0.67%,-2.60%,0.55%,2.55%,2.56%,3.32%,64,102,96,99,125,103,142,154,179,132,83.75%,15.95%,214.7%,65.14%,45.99%,216.2%,132.1%,300.7%,-0.79%,-39.77%
2012/10/31,2012/09/30,1.28%,1.14%,-0.34%,0.48%,-1.16%,0.14%,-0.51%,-0.47%,-2.07%,-3.91%,4.65%,2.77%,1.43%,-2.00%,-1.70%,-2.84%,65,103,95,100,124,103,141,154,176,126,79.26%,11.26%,229.3%,69.71%,43.50%,207.2%,129.5%,292.6%,0.00%,-38.10%
2012/11/30,2012/10/31,-1.12%,0.38%,-0.64%,-0.60%,0.53%,-0.57%,1.10%,-0.20%,0.37%,1.69%,1.89%,1.36%,-0.26%,0.89%,0.66%,0.48%,64,103,95,99,125,102,143,153,176,129,82.23%,13.77%,235.6%,72.02%,44.45%,208.7%,129.0%,296.1%,0.00%,-37.26%
2012/12/31,2012/11/30,-1.13%,0.97%,-0.29%,0.01%,0.11%,-0.73%,2.09%,2.14%,2.11%,-0.10%,4.55%,2.38%,1.46%,3.08%,1.26%,2.37%,64,104,94,99,125,101,146,157,180,128,84.48%,14.48%,250.9%,76.12%,46.27%,216.0%,131.6%,308.3%,0.00%,-35.77%
2013/01/31,2012/12/31,1.72%,1.23%,0.51%,-1.07%,-1.31%,5.58%,5.94%,6.10%,6.02%,4.38%,-0.44%,-1.88%,0.24%,5.78%,5.53%,6.34%,65,106,95,98,123,107,154,166,191,134,78.89%,13.10%,249.3%,72.80%,54.35%,236.0%,133.5%,331.9%,-0.44%,-36.98%
2013/02/28,2013/01/31,0.60%,1.22%,0.39%,-0.22%,-1.12%,1.68%,2.41%,1.48%,1.11%,0.27%,0.81%,0.08%,-0.39%,0.37%,1.30%,0.34%,65,107,95,98,122,109,158,169,193,134,75.82%,11.50%,252.2%,72.94%,56.35%,237.2%,131.3%,333.5%,0.00%,-36.92%
2013/03/31,2013/02/28,1.97%,0.58%,1.01%,-0.85%,-1.27%,5.07%,4.27%,4.60%,3.83%,3.09%,0.25%,0.53%,-0.43%,4.43%,4.00%,4.27%,66,108,96,97,120,114,165,176,200,139,70.13%,9.30%,253.0%,73.87%,62.60%,251.6%,131.9%,352.7%,0.00%,-36.59%
2013/04/30,2013/03/31,0.75%,1.44%,0.21%,-0.46%,-0.26%,1.85%,2.72%,1.60%,1.24%,1.26%,1.55%,1.67%,0.99%,1.18%,1.68%,0.68%,67,109,96,97,120,116,169,179,203,140,68.41%,8.66%,258.5%,76.78%,65.33%,254.0%,129.6%,358.1%,0.00%,-35.53%
2013/05/31,2013/04/30,-1.31%,-1.68%,-0.80%,0.14%,0.89%,0.76%,1.01%,2.14%,3.90%,3.00%,-0.18%,-0.59%,0.67%,4.97%,2.46%,5.15%,66,107,96,97,121,117,171,183,211,145,72.11%,11.08%,257.9%,75.73%,69.40%,272.2%,135.7%,380.9%,-0.18%,-35.91%
2013/06/30,2013/05/31,0.06%,0.31%,0.50%,0.54%,-1.41%,-0.91%,-0.69%,-0.48%,-0.83%,-2.73%,0.43%,0.37%,-0.13%,-0.80%,-1.25%,-0.91%,66,108,96,97,119,116,170,182,209,141,69.58%,9.06%,259.4%,76.39%,67.28%,268.8%,136.5%,377.0%,0.00%,-35.67%
2013/07/31,2013/06/30,1.83%,-0.78%,0.49%,-2.19%,1.22%,5.58%,4.87%,6.02%,4.47%,6.60%,-0.26%,-0.45%,0.45%,7.85%,5.46%,7.99%,67,107,96,95,121,123,178,193,218,150,68.54%,10.16%,258.4%,75.60%,76.41%,298.2%,142.5%,414.5%,-0.26%,-35.96%
2013/08/31,2013/07/31,-2.35%,-0.74%,-0.03%,0.75%,-0.01%,-3.58%,-3.52%,-3.25%,-3.04%,-1.56%,2.09%,2.20%,2.24%,-0.10%,-2.84%,-0.76%,66,106,96,96,121,118,172,187,212,148,72.49%,12.38%,265.9%,79.46%,71.40%,295.2%,147.6%,414.0%,0.00%,-34.55%
2013/09/30,2013/08/31,0.46%,0.07%,-0.09%,-0.72%,0.03%,3.58%,3.93%,3.41%,3.65%,4.05%,-1.12%,-1.25%,-0.30%,5.64%,3.76%,6.01%,66,106,96,95,121,123,178,193,219,154,71.74%,12.92%,261.8%,77.21%,77.84%,319.0%,153.2%,442.9%,-1.12%,-35.37%
2013/10/31,2013/09/30,0.59%,1.49%,-0.23%,-1.75%,0.97%,3.59%,5.08%,4.17%,3.20%,4.73%,4.28%,4.53%,0.63%,4.29%,4.19%,2.93%,66,108,96,93,122,127,187,201,226,161,72.38%,14.21%,277.3%,85.24%,85.29%,331.2%,150.0%,466.2%,0.00%,-32.44%
2013/11/30,2013/10/31,-0.25%,-1.10%,-0.60%,-0.55%,0.67%,2.55%,1.78%,2.46%,3.33%,3.60%,-0.33%,-0.79%,0.43%,4.42%,2.86%,4.66%,66,106,96,93,123,130,191,206,234,167,73.97%,15.41%,276.0%,83.77%,90.59%,351.3%,154.5%,491.2%,-0.33%,-32.97%
2013/12/31,2013/11/30,-1.12%,-0.37%,-0.23%,0.56%,-0.58%,1.15%,2.28%,2.63%,3.60%,2.34%,-1.41%,-2.46%,-1.51%,0.71%,2.61%,1.45%,65,106,95,93,122,132,195,212,242,171,74.89%,16.79%,270.7%,79.26%,95.56%,357.9%,151.5%,495.5%,-1.74%,-34.62%
2014/01/31,2013/12/31,0.77%,0.27%,-0.14%,-0.20%,0.96%,-1.86%,-3.27%,-3.66%,-4.43%,-1.73%,-8.75%,-11.50%,-0.86%,-4.27%,-3.13%,-0.82%,66,106,95,93,123,129,189,204,232,168,75.22%,16.94%,238.3%,58.64%,89.43%,354.1%,157.3%,470.0%,-10.34%,-42.14%
2014/02/28,2014/01/31,1.31%,-0.76%,-0.54%,-0.35%,1.12%,5.39%,3.61%,4.06%,4.62%,5.86%,-0.70%,-0.10%,-0.04%,4.89%,4.67%,4.92%,67,106,95,93,125,136,196,212,242,177,74.90%,17.49%,236.0%,58.48%,98.28%,376.5%,158.0%,497.9%,-10.96%,-42.20%
2014/03/31,2014/02/28,0.05%,-0.59%,0.00%,0.41%,0.77%,-0.26%,0.84%,1.76%,0.92%,-0.87%,3.04%,3.60%,2.40%,0.84%,0.51%,-0.24%,67,105,95,93,126,136,197,216,245,176,76.15%,16.78%,246.2%,64.18%,99.29%,375.4%,156.1%,503.0%,-8.25%,-40.12%
2014/04/30,2014/03/31,0.19%,0.61%,-0.03%,1.21%,-0.43%,0.21%,0.71%,-0.69%,0.23%,-0.39%,5.28%,6.31%,2.00%,-1.74%,-0.02%,-3.63%,67,106,95,94,125,136,199,215,245,175,75.06%,16.09%,264.5%,74.54%,99.24%,358.1%,146.8%,492.5%,-3.41%,-36.34%
2014/05/31,2014/04/30,-1.94%,0.35%,-0.32%,0.36%,0.69%,0.77%,2.64%,1.36%,1.75%,2.83%,2.85%,2.29%,1.59%,1.26%,2.10%,0.57%,66,106,94,95,126,137,204,218,249,180,79.67%,18.47%,274.9%,78.54%,103.4%,360.7%,143.0%,499.9%,-0.65%,-34.88%
2014/06/30,2014/05/31,0.47%,-0.17%,-0.17%,-1.00%,0.19%,2.48%,2.11%,2.55%,2.49%,2.88%,-0.02%,-1.32%,-0.81%,4.64%,2.50%,5.04%,66,106,94,94,126,141,208,223,256,185,79.17%,18.94%,274.8%,76.17%,108.5%,383.9%,149.2%,527.8%,-0.67%,-35.75%
2014/07/31,2014/06/30,-2.35%,-0.54%,-0.53%,1.69%,1.17%,-3.50%,-2.33%,-3.10%,-1.50%,-0.64%,2.83%,2.67%,2.23%,-4.04%,-1.95%,-4.84%,64,105,94,95,128,136,203,216,252,184,85.48%,22.34%,285.4%,80.88%,104.4%,360.5%,142.0%,502.5%,0.00%,-34.03%
2014/08/31,2014/07/31,0.69%,0.09%,-0.28%,-1.10%,0.55%,5.08%,4.24%,3.53%,3.28%,4.95%,1.88%,1.73%,1.21%,5.52%,4.18%,5.00%,65,105,93,94,128,143,212,224,260,193,85.22%,22.18%,292.7%,84.01%,113.0%,383.6%,144.0%,535.7%,0.00%,-32.89%
2014/09/30,2014/08/31,-0.39%,0.34%,-0.02%,-0.94%,0.65%,-1.34%,-2.12%,-2.19%,-2.88%,-1.33%,4.19%,3.33%,2.58%,-3.37%,-2.09%,-4.36%,65,106,93,93,129,141,207,219,252,191,87.15%,22.19%,309.1%,90.14%,108.5%,362.5%,138.5%,514.3%,0.00%,-30.65%
2014/10/31,2014/09/30,0.72%,1.67%,0.30%,-2.36%,0.52%,2.30%,3.39%,2.49%,1.03%,3.92%,5.80%,5.65%,-1.12%,6.40%,2.74%,4.71%,65,107,94,91,130,144,214,224,255,198,86.77%,24.17%,332.9%,100.9%,114.2%,384.2%,143.2%,553.6%,0.00%,-26.73%
2014/11/30,2014/10/31,0.87%,1.95%,0.28%,-0.94%,-1.28%,3.98%,3.40%,1.56%,0.95%,2.98%,2.60%,2.24%,0.73%,1.32%,2.53%,0.65%,66,110,94,90,128,150,222,228,258,204,82.74%,22.93%,344.1%,105.4%,119.7%,387.4%,138.6%,562.3%,0.00%,-25.09%
2014/12/31,2014/11/30,0.44%,0.14%,0.78%,-0.21%,-0.22%,-0.14%,0.44%,1.33%,0.18%,-1.54%,3.87%,2.74%,0.60%,2.98%,-0.03%,2.16%,66,110,95,90,128,149,223,231,258,201,81.53%,21.22%,361.3%,111.0%,119.6%,397.9%,143.8%,582.0%,0.00%,-23.04%
2015/01/31,2014/12/31,-0.94%,0.72%,1.02%,-0.02%,0.12%,-4.13%,-3.31%,-1.88%,-3.54%,-1.60%,1.72%,-0.36%,2.08%,-1.35%,-2.75%,-1.25%,65,110,96,90,128,143,215,226,249,198,83.45%,24.28%,369.3%,110.3%,113.6%,391.7%,147.5%,572.8%,0.00%,-23.31%
2015/02/28,2015/01/31,0.97%,-0.25%,-1.60%,1.11%,-1.06%,7.52%,4.91%,3.98%,6.76%,6.18%,-5.43%,-3.16%,-1.59%,5.77%,5.76%,6.72%,66,110,94,91,127,154,226,235,266,210,79.73%,22.62%,343.8%,103.6%,125.9%,424.7%,149.8%,611.6%,-5.43%,-25.74%
2015/03/31,2015/02/28,0.37%,0.67%,-0.81%,-0.26%,-0.36%,-0.65%,-0.64%,-1.23%,-1.21%,-1.35%,5.40%,4.39%,0.62%,2.50%,-1.06%,1.18%,66,111,93,91,126,153,224,233,262,207,78.41%,21.75%,367.8%,112.5%,123.5%,430.9%,155.4%,629.4%,-0.32%,-22.48%
2015/04/30,2015/03/31,1.79%,-1.56%,0.80%,-0.53%,1.09%,0.85%,-0.73%,0.33%,0.70%,1.06%,-1.87%,-4.07%,1.01%,-1.99%,0.40%,-0.77%,67,109,94,90,128,154,223,233,264,209,77.17%,22.01%,359.0%,103.9%,124.4%,426.8%,152.4%,614.8%,-2.18%,-25.64%
2015/05/31,2015/04/30,-1.00%,-0.93%,-0.34%,0.29%,0.60%,1.38%,0.73%,1.47%,0.93%,1.97%,2.13%,0.11%,1.33%,2.70%,1.29%,2.67%,67,108,94,91,128,156,224,237,267,213,80.00%,22.73%,368.8%,104.1%,127.3%,440.9%,155.9%,634.1%,-0.10%,-25.56%
2015/06/30,2015/05/31,-0.23%,-0.05%,0.38%,0.12%,-0.95%,-2.13%,-1.45%,-0.63%,-1.09%,-2.49%,3.67%,3.26%,0.77%,2.15%,-1.63%,1.18%,67,108,94,91,127,153,221,235,264,208,78.71%,22.29%,386.0%,110.8%,123.6%,447.2%,163.1%,650.0%,0.00%,-23.13%
2015/07/31,2015/06/30,-0.31%,0.81%,1.96%,0.22%,-1.44%,2.14%,2.96%,2.13%,-0.29%,1.46%,6.25%,5.96%,2.41%,0.66%,1.67%,-1.13%,66,109,96,91,125,156,228,240,263,211,76.68%,21.46%,416.4%,123.3%,127.3%,441.0%,155.7%,654.9%,0.00%,-18.55%
2015/08/31,2015/07/31,3.12%,-1.18%,0.09%,-0.79%,0.94%,-4.40%,-6.22%,-5.48%,-6.42%,-6.43%,2.26%,-1.26%,1.03%,-5.99%,-5.98%,-5.61%,68,108,96,90,126,149,214,227,246,197,72.82%,18.99%,428.0%,120.5%,113.7%,410.7%,156.7%,609.7%,0.00%,-19.57%
2015/09/30,2015/08/31,-0.68%,-0.73%,0.95%,1.35%,-0.16%,-2.79%,-2.35%,-2.05%,-2.75%,-3.80%,2.44%,2.33%,-0.31%,-6.27%,-2.82%,-6.97%,68,107,97,92,126,145,209,222,239,190,73.72%,17.77%,440.9%,125.6%,107.7%,375.1%,146.0%,565.2%,0.00%,-17.70%
2015/10/31,2015/09/30,1.02%,-1.14%,0.53%,-0.09%,1.36%,9.13%,5.61%,7.13%,8.01%,9.29%,4.09%,4.23%,1.49%,7.97%,7.68%,6.70%,69,106,98,91,128,159,220,238,259,208,74.31%,17.97%,463.0%,135.2%,123.6%,407.0%,143.6%,618.2%,0.00%,-14.22%
2015/11/30,2015/10/31,1.35%,0.47%,0.44%,-1.05%,-0.70%,1.03%,1.00%,0.62%,0.09%,0.12%,0.53%,-2.81%,-1.08%,2.32%,0.55%,3.16%,70,106,98,90,127,160,222,240,259,208,70.74%,16.89%,466.0%,128.6%,124.8%,423.0%,150.0%,634.9%,0.00%,-16.63%
2015/12/31,2015/11/30,0.79%,0.37%,0.22%,-0.42%,-1.14%,-0.32%,-1.65%,-1.97%,-2.86%,-2.76%,3.55%,3.69%,2.09%,-2.67%,-2.07%,-3.77%,70,107,98,90,126,160,219,235,251,202,67.45%,14.05%,486.1%,137.0%,120.2%,403.2%,145.7%,615.3%,0.00%,-13.56%
2016/01/31,2015/12/31,-1.46%,-0.93%,1.05%,1.18%,0.34%,-6.66%,-5.73%,-3.95%,-5.02%,-6.37%,6.13%,4.83%,0.51%,-9.69%,-5.64%,-11.14%,69,106,99,91,126,149,206,226,239,189,70.47%,14.38%,522.0%,148.5%,107.8%,347.2%,132.2%,545.9%,0.00%,-9.38%
2016/02/29,2016/01/31,0.65%,0.42%,0.51%,1.12%,-1.08%,-0.30%,-0.22%,0.54%,1.14%,-0.81%,1.15%,1.69%,-0.80%,0.80%,-0.05%,0.30%,70,106,100,92,125,149,206,227,242,188,67.52%,13.80%,529.2%,152.6%,107.6%,348.5%,133.1%,551.1%,0.00%,-7.85%
2016/03/31,2016/02/29,0.76%,1.11%,1.35%,0.18%,-0.39%,7.39%,6.77%,7.79%,7.13%,6.79%,-2.58%,-1.87%,-1.88%,6.97%,7.08%,7.54%,70,107,101,92,124,160,220,245,259,200,65.59%,13.12%,513.0%,147.9%,122.4%,382.3%,134.1%,596.5%,-2.58%,-9.58%
2016/04/30,2016/03/31,1.09%,0.76%,-1.80%,-0.34%,0.62%,1.11%,1.11%,-0.27%,0.69%,1.16%,-2.01%,-3.26%,1.58%,2.46%,0.81%,3.44%,71,108,99,92,125,161,222,244,261,203,64.81%,13.19%,500.6%,139.8%,124.2%,398.9%,140.2%,613.7%,-4.54%,-12.53%
2016/05/31,2016/04/30,-1.24%,-0.54%,0.51%,0.19%,0.60%,0.99%,1.08%,2.31%,1.92%,2.61%,3.52%,-0.19%,1.18%,1.90%,1.79%,1.96%,70,107,100,92,126,163,225,250,266,208,67.84%,15.02%,521.8%,139.4%,128.2%,408.6%,140.6%,627.2%,-1.18%,-12.70%
2016/06/30,2016/05/31,0.81%,1.19%,-0.61%,0.04%,-0.74%,0.89%,1.23%,-0.56%,0.12%,-0.54%,1.24%,-1.25%,-1.50%,-1.35%,0.26%,-0.98%,71,109,99,92,125,164,227,248,266,207,65.25%,13.38%,529.5%,136.4%,128.8%,403.7%,137.7%,617.4%,0.00%,-13.79%
2016/07/31,2016/06/30,-0.04%,-0.09%,0.89%,-0.65%,0.70%,3.63%,2.73%,4.56%,3.94%,5.15%,-0.90%,-2.95%,-1.66%,4.83%,3.96%,5.71%,71,109,100,92,126,170,234,260,276,218,66.46%,15.10%,523.8%,129.4%,137.9%,432.5%,141.8%,652.0%,-0.90%,-16.34%
2016/08/31,2016/07/31,1.06%,0.23%,-0.88%,0.19%,-0.25%,0.73%,0.63%,0.00%,0.80%,-0.38%,-0.84%,-1.80%,-1.45%,-0.11%,0.32%,0.43%,71,109,99,92,125,172,235,260,279,217,64.29%,13.83%,518.6%,125.3%,138.6%,434.7%,142.1%,651.2%,-1.73%,-17.84%
2016/09/30,2016/08/31,-0.43%,-0.53%,-0.29%,-0.51%,0.93%,-0.63%,-0.57%,-0.09%,0.28%,1.64%,-0.76%,-1.82%,-0.09%,2.97%,0.19%,3.52%,71,108,99,91,127,171,234,259,279,220,66.53%,16.41%,513.9%,121.2%,139.1%,453.5%,150.1%,673.5%,-2.48%,-19.33%
2016/10/31,2016/09/30,-0.86%,0.13%,-0.13%,0.63%,-0.09%,-1.76%,-1.03%,-1.67%,-2.71%,-3.47%,5.32%,5.24%,2.35%,-6.07%,-2.12%,-7.65%,70,108,99,92,126,168,231,255,272,213,67.80%,14.42%,546.5%,132.8%,134.0%,411.2%,136.3%,626.5%,0.00%,-15.11%
2016/11/30,2016/10/31,-0.93%,1.05%,1.54%,0.32%,-0.44%,2.19%,5.89%,5.96%,5.34%,2.54%,3.27%,3.42%,-0.84%,8.87%,4.59%,7.84%,70,110,100,92,126,171,245,270,286,218,68.63%,14.81%,567.6%,140.7%,144.7%,451.3%,144.0%,690.9%,0.00%,-12.20%
2016/12/31,2016/11/30,0.13%,-0.12%,0.51%,-0.00%,0.26%,1.60%,2.48%,2.54%,1.65%,1.18%,2.61%,3.75%,0.72%,1.90%,1.94%,0.77%,70,109,101,92,126,174,251,277,291,221,68.86%,14.33%,585.0%,149.7%,149.5%,455.6%,141.1%,705.9%,0.00%,-8.91%
2017/01/31,2016/12/31,-1.10%,0.25%,-0.07%,1.38%,-1.17%,1.86%,1.57%,1.62%,3.26%,1.45%,-1.35%,-3.65%,-0.32%,0.44%,1.89%,1.54%,69,110,101,94,125,177,255,282,301,224,68.74%,13.87%,575.8%,140.6%,154.2%,464.1%,140.3%,709.5%,-1.35%,-12.24%
2017/02/28,2017/01/31,-1.18%,0.42%,-0.11%,-0.92%,0.65%,3.45%,3.72%,3.21%,2.77%,4.57%,-0.45%,-2.11%,0.76%,2.06%,3.64%,2.70%,68,110,101,93,126,183,264,291,309,234,71.82%,15.14%,572.8%,135.6%,163.5%,479.3%,138.0%,726.2%,-1.79%,-14.09%
2017/03/31,2017/02/28,-0.34%,-0.32%,-0.33%,0.49%,-0.13%,-0.17%,-0.70%,-0.92%,0.57%,1.40%,1.10%,-1.55%,-0.84%,0.88%,0.13%,1.34%,68,110,100,93,125,183,263,288,311,237,72.18%,16.95%,580.2%,131.9%,163.8%,487.1%,140.9%,733.5%,-0.71%,-15.42%
2017/04/30,2017/03/31,0.24%,-0.01%,0.46%,0.19%,-0.72%,1.44%,0.78%,1.40%,1.21%,1.13%,5.71%,3.24%,-0.03%,1.70%,1.11%,0.73%,68,110,101,93,124,186,265,292,314,240,70.52%,16.58%,619.0%,139.4%,166.7%,491.4%,140.0%,747.6%,0.00%,-12.68%
2017/05/31,2017/04/30,-1.10%,0.04%,0.64%,-1.24%,0.29%,1.34%,0.94%,0.57%,0.14%,2.14%,6.19%,4.48%,1.66%,0.59%,1.06%,-0.75%,67,110,101,92,125,188,267,294,315,245,72.90%,17.51%,663.5%,150.1%,169.6%,486.9%,135.6%,752.7%,0.00%,-8.77%
2017/06/30,2017/05/31,-1.04%,1.29%,0.88%,-0.78%,-0.15%,-1.01%,2.12%,2.37%,0.05%,0.27%,-2.24%,-3.85%,0.90%,3.34%,0.90%,4.49%,67,111,102,91,125,186,273,301,315,246,74.44%,19.02%,646.4%,140.5%,172.0%,513.3%,144.1%,781.1%,-2.24%,-12.28%
2017/07/31,2017/06/30,-0.50%,-0.97%,-0.01%,0.40%,0.77%,1.92%,1.32%,1.58%,2.18%,2.66%,2.20%,2.82%,0.65%,1.23%,1.93%,0.38%,66,110,102,92,126,190,276,305,322,252,76.66%,19.91%,662.8%,147.3%,177.2%,515.6%,140.3%,792.0%,-0.09%,-9.81%
2017/08/31,2017/07/31,-1.86%,-0.92%,-0.00%,-0.18%,1.57%,-0.95%,-0.61%,-0.15%,-0.15%,2.40%,0.80%,1.92%,1.04%,0.58%,0.26%,0.01%,65,109,102,92,128,188,275,305,321,259,82.72%,23.92%,668.9%,152.1%,177.9%,515.7%,139.7%,797.1%,0.00%,-8.07%
2017/09/30,2017/08/31,0.55%,-0.23%,-0.62%,0.08%,0.10%,1.69%,3.10%,3.09%,2.51%,1.64%,-4.06%,-6.40%,-2.65%,3.16%,2.47%,5.08%,66,109,102,92,128,191,283,314,329,263,81.88%,23.85%,637.7%,135.9%,184.8%,547.0%,146.0%,825.5%,-4.06%,-13.96%
2017/10/31,2017/09/30,-2.75%,-0.53%,1.47%,-0.79%,1.04%,0.14%,2.66%,3.91%,0.85%,3.12%,2.25%,2.85%,0.89%,0.89%,2.24%,0.03%,64,108,103,91,129,191,291,327,332,271,88.77%,27.55%,654.2%,142.6%,191.2%,547.2%,140.6%,833.7%,-1.90%,-11.50%
2017/11/30,2017/10/31,-2.15%,0.98%,0.55%,0.33%,-1.31%,1.28%,4.29%,3.86%,3.41%,2.04%,-2.02%,-2.20%,-1.11%,1.49%,3.22%,2.15%,62,109,104,91,127,194,303,339,344,276,90.36%,28.52%,639.0%,137.3%,200.6%,561.1%,138.0%,847.7%,-3.88%,-13.45%
2017/12/31,2017/11/30,-0.43%,0.29%,0.52%,0.32%,-1.12%,1.41%,1.30%,1.44%,1.71%,-0.15%,-1.36%,-3.57%,0.40%,-0.44%,1.10%,0.63%,62,110,104,92,126,197,307,344,349,276,89.06%,26.51%,628.9%,128.8%,203.8%,565.3%,136.9%,843.5%,-5.19%,-16.54%
2018/01/31,2017/12/31,-0.97%,-1.04%,-0.13%,0.26%,-0.81%,4.91%,5.16%,5.42%,5.46%,5.50%,-0.48%,-0.38%,2.09%,4.69%,5.34%,4.80%,61,109,104,92,125,206,323,363,368,291,89.36%,27.27%,625.5%,128.0%,220.1%,597.2%,135.6%,887.7%,-5.65%,-16.85%
2018/02/28,2018/01/31,-1.44%,-0.99%,1.27%,-1.04%,1.55%,-4.85%,-4.14%,-3.15%,-4.98%,-1.68%,1.28%,1.91%,0.07%,-3.01%,-3.65%,-3.59%,61,108,105,91,127,196,310,351,350,286,95.03%,31.31%,634.8%,132.3%,208.4%,572.2%,135.8%,858.0%,-4.43%,-15.27%
2018/03/31,2018/02/28,-1.00%,1.40%,-0.66%,1.41%,-0.63%,-3.14%,-1.71%,-2.36%,-1.20%,-2.48%,5.03%,4.97%,1.21%,3.55%,-1.98%,2.06%,60,109,105,92,126,190,304,343,346,279,95.75%,32.17%,671.8%,143.9%,202.3%,586.0%,145.3%,892.0%,0.00%,-11.06%
2018/04/30,2018/03/31,-0.56%,0.44%,-0.17%,0.64%,-0.82%,-0.17%,0.71%,0.72%,0.98%,-0.44%,0.21%,0.68%,-1.70%,0.06%,0.43%,-0.15%,60,109,105,93,125,190,306,346,349,278,95.25%,31.82%,673.4%,145.5%,203.6%,585.0%,143.9%,892.5%,0.00%,-10.46%
2018/05/31,2018/04/30,0.61%,-2.46%,-0.92%,0.56%,1.05%,3.06%,0.29%,1.77%,2.85%,5.42%,-1.19%,-1.04%,-3.86%,6.11%,2.78%,6.42%,60,107,104,93,126,196,307,352,359,293,96.10%,34.94%,664.2%,143.0%,212.0%,629.0%,152.8%,953.2%,-1.19%,-11.38%
2018/06/30,2018/05/31,0.57%,0.30%,0.91%,0.47%,-1.28%,1.51%,0.92%,0.23%,1.22%,0.41%,4.44%,2.78%,-0.72%,1.31%,0.75%,0.47%,60,107,104,94,125,198,310,352,364,294,92.48%,33.46%,698.1%,149.7%,214.4%,632.5%,152.0%,967.0%,0.00%,-8.92%
2018/07/31,2018/06/30,1.12%,0.05%,0.01%,-0.54%,-0.19%,4.12%,3.11%,3.56%,3.26%,2.98%,5.88%,6.29%,1.39%,3.31%,3.27%,1.42%,61,107,104,93,124,207,320,365,376,303,89.96%,31.93%,745.1%,165.5%,224.7%,642.9%,147.4%,1002%,0.00%,-3.18%
2018/08/31,2018/07/31,0.25%,-0.29%,0.02%,-0.59%,-0.04%,2.80%,1.82%,3.52%,3.07%,5.82%,0.91%,2.57%,-0.71%,5.70%,3.55%,4.93%,61,107,105,93,124,212,326,378,387,321,89.40%,35.92%,752.7%,172.3%,236.2%,679.5%,150.8%,1065%,0.00%,-0.70%
2018/09/30,2018/08/31,-2.08%,-0.23%,0.62%,0.19%,-0.42%,-1.50%,0.11%,-0.28%,0.76%,0.19%,2.44%,2.39%,1.07%,-0.37%,0.10%,-1.09%,60,107,105,93,124,209,326,377,390,321,92.55%,38.21%,773.5%,178.8%,236.6%,671.0%,147.8%,1061%,0.00%,0.00%
2018/10/31,2018/09/30,-1.72%,0.87%,0.79%,-0.25%,2.62%,-7.90%,-4.72%,-6.30%,-9.21%,-7.86%,1.52%,1.25%,2.98%,-10.34%,-7.27%,-10.72%,59,108,106,93,127,193,311,353,354,296,100.9%,38.26%,786.8%,182.3%,212.1%,588.4%,139.2%,940.7%,0.00%,0.00%
2018/11/30,2018/10/31,0.47%,0.29%,0.90%,0.77%,-1.35%,2.38%,2.32%,2.79%,2.75%,0.28%,6.37%,6.30%,1.51%,2.92%,1.99%,1.03%,59,108,107,93,125,197,318,363,364,297,97.25%,35.36%,843.4%,200.0%,218.3%,595.4%,136.9%,971.0%,0.00%,0.00%
2018/12/31,2018/11/30,-0.83%,-1.36%,0.84%,0.34%,0.56%,-9.03%,-10.29%,-9.77%,-9.22%,-8.21%,5.57%,5.16%,1.30%,-10.96%,-9.28%,-12.51%,59,106,108,94,126,180,285,327,330,273,99.99%,36.46%,895.9%,215.5%,188.8%,508.4%,129.3%,853.6%,0.00%,0.00%
2019/01/31,2018/12/31,-0.11%,0.16%,1.19%,-0.07%,-0.90%,8.27%,8.50%,10.94%,8.71%,7.74%,-4.02%,-8.00%,-1.74%,11.03%,8.72%,13.43%,59,107,109,94,125,194,309,363,359,294,98.43%,35.74%,855.8%,190.3%,214.0%,590.1%,140.1%,958.8%,-4.02%,-8.00%
2019/02/28,2019/01/31,-0.63%,0.79%,1.23%,-1.32%,-0.90%,2.57%,3.24%,3.98%,2.89%,4.14%,1.32%,0.88%,-0.77%,5.71%,3.43%,5.45%,58,107,110,92,124,199,319,378,369,306,97.90%,37.86%,868.4%,192.8%,224.7%,627.7%,144.9%,1019%,-2.76%,-7.20%
2019/03/31,2019/02/28,-1.47%,0.95%,-0.21%,-0.18%,-0.65%,0.37%,1.00%,0.17%,2.52%,1.65%,-1.35%,-3.30%,-0.44%,-1.16%,1.41%,-0.17%,57,108,110,92,123,200,323,378,379,311,99.53%,39.62%,855.4%,183.2%,229.3%,626.5%,141.1%,1006%,-4.07%,-10.26%
2019/04/30,2019/03/31,-0.43%,-0.63%,0.37%,1.05%,-1.70%,3.58%,2.90%,5.92%,5.23%,1.76%,2.02%,0.97%,-2.28%,1.00%,4.02%,0.71%,57,108,111,93,121,207,332,401,399,316,96.99%,37.09%,874.7%,185.9%,242.5%,631.7%,133.1%,1017%,-2.13%,-9.39%
2019/05/31,2019/04/30,-0.34%,1.41%,2.20%,-0.70%,-0.38%,-7.57%,-4.73%,-6.95%,-7.11%,-6.34%,-2.66%,0.15%,0.02%,-8.19%,-6.47%,-8.24%,57,109,113,92,121,192,316,373,370,296,96.93%,38.77%,848.8%,186.3%,220.4%,571.4%,129.0%,925.8%,-4.73%,-9.25%
2019/06/30,2019/05/31,-0.36%,0.09%,-0.74%,-0.46%,0.20%,6.00%,5.91%,6.30%,7.51%,7.58%,6.57%,5.39%,0.27%,8.87%,6.83%,7.26%,57,109,112,92,121,203,335,396,398,319,98.03%,40.95%,911.1%,201.8%,242.2%,620.1%,129.9%,1017%,0.00%,-4.36%
2019/07/31,2019/06/30,0.81%,0.78%,0.32%,-0.27%,-0.32%,1.92%,1.65%,1.40%,1.67%,0.70%,1.81%,2.61%,-0.34%,-0.89%,1.45%,-1.67%,57,110,113,92,120,207,340,402,405,321,95.79%,39.24%,929.4%,209.7%,247.2%,608.0%,122.8%,1007%,0.00%,-1.86%
2019/08/31,2019/07/31,-0.11%,1.28%,1.38%,-0.20%,-1.79%,-2.30%,-2.74%,-2.94%,-1.49%,-1.71%,-1.03%,1.47%,-1.18%,-4.03%,-2.11%,-4.47%,57,112,114,92,118,202,331,390,399,315,92.49%,40.06%,918.7%,214.2%,239.9%,576.4%,117.5%,962.3%,-1.03%,-0.42%
2019/09/30,2019/08/31,0.23%,-0.16%,-0.52%,0.10%,2.61%,1.99%,3.18%,2.84%,0.79%,0.89%,3.01%,3.32%,1.88%,1.35%,1.76%,0.35%,57,111,114,92,121,206,342,401,402,318,97.09%,38.52%,949.4%,224.7%,245.8%,578.8%,114.4%,976.6%,0.00%,0.00%
2019/10/31,2019/09/30,0.20%,-0.23%,-0.55%,-1.21%,1.29%,2.29%,1.37%,1.00%,1.43%,4.16%,5.28%,4.00%,-0.06%,3.17%,2.20%,1.97%,57,111,113,91,123,211,346,405,408,331,99.22%,41.11%,1005%,237.6%,253.4%,592.1%,114.0%,1011%,0.00%,0.00%
2019/11/30,2019/10/31,-1.28%,-0.23%,-0.38%,-1.00%,0.71%,2.55%,2.98%,3.35%,3.52%,5.02%,5.14%,3.84%,1.17%,7.24%,3.75%,6.08%,57,111,112,90,124,216,357,419,422,348,103.2%,44.59%,1062%,250.6%,266.7%,634.2%,118.9%,1091%,0.00%,0.00%
2019/12/31,2019/11/30,-0.06%,-1.33%,-0.88%,0.59%,1.15%,2.35%,2.04%,2.12%,3.31%,3.42%,-1.83%,-3.49%,0.49%,3.79%,2.79%,4.84%,57,109,111,90,125,221,364,428,436,360,105.7%,46.14%,1040%,238.4%,276.9%,669.8%,123.4%,1136%,-1.83%,-3.49%
2020/01/31,2019/12/31,2.82%,-0.21%,-0.13%,-1.05%,-0.87%,3.19%,-2.25%,-0.49%,0.48%,0.97%,-3.65%,-8.19%,-1.16%,-4.57%,0.06%,-2.11%,58,109,111,89,124,228,356,426,438,364,98.05%,42.90%,998.9%,210.7%,277.2%,653.5%,118.6%,1080%,-5.41%,-11.39%
2020/02/29,2020/01/31,-1.38%,-3.15%,-1.18%,0.71%,1.50%,-7.61%,-10.10%,-8.88%,-7.68%,-6.56%,3.33%,1.17%,2.29%,-4.41%,-8.00%,-4.76%,57,106,110,90,126,211,320,388,404,340,103.8%,44.39%,1035%,214.3%,247.0%,617.6%,125.6%,1028%,-2.26%,-10.35%
2020/03/31,2020/02/29,-9.78%,-2.15%,-3.38%,-2.11%,2.23%,-16.88%,-16.69%,-18.25%,-13.82%,-7.85%,6.03%,3.85%,3.45%,-14.28%,-13.57%,-15.43%,52,104,106,88,129,175,266,317,348,313,128.2%,57.43%,1104%,226.4%,199.9%,506.9%,121.5%,866.7%,0.00%,-6.90%
2020/04/30,2020/03/31,0.08%,-1.68%,0.45%,0.96%,0.74%,11.47%,9.63%,15.09%,14.55%,14.45%,-2.37%,-5.24%,0.87%,17.48%,13.44%,19.05%,52,102,107,89,130,196,292,365,399,358,129.7%,62.12%,1075%,209.3%,240.2%,622.5%,133.9%,1036%,-2.37%,-11.78%
2020/05/31,2020/04/30,-0.69%,1.02%,-0.13%,-1.71%,-1.06%,4.01%,3.89%,5.95%,5.39%,6.51%,-4.12%,-6.53%,-3.06%,6.15%,5.40%,8.11%,51,103,107,87,128,203,303,387,421,382,128.9%,66.18%,1027%,189.1%,258.6%,681.1%,140.2%,1106%,-6.39%,-17.54%
2020/06/30,2020/05/31,-1.92%,0.18%,-0.98%,-0.28%,0.61%,-0.03%,1.32%,1.56%,2.60%,3.85%,-5.60%,-8.51%,-3.51%,2.11%,2.43%,4.67%,50,103,106,87,129,203,307,393,432,396,134.7%,72.63%,963.8%,164.5%,267.3%,717.5%,145.6%,1131%,-11.64%,-24.56%
2020/07/31,2020/06/30,1.01%,0.75%,-1.33%,-0.89%,-1.73%,5.61%,5.49%,3.99%,6.47%,6.10%,-6.71%,-4.80%,-4.01%,1.62%,5.73%,3.05%,51,104,104,86,127,215,324,408,459,420,128.2%,73.48%,892.4%,151.8%,288.3%,742.5%,139.0%,1151%,-17.57%,-28.17%
2020/08/31,2020/07/31,0.47%,2.06%,-2.72%,-2.46%,0.24%,7.09%,7.67%,4.34%,7.13%,9.43%,4.26%,4.89%,-5.41%,5.19%,7.38%,3.72%,51,106,101,84,127,230,349,426,492,460,127.7%,77.55%,934.6%,164.1%,317.0%,773.9%,130.3%,1216%,-14.06%,-24.66%
2020/09/30,2020/08/31,0.25%,1.87%,0.58%,-0.42%,-2.25%,-2.75%,-1.68%,-3.22%,-3.74%,-4.97%,0.58%,-0.11%,1.57%,-1.91%,-3.61%,-1.87%,51,108,102,84,124,224,343,412,474,437,122.0%,73.62%,940.7%,163.9%,301.9%,757.5%,134.3%,1191%,-13.56%,-24.74%
2020/10/31,2020/09/30,4.70%,0.78%,-0.11%,1.05%,-1.24%,2.14%,-0.62%,-0.56%,-2.55%,-4.01%,2.83%,3.90%,-1.03%,1.19%,-2.11%,0.02%,54,109,102,85,123,228,341,410,462,420,108.8%,62.94%,970.1%,174.2%,293.4%,757.6%,139.3%,1206%,-11.11%,-21.81%
2020/11/30,2020/10/31,3.33%,3.47%,2.00%,-0.24%,-2.19%,16.27%,12.28%,13.17%,13.79%,9.97%,-5.55%,-7.30%,-4.33%,15.18%,12.26%,17.37%,56,112,104,84,120,266,383,464,525,462,97.32%,52.67%,910.7%,154.2%,341.6%,906.6%,151.5%,1404%,-16.04%,-27.51%
2020/12/31,2020/11/30,-3.32%,-0.03%,0.62%,-0.57%,-1.10%,3.97%,3.11%,5.25%,4.78%,4.65%,-2.83%,-3.04%,-3.81%,7.76%,4.57%,8.68%,54,112,105,84,119,276,395,488,551,483,101.7%,53.72%,882.1%,146.4%,361.8%,993.9%,161.8%,1521%,-18.42%,-29.72%
2021/01/31,2020/12/31,0.18%,-1.72%,-1.99%,-0.22%,0.00%,2.43%,-1.93%,-0.17%,-0.94%,0.76%,-18.24%,-17.92%,-1.86%,3.77%,-0.12%,9.14%,54,111,102,84,119,283,387,488,545,487,101.3%,51.15%,703.0%,102.3%,361.3%,1094%,186.1%,1582%,-33.30%,-42.31%
