Date,fdate,CHETURN_AR_1,CHETURN_AR_2,CHETURN_AR_3,CHETURN_AR_4,CHETURN_AR_5,CHETURN_TR_1,CHETURN_TR_2,CHETURN_TR_3,CHETURN_TR_4,CHETURN_TR_5,CHETURN_AR_Sig,CHETURN_TR_Sig,CHETURN_AR_130,CHETURN_TR_130,CHETURN_TR_BP,CHETURN_TR_LO,CHETURN_CAR_1,CHETURN_CAR_2,CHETURN_CAR_3,CHETURN_CAR_4,CHETURN_CAR_5,CHETURN_CTR_1,CHETURN_CTR_2,CHETURN_CTR_3,CHETURN_CTR_4,CHETURN_CTR_5,CHETURN_CAR_LS,CHETURN_CTR_LS,CHETURN_CAR_SW,CHETURN_CTR_SW,CHETURN_CTR_BP,CHETURN_CTR_LO,CHETURN_CXR_LO,CHETURN_CTR_13,CHETURN_CADD,CHETURN_CTDD
2001/02/28,2001/01/31,5.59%,-0.14%,0.19%,0.07%,4.60%,-4.18%,-18.54%,-8.54%,-7.34%,-1.87%,-1.08%,4.36%,8.86%,-0.87%,-9.48%,-2.18%,106,100,100,100,105,96,81,91,93,98,-0.99%,2.31%,-1.08%,4.36%,-9.48%,-2.18%,7.29%,-0.87%,-1.08%,0.00%
2001/03/31,2001/02/28,-2.20%,0.17%,-0.66%,2.20%,2.15%,-6.14%,-10.47%,-6.23%,-4.17%,-2.49%,0.32%,1.96%,2.98%,-3.30%,-6.73%,-3.88%,103,100,100,102,107,90,73,86,89,96,3.32%,6.04%,-0.76%,6.41%,-15.57%,-5.98%,10.35%,-4.14%,-0.76%,0.00%
2001/04/30,2001/03/31,0.11%,0.71%,0.77%,-2.34%,-1.51%,6.59%,11.49%,8.10%,5.77%,5.13%,-1.10%,-1.44%,-3.94%,5.86%,8.26%,6.29%,103,101,100,100,105,96,81,93,94,101,1.65%,4.49%,-1.86%,4.87%,-8.60%,-0.07%,8.18%,1.48%,-1.86%,-1.44%
2001/05/31,2001/04/30,-1.10%,1.04%,-1.41%,0.24%,-0.93%,1.40%,-0.11%,0.28%,2.87%,2.34%,0.47%,1.74%,5.29%,9.00%,1.01%,8.48%,102,102,99,100,104,97,81,93,97,103,1.82%,5.47%,-1.40%,6.69%,-7.68%,8.41%,16.26%,10.61%,-1.40%,0.00%
2001/06/30,2001/05/31,-0.17%,1.55%,-0.08%,1.86%,2.15%,-2.08%,-0.30%,-2.45%,-1.31%,-1.65%,0.86%,0.49%,-1.08%,1.80%,-1.54%,1.66%,102,103,99,102,107,95,81,91,95,101,4.19%,5.92%,-0.55%,7.22%,-9.10%,10.21%,19.98%,12.61%,-0.55%,0.00%
2001/07/31,2001/06/30,-0.22%,-0.49%,-0.45%,0.91%,-1.67%,0.17%,-5.91%,-1.43%,0.78%,-0.03%,1.26%,2.17%,4.76%,0.03%,-1.79%,-0.62%,102,103,98,103,105,95,76,89,96,101,2.68%,5.71%,0.70%,9.54%,-10.73%,9.52%,21.38%,12.64%,0.00%,0.00%
2001/08/31,2001/07/31,1.38%,-0.27%,0.04%,1.46%,1.31%,-3.67%,-8.99%,-6.00%,-4.85%,-4.83%,2.68%,2.75%,3.99%,-0.46%,-5.97%,-1.28%,103,103,98,104,106,92,69,84,91,96,2.61%,4.48%,3.40%,12.55%,-16.06%,8.11%,27.07%,12.12%,0.00%,0.00%
2001/09/30,2001/08/31,-4.87%,-3.40%,0.49%,4.22%,1.87%,-12.89%,-12.46%,-7.40%,-5.06%,-5.70%,1.75%,1.11%,1.84%,-12.89%,-8.92%,-13.23%,98,99,99,109,108,80,61,78,87,91,9.53%,11.99%,5.21%,13.81%,-23.54%,-6.19%,21.59%,-2.34%,0.00%,0.00%
2001/10/31,2001/09/30,3.34%,1.33%,4.77%,1.68%,-1.62%,2.48%,5.49%,5.86%,-1.44%,-2.51%,-0.93%,-3.95%,-3.75%,3.00%,2.68%,4.19%,101,100,104,111,106,82,64,82,86,89,4.10%,6.41%,4.23%,9.31%,-21.50%,-2.26%,23.43%,0.59%,-0.93%,-3.95%
2001/11/30,2001/10/31,-0.71%,1.39%,1.00%,-3.04%,-3.41%,8.07%,8.21%,8.54%,6.99%,5.70%,-2.79%,-2.67%,-3.55%,4.97%,7.75%,5.77%,101,102,105,107,103,89,69,89,92,94,1.28%,3.88%,1.33%,6.40%,-15.41%,3.38%,20.98%,5.59%,-3.69%,-6.51%
2001/12/31,2001/11/30,1.24%,0.39%,-1.07%,0.27%,2.07%,3.29%,0.55%,0.61%,2.64%,3.07%,-0.61%,-0.04%,1.49%,6.71%,1.71%,6.72%,102,102,104,108,105,92,70,90,94,96,2.13%,3.65%,0.71%,6.36%,-13.96%,10.33%,27.04%,12.68%,-4.28%,-6.55%
2002/01/31,2001/12/31,-0.09%,3.17%,-1.61%,-0.59%,-3.40%,0.13%,0.16%,-2.83%,-0.87%,-4.03%,0.16%,2.01%,4.07%,5.15%,-1.25%,4.55%,102,105,102,107,101,92,70,87,93,93,-1.25%,-0.66%,0.87%,8.49%,-15.04%,15.34%,34.41%,18.48%,-4.12%,-4.67%
2002/02/28,2002/01/31,3.11%,-1.64%,-1.81%,0.48%,2.83%,1.61%,-5.14%,-4.18%,-0.97%,1.22%,1.72%,1.85%,3.34%,-0.44%,-2.10%,-0.99%,105,104,100,107,104,93,66,84,92,94,-1.53%,-1.04%,2.61%,10.49%,-16.83%,14.19%,35.90%,17.95%,-2.47%,-2.91%
2002/03/31,2002/02/28,-0.11%,1.89%,-0.02%,1.47%,-0.38%,4.78%,4.48%,3.91%,5.84%,3.33%,0.82%,0.84%,3.32%,10.05%,4.42%,9.80%,105,106,100,109,104,98,69,87,98,97,-1.79%,-2.47%,3.46%,11.42%,-13.15%,25.38%,43.21%,29.81%,-1.67%,-2.10%
2002/04/30,2002/03/31,2.52%,-1.78%,-1.93%,4.36%,-0.79%,-0.50%,-8.65%,-7.60%,-0.53%,-4.96%,0.82%,2.97%,4.22%,4.29%,-5.00%,3.40%,108,104,98,114,103,97,63,80,97,92,-5.05%,-6.82%,4.31%,14.73%,-17.49%,29.64%,55.23%,35.38%,-0.86%,0.00%
2002/05/31,2002/04/30,-0.38%,-0.62%,0.07%,-1.32%,-0.13%,-1.29%,-1.95%,-1.22%,-0.84%,-0.25%,0.74%,1.09%,2.66%,-0.38%,-1.20%,-0.70%,107,103,98,112,103,96,62,79,96,92,-4.81%,-5.85%,5.08%,15.98%,-18.48%,28.73%,56.00%,34.86%,-0.12%,0.00%
2002/06/30,2002/05/31,1.86%,-0.11%,-1.89%,2.68%,-0.21%,-4.15%,-8.57%,-8.83%,-5.07%,-7.73%,1.65%,1.98%,0.33%,-3.82%,-6.92%,-4.41%,109,103,96,115,103,92,57,72,91,85,-6.78%,-9.22%,6.81%,18.27%,-24.12%,23.05%,59.92%,29.71%,0.00%,0.00%
2002/07/31,2002/06/30,-2.59%,-1.63%,-0.43%,3.71%,1.25%,-10.86%,-9.89%,-6.42%,-5.60%,-6.89%,1.76%,1.04%,0.74%,-11.46%,-7.99%,-11.77%,106,101,96,120,104,82,51,68,86,79,-3.19%,-5.62%,8.69%,19.51%,-30.19%,8.56%,53.87%,14.85%,0.00%,0.00%
2002/08/31,2002/07/31,-2.15%,-0.11%,-0.24%,0.14%,-1.68%,-0.23%,-0.31%,0.86%,2.82%,0.61%,0.35%,0.87%,0.91%,0.53%,0.64%,0.27%,104,101,96,120,102,82,51,68,89,79,-2.74%,-4.83%,9.07%,20.54%,-29.74%,8.86%,53.31%,15.46%,0.00%,0.00%
2002/09/30,2002/08/31,-1.12%,0.47%,-0.64%,-0.79%,-2.38%,-8.86%,-10.24%,-10.12%,-9.90%,-11.78%,-0.25%,0.00%,0.36%,-8.13%,-10.13%,-8.13%,103,102,95,119,100,74,46,61,80,70,-3.97%,-7.60%,8.79%,20.55%,-36.86%,0.01%,56.36%,6.07%,-0.25%,0.00%
2002/10/31,2002/09/30,0.23%,4.87%,2.13%,0.77%,-2.64%,4.22%,12.47%,9.79%,6.51%,3.93%,-2.99%,-3.91%,-4.91%,-1.04%,7.77%,0.14%,103,107,97,120,97,78,51,67,85,73,-6.72%,-7.87%,5.54%,15.83%,-31.95%,0.14%,44.43%,4.97%,-3.24%,-3.91%
2002/11/30,2002/10/31,-2.36%,-0.50%,2.04%,-2.33%,1.79%,4.08%,7.86%,7.57%,2.96%,6.09%,-1.83%,-2.98%,-2.89%,7.64%,6.03%,8.53%,101,106,99,117,99,81,55,73,88,77,-2.85%,-6.02%,3.61%,12.39%,-27.85%,8.69%,48.06%,13.00%,-5.00%,-6.77%
2002/12/31,2002/11/30,0.36%,0.31%,-0.97%,0.05%,0.54%,-4.10%,-7.20%,-7.38%,-3.79%,-3.87%,0.68%,1.59%,3.19%,-2.21%,-5.58%,-2.69%,101,106,98,117,99,77,51,67,84,74,-2.68%,-5.81%,4.31%,14.17%,-31.88%,5.77%,52.34%,10.50%,-4.36%,-5.29%
2003/01/31,2002/12/31,-1.30%,-0.07%,1.00%,1.95%,-1.45%,-3.70%,-2.42%,-1.74%,-0.84%,-4.15%,0.60%,0.78%,1.52%,0.11%,-2.56%,-0.12%,100,106,99,119,98,75,50,66,84,71,-2.83%,-6.23%,4.94%,15.07%,-33.63%,5.64%,56.06%,10.62%,-3.78%,-4.55%
2003/02/28,2003/01/31,0.06%,0.98%,-0.35%,-0.25%,0.21%,-2.26%,-0.57%,-2.23%,-2.59%,-1.74%,-0.70%,-1.09%,-1.48%,-4.32%,-1.81%,-4.00%,100,107,99,119,98,73,50,65,81,70,-2.68%,-5.74%,4.21%,13.81%,-34.83%,1.41%,52.64%,5.84%,-4.45%,-5.59%
2003/03/31,2003/02/28,2.91%,-1.33%,1.36%,1.08%,0.58%,2.40%,-0.06%,2.12%,0.74%,0.31%,-1.39%,-1.46%,-0.92%,-0.35%,1.22%,0.09%,103,106,100,120,99,75,50,66,82,70,-4.95%,-7.71%,2.76%,12.15%,-34.03%,1.50%,50.91%,5.46%,-5.78%,-6.96%
2003/04/30,2003/03/31,-1.15%,-1.50%,-0.71%,2.05%,1.54%,7.31%,8.66%,7.22%,9.58%,9.14%,-1.87%,-3.49%,-2.48%,5.65%,8.22%,6.70%,102,104,99,123,100,80,54,71,90,77,-2.39%,-6.02%,0.84%,8.24%,-28.61%,8.30%,48.61%,11.43%,-7.54%,-10.21%
2003/05/31,2003/04/30,-0.77%,-1.26%,0.55%,-0.50%,0.82%,6.48%,6.83%,6.44%,4.69%,6.54%,-0.50%,-1.09%,0.10%,11.21%,6.23%,11.53%,101,103,100,122,101,85,58,75,94,82,-0.85%,-5.96%,0.33%,7.07%,-24.16%,20.79%,56.50%,23.92%,-8.01%,-11.18%
2003/06/30,2003/05/31,-0.50%,-0.56%,1.12%,-0.80%,0.04%,1.50%,1.16%,2.39%,0.56%,1.66%,-0.92%,-1.16%,0.95%,4.13%,1.49%,4.48%,100,103,101,121,101,87,59,77,95,83,-0.31%,-5.81%,-0.60%,5.83%,-23.03%,26.20%,61.18%,29.03%,-8.86%,-12.21%
2003/07/31,2003/06/30,0.38%,0.25%,1.19%,1.47%,-0.45%,3.27%,3.29%,1.85%,2.89%,1.47%,-0.83%,-0.97%,-0.12%,6.23%,2.46%,6.52%,101,103,102,123,101,89,60,78,97,84,-1.14%,-7.51%,-1.43%,4.80%,-21.14%,34.43%,67.72%,37.07%,-9.62%,-13.07%
2003/08/31,2003/07/31,0.22%,3.20%,-1.33%,-3.01%,0.01%,3.84%,5.58%,0.32%,-0.19%,2.89%,-1.55%,-1.38%,-0.94%,4.16%,2.35%,4.57%,101,106,101,119,101,93,64,79,97,87,-1.35%,-8.39%,-2.95%,3.36%,-19.28%,40.58%,71.45%,42.77%,-11.02%,-14.26%
2003/09/30,2003/08/31,-1.25%,-0.17%,0.27%,1.18%,-0.38%,-2.06%,-0.95%,-0.90%,0.23%,-1.46%,0.92%,1.07%,2.72%,3.06%,-1.08%,2.74%,100,106,101,121,100,91,63,78,98,85,-0.49%,-7.84%,-2.06%,4.46%,-20.15%,44.43%,78.00%,47.15%,-10.21%,-13.35%
2003/10/31,2003/09/30,1.61%,2.41%,1.16%,-0.94%,-2.37%,8.60%,6.17%,5.81%,6.07%,3.74%,-2.55%,-1.86%,-0.76%,6.61%,6.06%,7.16%,101,108,102,119,98,99,67,83,103,88,-4.45%,-12.32%,-4.56%,2.52%,-15.32%,54.78%,79.97%,56.87%,-12.49%,-14.96%
2003/11/30,2003/10/31,-1.29%,0.25%,1.24%,-0.57%,-0.42%,1.30%,1.04%,1.91%,1.50%,1.41%,-0.16%,-0.02%,0.49%,3.55%,1.47%,3.56%,100,109,104,119,97,100,68,84,105,90,-3.61%,-12.22%,-4.72%,2.50%,-14.07%,60.29%,83.72%,62.44%,-12.64%,-14.97%
2003/12/31,2003/11/30,-0.62%,1.00%,-1.90%,-1.05%,0.96%,3.48%,5.30%,3.95%,3.91%,5.49%,2.01%,1.22%,2.24%,5.67%,4.39%,5.30%,99,110,102,118,98,104,71,87,109,95,-2.09%,-10.46%,-2.80%,3.75%,-10.30%,68.79%,85.40%,71.65%,-10.88%,-13.93%
2004/01/31,2003/12/31,-4.54%,1.19%,2.69%,-0.85%,-0.09%,-0.36%,2.16%,4.18%,1.92%,2.64%,-1.11%,-0.64%,1.39%,6.00%,2.25%,6.19%,95,111,104,117,98,103,73,91,111,97,2.27%,-7.77%,-3.88%,3.08%,-8.28%,79.24%,92.71%,81.95%,-11.87%,-14.49%
2004/02/29,2004/01/31,1.96%,-0.67%,-1.23%,0.46%,-0.28%,3.24%,0.83%,0.42%,2.05%,1.28%,1.44%,3.17%,2.52%,5.62%,1.48%,4.67%,97,110,103,117,98,106,74,91,113,98,-0.02%,-9.58%,-2.50%,6.35%,-6.92%,87.61%,98.86%,92.17%,-10.60%,-11.78%
2004/03/31,2004/02/29,0.95%,0.11%,-1.19%,0.28%,-0.25%,0.36%,-1.10%,-2.46%,-0.88%,-1.09%,1.61%,1.74%,1.95%,2.55%,-1.09%,2.03%,98,110,102,117,98,107,73,89,112,97,-1.23%,-10.89%,-0.93%,8.20%,-7.94%,91.42%,105.1%,97.08%,-9.16%,-10.25%
2004/04/30,2004/03/31,2.65%,-1.48%,-4.11%,0.18%,0.81%,-0.52%,-2.04%,-3.56%,-2.62%,-1.14%,3.82%,2.22%,4.95%,0.05%,-2.03%,-0.61%,100,109,98,118,99,106,71,86,109,96,-3.05%,-11.43%,2.86%,10.59%,-9.81%,90.24%,108.0%,97.18%,-5.69%,-8.26%
2004/05/31,2004/04/30,0.29%,-0.12%,1.15%,0.51%,-1.30%,1.18%,0.92%,2.39%,1.84%,-0.48%,-0.32%,-0.14%,-0.72%,-0.28%,1.34%,-0.24%,100,109,99,118,97,108,72,88,112,96,-4.59%,-12.90%,2.53%,10.44%,-8.61%,89.79%,104.7%,96.62%,-5.99%,-8.39%
2004/06/30,2004/05/31,0.43%,1.86%,-1.21%,-1.74%,0.83%,3.19%,3.19%,0.40%,0.45%,2.87%,-0.28%,0.28%,-0.14%,4.07%,1.96%,3.98%,101,111,98,116,98,111,74,88,112,98,-4.21%,-13.18%,2.24%,10.75%,-6.81%,97.35%,108.8%,104.6%,-6.26%,-8.13%
2004/07/31,2004/06/30,-1.62%,0.27%,0.15%,-0.01%,0.99%,-4.44%,-3.96%,-5.02%,-2.67%,-2.64%,1.79%,1.34%,-0.36%,-4.10%,-3.87%,-4.50%,99,111,98,116,99,106,71,84,109,96,-1.71%,-11.61%,4.08%,12.23%,-10.42%,88.46%,107.5%,96.22%,-4.58%,-6.90%
2004/08/31,2004/07/31,0.62%,-0.60%,-1.27%,2.37%,0.48%,0.61%,-0.50%,-1.22%,2.57%,0.86%,0.23%,-0.09%,-1.05%,-1.79%,0.29%,-1.77%,100,110,96,119,100,107,71,83,112,97,-1.84%,-11.39%,4.32%,12.13%,-10.15%,85.13%,103.2%,92.70%,-4.36%,-6.98%
2004/09/30,2004/08/31,-0.83%,2.83%,-0.43%,-2.17%,0.21%,1.73%,3.68%,1.27%,-0.41%,1.84%,-0.97%,-0.17%,-0.32%,3.57%,1.66%,3.62%,99,113,96,116,100,109,74,84,111,98,-0.82%,-11.30%,3.30%,11.93%,-8.67%,91.83%,107.2%,99.58%,-5.29%,-7.15%
2004/10/31,2004/09/30,0.41%,0.97%,-1.68%,2.33%,-0.90%,1.69%,2.71%,0.08%,3.32%,0.51%,-0.37%,-0.49%,0.13%,1.74%,1.55%,1.88%,99,115,94,119,99,110,76,84,115,99,-2.12%,-12.35%,2.92%,11.38%,-7.25%,95.44%,107.9%,103.0%,-5.64%,-7.60%
2004/11/30,2004/10/31,-0.24%,0.02%,0.21%,-1.25%,0.48%,5.40%,4.15%,4.45%,3.93%,5.21%,-2.13%,-1.69%,-0.97%,7.02%,4.65%,7.53%,99,115,95,118,99,116,79,88,120,104,-1.41%,-12.51%,0.73%,9.49%,-2.94%,110.2%,113.9%,117.3%,-7.64%,-9.17%
2004/12/31,2004/11/30,0.66%,-0.77%,0.24%,0.26%,-0.16%,3.51%,3.08%,4.39%,3.22%,3.65%,-0.77%,-1.32%,1.51%,4.61%,3.62%,5.01%,100,114,95,118,99,120,81,92,123,108,-2.22%,-12.39%,-0.04%,8.05%,0.58%,120.7%,116.9%,127.3%,-8.35%,-10.36%
2005/01/31,2004/12/31,0.67%,0.77%,-0.37%,-2.60%,0.43%,-1.11%,-3.11%,-3.67%,-4.10%,-1.72%,0.47%,1.17%,0.99%,-1.50%,-2.69%,-1.85%,101,115,94,115,100,119,79,88,118,106,-2.45%,-12.92%,0.42%,9.31%,-2.13%,116.6%,118.7%,123.9%,-7.92%,-9.32%
2005/02/28,2005/01/31,0.43%,2.48%,1.02%,-3.61%,-1.69%,2.71%,3.51%,2.66%,-1.02%,0.79%,-1.42%,-1.11%,-1.26%,0.62%,2.06%,0.96%,101,117,95,111,98,122,81,91,117,107,-4.52%,-14.59%,-1.00%,8.10%,-0.11%,118.7%,116.3%,125.3%,-9.23%,-10.33%
2005/03/31,2005/02/28,-0.60%,0.62%,0.59%,-1.48%,0.16%,-1.50%,-2.29%,-1.67%,-2.34%,-0.93%,0.35%,0.63%,-0.24%,-1.40%,-1.73%,-1.59%,100,118,96,109,98,120,79,89,114,106,-3.79%,-14.10%,-0.65%,8.77%,-1.84%,115.2%,116.6%,122.2%,-8.91%,-9.77%
2005/04/30,2005/03/31,-1.10%,-0.54%,1.17%,1.99%,0.68%,-3.91%,-3.31%,-1.32%,-0.14%,-1.59%,0.21%,-0.01%,-0.56%,-5.99%,-2.23%,-5.98%,99,118,97,111,99,116,77,88,114,104,-2.08%,-12.11%,-0.44%,8.76%,-4.03%,102.3%,108.5%,108.9%,-8.72%,-9.78%
2005/05/31,2005/04/30,0.05%,0.66%,-0.28%,-0.48%,0.00%,3.75%,5.20%,3.42%,2.96%,4.00%,-2.00%,-1.78%,-2.91%,2.84%,3.88%,3.37%,99,118,97,111,99,120,81,91,118,108,-2.12%,-11.90%,-2.43%,6.82%,-0.31%,109.2%,107.4%,114.8%,-10.54%,-11.39%
2005/06/30,2005/05/31,-1.32%,0.91%,0.99%,-0.46%,-0.26%,0.57%,0.55%,1.23%,0.97%,1.09%,-1.52%,-1.28%,-1.87%,2.23%,0.85%,2.61%,98,119,98,110,98,121,81,92,119,110,-1.09%,-11.43%,-3.91%,5.46%,0.54%,114.6%,111.1%,119.6%,-11.90%,-12.52%
2005/07/31,2005/06/30,1.31%,0.75%,-0.40%,-2.22%,-0.30%,5.21%,5.67%,3.77%,2.05%,3.39%,0.56%,0.12%,1.69%,7.28%,4.20%,7.24%,99,120,97,108,98,127,86,96,121,113,-2.68%,-13.04%,-3.37%,5.58%,4.76%,130.2%,117.5%,135.6%,-11.41%,-12.42%
2005/08/31,2005/07/31,0.03%,0.41%,0.34%,-0.70%,-0.25%,-0.63%,-1.44%,-1.01%,-1.59%,-0.68%,-1.15%,-1.05%,-1.43%,-2.82%,-1.01%,-2.50%,99,121,98,107,98,126,85,95,119,113,-2.95%,-13.08%,-4.49%,4.47%,3.70%,124.4%,114.2%,128.9%,-12.43%,-13.34%
2005/09/30,2005/08/31,0.74%,0.26%,0.82%,-1.20%,-0.08%,1.39%,0.37%,0.89%,-0.61%,1.09%,-0.68%,-0.67%,-0.07%,-0.16%,0.77%,0.04%,100,121,99,106,98,128,85,95,119,114,-3.75%,-13.35%,-5.14%,3.77%,4.50%,124.5%,112.7%,128.5%,-13.02%,-13.92%
2005/10/31,2005/09/30,-1.76%,1.09%,0.22%,2.39%,-0.91%,-3.18%,-1.18%,-1.52%,0.48%,-2.37%,-0.35%,-0.46%,-2.03%,-4.25%,-1.76%,-4.11%,98,122,99,108,97,124,84,94,119,111,-2.93%,-12.64%,-5.47%,3.29%,2.66%,115.3%,107.7%,118.8%,-13.32%,-14.31%
2005/11/30,2005/10/31,0.42%,0.15%,-0.07%,0.65%,0.01%,4.04%,4.65%,3.85%,3.76%,3.00%,-1.25%,-1.03%,-1.72%,2.67%,3.93%,2.98%,99,123,99,109,97,129,88,98,124,114,-3.33%,-13.55%,-6.65%,2.23%,6.69%,121.7%,105.7%,124.7%,-14.41%,-15.19%
2005/12/31,2005/11/30,-0.21%,-0.68%,1.07%,0.26%,-0.12%,-0.10%,-0.81%,0.98%,0.16%,0.03%,-0.19%,0.19%,0.90%,1.20%,0.04%,1.14%,98,122,100,109,97,129,87,99,124,114,-3.25%,-13.44%,-6.83%,2.43%,6.73%,124.2%,108.0%,127.4%,-14.58%,-15.03%
2006/01/31,2005/12/31,1.02%,-1.03%,-0.83%,-1.58%,0.59%,4.05%,3.86%,2.26%,2.45%,4.75%,0.82%,0.84%,0.58%,8.56%,3.44%,8.31%,100,120,99,107,97,134,90,101,127,120,-3.67%,-12.83%,-6.06%,3.29%,10.40%,142.9%,118.1%,146.9%,-13.87%,-14.32%
2006/02/28,2006/01/31,-0.18%,-0.90%,0.46%,1.44%,-0.30%,-0.16%,-0.96%,0.70%,1.66%,-0.18%,0.27%,0.29%,0.87%,0.79%,0.09%,0.71%,99,119,99,109,97,134,90,102,129,120,-3.78%,-12.85%,-5.81%,3.59%,10.50%,144.6%,119.5%,148.8%,-13.64%,-14.07%
2006/03/31,2006/02/28,0.95%,-0.10%,-0.67%,-1.05%,-0.90%,2.67%,2.61%,1.27%,0.83%,1.74%,0.93%,0.99%,0.77%,5.56%,1.90%,5.26%,100,119,99,108,96,137,92,103,130,122,-5.57%,-13.66%,-4.94%,4.62%,12.59%,157.4%,126.9%,162.6%,-12.84%,-13.22%
2006/04/30,2006/03/31,0.52%,-0.59%,-0.31%,0.56%,-0.64%,1.86%,-0.31%,0.31%,2.33%,1.25%,0.23%,0.07%,0.82%,1.39%,0.99%,1.37%,101,119,98,108,96,140,92,103,133,123,-6.67%,-14.19%,-4.72%,4.69%,13.71%,161.0%,127.7%,166.3%,-12.64%,-13.16%
2006/05/31,2006/04/30,0.75%,-0.04%,0.02%,-1.87%,-0.59%,-2.02%,-4.60%,-3.20%,-3.59%,-2.25%,1.20%,1.42%,0.88%,-3.04%,-3.11%,-3.47%,102,119,98,106,95,137,87,100,128,120,-7.92%,-14.39%,-3.58%,6.18%,10.17%,151.9%,126.9%,158.2%,-11.59%,-11.92%
2006/06/30,2006/05/31,0.38%,-0.03%,-0.40%,-0.43%,1.27%,0.60%,-0.11%,-0.67%,-0.14%,1.79%,-0.23%,-0.66%,-0.58%,-1.00%,0.19%,-0.80%,102,119,98,106,96,138,87,99,128,123,-7.10%,-13.37%,-3.80%,5.48%,10.39%,149.9%,124.6%,155.6%,-11.80%,-12.50%
2006/07/31,2006/06/30,-0.75%,-0.36%,1.02%,0.75%,0.37%,-0.81%,-2.17%,0.76%,0.77%,0.78%,0.29%,1.30%,-0.18%,-1.70%,-0.28%,-2.09%,101,118,99,107,97,137,85,100,129,124,-6.06%,-11.99%,-3.52%,6.84%,10.08%,144.7%,120.6%,151.3%,-11.54%,-11.37%
2006/08/31,2006/07/31,-0.82%,0.29%,1.53%,-0.63%,0.29%,1.41%,3.11%,4.58%,1.34%,1.74%,-1.94%,-1.49%,-3.48%,-0.01%,2.48%,0.44%,100,118,101,106,97,139,88,105,131,126,-5.02%,-11.69%,-5.39%,5.25%,12.81%,145.7%,116.1%,151.2%,-13.25%,-12.69%
2006/09/30,2006/08/31,-0.67%,2.38%,-0.24%,0.16%,-1.83%,1.52%,4.01%,2.37%,2.74%,0.14%,-0.79%,-0.40%,-0.95%,0.58%,2.24%,0.70%,100,121,100,106,95,141,92,107,134,126,-6.13%,-12.91%,-6.14%,4.84%,15.33%,147.5%,112.7%,152.7%,-13.94%,-13.03%
2006/10/31,2006/09/30,1.10%,1.02%,-1.60%,-1.24%,0.63%,4.34%,5.16%,2.54%,2.32%,4.14%,-1.83%,-2.18%,-1.65%,2.77%,3.69%,3.42%,101,122,99,105,96,147,96,110,138,131,-6.57%,-13.09%,-7.86%,2.55%,19.59%,155.9%,112.2%,159.7%,-15.52%,-14.93%
2006/11/30,2006/10/31,0.73%,0.28%,0.14%,-1.97%,0.17%,2.63%,2.65%,2.45%,0.41%,2.36%,-0.88%,-0.53%,-0.94%,2.07%,2.16%,2.23%,102,123,99,103,96,151,99,112,138,134,-7.10%,-13.32%,-8.67%,2.01%,22.17%,161.6%,112.3%,165.1%,-16.26%,-15.38%
2006/12/31,2006/11/30,-1.16%,0.07%,0.49%,0.26%,-0.20%,0.54%,0.47%,1.56%,2.39%,1.59%,-1.33%,-0.97%,-1.53%,0.10%,1.18%,0.39%,100,123,99,103,96,152,99,114,141,136,-6.21%,-12.40%,-9.88%,1.02%,23.61%,162.7%,110.7%,165.3%,-17.37%,-16.20%
2007/01/31,2006/12/31,-0.25%,1.25%,-0.11%,-0.83%,1.47%,1.37%,3.24%,2.09%,0.98%,2.90%,0.97%,0.89%,2.10%,3.56%,2.01%,3.30%,100,124,99,102,97,154,103,117,143,140,-4.59%,-11.06%,-9.01%,1.91%,26.09%,171.3%,113.4%,174.8%,-16.57%,-15.46%
2007/02/28,2007/01/31,0.46%,-1.09%,-0.22%,-0.28%,0.04%,-0.84%,-1.93%,-2.26%,-2.38%,-0.92%,0.13%,0.28%,0.61%,0.79%,-1.63%,0.70%,101,123,99,102,97,152,101,114,139,139,-5.00%,-11.13%,-8.89%,2.20%,24.04%,173.2%,118.3%,177.0%,-16.46%,-15.22%
2007/03/31,2007/02/28,1.22%,-0.71%,-1.00%,-0.72%,0.13%,2.44%,1.09%,0.41%,-0.14%,0.80%,-0.29%,-0.86%,-0.43%,0.05%,1.00%,0.30%,102,122,98,101,97,156,102,114,139,140,-6.04%,-12.59%,-9.16%,1.32%,25.28%,174.0%,116.8%,177.1%,-16.71%,-15.95%
2007/04/30,2007/03/31,1.36%,-0.38%,-0.10%,-1.51%,0.64%,4.09%,3.91%,4.47%,3.19%,3.29%,0.17%,-0.15%,2.01%,2.87%,3.86%,2.92%,103,122,98,100,98,163,106,119,144,145,-6.72%,-13.29%,-9.00%,1.17%,30.12%,182.0%,114.8%,185.0%,-16.57%,-16.07%
2007/05/31,2007/04/30,0.53%,-0.85%,-0.74%,-0.10%,0.70%,3.78%,3.28%,3.38%,3.42%,3.79%,0.03%,-0.10%,-0.68%,2.88%,3.54%,2.91%,104,121,97,100,99,169,109,124,148,150,-6.56%,-13.28%,-8.97%,1.07%,34.73%,190.2%,113.4%,193.3%,-16.54%,-16.15%
2007/06/30,2007/05/31,1.01%,-0.73%,-0.87%,-1.26%,0.64%,-0.61%,-1.21%,-2.53%,-3.67%,-1.18%,-0.28%,-0.76%,0.39%,-1.12%,-1.77%,-0.89%,105,120,96,98,99,168,108,120,143,148,-6.91%,-13.78%,-9.22%,0.31%,32.35%,187.7%,115.3%,190.0%,-16.77%,-16.79%
2007/07/31,2007/06/30,1.72%,-1.02%,-0.11%,-0.66%,0.31%,-1.79%,-2.72%,-3.89%,-5.97%,-4.11%,0.78%,-0.65%,1.94%,-5.25%,-3.46%,-5.05%,107,119,96,98,100,165,105,116,135,142,-8.23%,-15.77%,-8.52%,-0.34%,27.77%,173.1%,111.8%,174.8%,-16.12%,-17.33%
2007/08/31,2007/07/31,-0.62%,-0.72%,0.78%,1.62%,0.57%,0.64%,1.63%,2.28%,1.81%,1.25%,-0.66%,-1.38%,-3.47%,-3.54%,1.50%,-3.13%,106,118,97,99,100,166,107,118,137,144,-7.14%,-15.26%,-9.12%,-1.72%,29.69%,164.6%,102.1%,165.0%,-16.67%,-18.47%
2007/09/30,2007/08/31,0.01%,0.74%,-1.32%,-0.28%,-0.10%,4.75%,4.70%,2.53%,1.84%,3.01%,-1.42%,-1.93%,-1.73%,-0.87%,3.55%,-0.29%,106,119,96,99,100,174,112,121,139,149,-7.24%,-16.73%,-10.41%,-3.62%,34.30%,163.8%,94.28%,162.7%,-17.86%,-20.05%
2007/10/31,2007/09/30,-1.54%,0.72%,0.49%,-0.59%,-0.39%,2.22%,3.96%,2.30%,-1.13%,1.48%,-1.27%,-1.78%,-1.66%,-0.29%,2.05%,0.24%,104,119,96,98,100,177,116,124,138,151,-6.17%,-17.35%,-11.55%,-5.33%,37.05%,164.5%,90.77%,162.0%,-18.91%,-21.47%
2007/11/30,2007/10/31,0.79%,-0.47%,0.37%,-0.44%,0.20%,-3.44%,-5.18%,-4.49%,-4.94%,-4.75%,0.34%,-0.03%,-1.34%,-8.11%,-4.49%,-8.11%,105,119,97,98,100,171,110,119,131,144,-6.72%,-18.44%,-11.25%,-5.36%,30.89%,143.0%,83.88%,140.7%,-18.63%,-21.50%
2007/12/31,2007/11/30,-0.83%,0.12%,-1.03%,-1.96%,0.95%,0.88%,0.66%,-2.78%,-4.18%,0.83%,-0.67%,-1.52%,-1.81%,-2.76%,-0.68%,-2.30%,104,119,96,96,101,173,111,115,126,145,-5.07%,-18.47%,-11.84%,-6.81%,30.00%,137.4%,80.90%,134.1%,-19.17%,-22.69%
2008/01/31,2007/12/31,1.45%,0.43%,-0.56%,4.01%,0.38%,-7.10%,-9.12%,-5.48%,0.26%,-5.20%,-0.58%,0.75%,-0.66%,-4.95%,-5.98%,-5.18%,106,120,95,100,101,161,101,109,126,137,-6.08%,-16.92%,-12.36%,-6.11%,22.22%,125.1%,82.35%,122.5%,-19.64%,-22.11%
2008/02/29,2008/01/31,1.43%,-2.01%,0.61%,-2.56%,-0.16%,0.65%,-4.51%,-3.10%,-7.97%,-3.07%,1.74%,0.57%,2.60%,-1.62%,-3.00%,-1.79%,107,117,96,97,101,162,96,106,116,133,-7.58%,-20.01%,-10.83%,-5.57%,18.56%,121.1%,84.56%,118.9%,-18.24%,-21.67%
2008/03/31,2008/02/29,-1.06%,-0.22%,0.18%,-0.80%,2.06%,-0.44%,-0.38%,-1.12%,-3.05%,2.01%,0.70%,0.87%,-1.93%,-1.22%,-0.63%,-1.48%,106,117,96,97,103,161,96,104,112,136,-4.69%,-18.05%,-10.21%,-4.74%,17.81%,117.8%,83.00%,116.2%,-17.68%,-20.98%
2008/04/30,2008/03/31,1.36%,1.69%,-1.71%,0.24%,-0.78%,5.13%,6.16%,3.66%,5.74%,2.87%,-1.61%,-2.37%,-1.32%,0.37%,4.79%,1.08%,108,119,94,97,102,169,102,108,119,140,-6.73%,-19.90%,-11.66%,-7.00%,23.46%,120.2%,76.21%,117.0%,-19.00%,-22.86%
2008/05/31,2008/04/30,-1.27%,0.72%,0.12%,-1.55%,-0.37%,1.57%,4.12%,2.65%,-1.06%,1.89%,0.21%,-0.49%,0.29%,3.72%,1.98%,3.87%,106,120,94,95,102,172,106,111,118,142,-5.90%,-19.64%,-11.47%,-7.46%,25.90%,128.7%,79.55%,125.1%,-18.83%,-23.24%
2008/06/30,2008/05/31,-1.82%,-1.57%,0.82%,-1.58%,-0.79%,-5.39%,-7.82%,-8.29%,-14.35%,-9.05%,1.69%,0.15%,0.27%,-7.79%,-8.40%,-7.84%,104,118,95,94,101,163,98,102,101,129,-4.93%,-22.58%,-9.97%,-7.32%,15.32%,110.8%,80.55%,107.6%,-17.46%,-23.12%
2008/07/31,2008/06/30,-3.48%,1.64%,4.24%,4.77%,-3.27%,-4.77%,-0.83%,2.39%,5.91%,-2.40%,-1.02%,-0.04%,-4.29%,-0.45%,-0.54%,-0.43%,101,120,99,98,98,155,97,104,107,126,-4.73%,-20.75%,-10.89%,-7.36%,14.70%,109.9%,80.74%,106.6%,-18.30%,-23.15%
2008/08/31,2008/07/31,1.65%,-0.37%,-0.50%,-2.68%,-0.41%,1.87%,2.12%,1.45%,0.75%,1.57%,1.34%,1.83%,-0.44%,4.36%,1.65%,3.82%,102,119,99,96,97,158,99,106,107,128,-6.70%,-20.99%,-9.70%,-5.67%,16.60%,117.9%,84.65%,115.6%,-17.20%,-21.75%
2008/09/30,2008/08/31,-0.58%,-0.56%,0.65%,3.28%,-0.98%,-8.65%,-11.18%,-9.34%,-3.86%,-9.50%,0.55%,1.48%,-3.00%,-10.23%,-8.85%,-10.67%,102,119,99,99,96,144,88,96,103,116,-7.07%,-21.66%,-9.20%,-4.28%,6.28%,94.64%,81.29%,93.59%,-16.75%,-20.59%
2008/10/31,2008/09/30,-1.54%,-0.68%,-0.74%,2.65%,-3.67%,-14.79%,-18.76%,-17.21%,-17.09%,-20.00%,-2.28%,-2.80%,-6.57%,-25.43%,-17.40%,-24.60%,100,118,98,101,93,123,71,79,86,93,-9.04%,-25.73%,-11.28%,-6.95%,-12.22%,46.77%,68.25%,44.35%,-18.65%,-22.81%
2008/11/30,2008/10/31,1.43%,-2.98%,-2.91%,1.53%,3.01%,-4.06%,-11.09%,-9.56%,-11.49%,-4.89%,1.90%,0.46%,-2.07%,-14.52%,-7.97%,-14.66%,102,114,96,103,96,118,63,72,76,88,-7.61%,-26.35%,-9.60%,-6.52%,-19.21%,25.25%,56.99%,23.39%,-17.11%,-22.46%
2008/12/31,2008/11/30,0.05%,-0.54%,1.88%,0.11%,0.27%,0.25%,2.47%,4.37%,1.66%,1.82%,-0.41%,-0.54%,-1.66%,2.77%,2.00%,2.93%,102,114,97,103,96,118,65,75,77,90,-7.40%,-25.19%,-9.97%,-7.03%,-17.59%,28.92%,58.44%,26.80%,-17.45%,-22.88%
2009/01/31,2008/12/31,2.25%,-2.33%,0.62%,-0.52%,-2.09%,-5.41%,-8.56%,-5.17%,-14.07%,-8.99%,1.50%,-0.65%,8.31%,-5.42%,-8.28%,-5.23%,104,111,98,103,94,112,59,71,66,82,-11.43%,-27.87%,-8.61%,-7.63%,-24.42%,22.18%,63.28%,19.93%,-16.21%,-23.38%
2009/02/28,2009/01/31,-2.88%,3.50%,-1.40%,-2.41%,-3.37%,-10.31%,-6.03%,-9.40%,-14.19%,-12.76%,0.50%,0.18%,-1.18%,-11.57%,-10.22%,-11.62%,101,115,97,100,91,100,56,64,57,71,-11.86%,-29.63%,-8.16%,-7.46%,-32.14%,7.98%,61.00%,6.05%,-15.79%,-23.24%
2009/03/31,2009/02/28,-0.29%,1.27%,2.19%,0.85%,-0.41%,5.42%,9.79%,10.76%,10.49%,9.24%,-2.06%,-2.00%,-1.04%,9.58%,8.87%,10.18%,101,116,99,101,90,106,61,71,63,78,-11.96%,-26.95%,-10.05%,-9.31%,-26.13%,18.97%,63.11%,16.21%,-17.53%,-24.77%
2009/04/30,2009/03/31,7.27%,-1.96%,-2.18%,-5.19%,2.54%,8.41%,9.37%,11.64%,10.87%,13.78%,5.30%,3.79%,12.51%,28.22%,10.45%,27.09%,108,114,97,96,93,114,67,80,70,89,-16.12%,-23.02%,-5.28%,-5.87%,-18.40%,51.20%,90.24%,49.01%,-13.15%,-21.92%
2009/05/31,2009/04/30,1.70%,-0.78%,-1.57%,-0.31%,-1.90%,6.25%,3.45%,4.56%,6.66%,4.36%,0.28%,3.01%,4.06%,13.71%,5.16%,12.81%,110,113,95,95,91,122,69,83,74,93,-19.14%,-24.47%,-5.01%,-3.04%,-14.20%,70.56%,104.8%,69.44%,-12.91%,-19.57%
2009/06/30,2009/05/31,-1.26%,-0.17%,1.50%,2.47%,-1.71%,-0.52%,1.76%,2.25%,-1.31%,-0.90%,0.99%,1.53%,2.71%,5.09%,0.39%,4.63%,108,113,97,98,89,121,71,85,73,92,-19.50%,-24.75%,-4.07%,-1.56%,-13.86%,78.45%,113.5%,78.06%,-12.05%,-18.34%
2009/07/31,2009/06/30,0.84%,0.58%,0.36%,-3.03%,-0.68%,7.12%,8.12%,8.37%,8.13%,7.20%,-0.75%,-0.52%,-2.25%,8.43%,7.78%,8.58%,109,114,97,95,89,130,76,92,79,98,-20.72%,-24.69%,-4.79%,-2.07%,-7.16%,93.77%,115.2%,93.06%,-12.70%,-18.76%
2009/08/31,2009/07/31,-0.29%,0.39%,1.34%,-4.07%,0.59%,1.98%,2.21%,3.55%,6.81%,3.77%,0.86%,1.55%,3.49%,8.48%,3.49%,8.02%,109,114,98,91,89,132,78,96,85,102,-20.02%,-23.35%,-3.97%,-0.55%,-3.92%,109.3%,124.9%,109.4%,-11.95%,-17.50%
2009/09/30,2009/08/31,1.10%,-0.98%,-0.23%,-1.13%,-1.75%,4.67%,5.17%,4.62%,2.90%,2.92%,-1.64%,-1.74%,-1.46%,6.24%,4.15%,6.77%,110,113,98,90,88,138,82,100,87,105,-22.31%,-24.69%,-5.55%,-2.28%,0.06%,123.5%,130.8%,122.5%,-13.40%,-18.94%
2009/10/31,2009/09/30,0.70%,2.76%,-0.32%,-0.18%,-0.83%,-0.66%,-1.15%,-3.83%,-3.78%,-4.30%,0.43%,0.10%,1.04%,-5.33%,-2.59%,-5.36%,111,116,98,90,87,137,81,96,84,101,-23.49%,-27.43%,-5.14%,-2.19%,-2.53%,111.5%,124.4%,110.6%,-13.02%,-18.86%
2009/11/30,2009/10/31,-0.51%,0.75%,1.11%,0.27%,-1.63%,5.20%,6.27%,6.13%,5.56%,4.62%,-1.39%,-1.87%,-3.63%,0.14%,5.59%,0.70%,110,117,99,90,86,145,86,102,88,105,-24.35%,-27.85%,-6.46%,-4.02%,2.92%,113.0%,113.4%,110.9%,-14.23%,-20.38%
2009/12/31,2009/11/30,0.33%,-1.03%,-0.26%,1.24%,0.51%,2.39%,3.17%,4.79%,0.97%,2.55%,-2.17%,-3.05%,-2.42%,3.93%,2.80%,4.85%,111,116,98,91,86,148,89,107,89,108,-24.22%,-27.73%,-8.48%,-6.95%,5.80%,123.3%,117.8%,119.2%,-16.09%,-22.81%
2010/01/31,2009/12/31,-0.55%,-2.51%,-0.03%,1.82%,0.91%,-3.81%,-5.78%,-3.58%,0.19%,-1.95%,1.88%,2.44%,2.14%,0.88%,-3.38%,0.14%,110,113,98,93,87,142,84,103,89,106,-23.11%,-26.38%,-6.76%,-4.68%,2.23%,123.6%,125.5%,121.2%,-14.51%,-20.92%
2010/02/28,2010/01/31,1.00%,0.67%,-0.18%,-1.05%,-1.00%,3.56%,3.83%,3.71%,3.72%,2.24%,-0.92%,-0.97%,-0.01%,2.95%,3.44%,3.24%,111,114,98,92,86,147,87,107,93,108,-24.65%,-27.36%,-7.62%,-5.60%,5.74%,130.9%,125.0%,127.7%,-15.30%,-21.69%
2010/03/31,2010/02/28,-0.32%,-0.39%,-0.63%,2.39%,0.36%,5.29%,6.34%,6.39%,7.99%,6.66%,2.98%,6.23%,4.62%,15.43%,6.36%,13.56%,111,113,98,94,86,155,92,114,100,115,-24.14%,-26.37%,-4.86%,0.29%,12.47%,162.2%,141.2%,162.8%,-12.77%,-16.81%
2010/04/30,2010/03/31,1.31%,-0.90%,-0.53%,0.51%,-0.21%,2.31%,2.05%,2.14%,2.35%,1.70%,1.01%,2.81%,3.23%,10.52%,2.11%,9.68%,112,112,97,95,86,159,94,116,103,117,-25.29%,-26.81%,-3.90%,3.10%,14.85%,187.5%,159.5%,190.5%,-11.89%,-14.47%
2010/05/31,2010/04/30,-0.09%,-0.42%,1.75%,0.53%,0.45%,-7.43%,-8.63%,-7.09%,-8.51%,-7.67%,1.30%,0.89%,1.43%,-6.96%,-7.82%,-7.23%,112,112,99,95,86,147,86,108,94,108,-24.89%,-26.98%,-2.65%,4.02%,5.86%,166.8%,161.0%,170.3%,-10.74%,-13.71%
2010/06/30,2010/05/31,-1.14%,-1.35%,0.53%,2.08%,1.90%,-5.79%,-6.85%,-5.86%,-4.33%,-4.53%,0.83%,0.47%,0.00%,-6.69%,-5.53%,-6.84%,111,110,99,97,88,139,80,102,90,103,-22.60%,-26.06%,-1.84%,4.51%,0.01%,148.5%,157.6%,152.2%,-10.00%,-13.30%
2010/07/31,2010/06/30,0.30%,0.86%,-1.40%,0.81%,0.23%,6.69%,9.13%,6.93%,5.26%,6.82%,0.02%,-0.25%,-1.05%,5.95%,7.01%,6.02%,111,111,98,98,88,148,88,109,94,110,-22.66%,-25.96%,-1.82%,4.25%,7.02%,163.5%,155.1%,167.2%,-9.98%,-13.52%
2010/08/31,2010/07/31,1.34%,0.47%,0.44%,-1.13%,0.50%,-2.92%,-5.68%,-5.77%,-4.77%,-4.50%,-0.09%,-0.33%,0.66%,-6.96%,-4.66%,-6.86%,113,112,98,97,89,143,83,102,90,105,-23.31%,-27.13%,-1.91%,3.91%,2.02%,145.4%,149.5%,148.6%,-10.07%,-13.80%
2010/09/30,2010/08/31,-0.62%,-2.15%,-0.76%,4.08%,0.12%,9.36%,10.71%,10.90%,7.18%,8.38%,-1.74%,-2.18%,-4.48%,8.84%,9.41%,9.50%,112,109,98,101,89,157,92,114,96,114,-22.74%,-27.85%,-3.62%,1.64%,11.62%,168.7%,149.7%,170.6%,-11.63%,-15.68%
2010/10/31,2010/09/30,-0.55%,1.27%,-0.13%,0.24%,0.01%,3.47%,6.44%,4.11%,1.03%,3.16%,-0.92%,-1.41%,-1.06%,3.22%,3.89%,3.64%,111,111,98,101,89,162,97,118,97,118,-22.31%,-28.08%,-4.51%,0.21%,15.96%,178.5%,149.1%,179.3%,-12.44%,-16.87%
2010/11/30,2010/10/31,1.08%,-1.55%,0.00%,0.61%,0.34%,1.79%,0.02%,0.90%,-1.30%,0.79%,0.69%,0.47%,0.22%,3.39%,0.54%,3.25%,113,109,98,101,89,165,97,119,96,119,-22.89%,-28.80%,-3.84%,0.67%,16.58%,187.6%,155.9%,188.7%,-11.84%,-16.49%
2010/12/31,2010/11/30,-0.78%,-1.06%,-1.38%,0.81%,-1.09%,5.84%,6.33%,6.29%,10.29%,6.38%,0.30%,0.75%,-0.48%,8.30%,6.70%,8.07%,112,108,96,102,88,175,104,127,106,126,-23.13%,-28.41%,-3.55%,1.43%,24.40%,210.8%,159.4%,212.7%,-11.57%,-15.86%
2011/01/31,2010/12/31,-0.70%,1.18%,1.20%,-1.99%,-0.02%,1.09%,3.36%,2.61%,1.29%,1.44%,0.83%,1.24%,1.95%,2.75%,2.06%,2.38%,111,109,97,100,88,177,107,130,107,128,-22.61%,-28.16%,-2.75%,2.69%,26.96%,218.2%,160.2%,221.3%,-10.83%,-14.81%
2011/02/28,2011/01/31,1.17%,-0.86%,0.63%,-1.49%,0.67%,4.54%,2.59%,4.43%,2.11%,4.03%,-0.15%,-0.41%,0.25%,4.40%,3.59%,4.52%,112,108,98,99,89,185,110,136,110,133,-23.00%,-28.52%,-2.90%,2.27%,31.52%,232.5%,162.6%,235.4%,-10.97%,-15.17%
2011/03/31,2011/02/28,0.75%,-0.88%,-0.19%,2.53%,1.08%,1.61%,-0.33%,0.15%,-0.31%,1.66%,0.36%,-0.37%,0.42%,1.32%,0.49%,1.43%,113,107,98,101,90,188,109,136,109,136,-22.74%,-28.49%,-2.55%,1.88%,32.16%,237.3%,165.1%,239.8%,-10.65%,-15.48%
2011/04/30,2011/03/31,-0.36%,0.13%,0.26%,0.72%,0.03%,2.95%,3.63%,3.26%,1.52%,2.77%,1.28%,2.05%,0.21%,3.88%,2.97%,3.26%,113,107,98,102,90,193,113,141,111,139,-22.44%,-28.61%,-1.30%,3.97%,36.08%,248.3%,165.9%,253.0%,-9.51%,-13.75%
2011/05/31,2011/04/30,0.35%,-0.70%,-0.07%,1.23%,0.96%,-0.57%,-1.83%,-1.48%,-1.42%,-0.24%,-0.23%,-0.10%,-0.76%,-2.01%,-1.22%,-1.98%,113,107,98,103,91,192,111,138,109,139,-21.97%,-28.38%,-1.53%,3.87%,34.42%,241.4%,163.9%,245.9%,-9.71%,-13.83%
2011/06/30,2011/05/31,0.86%,0.58%,-0.65%,0.10%,0.37%,-0.79%,-1.60%,-2.79%,-2.24%,-1.55%,0.81%,0.64%,0.91%,-1.59%,-1.74%,-1.78%,114,107,97,103,91,191,110,135,107,137,-22.36%,-28.92%,-0.73%,4.53%,32.08%,235.3%,163.7%,240.4%,-8.98%,-13.28%
2011/07/31,2011/06/30,0.80%,1.75%,-1.68%,-0.71%,0.01%,-1.52%,-0.71%,-4.49%,-3.39%,-2.44%,1.95%,1.73%,3.56%,0.31%,-2.26%,-0.21%,115,109,96,103,91,188,109,129,103,134,-22.97%,-29.58%,1.21%,6.34%,29.09%,234.6%,169.2%,241.5%,-7.21%,-11.79%
2011/08/31,2011/07/31,1.40%,0.10%,-0.24%,0.70%,-0.30%,-4.42%,-5.92%,-7.61%,-5.71%,-6.56%,-1.59%,-1.81%,-2.83%,-11.01%,-5.89%,-10.47%,117,109,95,103,91,180,102,119,97,125,-24.28%,-31.09%,-0.40%,4.42%,21.49%,199.6%,156.8%,203.9%,-8.68%,-13.38%
2011/09/30,2011/08/31,-0.51%,0.02%,1.06%,-0.74%,-0.53%,-7.87%,-8.45%,-7.24%,-7.01%,-7.31%,-0.58%,0.14%,-1.70%,-10.59%,-7.63%,-10.64%,116,109,96,103,90,165,94,110,91,116,-24.30%,-30.70%,-0.98%,4.56%,12.22%,167.7%,149.1%,171.7%,-9.22%,-13.26%
2011/10/31,2011/09/30,0.13%,0.11%,-1.01%,0.44%,-0.01%,11.92%,13.45%,10.74%,9.97%,10.20%,-1.19%,-1.58%,-3.59%,10.84%,11.39%,11.32%,116,109,95,103,90,185,106,122,100,128,-24.41%,-31.90%,-2.16%,2.91%,25.00%,198.0%,148.9%,201.1%,-10.29%,-14.63%
2011/11/30,2011/10/31,0.93%,-0.63%,0.32%,0.72%,1.26%,0.42%,-1.38%,-0.32%,-0.60%,0.46%,2.37%,1.48%,2.44%,-0.17%,-0.35%,-0.61%,117,109,96,104,91,186,105,122,99,128,-24.16%,-31.87%,0.16%,4.43%,24.56%,196.2%,148.3%,200.6%,-8.17%,-13.37%
2011/12/31,2011/11/30,0.21%,0.06%,0.24%,0.53%,1.01%,0.62%,0.04%,1.16%,1.41%,1.69%,0.50%,1.39%,0.72%,1.81%,0.85%,1.40%,118,109,96,104,92,187,105,123,100,130,-23.56%,-31.14%,0.66%,5.88%,25.62%,200.3%,149.6%,206.1%,-7.71%,-12.16%
2012/01/31,2011/12/31,-2.78%,-0.12%,0.52%,-0.95%,-1.44%,3.02%,6.32%,5.25%,5.65%,5.45%,-0.86%,-0.97%,-1.56%,6.73%,5.09%,7.02%,114,109,97,103,91,193,112,129,106,137,-22.53%,-29.47%,-0.21%,4.86%,32.02%,221.4%,154.4%,226.7%,-8.50%,-13.02%
2012/02/29,2012/01/31,-0.62%,1.18%,-1.49%,-0.21%,-0.22%,3.24%,5.30%,3.59%,4.65%,4.32%,0.29%,0.63%,1.38%,4.76%,4.25%,4.57%,114,110,95,103,91,199,117,134,111,143,-22.22%,-28.71%,0.09%,5.52%,37.63%,236.1%,155.3%,242.2%,-8.23%,-12.47%
2012/03/31,2012/02/29,-0.88%,0.45%,0.26%,1.55%,0.15%,1.64%,3.32%,3.70%,4.56%,3.18%,-0.77%,-0.19%,-0.88%,2.05%,3.15%,2.11%,113,110,95,105,91,202,121,139,116,148,-21.43%,-27.60%,-0.69%,5.32%,41.95%,243.2%,152.6%,249.2%,-8.94%,-12.63%
2012/04/30,2012/03/31,1.33%,0.36%,-0.29%,0.44%,1.84%,0.35%,-0.94%,-1.51%,-1.70%,0.50%,1.15%,0.32%,2.46%,-0.53%,-0.69%,-0.63%,114,111,95,105,92,203,120,137,114,149,-21.03%,-27.49%,0.46%,5.65%,40.97%,241.1%,152.8%,247.4%,-7.89%,-12.36%
2012/05/31,2012/04/30,-0.24%,-0.58%,0.81%,2.45%,0.94%,-5.72%,-6.65%,-6.36%,-6.01%,-5.12%,-0.01%,0.24%,-0.35%,-6.93%,-6.09%,-7.00%,114,110,96,108,93,191,112,128,107,141,-20.09%,-27.06%,0.45%,5.91%,32.39%,217.2%,150.5%,223.3%,-7.90%,-12.14%
2012/06/30,2012/05/31,-0.26%,-0.16%,0.16%,0.86%,0.25%,3.22%,3.88%,4.24%,5.15%,3.86%,-1.24%,-1.32%,-2.56%,1.87%,3.98%,2.26%,113,110,96,109,94,198,117,134,113,146,-19.69%,-26.59%,-0.79%,4.52%,37.67%,224.3%,146.2%,229.4%,-9.04%,-13.30%
2012/07/31,2012/06/30,-0.06%,0.68%,-0.19%,-0.65%,1.95%,0.91%,1.42%,0.24%,0.03%,1.82%,2.00%,2.33%,2.86%,1.61%,0.87%,0.91%,113,111,96,108,95,199,118,134,113,149,-18.07%,-25.92%,1.19%,6.95%,38.87%,227.3%,146.3%,234.7%,-7.23%,-11.28%
2012/08/31,2012/07/31,-0.41%,2.15%,-0.75%,-1.38%,-1.31%,1.59%,4.69%,2.35%,1.82%,1.00%,0.15%,0.54%,-0.63%,3.19%,2.50%,3.03%,113,113,95,106,94,202,124,137,115,151,-18.81%,-26.37%,1.34%,7.52%,42.34%,237.2%,147.6%,245.3%,-7.09%,-10.81%
2012/09/30,2012/08/31,-0.15%,-0.14%,-0.24%,0.15%,-0.20%,2.11%,2.52%,2.31%,3.99%,2.18%,-0.42%,-0.41%,-0.29%,3.35%,2.56%,3.47%,113,113,95,107,94,207,127,140,119,154,-18.85%,-26.31%,0.92%,7.08%,45.99%,248.9%,149.8%,256.9%,-7.47%,-11.17%
2012/10/31,2012/09/30,0.49%,-1.07%,1.58%,-0.41%,0.40%,-1.42%,-3.67%,-0.14%,-0.60%,-1.53%,1.76%,2.51%,1.91%,1.22%,-1.70%,0.47%,113,112,96,106,94,204,122,140,119,152,-18.93%,-26.39%,2.69%,9.77%,43.50%,250.6%,155.3%,261.3%,-5.84%,-8.94%
2012/11/30,2012/10/31,0.01%,-0.18%,-0.93%,0.43%,0.19%,0.84%,0.84%,-0.17%,0.83%,1.11%,-1.69%,-2.30%,-2.48%,-2.06%,0.66%,-1.37%,113,112,95,107,94,206,123,140,120,153,-18.79%,-26.19%,0.96%,7.25%,44.45%,245.8%,150.1%,253.8%,-7.43%,-11.03%
2012/12/31,2012/11/30,0.15%,-0.32%,1.07%,-0.65%,0.37%,0.66%,0.18%,2.09%,3.00%,1.11%,0.13%,1.09%,-0.43%,3.89%,1.26%,3.56%,114,111,96,106,95,207,123,143,123,155,-18.61%,-25.86%,1.09%,8.42%,46.27%,258.1%,155.8%,267.6%,-7.31%,-10.06%
2013/01/31,2012/12/31,1.17%,0.18%,-1.55%,-1.88%,1.55%,5.95%,5.92%,4.05%,5.64%,6.41%,1.38%,1.76%,2.48%,8.80%,5.53%,8.27%,115,111,95,104,96,219,131,149,130,165,-18.30%,-25.52%,2.48%,10.33%,54.35%,287.7%,162.8%,299.9%,-6.04%,-8.48%
2013/02/28,2013/01/31,0.42%,-0.66%,0.01%,0.56%,0.24%,1.71%,0.69%,1.16%,1.69%,1.49%,0.89%,0.77%,0.91%,1.71%,1.30%,1.48%,115,111,95,105,97,223,132,150,133,167,-18.45%,-25.69%,3.39%,11.18%,56.35%,293.4%,163.3%,306.8%,-5.20%,-7.77%
2013/03/31,2013/02/28,-0.03%,-1.11%,0.18%,1.17%,0.03%,4.13%,3.10%,4.08%,4.88%,4.13%,1.73%,2.02%,2.13%,6.95%,4.00%,6.35%,115,109,95,106,97,232,136,156,139,174,-18.40%,-25.69%,5.18%,13.43%,62.60%,318.4%,169.5%,335.1%,-3.56%,-5.91%
2013/04/30,2013/03/31,0.98%,0.37%,-1.03%,-0.12%,0.94%,2.10%,1.78%,0.72%,1.47%,2.43%,-0.40%,-0.23%,-0.41%,-0.34%,1.68%,-0.27%,116,110,94,106,97,237,138,158,141,178,-18.43%,-25.45%,4.76%,13.16%,65.33%,317.3%,164.3%,333.6%,-3.95%,-6.13%
2013/05/31,2013/04/30,-1.63%,0.80%,-0.40%,1.42%,-2.30%,0.76%,3.31%,2.49%,5.14%,-0.01%,-1.13%,-0.46%,-1.54%,3.87%,2.46%,4.01%,115,111,94,107,95,239,143,162,148,178,-18.98%,-26.02%,3.57%,12.64%,69.40%,334.0%,168.4%,350.4%,-5.04%,-6.56%
2013/06/30,2013/05/31,-0.01%,-0.86%,0.03%,0.24%,0.60%,-0.88%,-2.32%,-1.23%,-0.99%,-0.39%,0.50%,0.27%,0.42%,-0.28%,-1.25%,-0.36%,115,110,94,107,96,237,139,160,147,178,-18.48%,-25.66%,4.09%,12.95%,67.28%,332.5%,170.8%,349.1%,-4.57%,-6.31%
2013/07/31,2013/06/30,-1.08%,0.42%,-0.38%,0.37%,-0.58%,4.86%,5.64%,5.85%,6.11%,4.85%,-0.40%,-0.22%,-0.97%,6.43%,5.46%,6.49%,113,110,93,108,95,248,147,169,156,186,-18.08%,-25.66%,3.68%,12.70%,76.41%,360.5%,173.6%,378.0%,-4.94%,-6.51%
2013/08/31,2013/07/31,-0.75%,0.82%,-0.24%,0.03%,-1.15%,-2.94%,-1.04%,-3.19%,-4.20%,-3.73%,1.20%,1.67%,1.90%,-0.34%,-2.84%,-0.84%,112,111,93,108,94,241,146,163,149,179,-18.41%,-26.25%,4.92%,14.58%,71.40%,356.7%,179.0%,376.4%,-3.80%,-4.95%
2013/09/30,2013/08/31,-0.29%,-0.02%,0.03%,0.39%,-0.93%,3.98%,4.21%,3.80%,3.45%,3.07%,-0.05%,-0.43%,0.07%,5.30%,3.76%,5.43%,112,111,93,108,93,251,152,170,154,185,-18.93%,-26.93%,4.87%,14.09%,77.84%,381.5%,183.7%,401.6%,-3.85%,-5.36%
2013/10/31,2013/09/30,1.46%,-0.38%,0.11%,-0.95%,-0.15%,4.97%,3.75%,4.39%,3.69%,4.12%,-0.37%,-0.32%,-0.64%,2.94%,4.19%,3.04%,114,111,93,107,93,263,158,177,160,192,-20.23%,-27.55%,4.48%,13.72%,85.29%,396.1%,180.4%,416.4%,-4.20%,-5.66%
2013/11/30,2013/10/31,-1.64%,0.07%,-0.23%,1.65%,-1.10%,1.62%,3.25%,2.94%,4.72%,1.94%,0.90%,0.96%,0.33%,4.36%,2.86%,4.07%,112,111,93,109,92,267,163,182,168,196,-19.80%,-27.31%,5.42%,14.82%,90.59%,416.3%,183.8%,438.9%,-3.34%,-4.75%
2013/12/31,2013/11/30,-1.32%,0.16%,-0.05%,0.04%,0.28%,1.42%,3.05%,2.86%,2.80%,3.15%,-0.30%,-0.41%,-0.83%,1.79%,2.61%,1.91%,110,111,93,109,92,271,168,188,172,202,-18.51%,-26.06%,5.11%,14.35%,95.56%,426.2%,181.9%,448.5%,-3.63%,-5.14%
2014/01/31,2013/12/31,-1.73%,1.23%,1.71%,1.13%,-0.75%,-4.53%,-2.53%,-1.65%,-3.04%,-3.88%,-0.77%,-0.28%,1.04%,-1.57%,-3.13%,-1.49%,108,112,95,110,92,259,163,184,167,195,-17.71%,-25.58%,4.30%,14.02%,89.43%,418.3%,186.5%,439.9%,-4.37%,-5.41%
2014/02/28,2014/01/31,-0.19%,0.82%,0.06%,-0.28%,-0.47%,4.53%,5.17%,4.89%,3.95%,4.58%,-0.39%,-0.30%,-0.75%,4.23%,4.67%,4.32%,108,113,95,110,91,270,172,193,174,203,-17.94%,-25.54%,3.89%,13.68%,98.28%,440.8%,185.5%,462.8%,-4.75%,-5.69%
2014/03/31,2014/02/28,1.33%,-1.59%,0.81%,-0.61%,1.65%,1.06%,-0.94%,0.19%,1.37%,1.77%,0.42%,0.95%,0.70%,1.40%,0.51%,1.12%,110,111,96,109,93,273,170,194,176,207,-17.69%,-25.01%,4.32%,14.76%,99.29%,446.8%,187.2%,470.7%,-4.35%,-4.80%
2014/04/30,2014/03/31,1.08%,-0.61%,0.82%,-1.17%,1.61%,0.92%,-0.40%,-0.17%,-2.20%,1.42%,1.74%,1.64%,1.77%,-0.64%,-0.02%,-1.13%,111,111,96,108,94,276,170,194,172,210,-17.25%,-24.64%,6.14%,16.64%,99.24%,440.6%,184.1%,467.0%,-2.68%,-3.24%
2014/05/31,2014/04/30,0.18%,0.72%,-0.38%,1.17%,-1.44%,2.58%,2.56%,1.50%,2.19%,0.86%,0.62%,0.37%,-0.25%,0.48%,2.10%,0.37%,111,112,96,109,93,283,174,196,176,212,-18.60%,-25.94%,6.80%,17.06%,103.4%,442.6%,179.1%,469.7%,-2.08%,-2.89%
2014/06/30,2014/05/31,0.84%,-0.88%,0.19%,-1.04%,-0.56%,3.21%,2.45%,2.80%,2.37%,1.38%,0.13%,0.41%,-0.16%,4.80%,2.50%,4.68%,112,111,96,108,92,292,178,202,180,215,-19.73%,-27.30%,6.94%,17.54%,108.5%,468.0%,185.2%,497.1%,-1.95%,-2.50%
2014/07/31,2014/06/30,-1.92%,2.09%,1.28%,0.32%,-0.53%,-3.82%,-0.78%,-0.73%,-2.92%,-1.63%,0.19%,1.03%,0.14%,-3.46%,-1.95%,-3.77%,110,113,97,108,92,281,177,200,175,211,-18.61%,-25.70%,7.14%,18.76%,104.4%,446.6%,180.1%,476.4%,-1.76%,-1.49%
2014/08/31,2014/07/31,0.09%,-0.40%,0.90%,-0.63%,-0.14%,4.38%,4.19%,5.36%,3.12%,3.58%,-0.17%,-0.06%,-0.85%,3.84%,4.18%,3.86%,110,112,98,108,92,293,184,211,180,219,-18.80%,-26.30%,6.96%,18.68%,113.0%,467.7%,179.2%,498.6%,-1.94%,-1.55%
2014/09/30,2014/08/31,-0.91%,0.56%,-0.96%,3.04%,-1.08%,-3.01%,-1.87%,-1.57%,-0.88%,-2.82%,-0.12%,-0.46%,-1.14%,-5.97%,-2.09%,-5.83%,109,113,97,111,91,284,181,208,179,213,-18.94%,-26.16%,6.83%,18.13%,108.5%,434.6%,168.7%,462.9%,-2.05%,-2.00%
2014/10/31,2014/09/30,-1.11%,-2.24%,2.51%,0.43%,2.49%,1.63%,1.40%,4.69%,2.35%,4.11%,0.97%,-0.15%,-1.04%,2.70%,2.74%,2.75%,108,110,100,112,93,289,183,218,183,221,-16.02%,-24.33%,7.87%,17.95%,114.2%,449.3%,168.7%,478.1%,-1.10%,-2.16%
2014/11/30,2014/10/31,-0.11%,-0.43%,-0.20%,1.32%,0.71%,2.17%,2.62%,3.54%,1.56%,2.39%,0.39%,0.83%,-0.67%,0.55%,2.53%,0.30%,108,110,100,113,94,295,188,225,186,227,-15.32%,-24.16%,8.28%,18.93%,119.7%,451.0%,162.7%,481.3%,-0.72%,-1.34%
2014/12/31,2014/11/30,0.33%,0.50%,-0.48%,0.28%,-0.14%,0.10%,0.16%,-1.44%,1.17%,0.34%,0.35%,3.79%,-1.26%,5.16%,-0.03%,4.02%,108,111,99,113,94,296,188,222,188,227,-15.72%,-23.98%,8.66%,23.43%,119.6%,473.1%,173.4%,511.2%,-0.37%,0.00%
2015/01/31,2014/12/31,0.50%,-1.40%,1.32%,-0.84%,1.01%,-2.24%,-5.07%,-0.87%,-4.87%,-2.06%,-1.52%,-3.27%,-0.88%,-6.80%,-2.75%,-5.82%,109,109,100,112,95,289,179,220,179,223,-15.29%,-23.84%,7.00%,19.40%,113.6%,439.8%,165.0%,469.7%,-1.89%,-3.27%
2015/02/28,2015/01/31,-0.67%,0.15%,-0.89%,1.53%,-0.36%,4.49%,8.04%,5.70%,6.68%,4.21%,0.79%,-0.12%,1.34%,5.86%,5.76%,5.90%,108,109,99,114,94,302,193,233,191,232,-15.02%,-24.06%,7.85%,19.25%,125.9%,471.6%,165.3%,503.0%,-1.11%,-3.39%
2015/03/31,2015/02/28,-0.06%,-0.29%,0.03%,-0.30%,0.31%,-0.94%,-2.19%,-0.30%,-0.95%,-0.03%,0.21%,0.29%,-0.62%,-0.08%,-1.06%,-0.17%,108,109,99,114,94,299,189,232,189,232,-14.71%,-23.36%,8.08%,19.59%,123.5%,470.6%,167.7%,502.6%,-0.90%,-3.11%
2015/04/30,2015/03/31,0.96%,0.10%,0.02%,-0.85%,-0.50%,0.59%,1.69%,-0.60%,0.02%,-0.67%,0.88%,1.02%,2.31%,2.61%,0.40%,2.30%,109,109,99,113,94,301,192,231,189,230,-15.96%,-24.33%,9.03%,20.82%,124.4%,483.8%,172.8%,518.3%,-0.03%,-2.12%
2015/05/31,2015/04/30,-2.61%,0.64%,0.66%,2.06%,-0.46%,-0.70%,1.46%,2.52%,2.83%,1.19%,-0.31%,-0.88%,-1.92%,-1.63%,1.29%,-1.37%,106,110,100,115,94,299,195,236,194,233,-14.16%,-22.90%,8.69%,19.76%,127.3%,475.8%,165.6%,508.2%,-0.35%,-2.98%
2015/06/30,2015/05/31,-0.46%,-0.93%,-0.03%,1.34%,-0.43%,-2.43%,-2.40%,-1.21%,0.52%,-1.54%,2.19%,2.39%,1.16%,1.03%,-1.63%,0.31%,105,109,100,117,93,291,190,234,195,230,-14.13%,-22.22%,11.07%,22.62%,123.6%,477.6%,170.7%,514.4%,0.00%,-0.66%
2015/07/31,2015/06/30,0.28%,0.83%,-2.38%,3.64%,-0.16%,1.50%,0.81%,2.24%,2.57%,1.45%,0.52%,-0.24%,-0.93%,-4.75%,1.67%,-4.68%,106,110,98,121,93,296,192,239,200,233,-14.51%,-22.26%,11.64%,22.34%,127.3%,450.5%,153.5%,485.2%,0.00%,-0.89%
2015/08/31,2015/07/31,1.10%,0.35%,-0.60%,-0.49%,-0.35%,-4.97%,-6.20%,-7.59%,-5.58%,-5.50%,-0.71%,-1.20%,-0.95%,-4.95%,-5.98%,-4.59%,107,110,97,120,93,281,180,221,189,220,-15.75%,-22.67%,10.85%,20.87%,113.7%,425.2%,157.0%,456.2%,-0.71%,-2.08%
2015/09/30,2015/08/31,0.70%,1.96%,-1.63%,0.01%,-1.22%,-2.06%,-2.28%,-4.77%,-2.13%,-2.97%,-0.22%,-0.21%,-1.38%,-6.78%,-2.82%,-6.72%,108,112,96,120,92,275,176,210,185,214,-17.36%,-23.38%,10.61%,20.61%,107.7%,389.9%,147.0%,418.5%,-0.93%,-2.28%
2015/10/31,2015/09/30,-0.23%,0.90%,0.51%,-0.44%,0.08%,7.23%,9.86%,8.33%,5.50%,6.28%,-0.11%,-0.23%,-2.21%,4.76%,7.68%,4.83%,107,113,96,120,92,295,193,228,195,227,-17.11%,-24.11%,10.49%,20.34%,123.6%,413.6%,140.0%,443.2%,-1.03%,-2.51%
2015/11/30,2015/10/31,-0.09%,0.72%,-0.18%,0.39%,-0.90%,0.23%,0.78%,0.58%,1.90%,-0.41%,1.79%,2.85%,-0.60%,3.19%,0.55%,2.33%,107,114,96,120,91,296,195,229,199,226,-17.77%,-24.60%,12.47%,23.77%,124.8%,425.5%,144.2%,460.5%,0.00%,0.00%
2015/12/31,2015/11/30,-0.16%,0.57%,-1.34%,0.40%,-0.23%,-1.98%,-1.62%,-2.76%,-2.34%,-1.73%,-1.77%,-2.24%,-2.20%,-7.21%,-2.07%,-6.54%,107,115,95,121,91,290,192,223,194,222,-17.83%,-24.41%,10.48%,21.00%,120.2%,391.2%,133.3%,420.1%,-1.77%,-2.24%
2016/01/31,2015/12/31,0.78%,-0.93%,-0.84%,-1.91%,2.60%,-4.25%,-7.53%,-7.52%,-6.51%,-2.05%,0.81%,1.11%,-0.11%,-7.24%,-5.64%,-7.57%,108,113,94,118,93,278,177,206,182,218,-16.34%,-22.74%,11.37%,22.35%,107.8%,354.0%,128.8%,382.4%,-0.98%,-1.15%
2016/02/29,2016/01/31,0.74%,-1.47%,0.12%,-1.15%,2.49%,0.14%,-0.94%,0.22%,-1.51%,1.64%,1.97%,1.55%,1.80%,2.24%,-0.05%,1.78%,109,112,94,117,95,278,175,206,179,221,-14.88%,-21.58%,13.56%,24.24%,107.6%,362.0%,133.0%,393.2%,0.00%,0.00%
2016/03/31,2016/02/29,1.66%,-0.73%,-0.26%,0.46%,1.80%,7.54%,7.32%,7.03%,6.35%,7.15%,1.07%,1.03%,2.77%,11.38%,7.08%,11.07%,111,111,94,118,97,299,188,221,190,237,-14.75%,-21.88%,14.78%,25.52%,122.4%,413.2%,142.3%,449.4%,0.00%,0.00%
2016/04/30,2016/03/31,1.00%,-2.14%,-0.56%,2.66%,0.34%,1.83%,-1.13%,-0.53%,3.11%,1.04%,1.90%,2.76%,2.96%,7.15%,0.81%,6.32%,112,109,93,121,97,305,186,220,196,239,-15.32%,-22.50%,16.96%,28.99%,124.2%,445.6%,155.6%,488.6%,0.00%,0.00%
2016/05/31,2016/04/30,-1.70%,0.48%,1.17%,-0.03%,0.25%,-0.14%,2.61%,3.45%,1.66%,1.80%,0.36%,0.25%,-1.29%,-0.55%,1.79%,-0.62%,110,109,94,121,98,304,191,227,200,244,-13.67%,-21.00%,17.38%,29.30%,128.2%,442.2%,149.5%,485.4%,0.00%,0.00%
2016/06/30,2016/05/31,2.36%,-1.55%,-0.36%,-1.60%,1.91%,2.17%,-1.46%,-0.17%,-1.18%,2.00%,1.21%,1.36%,2.80%,2.76%,0.26%,2.36%,112,107,94,119,99,311,188,227,197,249,-14.05%,-21.14%,18.80%,31.06%,128.8%,455.0%,154.7%,501.6%,0.00%,0.00%
2016/07/31,2016/06/30,-1.11%,0.96%,1.94%,-0.07%,-0.85%,2.23%,5.88%,5.81%,3.57%,2.19%,-0.07%,-0.60%,-1.06%,4.86%,3.96%,5.04%,111,108,96,119,99,318,199,240,204,254,-13.83%,-21.18%,18.72%,30.27%,137.9%,483.0%,157.4%,530.8%,-0.07%,-0.60%
2016/08/31,2016/07/31,-0.93%,2.05%,0.23%,0.56%,-2.08%,-0.24%,1.79%,0.09%,0.95%,-1.31%,-2.32%,-1.55%,-3.81%,-0.39%,0.32%,0.08%,110,111,96,119,97,317,203,240,206,251,-14.81%,-22.02%,15.96%,28.24%,138.6%,483.4%,156.8%,528.3%,-2.39%,-2.15%
2016/09/30,2016/08/31,0.55%,0.13%,-0.08%,-1.14%,-0.46%,0.41%,0.72%,0.58%,-0.72%,-0.36%,0.08%,0.62%,-0.43%,1.95%,0.19%,1.77%,111,111,96,118,96,318,204,242,205,250,-15.67%,-22.63%,16.05%,29.04%,139.1%,493.7%,160.9%,540.6%,-2.31%,-1.54%
2016/10/31,2016/09/30,-1.39%,2.86%,-0.54%,0.62%,-1.55%,-2.35%,-0.33%,-3.71%,-1.15%,-2.86%,-0.44%,0.25%,-0.98%,-4.57%,-2.12%,-4.65%,109,114,95,119,95,311,204,233,202,243,-15.81%,-23.02%,15.54%,29.36%,134.0%,466.1%,154.3%,511.3%,-2.74%,-1.30%
2016/11/30,2016/10/31,-0.50%,-0.50%,1.38%,1.17%,1.04%,3.90%,2.91%,3.95%,9.09%,4.31%,-0.22%,1.66%,-1.44%,10.79%,4.59%,10.29%,109,113,97,120,96,323,210,242,221,253,-14.52%,-22.71%,15.29%,31.50%,144.7%,524.4%,168.8%,577.3%,-2.95%,0.00%
2016/12/31,2016/11/30,-0.67%,-0.56%,0.61%,0.57%,1.19%,1.05%,0.94%,1.76%,3.77%,2.80%,0.40%,1.30%,0.42%,3.61%,1.94%,3.22%,108,113,97,121,97,326,212,246,229,260,-12.92%,-21.36%,15.76%,33.21%,149.5%,544.5%,172.2%,601.8%,-2.56%,0.00%
2017/01/31,2016/12/31,-0.20%,0.53%,-0.82%,0.88%,-0.91%,1.74%,3.42%,1.87%,1.42%,0.54%,-1.67%,-2.41%,-1.87%,-1.55%,1.89%,-0.83%,108,113,96,122,96,332,219,251,232,262,-13.54%,-22.31%,13.82%,30.00%,154.2%,539.2%,164.8%,590.9%,-4.19%,-2.41%
2017/02/28,2017/01/31,-0.63%,-1.29%,1.31%,1.69%,-0.59%,2.69%,3.68%,5.11%,4.45%,2.15%,-1.12%,-1.51%,-2.48%,-1.03%,3.64%,-0.58%,107,112,98,124,95,341,227,264,243,267,-13.51%,-22.72%,12.54%,28.04%,163.5%,535.5%,153.7%,583.8%,-5.27%,-3.88%
2017/03/31,2017/02/28,-0.28%,0.63%,-0.68%,-0.15%,0.05%,0.12%,1.34%,0.52%,-1.38%,-0.00%,0.06%,-0.25%,-0.29%,0.29%,0.13%,0.37%,107,113,97,124,95,341,230,265,239,267,-13.23%,-22.82%,12.61%,27.71%,163.8%,537.9%,154.2%,585.8%,-5.21%,-4.13%
2017/04/30,2017/03/31,0.42%,0.49%,-1.22%,-0.06%,0.02%,1.56%,1.86%,0.57%,0.46%,1.00%,-0.29%,-0.08%,-0.95%,0.91%,1.11%,0.94%,107,113,96,124,95,347,234,266,240,270,-13.57%,-23.25%,12.28%,27.61%,166.7%,543.8%,153.8%,592.0%,-5.48%,-4.21%
2017/05/31,2017/04/30,0.28%,-0.12%,-0.84%,-0.18%,-0.20%,1.50%,1.96%,1.07%,-0.29%,0.81%,-1.15%,-1.73%,-2.13%,-3.99%,1.06%,-3.47%,107,113,95,123,95,352,239,269,240,272,-13.99%,-23.78%,11.00%,25.40%,169.6%,521.5%,142.3%,564.4%,-6.57%,-5.87%
2017/06/30,2017/05/31,-0.73%,-0.04%,0.08%,1.94%,-0.41%,-0.34%,0.50%,0.77%,3.34%,0.39%,-0.60%,-0.79%,-0.80%,1.59%,0.90%,1.82%,107,113,95,126,95,351,240,271,248,273,-13.71%,-23.23%,10.33%,24.41%,172.0%,532.8%,144.5%,574.9%,-7.12%,-6.61%
2017/07/31,2017/06/30,-1.36%,1.31%,0.87%,-0.99%,-0.07%,0.49%,3.43%,2.86%,1.28%,1.72%,-1.18%,-1.33%,-1.89%,-1.69%,1.93%,-1.29%,105,115,96,125,95,352,248,279,251,278,-12.60%,-22.29%,9.04%,22.75%,177.2%,524.7%,136.7%,563.6%,-8.22%,-7.85%
2017/08/31,2017/07/31,-1.58%,0.44%,1.65%,-0.07%,-0.69%,-1.07%,0.61%,2.18%,-0.15%,0.05%,-0.68%,-1.04%,-1.15%,-3.27%,0.26%,-2.96%,104,115,98,125,94,349,250,285,250,278,-11.83%,-21.42%,8.30%,21.48%,177.9%,506.2%,129.1%,541.8%,-8.84%,-8.81%
2017/09/30,2017/08/31,0.85%,-0.11%,-0.82%,-0.13%,-0.46%,2.38%,1.71%,2.66%,3.80%,1.99%,-0.22%,0.25%,0.18%,6.97%,2.47%,6.89%,104,115,97,124,94,357,254,293,260,283,-12.99%,-21.73%,8.06%,21.79%,184.8%,548.0%,139.2%,586.6%,-9.04%,-8.58%
2017/10/31,2017/09/30,-0.37%,2.01%,-2.18%,-0.63%,-1.39%,1.47%,4.45%,0.08%,2.60%,1.05%,-0.55%,-0.51%,-0.95%,-0.96%,2.24%,-0.81%,104,117,95,124,92,362,265,293,267,286,-13.87%,-22.06%,7.47%,21.17%,191.2%,542.7%,131.9%,580.0%,-9.54%,-9.04%
2017/11/30,2017/10/31,2.30%,-2.64%,-0.32%,0.40%,0.57%,5.10%,1.36%,3.09%,3.62%,3.20%,0.55%,0.23%,2.02%,4.30%,3.22%,4.24%,106,114,94,124,93,381,269,302,276,296,-15.37%,-23.54%,8.06%,21.45%,200.6%,570.0%,134.3%,609.3%,-9.04%,-8.83%
2017/12/31,2017/11/30,1.20%,-0.97%,-0.88%,0.14%,0.11%,2.38%,0.60%,0.24%,1.21%,0.87%,0.21%,0.01%,1.43%,2.01%,1.10%,2.01%,108,113,94,124,93,390,270,303,280,298,-16.29%,-24.70%,8.29%,21.47%,203.8%,583.4%,136.4%,623.5%,-8.85%,-8.82%
2018/01/31,2017/12/31,-0.05%,0.07%,-1.62%,-0.70%,-0.53%,5.00%,6.40%,4.83%,5.46%,4.78%,0.31%,0.06%,0.32%,1.88%,5.34%,1.87%,108,113,92,123,92,409,288,318,295,312,-16.70%,-24.86%,8.63%,21.53%,220.1%,596.2%,128.2%,637.1%,-8.56%,-8.77%
2018/02/28,2018/01/31,-0.71%,1.40%,2.31%,-0.92%,-3.41%,-4.43%,-2.38%,-1.58%,-4.28%,-6.34%,-0.36%,-0.83%,-1.34%,-5.64%,-3.65%,-5.39%,107,115,94,122,89,391,281,312,282,293,-18.95%,-26.30%,8.24%,20.53%,208.4%,558.6%,124.2%,595.6%,-8.89%,-9.52%
2018/03/31,2018/02/28,1.26%,-0.20%,0.51%,-0.31%,0.54%,-1.32%,-3.04%,-1.02%,-2.56%,-1.64%,0.65%,1.86%,1.07%,3.57%,-1.98%,3.01%,108,114,95,122,90,386,272,309,275,288,-19.54%,-26.53%,8.94%,22.77%,202.3%,578.4%,135.4%,620.4%,-8.29%,-7.84%
2018/04/30,2018/03/31,0.77%,0.02%,-1.27%,0.14%,0.11%,0.98%,0.20%,-0.61%,1.03%,0.56%,0.31%,0.53%,0.50%,1.75%,0.43%,1.59%,109,114,93,122,90,390,273,307,278,289,-20.07%,-26.84%,9.28%,23.43%,203.6%,589.2%,138.1%,633.0%,-8.01%,-7.34%
2018/05/31,2018/04/30,-0.21%,2.91%,-2.88%,-1.73%,-1.01%,1.85%,5.92%,2.23%,1.31%,1.18%,-0.72%,-1.64%,-0.76%,2.84%,2.78%,3.33%,109,118,91,120,89,397,289,314,282,293,-20.71%,-27.34%,8.49%,21.40%,212.0%,612.2%,139.4%,653.8%,-8.68%,-8.86%
2018/06/30,2018/05/31,0.53%,-1.12%,-1.14%,1.21%,1.67%,1.31%,0.16%,0.02%,0.53%,2.04%,0.76%,0.30%,0.53%,2.42%,0.75%,2.33%,109,116,90,121,90,402,290,314,283,299,-19.80%,-26.81%,9.32%,21.77%,214.4%,628.8%,143.2%,672.1%,-7.98%,-8.59%
2018/07/31,2018/06/30,-0.29%,-1.25%,0.70%,0.83%,0.48%,3.14%,2.25%,3.78%,4.65%,3.43%,-0.11%,0.32%,-1.56%,1.06%,3.27%,0.97%,109,115,90,122,91,415,296,326,296,309,-19.19%,-26.59%,9.20%,22.15%,224.7%,635.8%,137.6%,680.3%,-8.08%,-8.30%
2018/08/31,2018/07/31,-0.73%,1.01%,-1.34%,0.29%,-0.40%,1.96%,6.18%,3.47%,2.71%,2.66%,0.95%,-0.63%,2.00%,2.41%,3.55%,2.60%,108,116,89,123,90,423,314,338,304,317,-18.93%,-26.08%,10.25%,21.39%,236.2%,655.0%,135.3%,699.1%,-7.20%,-8.88%
2018/09/30,2018/08/31,0.49%,-0.96%,0.50%,-0.47%,0.17%,0.84%,-0.20%,0.74%,-1.52%,0.31%,-0.28%,0.19%,-0.34%,-0.66%,0.10%,-0.72%,109,115,90,122,91,426,314,340,300,318,-19.18%,-26.47%,9.93%,21.61%,236.6%,649.5%,133.4%,693.8%,-7.46%,-8.71%
2018/10/31,2018/09/30,-0.96%,2.14%,1.18%,1.01%,0.93%,-7.71%,-7.68%,-7.76%,-6.82%,-5.51%,-0.80%,-0.08%,-1.48%,-9.55%,-7.27%,-9.53%,108,118,91,123,91,394,290,314,279,301,-17.66%,-24.85%,9.05%,21.51%,212.1%,578.1%,128.1%,618.0%,-8.21%,-8.78%
2018/11/30,2018/10/31,0.58%,-3.62%,2.77%,1.84%,1.83%,2.56%,-1.84%,4.51%,4.02%,3.52%,-0.21%,-0.08%,-3.10%,-1.42%,1.99%,-1.40%,108,113,93,126,93,404,284,328,290,311,-16.63%,-24.14%,8.82%,21.42%,218.3%,568.6%,120.4%,607.7%,-8.40%,-8.85%
2018/12/31,2018/11/30,-0.94%,0.39%,0.53%,1.19%,-1.13%,-9.34%,-8.21%,-9.23%,-10.96%,-9.47%,-1.29%,-1.86%,-4.17%,-14.97%,-9.28%,-14.41%,107,114,94,127,92,366,261,297,259,282,-16.79%,-24.24%,7.41%,19.16%,188.8%,472.3%,109.1%,501.8%,-9.58%,-10.55%
2019/01/31,2018/12/31,-0.47%,1.76%,-2.84%,0.66%,0.24%,8.71%,8.72%,7.53%,10.41%,8.37%,0.00%,0.76%,0.94%,14.34%,8.72%,14.11%,107,116,91,128,92,398,284,320,286,305,-16.20%,-24.50%,7.41%,20.06%,214.0%,553.1%,120.4%,588.1%,-9.58%,-9.87%
2019/02/28,2019/01/31,-0.89%,-0.18%,-0.13%,1.66%,-0.85%,2.38%,4.61%,3.95%,3.88%,2.43%,0.55%,-0.21%,0.19%,4.10%,3.43%,4.16%,106,116,91,130,92,407,297,333,297,313,-16.16%,-24.46%,8.01%,19.81%,224.7%,580.2%,122.0%,616.3%,-9.09%,-10.06%
2019/03/31,2019/02/28,1.05%,-1.09%,-0.08%,-0.96%,0.08%,2.43%,1.54%,2.32%,-1.60%,1.19%,-0.78%,-1.68%,-0.15%,-2.94%,1.41%,-2.44%,107,114,91,129,92,417,301,340,292,317,-16.97%,-25.39%,7.16%,17.80%,229.3%,563.6%,113.4%,595.2%,-9.80%,-11.57%
2019/04/30,2019/03/31,-0.89%,3.03%,-1.80%,0.47%,-2.31%,3.25%,7.06%,1.22%,6.21%,1.83%,-1.38%,-0.97%,-3.04%,0.81%,4.02%,1.10%,106,118,89,129,89,431,323,344,310,322,-18.15%,-26.45%,5.68%,16.66%,242.5%,571.0%,107.2%,600.9%,-11.04%,-12.43%
2019/05/31,2019/04/30,-0.20%,-0.66%,-1.76%,3.60%,1.94%,-7.07%,-7.25%,-6.85%,-5.42%,-4.66%,0.58%,-0.33%,0.42%,-9.71%,-6.47%,-9.61%,106,117,88,134,91,400,299,321,293,307,-16.39%,-24.68%,6.30%,16.27%,220.4%,506.5%,100.7%,532.8%,-10.52%,-12.72%
2019/06/30,2019/05/31,-0.22%,-0.87%,1.07%,-0.26%,-0.85%,6.62%,7.21%,8.53%,6.05%,5.71%,-0.12%,-0.10%,-2.56%,5.22%,6.83%,5.25%,106,116,88,134,90,427,321,348,311,325,-16.92%,-25.36%,6.18%,16.15%,242.2%,538.3%,97.56%,565.9%,-10.63%,-12.81%
2019/07/31,2019/06/30,-0.17%,0.66%,0.42%,-0.59%,0.46%,0.82%,2.62%,0.97%,0.90%,1.68%,-0.34%,-0.58%,-0.15%,-1.51%,1.45%,-1.34%,105,117,89,133,91,430,329,352,314,330,-16.40%,-24.72%,5.81%,15.47%,247.2%,529.8%,92.05%,555.8%,-10.93%,-13.32%
2019/08/31,2019/07/31,-0.15%,-0.84%,-0.74%,0.68%,1.69%,-2.90%,-1.88%,-1.52%,-3.06%,-0.23%,3.20%,2.43%,3.83%,-3.16%,-2.11%,-3.89%,105,116,88,134,92,418,323,346,304,330,-14.87%,-22.71%,9.20%,18.28%,239.9%,505.3%,88.63%,535.1%,-8.08%,-11.21%
2019/09/30,2019/08/31,0.50%,1.69%,1.49%,-0.85%,0.25%,2.15%,0.85%,1.69%,2.40%,1.77%,-1.05%,-0.43%,-0.09%,2.96%,1.76%,3.09%,106,118,90,133,93,427,326,352,311,335,-15.07%,-23.00%,8.06%,17.76%,245.8%,524.0%,91.14%,553.9%,-9.04%,-11.60%
2019/10/31,2019/09/30,-1.79%,-0.74%,1.38%,1.60%,0.12%,0.45%,2.12%,4.01%,3.08%,2.06%,0.22%,-0.52%,-2.59%,-1.27%,2.20%,-1.12%,104,117,91,135,93,429,333,366,321,342,-13.45%,-21.76%,8.29%,17.15%,253.4%,517.0%,84.81%,545.5%,-8.84%,-12.06%
2019/11/30,2019/10/31,-2.13%,0.76%,0.07%,1.12%,-0.84%,2.16%,5.57%,4.21%,4.12%,2.61%,-1.22%,-1.63%,-4.30%,0.34%,3.75%,0.83%,102,118,91,136,92,438,351,382,334,351,-12.33%,-21.41%,6.97%,15.24%,266.7%,522.1%,79.40%,547.7%,-9.95%,-13.49%
2019/12/31,2019/11/30,-0.68%,1.01%,-0.36%,-0.46%,0.76%,2.15%,3.64%,2.10%,2.81%,3.18%,0.35%,0.72%,0.80%,5.53%,2.79%,5.31%,101,119,90,136,93,447,364,390,344,362,-11.07%,-20.59%,7.34%,16.07%,276.9%,555.2%,83.92%,583.5%,-9.64%,-12.86%
2020/01/31,2019/12/31,0.58%,0.41%,-1.47%,-1.06%,-1.49%,0.51%,2.56%,-1.25%,-2.45%,-0.71%,0.40%,-0.72%,1.72%,-3.73%,0.06%,-3.52%,102,119,89,134,91,450,373,385,335,360,-12.91%,-21.56%,7.77%,15.24%,277.2%,532.1%,77.34%,558.0%,-9.28%,-13.49%
2020/02/29,2020/01/31,-1.50%,1.98%,0.84%,-1.69%,-1.90%,-8.50%,-6.87%,-5.86%,-10.41%,-8.45%,-0.76%,0.15%,-2.57%,-8.12%,-8.00%,-8.17%,100,122,90,132,90,411,348,362,300,329,-13.26%,-21.52%,6.96%,15.42%,247.0%,480.5%,77.06%,504.6%,-9.97%,-13.36%
2020/03/31,2020/02/29,-2.72%,-1.91%,-0.24%,1.33%,-3.90%,-14.51%,-12.53%,-10.36%,-16.26%,-15.27%,1.00%,-2.31%,-3.11%,-26.20%,-13.57%,-25.51%,97,119,90,134,86,352,304,325,252,279,-14.28%,-22.12%,8.03%,12.75%,199.9%,332.4%,55.92%,346.2%,-9.07%,-15.36%
2020/04/30,2020/03/31,0.65%,0.20%,-1.11%,-0.14%,1.47%,13.82%,14.78%,11.97%,11.90%,13.28%,5.24%,6.12%,10.37%,27.95%,13.44%,26.11%,98,120,89,134,87,400,349,363,281,316,-13.58%,-22.55%,13.69%,19.66%,240.2%,445.4%,75.69%,470.9%,-4.30%,-10.18%
2020/05/31,2020/04/30,-2.23%,0.70%,-1.42%,-0.89%,0.02%,3.80%,8.28%,4.57%,3.90%,4.79%,0.54%,0.01%,0.65%,7.56%,5.40%,7.55%,96,120,87,132,87,416,378,380,292,331,-11.64%,-21.78%,14.31%,19.66%,258.6%,486.5%,79.47%,514.0%,-3.78%,-10.17%
2020/06/30,2020/05/31,0.12%,3.16%,-1.24%,-3.78%,-2.69%,2.69%,6.25%,1.58%,-1.68%,-0.70%,0.57%,0.81%,2.08%,8.12%,2.43%,7.87%,96,124,86,127,85,427,402,386,288,329,-14.11%,-24.44%,14.96%,20.64%,267.3%,532.7%,89.23%,563.8%,-3.23%,-9.44%
2020/07/31,2020/06/30,1.54%,-2.24%,-1.88%,-1.72%,0.26%,7.91%,6.03%,2.76%,4.37%,5.51%,5.96%,5.05%,8.14%,10.68%,5.73%,9.16%,97,121,85,125,85,461,426,397,300,347,-15.21%,-26.25%,21.81%,26.73%,288.3%,590.7%,95.73%,634.7%,0.00%,-4.86%
2020/08/31,2020/07/31,-0.55%,1.49%,-3.59%,-2.17%,-2.04%,8.84%,10.52%,3.58%,4.22%,4.57%,-0.29%,-0.80%,-3.45%,4.26%,7.38%,4.50%,97,123,82,123,83,501,471,411,313,363,-16.47%,-29.40%,21.45%,25.72%,317.0%,621.8%,90.10%,666.0%,-0.29%,-5.63%
2020/09/30,2020/08/31,0.07%,-2.01%,2.05%,-0.16%,0.35%,-3.62%,-4.95%,-1.72%,-3.10%,-2.64%,0.00%,-0.08%,1.12%,-3.51%,-3.61%,-3.48%,97,121,83,122,84,483,447,404,303,353,-16.24%,-28.71%,21.46%,25.61%,301.9%,596.7%,90.35%,639.2%,-0.29%,-5.71%
2020/10/31,2020/09/30,1.15%,0.53%,-1.62%,-1.54%,2.27%,-1.73%,-2.52%,-1.98%,-3.36%,-0.46%,0.56%,0.74%,-2.03%,1.29%,-2.11%,1.07%,98,121,82,120,86,475,436,396,293,352,-15.30%,-27.81%,22.14%,26.54%,293.4%,604.1%,96.41%,648.7%,0.00%,-5.00%
2020/11/30,2020/10/31,0.74%,-1.67%,1.09%,0.28%,1.93%,13.95%,11.25%,13.89%,11.11%,11.05%,-3.72%,-4.20%,-3.05%,17.65%,12.26%,18.91%,99,119,83,121,87,541,485,451,325,391,-14.29%,-29.90%,17.59%,21.23%,341.6%,737.2%,109.5%,780.9%,-3.72%,-8.99%
2020/12/31,2020/11/30,-1.48%,-0.27%,-0.76%,1.54%,-1.43%,4.20%,5.71%,4.28%,5.92%,1.96%,0.53%,-0.30%,-0.78%,8.32%,4.57%,8.42%,97,119,82,123,86,564,513,470,345,398,-14.25%,-31.47%,18.21%,20.86%,361.8%,807.7%,117.5%,854.2%,-3.22%,-9.27%
2021/01/31,2020/12/31,0.33%,-1.19%,-0.47%,-4.32%,0.91%,0.28%,-0.01%,0.10%,-3.55%,0.30%,2.63%,1.88%,6.85%,13.72%,-0.12%,13.16%,98,118,82,117,87,565,513,471,332,400,-13.76%,-31.45%,21.32%,23.14%,361.3%,927.2%,146.4%,985.2%,-0.67%,-7.56%
