Date,fdate,SG_AR_1,SG_AR_2,SG_AR_3,SG_AR_4,SG_AR_5,SG_TR_1,SG_TR_2,SG_TR_3,SG_TR_4,SG_TR_5,SG_AR_Sig,SG_TR_Sig,SG_AR_130,SG_TR_130,SG_TR_BP,SG_TR_LO,SG_CAR_1,SG_CAR_2,SG_CAR_3,SG_CAR_4,SG_CAR_5,SG_CTR_1,SG_CTR_2,SG_CTR_3,SG_CTR_4,SG_CTR_5,SG_CAR_LS,SG_CTR_LS,SG_CAR_SW,SG_CTR_SW,SG_CTR_BP,SG_CTR_LO,SG_CXR_LO,SG_CTR_13,SG_CADD,SG_CTDD
2001/02/28,2001/01/31,0.38%,1.63%,-0.14%,4.01%,0.82%,-11.22%,-4.62%,-5.02%,-10.16%,-16.13%,3.12%,8.31%,14.14%,-11.33%,-9.48%,-13.82%,100,102,100,104,101,89,95,95,90,84,0.44%,-4.90%,3.12%,8.31%,-9.48%,-13.82%,-4.34%,-11.33%,0.00%,0.00%
2001/03/31,2001/02/28,1.48%,-1.11%,-0.10%,-2.93%,3.67%,-7.23%,-4.12%,-4.66%,-8.39%,-7.91%,3.51%,3.09%,4.10%,-11.19%,-6.73%,-12.12%,102,100,100,101,105,82,91,91,82,77,2.65%,-5.55%,6.74%,11.66%,-15.57%,-24.26%,-9.50%,-21.25%,0.00%,0.00%
2001/04/30,2001/03/31,0.52%,-1.72%,-2.88%,2.66%,-0.41%,10.72%,4.14%,3.95%,10.41%,10.74%,-1.03%,-0.73%,-6.06%,10.72%,8.26%,10.94%,102,99,97,104,104,91,95,94,91,86,1.69%,-5.53%,5.64%,10.85%,-8.60%,-15.98%,-7.07%,-12.81%,-1.03%,-0.73%
2001/05/31,2001/04/30,-0.85%,-1.40%,1.67%,-0.45%,-0.15%,0.12%,1.04%,4.25%,1.49%,-1.03%,1.38%,2.16%,6.46%,9.02%,1.01%,8.37%,102,97,98,103,104,91,96,98,92,85,2.40%,-6.61%,7.11%,13.24%,-7.68%,-8.94%,-0.23%,-4.94%,0.00%,0.00%
2001/06/30,2001/05/31,0.15%,1.22%,2.50%,-0.15%,1.44%,-2.19%,-2.17%,-0.94%,-2.61%,0.53%,-4.35%,-4.94%,-8.39%,-2.50%,-1.54%,-1.02%,102,99,101,103,105,89,94,97,90,85,3.73%,-4.07%,2.44%,7.65%,-9.10%,-9.88%,0.29%,-7.32%,-4.35%,-4.94%
2001/07/31,2001/06/30,-1.89%,-3.10%,2.72%,0.75%,-0.34%,-4.53%,-1.60%,2.75%,-0.41%,-5.06%,3.17%,3.56%,5.07%,-5.05%,-1.79%,-6.12%,100,96,104,104,105,85,93,100,89,81,5.33%,-4.58%,5.69%,11.48%,-10.73%,-15.39%,-4.05%,-12.01%,-1.32%,-1.56%
2001/08/31,2001/07/31,0.63%,0.46%,1.81%,0.59%,-0.96%,-7.58%,-5.16%,-4.19%,-5.21%,-8.56%,1.29%,2.27%,0.14%,-5.38%,-5.97%,-6.06%,100,96,106,104,104,79,88,96,85,74,3.65%,-5.52%,7.05%,14.01%,-16.06%,-20.52%,-4.14%,-16.74%,-0.05%,0.00%
2001/09/30,2001/08/31,-1.58%,-0.75%,0.26%,-1.30%,1.46%,-11.91%,-5.80%,-9.83%,-8.16%,-11.13%,4.43%,2.15%,8.66%,-14.83%,-8.92%,-15.48%,99,95,106,103,106,69,83,86,78,66,6.81%,-4.79%,11.80%,16.46%,-23.54%,-32.82%,-10.43%,-29.09%,0.00%,0.00%
2001/10/31,2001/09/30,2.61%,0.79%,0.75%,2.64%,5.95%,3.95%,0.42%,1.04%,3.05%,9.29%,-1.20%,-0.50%,-2.85%,14.53%,2.68%,14.68%,101,96,107,106,112,72,83,87,80,72,10.37%,0.29%,10.46%,15.88%,-21.50%,-22.96%,0.32%,-18.79%,-1.20%,-0.50%
2001/11/30,2001/10/31,-0.89%,-0.18%,0.29%,-0.17%,-1.99%,8.72%,6.52%,8.77%,7.48%,7.21%,-2.56%,-1.08%,-1.04%,10.34%,7.75%,10.66%,100,96,107,106,110,78,89,95,86,77,9.17%,-1.21%,7.63%,14.62%,-15.41%,-14.75%,3.24%,-10.39%,-3.73%,-1.57%
2001/12/31,2001/11/30,-0.07%,0.14%,1.46%,2.29%,-1.56%,0.97%,0.72%,3.15%,4.04%,0.87%,-1.78%,-2.10%,-0.24%,6.79%,1.71%,7.42%,100,96,109,108,108,79,89,98,90,78,7.55%,-1.31%,5.71%,12.22%,-13.96%,-8.42%,9.14%,-4.31%,-5.44%,-3.64%
2002/01/31,2001/12/31,-0.57%,-1.01%,1.64%,1.77%,-1.72%,-1.60%,-2.13%,0.46%,1.40%,-5.19%,4.58%,3.42%,5.55%,3.02%,-1.25%,1.99%,100,95,110,110,106,78,87,98,91,74,6.30%,-4.84%,10.55%,16.06%,-15.04%,-6.59%,12.68%,-1.42%,-1.11%,-0.35%
2002/02/28,2002/01/31,-1.44%,0.79%,1.44%,1.27%,-1.24%,-3.44%,-0.55%,-1.20%,-0.99%,-6.15%,1.90%,0.18%,-0.88%,-7.55%,-2.10%,-7.61%,98,96,112,111,105,75,87,97,90,69,6.52%,-7.42%,12.65%,16.26%,-16.83%,-13.70%,6.48%,-8.86%,0.00%,-0.17%
2002/03/31,2002/02/28,-2.04%,1.48%,1.38%,0.63%,1.21%,2.38%,4.34%,4.77%,4.75%,6.86%,0.36%,0.71%,-0.61%,8.83%,4.42%,8.62%,96,97,113,112,106,77,91,102,94,74,9.98%,-3.26%,13.06%,17.08%,-13.15%,-6.26%,10.96%,-0.81%,0.00%,0.00%
2002/04/30,2002/03/31,-3.01%,0.93%,-0.35%,2.21%,-0.05%,-7.92%,-5.26%,-4.53%,-1.49%,-7.67%,1.95%,0.50%,-0.22%,-3.66%,-5.00%,-3.81%,93,98,113,115,106,71,86,97,93,68,13.23%,-3.01%,15.26%,17.68%,-17.49%,-9.83%,12.28%,-4.44%,0.00%,0.00%
2002/05/31,2002/04/30,-0.98%,-0.31%,-0.52%,-0.02%,-0.82%,-2.33%,-0.77%,-0.80%,-0.30%,-3.64%,-0.47%,-0.81%,0.42%,-5.16%,-1.20%,-4.92%,93,98,112,114,105,69,85,96,93,66,13.41%,-4.28%,14.72%,16.72%,-18.48%,-14.26%,8.11%,-9.37%,-0.47%,-0.81%
2002/06/30,2002/05/31,-1.26%,-0.28%,0.48%,1.08%,1.07%,-8.35%,-7.28%,-5.96%,-6.84%,-6.34%,1.68%,0.84%,-3.34%,-8.17%,-6.92%,-8.42%,91,97,113,116,106,63,79,91,86,61,16.05%,-2.35%,16.64%,17.70%,-24.12%,-21.48%,6.49%,-16.77%,0.00%,0.00%
2002/07/31,2002/06/30,-1.94%,-2.69%,-1.07%,3.95%,-2.60%,-10.35%,-8.52%,-8.33%,-4.90%,-10.62%,2.76%,2.94%,3.97%,-9.42%,-7.99%,-10.30%,90,95,112,120,103,57,72,83,82,55,15.29%,-2.61%,19.86%,21.16%,-30.19%,-29.57%,4.03%,-24.61%,0.00%,0.00%
2002/08/31,2002/07/31,0.20%,-1.95%,-0.75%,-1.10%,0.43%,1.16%,-0.31%,0.60%,0.76%,1.54%,1.85%,2.00%,4.45%,2.11%,0.64%,1.51%,90,93,111,119,104,58,72,84,83,56,15.56%,-2.24%,22.08%,23.58%,-29.74%,-28.50%,4.94%,-23.02%,0.00%,0.00%
2002/09/30,2002/08/31,-1.21%,0.08%,-2.09%,-1.15%,3.38%,-9.97%,-9.11%,-11.42%,-10.11%,-8.80%,3.16%,2.68%,3.37%,-7.76%,-10.13%,-8.56%,89,93,109,118,107,52,65,74,74,51,20.86%,-1.10%,25.94%,26.89%,-36.86%,-34.62%,6.58%,-28.99%,0.00%,0.00%
2002/10/31,2002/09/30,1.22%,1.68%,1.01%,1.11%,3.46%,6.74%,8.11%,7.74%,7.36%,10.97%,-0.12%,1.62%,-2.27%,6.44%,7.77%,5.96%,90,95,110,119,111,55,71,80,80,56,23.57%,3.09%,25.78%,28.95%,-31.95%,-30.73%,4.65%,-24.42%,-0.12%,0.00%
2002/11/30,2002/10/31,3.33%,-0.62%,0.18%,-2.18%,-1.78%,8.61%,5.61%,6.00%,4.08%,7.52%,-0.43%,1.09%,2.28%,17.20%,6.03%,16.88%,93,94,110,116,109,60,75,85,83,61,17.25%,1.96%,25.24%,30.35%,-27.85%,-19.04%,16.00%,-11.41%,-0.55%,0.00%
2002/12/31,2002/11/30,-0.79%,-0.16%,0.15%,0.13%,0.90%,-6.17%,-6.15%,-6.05%,-3.98%,-5.94%,0.67%,-0.80%,2.50%,-6.76%,-5.58%,-6.52%,92,94,110,116,110,56,70,79,80,57,19.24%,2.19%,26.09%,29.31%,-31.88%,-24.32%,14.91%,-17.40%,0.00%,-0.80%
2003/01/31,2002/12/31,-0.29%,-0.85%,-0.65%,0.69%,2.39%,-2.86%,-3.48%,-3.15%,-1.72%,-0.53%,2.15%,3.25%,4.87%,4.66%,-2.56%,3.69%,92,93,109,117,113,55,68,77,78,57,22.43%,4.58%,28.80%,33.51%,-33.63%,-21.52%,22.10%,-13.55%,0.00%,0.00%
2003/02/28,2003/01/31,-0.81%,0.16%,-0.42%,0.87%,1.42%,-3.12%,-1.79%,-2.21%,-1.08%,-0.66%,0.44%,0.75%,0.15%,-2.28%,-1.81%,-2.50%,91,93,109,118,114,53,66,75,78,56,25.16%,7.15%,29.36%,34.51%,-34.83%,-23.49%,21.25%,-15.52%,0.00%,0.00%
2003/03/31,2003/02/28,-0.32%,3.05%,-0.06%,1.44%,-0.65%,0.74%,2.97%,0.29%,1.29%,0.18%,0.16%,0.96%,0.16%,2.75%,1.22%,2.46%,91,96,109,120,114,53,68,75,79,57,24.75%,6.54%,29.57%,35.80%,-34.03%,-21.61%,22.76%,-13.19%,0.00%,0.00%
2003/04/30,2003/03/31,0.22%,-0.43%,0.16%,-0.12%,-0.57%,10.99%,7.50%,7.92%,7.41%,8.93%,0.54%,1.04%,0.90%,13.36%,8.22%,13.05%,91,96,109,120,113,59,74,81,84,62,23.76%,4.35%,30.27%,37.21%,-28.61%,-11.37%,28.68%,-1.60%,0.00%,0.00%
2003/05/31,2003/04/30,-0.08%,0.01%,-1.24%,0.52%,0.94%,8.70%,5.28%,4.86%,6.29%,9.35%,1.87%,3.52%,5.81%,21.04%,6.23%,19.99%,91,96,108,120,114,64,77,85,90,67,25.02%,5.03%,32.71%,42.04%,-24.16%,6.34%,46.39%,19.11%,0.00%,0.00%
2003/06/30,2003/05/31,0.37%,1.20%,-0.85%,-0.35%,-1.31%,2.33%,2.36%,0.69%,1.41%,0.52%,1.46%,1.81%,3.73%,8.13%,1.49%,7.59%,91,97,107,120,113,66,79,86,91,68,22.92%,3.13%,34.65%,44.61%,-23.03%,14.41%,55.32%,28.80%,0.00%,0.00%
2003/07/31,2003/06/30,-0.08%,-0.29%,1.26%,2.06%,-0.57%,2.43%,0.68%,3.14%,4.22%,2.34%,1.27%,1.36%,1.39%,8.34%,2.46%,7.93%,91,97,108,123,112,68,80,89,95,69,22.31%,3.04%,36.35%,46.58%,-21.14%,23.49%,63.82%,39.54%,0.00%,0.00%
2003/08/31,2003/07/31,-2.04%,-0.74%,0.49%,0.23%,0.98%,0.90%,1.46%,2.88%,2.98%,4.08%,1.93%,2.12%,2.20%,7.40%,2.35%,6.76%,89,96,109,123,113,68,81,91,98,72,26.00%,6.32%,38.98%,49.68%,-19.28%,31.84%,71.05%,49.87%,0.00%,0.00%
2003/09/30,2003/08/31,-0.05%,-0.82%,0.67%,-0.21%,-0.36%,-1.27%,-1.96%,-0.18%,-1.02%,-1.24%,3.04%,3.56%,6.38%,7.00%,-1.08%,5.94%,89,95,109,123,113,67,79,91,97,71,25.60%,6.36%,43.19%,55.01%,-20.15%,39.66%,83.05%,60.36%,0.00%,0.00%
2003/10/31,2003/09/30,-0.46%,-1.02%,1.03%,2.07%,0.32%,5.42%,4.80%,6.83%,6.56%,6.99%,1.68%,0.57%,2.22%,8.25%,6.06%,8.08%,89,94,110,125,113,71,83,97,103,76,26.57%,8.03%,45.59%,55.89%,-15.32%,50.95%,86.75%,73.59%,0.00%,0.00%
2003/11/30,2003/10/31,1.21%,-0.58%,-0.42%,-0.28%,0.72%,2.41%,1.23%,0.90%,1.19%,2.97%,1.56%,1.06%,2.43%,4.55%,1.47%,4.23%,90,94,110,125,114,73,84,98,104,78,25.95%,8.63%,47.86%,57.55%,-14.07%,57.33%,91.90%,81.49%,0.00%,0.00%
2003/12/31,2003/11/30,0.13%,1.61%,-0.92%,-1.58%,-1.52%,4.49%,5.60%,4.25%,3.74%,3.70%,-1.43%,0.90%,-2.35%,4.32%,4.39%,4.05%,90,95,109,123,112,76,89,102,108,81,23.86%,7.78%,45.75%,58.97%,-10.30%,63.71%,91.26%,89.33%,-1.43%,0.00%
2004/01/31,2003/12/31,0.26%,0.18%,-0.30%,-0.87%,1.22%,2.57%,2.16%,2.31%,1.49%,3.86%,3.58%,3.29%,8.09%,11.72%,2.25%,10.73%,90,95,109,122,113,78,91,105,110,85,25.04%,9.17%,50.97%,64.20%,-8.28%,81.28%,107.5%,111.5%,0.00%,0.00%
2004/02/29,2004/01/31,-0.56%,-0.35%,-0.39%,0.62%,0.11%,0.54%,0.94%,1.36%,2.40%,1.63%,-1.60%,-1.22%,-1.99%,-0.76%,1.48%,-0.39%,90,95,108,122,114,78,92,106,112,86,25.88%,10.37%,48.56%,62.20%,-6.92%,80.56%,103.6%,109.9%,-1.60%,-1.22%
2004/03/31,2004/02/29,-0.66%,0.29%,0.07%,0.29%,-0.71%,-1.68%,-0.68%,-0.92%,-0.88%,-1.65%,0.42%,0.60%,-0.56%,0.19%,-1.09%,0.01%,89,95,108,123,113,77,91,105,111,84,25.82%,10.40%,49.19%,63.16%,-7.94%,80.59%,105.8%,110.3%,-1.18%,-0.63%
2004/04/30,2004/03/31,-1.47%,0.83%,0.95%,-1.43%,-1.95%,-2.43%,-0.95%,-1.08%,-3.02%,-2.96%,0.99%,0.68%,-1.41%,-3.86%,-2.03%,-4.06%,88,96,109,121,111,75,90,104,108,82,25.21%,9.82%,50.67%,64.27%,-9.81%,73.26%,101.7%,102.2%,-0.20%,0.00%
2004/05/31,2004/04/30,0.37%,0.23%,-0.25%,-0.31%,1.67%,1.57%,1.18%,0.78%,1.02%,2.62%,1.41%,1.23%,0.15%,0.56%,1.34%,0.19%,88,96,109,121,112,76,91,105,109,84,26.84%,10.98%,52.79%,66.29%,-8.61%,73.59%,99.36%,103.3%,0.00%,0.00%
2004/06/30,2004/05/31,-1.38%,0.32%,0.25%,0.17%,0.54%,0.61%,1.98%,2.22%,2.13%,2.73%,-0.16%,0.21%,-1.67%,2.34%,1.96%,2.28%,87,96,109,121,113,77,93,107,111,86,29.29%,13.33%,52.54%,66.63%,-6.81%,77.55%,100.0%,108.1%,-0.16%,0.00%
2004/07/31,2004/06/30,-0.71%,-2.37%,1.48%,0.38%,-0.08%,-5.40%,-4.38%,-2.49%,-3.85%,-4.23%,-0.83%,0.82%,-3.39%,-7.95%,-3.87%,-8.20%,86,94,111,121,113,73,89,104,107,83,30.10%,14.66%,51.27%,68.00%,-10.42%,63.00%,91.34%,91.57%,-0.99%,0.00%
2004/08/31,2004/07/31,0.26%,1.14%,-0.14%,0.50%,-1.04%,0.22%,1.37%,0.04%,0.57%,-0.72%,-0.47%,0.27%,-1.55%,-1.94%,0.29%,-2.02%,87,95,111,122,112,73,90,104,108,82,28.41%,13.59%,50.56%,68.45%,-10.15%,59.70%,86.91%,87.84%,-1.45%,0.00%
2004/09/30,2004/08/31,0.28%,-1.36%,0.09%,0.26%,0.41%,2.56%,1.05%,2.12%,1.43%,1.58%,-0.77%,-1.14%,0.14%,3.59%,1.66%,3.93%,87,94,111,122,112,75,91,107,109,83,28.58%,12.48%,49.41%,66.53%,-8.67%,65.98%,91.16%,94.58%,-2.21%,-1.14%
2004/10/31,2004/09/30,0.20%,0.31%,0.33%,-0.44%,0.15%,1.94%,1.58%,1.81%,1.07%,1.82%,-0.82%,-0.84%,-0.84%,1.37%,1.55%,1.62%,87,94,111,122,112,76,93,109,110,85,28.52%,12.35%,48.19%,65.13%,-7.25%,68.68%,91.30%,97.25%,-3.01%,-1.97%
2004/11/30,2004/10/31,-0.43%,0.10%,-1.48%,0.71%,0.03%,5.66%,4.95%,3.83%,4.61%,4.86%,-0.07%,0.56%,0.57%,10.11%,4.65%,9.95%,87,94,110,123,112,80,97,113,116,89,29.11%,11.44%,48.09%,66.04%,-2.94%,85.45%,101.4%,117.2%,-3.07%,-1.43%
2004/12/31,2004/11/30,0.88%,1.05%,-0.05%,-0.36%,-1.08%,4.50%,4.15%,3.41%,3.13%,3.35%,1.37%,1.95%,3.54%,8.64%,3.62%,8.05%,87,95,110,122,111,84,101,117,119,92,26.59%,10.17%,50.12%,69.28%,0.58%,100.4%,110.4%,136.0%,-1.74%,0.00%
2005/01/31,2004/12/31,0.30%,-0.59%,-0.57%,1.02%,-0.26%,-2.49%,-2.98%,-3.04%,-1.16%,-4.29%,1.27%,1.51%,1.72%,-2.92%,-2.69%,-3.38%,88,95,109,123,111,82,98,113,118,88,25.88%,8.18%,52.02%,71.84%,-2.13%,93.62%,108.9%,129.1%,-0.50%,0.00%
2005/02/28,2005/01/31,-0.24%,0.31%,0.10%,1.66%,-1.78%,1.15%,2.15%,2.30%,3.57%,-0.08%,0.81%,0.38%,-0.13%,0.70%,2.06%,0.58%,87,95,109,125,109,83,100,116,122,88,23.94%,6.85%,53.25%,72.48%,-0.11%,94.75%,105.8%,130.7%,0.00%,0.00%
2005/03/31,2005/02/28,-0.25%,-0.16%,0.62%,-1.29%,1.40%,-1.96%,-1.59%,-0.50%,-2.58%,-2.18%,-0.38%,0.47%,-1.11%,-3.88%,-1.73%,-4.02%,87,95,110,124,110,81,99,115,119,86,25.98%,6.61%,52.66%,73.29%,-1.84%,86.92%,101.1%,121.7%,-0.38%,0.00%
2005/04/30,2005/03/31,1.15%,0.81%,-0.27%,0.06%,0.03%,-1.62%,-1.44%,-2.01%,-2.53%,-3.66%,0.95%,1.27%,1.05%,-5.77%,-2.23%,-6.15%,88,96,109,124,110,80,97,113,116,83,24.57%,4.43%,54.12%,75.50%,-4.03%,75.42%,93.23%,108.9%,0.00%,0.00%
2005/05/31,2005/04/30,-0.06%,-0.89%,0.57%,0.17%,0.36%,3.75%,2.42%,3.93%,4.09%,5.74%,-0.46%,-0.27%,-2.88%,4.65%,3.88%,4.73%,88,95,110,124,111,83,100,117,121,88,25.09%,6.51%,53.40%,75.03%,-0.31%,83.72%,94.88%,118.6%,-0.46%,-0.27%
2005/06/30,2005/05/31,0.76%,0.01%,-1.20%,-0.12%,0.57%,2.48%,-0.10%,0.70%,1.69%,0.60%,0.30%,0.65%,-0.24%,4.24%,0.85%,4.05%,89,95,109,124,111,85,100,118,123,88,24.85%,4.51%,53.85%,76.16%,0.54%,91.15%,101.1%,127.9%,-0.17%,0.00%
2005/07/31,2005/06/30,1.72%,0.44%,0.37%,0.57%,-1.98%,6.43%,3.75%,4.46%,4.77%,2.96%,1.11%,0.86%,0.07%,7.80%,4.20%,7.55%,90,95,109,125,109,90,103,123,128,91,20.22%,0.87%,55.56%,77.67%,4.76%,105.6%,107.8%,145.7%,0.00%,0.00%
2005/08/31,2005/07/31,1.00%,-1.37%,-0.39%,0.67%,1.23%,-0.28%,-2.18%,-1.36%,-0.05%,-0.50%,0.89%,1.33%,1.26%,-0.55%,-1.01%,-0.95%,91,94,109,126,111,90,101,122,128,90,20.51%,0.65%,56.94%,80.03%,3.70%,103.6%,108.0%,144.3%,0.00%,0.00%
2005/09/30,2005/08/31,0.53%,-0.70%,-0.46%,1.52%,0.72%,1.27%,-0.34%,-0.10%,2.43%,0.56%,0.95%,1.47%,2.71%,2.74%,0.77%,2.30%,92,93,108,127,111,91,101,121,131,91,20.74%,-0.07%,58.43%,82.67%,4.50%,108.3%,111.1%,151.0%,0.00%,0.00%
2005/10/31,2005/09/30,-1.76%,1.76%,1.16%,-2.04%,0.27%,-3.54%,0.34%,-0.73%,-3.50%,-2.05%,-0.65%,-0.90%,-2.02%,-5.24%,-1.76%,-4.97%,90,95,109,125,112,88,101,121,127,89,23.20%,1.42%,57.40%,81.02%,2.66%,97.95%,104.4%,137.9%,-0.65%,-0.90%
2005/11/30,2005/10/31,-0.14%,0.22%,0.89%,-0.31%,0.43%,3.62%,3.64%,4.65%,3.24%,4.74%,-1.23%,-1.52%,-1.95%,2.89%,3.93%,3.35%,90,95,110,124,112,91,105,126,131,93,23.91%,2.56%,55.47%,78.27%,6.69%,104.6%,103.2%,144.7%,-1.87%,-2.41%
2005/12/31,2005/11/30,1.00%,0.08%,0.04%,-0.14%,-0.52%,1.03%,0.07%,0.02%,-0.07%,-0.68%,0.07%,0.31%,1.33%,1.12%,0.04%,1.03%,91,95,111,124,112,92,105,126,131,93,22.02%,0.81%,55.58%,78.82%,6.73%,106.7%,105.2%,147.5%,-1.80%,-2.11%
2006/01/31,2005/12/31,1.76%,-0.90%,-0.53%,0.31%,-1.50%,5.48%,1.98%,4.36%,4.39%,1.99%,0.41%,1.21%,-1.09%,10.08%,3.44%,9.71%,93,94,110,125,110,97,107,132,137,95,18.05%,-2.71%,56.22%,80.98%,10.40%,126.8%,118.1%,172.4%,-1.39%,-0.92%
2006/02/28,2006/01/31,1.02%,0.18%,0.76%,-0.53%,-1.19%,1.02%,0.48%,0.67%,-0.58%,-0.95%,1.33%,1.45%,1.52%,1.68%,0.09%,1.24%,93,95,111,124,109,98,107,133,136,94,15.44%,-4.63%,58.30%,83.60%,10.50%,129.6%,120.6%,177.0%,-0.08%,0.00%
2006/03/31,2006/02/28,-0.87%,-0.35%,-0.00%,0.21%,-0.29%,1.12%,1.44%,1.94%,2.36%,2.76%,0.43%,0.37%,-1.19%,4.73%,1.90%,4.62%,93,94,111,124,108,99,109,135,139,96,16.11%,-3.06%,58.97%,84.28%,12.59%,140.2%,126.6%,190.1%,0.00%,0.00%
2006/04/30,2006/03/31,-1.31%,0.43%,-0.44%,0.69%,-0.56%,-0.03%,1.69%,0.67%,1.93%,-0.50%,-0.28%,-0.61%,-1.00%,-0.60%,0.99%,-0.42%,91,95,110,125,108,99,111,136,142,96,16.98%,-3.51%,58.52%,83.16%,13.71%,139.2%,123.4%,188.4%,-0.28%,-0.61%
2006/05/31,2006/04/30,-0.46%,-0.61%,0.78%,0.13%,-0.78%,-4.01%,-2.56%,-2.63%,-2.52%,-5.16%,0.21%,-0.81%,-1.48%,-7.16%,-3.11%,-6.92%,91,94,111,125,107,95,108,133,138,91,16.60%,-4.63%,58.86%,81.67%,10.17%,122.6%,114.9%,167.7%,-0.07%,-1.42%
2006/06/30,2006/05/31,0.61%,-0.41%,0.93%,-0.63%,0.19%,0.74%,-0.66%,0.96%,-0.21%,0.31%,0.34%,-0.17%,-0.93%,-1.39%,0.19%,-1.34%,92,94,112,124,107,96,107,134,138,91,16.10%,-5.04%,59.40%,81.37%,10.39%,119.7%,111.6%,164.0%,0.00%,-1.58%
2006/07/31,2006/06/30,0.73%,-0.56%,-1.48%,1.47%,0.69%,0.30%,-0.36%,-1.97%,1.21%,-0.61%,0.15%,-0.36%,-0.44%,-4.55%,-0.28%,-4.44%,92,93,111,126,108,96,107,131,140,91,16.06%,-5.91%,59.64%,80.71%,10.08%,109.9%,102.8%,152.0%,0.00%,-1.94%
2006/08/31,2006/07/31,0.72%,-0.88%,0.08%,-0.51%,1.86%,3.04%,2.09%,2.69%,1.27%,3.85%,-0.18%,0.29%,-0.86%,3.14%,2.48%,3.05%,93,92,111,126,110,99,109,135,141,94,17.39%,-5.16%,59.35%,81.23%,12.81%,116.3%,104.0%,159.9%,-0.18%,-1.66%
2006/09/30,2006/08/31,-0.90%,0.07%,0.50%,-0.03%,0.66%,1.44%,2.50%,2.49%,2.27%,2.49%,-0.28%,-0.07%,-1.03%,0.31%,2.24%,0.33%,92,92,111,126,111,101,112,138,145,96,19.22%,-4.16%,58.91%,81.12%,15.33%,117.0%,100.1%,160.7%,-0.46%,-1.72%
2006/10/31,2006/09/30,0.66%,-0.78%,0.03%,0.79%,-0.84%,4.40%,2.80%,3.70%,4.32%,3.27%,-1.09%,-0.33%,-1.40%,5.02%,3.69%,5.12%,93,92,111,127,110,105,115,143,151,100,17.43%,-5.25%,57.17%,80.51%,19.59%,128.1%,102.9%,173.8%,-1.55%,-2.05%
2006/11/30,2006/10/31,0.11%,0.03%,-1.22%,0.12%,1.08%,2.11%,2.32%,1.06%,2.26%,3.38%,0.49%,0.86%,-0.06%,3.46%,2.16%,3.20%,93,92,110,127,111,107,118,145,154,103,18.57%,-4.05%,57.94%,82.07%,22.17%,135.4%,105.1%,183.3%,-1.06%,-1.20%
2006/12/31,2006/11/30,1.00%,-0.99%,-0.31%,-0.73%,0.54%,1.74%,0.52%,0.96%,1.39%,1.60%,0.18%,0.47%,0.05%,1.57%,1.18%,1.43%,94,91,109,126,111,109,118,146,156,105,18.02%,-4.18%,58.22%,82.92%,23.61%,138.8%,105.6%,187.7%,-0.89%,-0.74%
2007/01/31,2006/12/31,-0.29%,-0.26%,0.92%,0.33%,0.60%,1.74%,1.53%,2.79%,1.92%,2.31%,1.50%,1.66%,1.60%,3.66%,2.01%,3.16%,93,91,110,126,112,111,120,150,159,107,19.07%,-3.64%,60.59%,85.97%,26.09%,146.4%,107.9%,198.3%,0.00%,0.00%
2007/02/28,2007/01/31,-1.07%,0.60%,1.15%,-0.15%,-1.84%,-2.88%,-0.93%,-0.41%,-1.43%,-3.01%,-0.49%,-0.21%,-0.52%,-0.62%,-1.63%,-0.56%,92,91,112,126,110,108,119,150,157,104,18.16%,-3.76%,59.81%,85.58%,24.04%,145.0%,110.2%,196.4%,-0.49%,-0.21%
2007/03/31,2007/02/28,-0.40%,-0.99%,0.69%,0.75%,-1.59%,0.77%,0.14%,1.57%,1.80%,0.31%,0.63%,0.16%,-0.56%,0.52%,1.00%,0.47%,92,90,113,127,108,109,119,152,160,104,16.75%,-4.20%,60.82%,85.89%,25.28%,146.2%,109.1%,198.0%,0.00%,-0.04%
2007/04/30,2007/03/31,0.00%,-0.22%,-0.15%,0.99%,-0.45%,4.14%,3.94%,3.22%,4.76%,2.67%,0.78%,0.95%,0.74%,2.96%,3.86%,2.67%,92,90,112,128,108,113,124,157,167,107,16.23%,-5.61%,62.08%,87.65%,30.12%,152.7%,106.6%,206.8%,0.00%,0.00%
2007/05/31,2007/04/30,-0.62%,-0.40%,-0.03%,0.23%,0.33%,2.97%,3.48%,3.43%,3.88%,4.08%,-0.81%,-0.41%,-2.57%,1.90%,3.54%,2.02%,91,90,112,129,108,117,128,162,174,111,17.33%,-4.56%,60.76%,86.88%,34.73%,157.8%,103.4%,212.6%,-0.81%,-0.41%
2007/06/30,2007/05/31,-0.48%,-0.47%,-0.36%,0.61%,-0.39%,-2.08%,-2.41%,-1.78%,-1.10%,-1.52%,0.16%,0.79%,0.11%,-0.38%,-1.77%,-0.61%,91,89,112,129,108,114,125,159,172,109,17.43%,-4.02%,61.02%,88.36%,32.35%,156.3%,105.8%,211.4%,-0.65%,0.00%
2007/07/31,2007/06/30,-1.84%,-0.31%,-0.37%,1.52%,2.50%,-5.36%,-4.12%,-3.44%,-2.75%,-1.09%,-0.49%,0.83%,0.52%,-4.77%,-3.46%,-5.02%,89,89,112,131,110,108,120,154,167,108,22.52%,0.07%,60.24%,89.92%,27.77%,143.4%,102.6%,196.5%,-1.13%,0.00%
2007/08/31,2007/07/31,-0.07%,0.64%,-0.14%,0.67%,-0.51%,0.97%,1.68%,1.17%,1.93%,1.64%,-0.19%,0.83%,-2.30%,-0.50%,1.50%,-0.75%,89,89,111,132,110,109,122,156,171,110,21.98%,0.74%,59.93%,91.49%,29.69%,141.6%,98.01%,195.1%,-1.32%,0.00%
2007/09/30,2007/08/31,-0.67%,-0.46%,-0.03%,-0.25%,1.00%,3.54%,2.88%,3.79%,3.01%,5.61%,-0.74%,-0.09%,-0.04%,1.80%,3.55%,1.83%,89,89,111,132,111,113,125,161,176,116,24.02%,2.83%,58.74%,91.32%,34.30%,146.0%,94.59%,200.4%,-2.06%,-0.09%
2007/10/31,2007/09/30,0.48%,0.73%,-2.00%,-0.05%,0.24%,2.80%,1.84%,0.96%,1.53%,5.22%,-1.08%,-1.51%,-1.86%,0.12%,2.05%,0.57%,89,90,109,132,111,116,128,163,178,122,23.73%,5.32%,57.03%,88.43%,37.05%,147.4%,91.72%,200.7%,-3.11%,-1.60%
2007/11/30,2007/10/31,0.79%,0.11%,0.38%,0.04%,-1.10%,-4.22%,-4.43%,-3.60%,-4.77%,-6.73%,-1.10%,-2.04%,-2.91%,-10.56%,-4.49%,-9.95%,90,90,110,132,110,111,122,157,170,114,21.39%,2.68%,55.30%,84.59%,30.89%,122.8%,81.26%,169.0%,-4.18%,-3.60%
2007/12/31,2007/11/30,-2.37%,-0.35%,-0.45%,-0.20%,0.27%,-2.12%,-0.88%,-0.17%,-0.58%,0.61%,0.80%,0.90%,-0.72%,-1.14%,-0.68%,-1.41%,88,90,109,132,110,109,121,157,169,115,24.60%,5.48%,56.54%,86.25%,30.00%,119.6%,79.95%,165.9%,-3.42%,-2.74%
2008/01/31,2007/12/31,0.63%,0.51%,1.08%,0.63%,2.66%,-7.37%,-4.87%,-5.46%,-6.43%,-6.94%,0.60%,-1.24%,0.58%,-7.01%,-5.98%,-6.63%,88,90,110,132,113,101,115,148,158,107,27.12%,5.94%,57.47%,83.93%,22.22%,105.1%,78.78%,147.3%,-2.84%,-3.95%
2008/02/29,2008/01/31,-2.88%,-0.10%,-0.14%,2.04%,-0.76%,-5.75%,-2.87%,-2.48%,-1.37%,-3.46%,-0.51%,0.28%,0.18%,-2.66%,-3.00%,-2.74%,86,90,110,135,112,95,112,145,156,103,29.82%,8.37%,56.68%,84.44%,18.56%,99.46%,79.24%,140.7%,-3.33%,-3.68%
2008/03/31,2008/02/29,-2.92%,-0.06%,0.72%,0.41%,0.28%,-2.74%,-0.83%,0.09%,-0.30%,-0.40%,0.58%,0.39%,-3.73%,-3.76%,-0.63%,-3.87%,83,90,111,136,113,93,111,145,155,103,33.97%,10.91%,57.58%,85.16%,17.81%,91.73%,73.42%,131.7%,-2.78%,-3.31%
2008/04/30,2008/03/31,0.56%,-0.20%,2.08%,-0.89%,0.23%,5.28%,3.90%,6.14%,4.22%,5.01%,0.39%,0.64%,-0.74%,3.03%,4.79%,2.84%,84,90,113,134,113,97,115,154,162,108,33.53%,10.60%,58.20%,86.33%,23.46%,97.17%,70.03%,138.7%,-2.40%,-2.69%
2008/05/31,2008/04/30,-1.31%,0.28%,-0.12%,-0.41%,-1.67%,2.65%,1.79%,2.16%,1.60%,2.01%,0.04%,0.50%,-0.83%,4.12%,1.98%,3.97%,83,90,113,134,111,100,117,157,165,110,33.05%,9.89%,58.25%,87.26%,25.90%,105.0%,73.41%,148.5%,-2.36%,-2.21%
2008/06/30,2008/05/31,1.33%,-1.71%,-1.79%,-0.43%,-2.24%,-7.52%,-9.23%,-9.51%,-7.43%,-8.49%,1.55%,1.74%,0.74%,-7.58%,-8.40%,-8.10%,84,88,111,133,109,92,106,142,152,101,28.30%,8.82%,60.70%,90.51%,15.32%,88.38%,73.92%,129.7%,-0.85%,-0.51%
2008/07/31,2008/06/30,-1.83%,2.05%,2.49%,-0.60%,-0.64%,-3.01%,2.42%,1.88%,-1.34%,-3.92%,-1.48%,-1.13%,-3.25%,-0.42%,-0.54%,-0.09%,82,90,114,133,108,90,109,145,150,97,29.83%,7.83%,58.32%,88.36%,14.70%,88.22%,74.71%,128.7%,-2.32%,-1.64%
2008/08/31,2008/07/31,0.17%,-0.42%,-0.41%,0.26%,-0.94%,1.75%,1.96%,1.92%,1.84%,0.08%,1.45%,1.47%,-1.95%,3.10%,1.65%,2.66%,82,90,113,133,107,91,111,148,153,97,28.38%,6.03%,60.61%,91.12%,16.60%,93.23%,76.48%,135.8%,-0.90%,-0.19%
2008/09/30,2008/08/31,0.18%,-0.75%,2.64%,-1.50%,-1.10%,-10.84%,-8.10%,-5.45%,-10.75%,-12.07%,-3.28%,-2.14%,-5.34%,-14.26%,-8.85%,-13.62%,82,89,116,131,106,81,102,139,137,85,26.73%,4.73%,55.34%,87.02%,6.28%,66.91%,68.06%,102.2%,-4.15%,-2.33%
2008/10/31,2008/09/30,-0.46%,-0.30%,1.32%,-1.52%,-5.60%,-19.01%,-16.34%,-14.58%,-17.05%,-23.68%,0.08%,0.71%,-0.69%,-21.81%,-17.40%,-22.03%,82,89,118,129,100,66,85,119,113,65,20.22%,-0.15%,55.47%,88.36%,-12.22%,30.15%,60.29%,58.07%,-4.08%,-1.63%
2008/11/30,2008/10/31,-2.59%,0.54%,2.82%,-2.51%,-1.80%,-10.21%,-8.09%,-4.56%,-10.00%,-10.92%,0.50%,0.12%,-3.54%,-15.01%,-7.97%,-15.05%,80,89,121,126,98,59,79,114,102,58,21.16%,-0.87%,56.25%,88.58%,-19.21%,10.57%,48.95%,34.34%,-3.59%,-1.52%
2008/12/31,2008/11/30,-0.17%,1.28%,0.92%,0.12%,-2.07%,1.83%,1.99%,2.92%,2.32%,0.27%,1.20%,0.26%,-2.41%,2.41%,2.00%,2.33%,80,90,122,126,96,60,80,117,104,58,18.86%,-2.42%,58.12%,89.07%,-17.59%,13.14%,49.43%,37.58%,-2.44%,-1.26%
2009/01/31,2008/12/31,4.41%,-0.67%,0.95%,-2.38%,-2.16%,-7.64%,-7.26%,-7.16%,-10.46%,-9.32%,4.37%,3.74%,12.88%,1.80%,-8.28%,0.68%,83,90,123,123,94,56,74,109,93,53,11.04%,-4.05%,65.04%,96.13%,-24.42%,13.92%,62.83%,40.06%,0.00%,0.00%
2009/02/28,2009/01/31,1.09%,-2.55%,-1.42%,0.39%,-2.17%,-9.54%,-10.06%,-10.10%,-10.16%,-12.39%,-1.55%,-0.63%,-4.35%,-12.88%,-10.22%,-12.69%,84,88,122,123,92,50,67,98,84,46,7.43%,-6.78%,62.47%,94.89%,-32.14%,-0.54%,58.81%,22.02%,-1.55%,-0.63%
2009/03/31,2009/02/28,2.33%,1.86%,0.05%,0.04%,-0.21%,10.88%,9.73%,7.36%,8.27%,9.91%,1.31%,7.71%,3.28%,21.95%,8.87%,19.64%,86,89,122,123,92,56,73,105,91,51,4.70%,-7.68%,64.60%,109.9%,-26.13%,18.99%,75.91%,48.80%,-0.26%,0.00%
2009/04/30,2009/03/31,2.65%,-1.19%,1.02%,-1.37%,1.35%,13.47%,8.87%,8.48%,10.17%,13.07%,-4.37%,0.87%,-3.34%,21.28%,10.45%,21.02%,88,88,123,122,93,63,80,114,100,57,3.34%,-8.05%,57.41%,111.7%,-18.40%,44.00%,94.49%,80.46%,-4.62%,0.00%
2009/05/31,2009/04/30,1.39%,-0.75%,-1.67%,-1.50%,1.93%,6.98%,4.66%,3.38%,3.65%,8.77%,2.63%,5.22%,6.00%,15.40%,5.16%,13.84%,90,87,121,120,95,68,84,118,104,62,3.89%,-6.40%,61.54%,122.8%,-14.20%,63.92%,111.4%,108.3%,-2.12%,0.00%
2009/06/30,2009/05/31,1.55%,0.60%,0.36%,-2.13%,0.57%,1.40%,0.46%,1.21%,-1.18%,-0.53%,3.17%,2.42%,6.15%,6.71%,0.39%,5.98%,91,88,121,117,95,69,84,119,103,62,2.88%,-8.21%,66.67%,128.2%,-13.86%,73.72%,123.2%,122.2%,0.00%,0.00%
2009/07/31,2009/06/30,-0.86%,0.87%,0.61%,-0.32%,-2.55%,6.97%,8.35%,7.86%,7.60%,8.45%,-1.63%,-0.41%,-3.70%,7.79%,7.78%,7.91%,90,89,122,117,93,73,91,128,110,67,1.15%,-6.85%,63.96%,127.3%,-7.16%,87.47%,123.5%,139.5%,-1.63%,-0.41%
2009/08/31,2009/07/31,-0.14%,-0.75%,0.68%,-1.70%,-1.11%,3.73%,3.13%,2.87%,2.63%,6.49%,2.28%,3.93%,4.62%,10.46%,3.49%,9.28%,90,88,123,115,92,76,94,132,113,72,0.17%,-4.28%,67.70%,136.2%,-3.92%,104.9%,136.4%,164.6%,0.00%,0.00%
2009/09/30,2009/08/31,-0.05%,0.75%,-0.92%,-1.98%,-0.25%,4.41%,4.76%,3.53%,3.06%,5.21%,-1.69%,0.96%,-0.80%,9.12%,4.15%,8.83%,90,89,122,113,92,80,98,137,117,75,-0.04%,-3.51%,64.86%,138.5%,0.06%,123.0%,147.5%,188.7%,-1.69%,0.00%
2009/10/31,2009/09/30,0.06%,0.25%,1.90%,0.32%,-1.14%,-2.52%,-2.07%,-1.34%,-3.94%,-4.45%,-2.13%,-2.72%,-4.37%,-9.67%,-2.59%,-8.86%,90,89,124,113,90,78,96,135,112,72,-1.23%,-5.38%,61.35%,132.0%,-2.53%,103.2%,132.0%,160.8%,-3.78%,-2.72%
2009/11/30,2009/10/31,-0.80%,0.49%,0.85%,-0.80%,0.61%,5.21%,5.93%,6.10%,4.72%,6.10%,-1.43%,-1.73%,-4.52%,-0.02%,5.59%,0.50%,89,89,125,112,91,82,102,143,117,76,0.16%,-4.54%,59.04%,128.0%,2.92%,104.2%,120.2%,160.7%,-5.16%,-4.41%
2009/12/31,2009/11/30,-0.43%,-0.56%,0.46%,0.70%,0.47%,2.52%,1.94%,2.46%,3.81%,3.94%,-0.32%,-1.24%,-0.82%,5.25%,2.80%,5.62%,89,89,126,113,91,84,104,147,122,79,1.06%,-3.19%,58.53%,125.1%,5.80%,115.7%,126.4%,174.4%,-5.46%,-5.60%
2010/01/31,2009/12/31,0.59%,0.33%,-0.86%,-1.66%,0.03%,-3.02%,-2.85%,-3.63%,-4.20%,-3.04%,-0.06%,0.53%,1.25%,-0.24%,-3.38%,-0.40%,90,89,125,111,91,81,101,141,117,77,0.49%,-3.21%,58.44%,126.3%,2.23%,114.9%,133.2%,173.8%,-5.52%,-5.10%
2010/02/28,2010/01/31,0.39%,-0.82%,1.05%,-0.30%,-0.55%,3.63%,3.15%,4.41%,2.79%,2.87%,1.16%,-0.02%,1.54%,3.76%,3.44%,3.77%,90,88,126,111,91,84,104,148,120,79,-0.46%,-3.95%,60.27%,126.3%,5.74%,123.0%,133.9%,184.1%,-4.42%,-5.12%
2010/03/31,2010/02/28,-0.37%,0.26%,1.33%,-0.83%,0.41%,5.79%,6.28%,7.86%,5.77%,6.78%,-1.50%,-1.63%,-0.80%,6.08%,6.36%,6.56%,90,89,128,110,91,89,111,159,127,85,0.32%,-3.00%,57.88%,122.6%,12.47%,137.6%,134.4%,201.3%,-5.85%,-6.66%
2010/04/30,2010/03/31,0.54%,0.12%,1.27%,-2.08%,0.61%,1.36%,2.46%,3.70%,0.97%,2.59%,2.51%,2.45%,5.47%,9.96%,2.11%,9.23%,90,89,129,108,92,90,113,165,128,87,0.39%,-1.80%,61.84%,128.0%,14.85%,159.5%,151.1%,231.3%,-3.49%,-4.38%
2010/05/31,2010/04/30,-0.04%,-0.33%,0.70%,1.40%,1.05%,-8.48%,-8.39%,-7.04%,-6.01%,-9.05%,-0.57%,-0.63%,-1.22%,-9.61%,-7.82%,-9.42%,90,89,130,109,93,83,104,153,120,79,1.49%,-2.36%,60.92%,126.6%,5.86%,135.1%,147.0%,199.5%,-4.04%,-4.97%
2010/06/30,2010/05/31,1.32%,1.28%,-0.31%,-0.52%,-0.16%,-5.52%,-5.08%,-5.18%,-6.20%,-5.80%,-0.88%,-1.95%,-2.11%,-9.45%,-5.53%,-8.87%,91,90,130,108,93,78,99,145,113,74,-0.01%,-2.63%,59.50%,122.2%,0.01%,114.2%,138.8%,171.2%,-4.88%,-6.82%
2010/07/31,2010/06/30,0.14%,-0.48%,0.31%,1.14%,-1.37%,7.79%,6.40%,6.67%,7.32%,6.53%,-0.28%,-0.23%,-2.18%,5.77%,7.01%,5.84%,91,89,130,110,91,84,105,155,121,79,-1.52%,-3.85%,59.06%,121.7%,7.02%,126.7%,136.0%,186.8%,-5.15%,-7.04%
2010/08/31,2010/07/31,0.39%,0.63%,0.97%,-0.18%,0.01%,-5.29%,-4.43%,-3.31%,-5.14%,-5.79%,-0.36%,-0.77%,-0.22%,-7.83%,-4.66%,-7.60%,92,90,131,109,91,80,100,150,115,75,-1.90%,-4.33%,58.49%,120.0%,2.02%,109.5%,129.1%,164.4%,-5.49%,-7.76%
2010/09/30,2010/08/31,-0.73%,-0.15%,1.04%,-0.18%,-0.71%,9.73%,10.40%,8.16%,8.84%,11.10%,-0.54%,-1.09%,-3.58%,9.95%,9.41%,10.28%,91,90,133,109,91,87,111,162,125,83,-1.89%,-3.03%,57.64%,117.6%,11.62%,131.0%,131.1%,190.7%,-6.00%,-8.76%
2010/10/31,2010/09/30,-1.37%,-0.07%,0.22%,1.38%,1.16%,3.02%,3.93%,3.30%,4.47%,5.67%,0.62%,0.27%,0.02%,4.78%,3.89%,4.70%,90,90,133,111,92,90,115,168,131,88,0.59%,-0.45%,58.61%,118.2%,15.96%,141.9%,133.0%,204.6%,-5.42%,-8.51%
2010/11/30,2010/10/31,0.66%,-0.52%,-1.09%,0.80%,0.01%,0.78%,0.70%,-0.51%,0.87%,1.09%,-0.63%,-1.25%,-2.24%,0.39%,0.54%,0.77%,90,89,132,112,92,91,116,167,132,88,-0.05%,-0.15%,57.61%,115.5%,16.58%,143.7%,133.5%,205.8%,-6.01%,-9.65%
2010/12/31,2010/11/30,-0.81%,0.17%,-1.38%,-0.96%,-0.97%,6.30%,8.92%,5.92%,5.97%,7.15%,0.53%,1.44%,1.24%,10.52%,6.70%,10.09%,90,89,130,111,91,96,126,177,140,95,-0.22%,0.71%,58.45%,118.6%,24.40%,168.3%,141.4%,238.0%,-5.52%,-8.35%
2011/01/31,2010/12/31,2.30%,-0.39%,-0.74%,-1.22%,0.16%,4.65%,2.09%,0.84%,0.63%,1.74%,2.49%,3.15%,4.24%,5.28%,2.06%,4.34%,92,89,129,109,91,101,129,178,141,96,-2.34%,-2.23%,62.40%,125.4%,26.96%,180.0%,146.9%,255.8%,-3.16%,-5.47%
2011/02/28,2011/01/31,0.44%,-1.39%,0.81%,-0.06%,0.64%,3.83%,2.11%,4.40%,3.25%,4.55%,0.11%,1.50%,-0.42%,5.49%,3.59%,5.04%,92,88,130,109,92,105,132,186,145,101,-2.15%,-1.52%,62.58%,128.8%,31.52%,194.1%,150.5%,275.3%,-3.05%,-4.05%
2011/03/31,2011/02/28,0.08%,-0.09%,0.31%,1.17%,0.35%,0.16%,0.13%,0.35%,0.85%,1.03%,0.51%,0.57%,-0.18%,1.68%,0.49%,1.51%,92,88,130,110,92,105,132,187,147,102,-1.89%,-0.67%,63.41%,130.1%,32.16%,198.5%,153.0%,281.7%,-2.56%,-3.50%
2011/04/30,2011/03/31,-0.60%,0.62%,0.70%,0.00%,-0.38%,2.73%,3.06%,3.16%,2.71%,3.23%,-0.28%,-0.69%,-1.59%,0.85%,2.97%,1.06%,92,88,131,110,92,108,136,193,151,105,-1.68%,-0.17%,62.95%,128.5%,36.08%,201.7%,148.2%,284.9%,-2.83%,-4.17%
2011/05/31,2011/04/30,-0.28%,0.06%,0.77%,0.54%,-0.74%,-1.19%,-1.48%,-0.59%,-1.14%,-2.08%,0.15%,-0.24%,-0.99%,-2.74%,-1.22%,-2.67%,91,88,132,111,91,107,134,191,149,103,-2.13%,-1.06%,63.19%,128.0%,34.42%,193.6%,144.6%,274.4%,-2.69%,-4.41%
2011/06/30,2011/05/31,0.30%,0.14%,0.38%,0.07%,0.84%,-1.83%,-1.80%,-1.44%,-2.05%,-1.60%,0.31%,0.23%,-0.92%,-3.23%,-1.74%,-3.30%,92,88,133,111,92,105,131,189,146,101,-1.60%,-0.83%,63.69%,128.5%,32.08%,183.9%,140.8%,262.3%,-2.39%,-4.18%
2011/07/31,2011/06/30,0.46%,0.75%,-0.06%,-0.10%,0.45%,-2.31%,-1.56%,-2.51%,-2.64%,-2.58%,-0.17%,-0.01%,0.46%,-2.24%,-2.26%,-2.23%,92,89,133,111,92,102,129,184,142,99,-1.62%,-1.10%,63.41%,128.5%,29.09%,177.6%,140.9%,254.2%,-2.55%,-4.20%
2011/08/31,2011/07/31,-0.36%,0.54%,0.12%,1.04%,0.30%,-7.12%,-5.49%,-5.55%,-5.42%,-7.41%,1.41%,1.46%,-1.51%,-9.67%,-5.89%,-10.11%,92,89,133,112,92,95,122,174,134,91,-0.97%,-1.38%,65.71%,131.8%,21.49%,149.5%,130.7%,219.9%,-1.18%,-2.80%
2011/09/30,2011/08/31,0.98%,-0.19%,0.50%,0.31%,-3.52%,-6.73%,-7.32%,-6.45%,-7.58%,-12.05%,0.47%,0.05%,-1.67%,-11.95%,-7.63%,-11.96%,93,89,133,113,89,88,113,162,124,80,-5.42%,-6.62%,66.48%,131.9%,12.22%,119.7%,120.7%,181.7%,-0.72%,-2.75%
2011/10/31,2011/09/30,-1.51%,-0.46%,-0.38%,0.66%,2.10%,9.97%,9.73%,10.58%,12.68%,15.99%,-0.92%,-0.50%,-3.78%,11.40%,11.39%,11.55%,91,89,133,113,91,97,124,180,140,93,-2.01%,-1.00%,64.95%,130.8%,25.00%,145.1%,121.1%,213.8%,-1.63%,-3.24%
2011/11/30,2011/10/31,-0.37%,0.90%,0.89%,0.45%,-0.48%,-0.85%,0.51%,0.18%,-0.70%,-1.91%,-0.42%,-1.33%,-2.53%,-4.31%,-0.35%,-3.91%,91,90,134,114,91,96,125,180,139,92,-2.11%,-2.04%,64.27%,127.7%,24.56%,135.5%,113.2%,200.3%,-2.04%,-4.53%
2011/12/31,2011/11/30,-0.15%,0.82%,1.52%,0.34%,-2.67%,0.12%,1.50%,2.31%,0.93%,-2.91%,0.04%,0.24%,-0.69%,-0.58%,0.85%,-0.65%,91,90,136,114,88,97,127,184,140,89,-4.58%,-5.01%,64.34%,128.2%,25.62%,133.9%,110.0%,198.5%,-2.00%,-4.30%
2012/01/31,2011/12/31,0.69%,-2.51%,-1.61%,0.30%,-1.36%,7.27%,1.71%,3.47%,6.73%,8.07%,-1.26%,-1.51%,0.54%,9.12%,5.09%,9.58%,91,88,134,115,87,104,129,191,149,96,-6.53%,-4.24%,62.28%,124.8%,32.02%,156.3%,119.4%,225.8%,-3.23%,-5.74%
2012/02/29,2012/01/31,2.02%,-1.18%,-1.27%,-0.37%,1.41%,6.61%,3.07%,3.06%,4.21%,5.87%,0.56%,0.97%,1.09%,5.01%,4.25%,4.72%,93,87,132,114,88,110,133,196,156,102,-7.10%,-4.95%,63.18%,127.0%,37.63%,168.5%,120.5%,242.1%,-2.69%,-4.82%
2012/03/31,2012/02/29,1.31%,0.68%,-1.17%,-0.03%,0.72%,4.39%,3.48%,1.80%,3.00%,3.62%,-0.05%,0.10%,0.61%,3.27%,3.15%,3.24%,95,88,131,114,89,115,137,200,160,105,-7.65%,-5.68%,63.10%,127.2%,41.95%,177.1%,120.7%,253.3%,-2.74%,-4.72%
2012/04/30,2012/03/31,0.52%,1.05%,0.77%,0.72%,-0.17%,-1.15%,-0.45%,-0.40%,-0.28%,-2.16%,0.54%,-0.12%,1.07%,-1.44%,-0.69%,-1.40%,95,89,132,115,89,114,137,199,160,103,-8.29%,-6.63%,63.98%,126.9%,40.97%,173.3%,119.1%,248.2%,-2.21%,-4.84%
2012/05/31,2012/04/30,1.30%,2.04%,-0.01%,0.42%,-3.02%,-6.11%,-4.33%,-6.09%,-5.28%,-11.58%,0.10%,0.12%,-0.32%,-8.44%,-6.09%,-8.48%,96,90,132,115,86,107,131,187,152,91,-12.25%,-11.74%,64.14%,127.2%,32.39%,150.1%,113.9%,218.8%,-2.12%,-4.73%
2012/06/30,2012/05/31,-0.39%,0.23%,1.02%,0.09%,-1.49%,3.49%,3.51%,4.80%,4.21%,3.47%,0.50%,0.34%,-0.74%,4.09%,3.98%,3.99%,96,91,133,115,85,111,136,196,158,94,-13.21%,-11.76%,64.96%,128.0%,37.67%,160.1%,113.9%,231.8%,-1.63%,-4.41%
2012/07/31,2012/06/30,0.26%,0.21%,0.51%,0.07%,0.13%,0.67%,1.01%,1.54%,0.47%,0.07%,0.89%,0.83%,1.25%,-0.70%,0.87%,-0.94%,96,91,134,116,85,111,137,199,159,94,-13.33%,-12.28%,66.44%,129.8%,38.87%,157.6%,110.0%,229.5%,-0.75%,-3.62%
2012/08/31,2012/07/31,1.82%,-1.00%,-0.92%,0.25%,0.05%,4.67%,1.17%,1.24%,3.14%,3.71%,-0.89%,-0.90%,-1.17%,2.78%,2.50%,3.05%,98,90,133,116,85,117,139,201,164,98,-14.86%,-13.13%,64.96%,127.8%,42.34%,165.5%,111.1%,238.7%,-1.63%,-4.49%
2012/09/30,2012/08/31,0.11%,-0.13%,0.06%,0.23%,-1.50%,2.77%,2.69%,2.39%,3.00%,1.63%,-0.29%,-0.26%,-0.80%,3.05%,2.56%,3.13%,98,90,133,116,84,120,142,206,169,99,-16.23%,-14.11%,64.48%,127.2%,45.99%,173.8%,112.3%,249.0%,-1.92%,-4.74%
2012/10/31,2012/09/30,-2.20%,1.47%,0.43%,0.33%,0.00%,-4.32%,-0.12%,-1.07%,-1.55%,-2.34%,-0.74%,-0.35%,-2.10%,-2.69%,-1.70%,-2.58%,96,91,133,117,84,115,142,204,166,97,-14.38%,-12.41%,63.26%,126.4%,43.50%,166.7%,110.5%,239.6%,-2.64%,-5.07%
2012/11/30,2012/10/31,-0.53%,-0.09%,-0.50%,0.41%,0.05%,0.44%,0.58%,0.27%,1.22%,1.04%,0.17%,-0.34%,-1.62%,-0.87%,0.66%,-0.77%,95,91,133,117,84,115,143,205,168,98,-13.89%,-11.88%,63.54%,125.6%,44.45%,164.6%,107.4%,236.7%,-2.48%,-5.40%
2012/12/31,2012/11/30,-0.45%,0.95%,0.21%,-0.37%,0.16%,-0.05%,1.98%,1.62%,1.35%,1.08%,-1.15%,-0.36%,-2.77%,1.88%,1.26%,1.99%,95,92,133,117,84,115,146,208,170,99,-13.36%,-10.89%,61.67%,124.8%,46.27%,169.9%,109.0%,243.0%,-3.59%,-5.74%
2013/01/31,2012/12/31,-1.62%,0.52%,0.41%,-0.05%,0.12%,3.78%,5.72%,6.59%,5.39%,6.29%,-0.48%,-0.30%,0.89%,7.52%,5.53%,7.61%,93,92,133,116,84,120,154,222,179,105,-11.85%,-8.65%,60.89%,124.1%,54.35%,190.4%,113.3%,268.8%,-4.06%,-6.02%
2013/02/28,2013/01/31,-0.29%,0.41%,-0.02%,-0.04%,0.11%,0.93%,1.46%,1.11%,1.34%,1.69%,-1.83%,-1.66%,-1.61%,-0.47%,1.30%,0.03%,93,93,133,116,84,121,156,224,182,107,-11.49%,-7.96%,57.95%,120.4%,56.35%,190.5%,110.6%,267.0%,-5.81%,-7.58%
2013/03/31,2013/02/28,0.37%,0.21%,-0.41%,-0.53%,-0.01%,4.18%,4.27%,3.66%,3.42%,4.53%,-0.13%,-0.31%,-0.30%,4.38%,4.00%,4.48%,93,93,133,116,84,126,163,232,188,112,-11.83%,-7.64%,57.74%,119.7%,62.60%,203.5%,111.6%,283.1%,-5.94%,-7.87%
2013/04/30,2013/03/31,0.00%,0.86%,-0.65%,0.35%,0.60%,1.13%,2.47%,0.77%,1.78%,2.42%,-0.00%,-0.04%,-0.53%,0.01%,1.68%,0.02%,93,94,132,116,85,127,167,234,191,115,-11.31%,-6.45%,57.73%,119.6%,65.33%,203.6%,108.1%,283.2%,-5.94%,-7.90%
2013/05/31,2013/04/30,0.79%,-0.62%,-0.93%,-0.95%,0.47%,3.56%,1.56%,2.05%,1.72%,4.23%,-0.20%,0.34%,-0.38%,5.30%,2.46%,5.19%,94,93,131,115,85,132,170,239,195,120,-11.60%,-5.83%,57.41%,120.4%,69.40%,219.4%,113.8%,303.5%,-6.13%,-7.59%
2013/06/30,2013/05/31,0.46%,-1.29%,-0.62%,1.02%,0.09%,-0.69%,-2.33%,-1.53%,-0.25%,-1.49%,-0.68%,-0.84%,-0.36%,-1.36%,-1.25%,-1.11%,95,92,130,116,85,131,166,235,194,118,-11.93%,-6.58%,56.35%,118.5%,67.28%,215.8%,114.1%,298.0%,-6.77%,-8.36%
2013/07/31,2013/06/30,0.62%,0.23%,-1.08%,0.22%,-1.68%,6.26%,5.73%,4.70%,5.62%,4.76%,0.95%,2.36%,1.47%,10.16%,5.46%,9.45%,95,92,128,117,84,139,175,246,205,123,-13.95%,-7.98%,57.83%,123.7%,76.41%,245.7%,122.7%,338.4%,-5.88%,-6.20%
2013/08/31,2013/07/31,-0.74%,0.71%,-1.26%,-0.42%,1.13%,-3.50%,-1.16%,-3.69%,-3.39%,-2.31%,-0.58%,-1.21%,0.81%,-3.21%,-2.84%,-2.84%,94,93,127,116,85,134,173,237,198,121,-12.34%,-6.89%,56.92%,121.0%,71.40%,235.9%,122.7%,324.4%,-6.42%,-7.33%
2013/09/30,2013/08/31,-0.03%,-1.01%,0.26%,-0.50%,0.79%,4.27%,2.96%,4.01%,3.12%,4.81%,0.09%,1.26%,0.59%,7.54%,3.76%,7.16%,94,92,127,115,85,140,178,247,204,126,-11.62%,-6.39%,57.06%,123.8%,77.84%,259.9%,130.2%,356.4%,-6.34%,-6.16%
2013/10/31,2013/09/30,-0.34%,-0.88%,-0.05%,1.42%,-0.18%,3.48%,3.19%,4.06%,5.57%,4.22%,0.03%,0.42%,-1.51%,2.88%,4.19%,2.76%,94,91,127,117,85,145,184,257,216,132,-11.49%,-5.70%,57.11%,124.7%,85.29%,269.8%,126.9%,369.6%,-6.31%,-5.76%
2013/11/30,2013/10/31,0.16%,-0.12%,-0.18%,-0.34%,-1.06%,3.67%,3.00%,2.78%,2.61%,2.40%,-0.49%,-0.90%,-0.06%,3.70%,2.86%,3.97%,94,91,127,117,84,150,189,264,221,135,-12.57%,-6.90%,56.34%,122.7%,90.59%,284.5%,129.5%,386.9%,-6.77%,-6.61%
2013/12/31,2013/11/30,0.19%,-0.36%,0.57%,-0.98%,-0.04%,3.11%,2.48%,3.43%,1.73%,2.86%,-0.18%,-0.18%,-0.56%,2.17%,2.61%,2.22%,94,91,128,116,84,155,194,273,225,139,-12.76%,-7.13%,56.06%,122.3%,95.56%,293.1%,128.6%,397.5%,-6.94%,-6.78%
2014/01/31,2013/12/31,-1.55%,1.86%,-0.27%,-0.03%,1.23%,-5.57%,-1.20%,-3.74%,-3.01%,-2.73%,1.53%,0.48%,5.98%,2.19%,-3.13%,2.05%,93,92,127,116,85,146,192,263,218,135,-10.34%,-4.49%,58.45%,123.4%,89.43%,301.1%,140.4%,408.4%,-5.51%,-6.33%
2014/02/28,2014/01/31,0.12%,0.29%,-0.15%,0.47%,-0.68%,4.85%,5.17%,4.61%,4.67%,4.18%,1.13%,1.13%,1.31%,5.91%,4.67%,5.57%,93,93,127,116,85,153,202,275,229,141,-11.06%,-5.14%,60.24%,125.9%,98.28%,323.5%,142.6%,438.4%,-4.45%,-5.27%
2014/03/31,2014/02/28,-0.98%,1.93%,1.35%,-0.93%,-0.59%,-0.54%,1.72%,0.62%,0.33%,0.06%,-0.76%,0.36%,-0.89%,-0.28%,0.51%,-0.39%,92,94,129,115,84,152,205,277,229,141,-10.71%,-4.56%,59.02%,126.7%,99.29%,321.8%,140.4%,436.9%,-5.17%,-4.94%
2014/04/30,2014/03/31,-0.48%,1.34%,0.45%,0.39%,-0.23%,-0.77%,1.76%,-0.64%,0.17%,-0.96%,-0.33%,-0.09%,-1.75%,-4.96%,-0.02%,-4.93%,92,96,129,115,84,151,209,275,230,139,-10.49%,-4.74%,58.50%,126.5%,99.24%,301.0%,128.6%,410.3%,-5.48%,-5.03%
2014/05/31,2014/04/30,-0.02%,0.13%,0.32%,-0.25%,0.60%,1.48%,2.29%,2.32%,1.92%,2.39%,-0.85%,-0.94%,-1.59%,-1.42%,2.10%,-1.13%,92,96,130,115,84,153,214,281,234,143,-9.94%,-3.88%,57.15%,124.3%,103.4%,296.5%,121.2%,403.1%,-6.29%,-5.92%
2014/06/30,2014/05/31,-0.73%,0.49%,-0.61%,0.13%,-0.50%,2.28%,3.40%,1.65%,2.14%,3.57%,-0.21%,-0.05%,-1.08%,4.70%,2.50%,4.71%,91,96,129,115,84,157,221,286,239,148,-9.73%,-2.64%,56.82%,124.2%,108.5%,315.2%,126.1%,426.7%,-6.49%,-5.97%
2014/07/31,2014/06/30,1.49%,-0.14%,-0.48%,-0.88%,2.28%,-1.05%,-2.74%,-1.96%,-2.16%,-1.71%,-0.48%,0.02%,0.49%,-4.89%,-1.95%,-4.89%,92,96,128,114,86,155,215,280,234,145,-9.02%,-3.28%,56.07%,124.3%,104.4%,294.9%,119.5%,401.0%,-6.93%,-5.95%
2014/08/31,2014/07/31,-0.78%,0.92%,-0.27%,-0.08%,0.14%,3.66%,4.88%,3.53%,4.35%,4.73%,-0.47%,-0.33%,-1.35%,3.23%,4.18%,3.33%,92,97,128,114,86,161,225,290,244,152,-8.18%,-2.24%,55.33%,123.5%,113.0%,308.0%,117.6%,417.2%,-7.37%,-6.26%
2014/09/30,2014/08/31,0.08%,-0.68%,-1.08%,0.85%,1.35%,-2.41%,-2.77%,-1.88%,-1.84%,-1.53%,-0.98%,-1.03%,-0.81%,-6.39%,-2.09%,-6.08%,92,96,127,115,87,157,219,285,240,150,-7.02%,-1.38%,53.81%,121.2%,108.5%,283.2%,108.9%,384.1%,-8.28%,-7.23%
2014/10/31,2014/09/30,-1.50%,0.21%,1.48%,1.17%,-1.10%,1.28%,2.38%,3.01%,3.97%,2.78%,-1.52%,-0.85%,-5.69%,1.34%,2.74%,1.60%,90,97,129,117,86,159,224,293,249,154,-6.65%,0.09%,51.47%,119.4%,114.2%,289.3%,106.5%,390.6%,-9.68%,-8.01%
2014/11/30,2014/10/31,-2.21%,-0.04%,2.15%,2.03%,-2.41%,0.00%,2.96%,4.18%,4.03%,0.41%,0.44%,0.78%,-0.67%,-0.24%,2.53%,-0.47%,88,97,131,119,84,159,231,305,259,155,-6.84%,0.50%,52.13%,121.1%,119.7%,287.5%,100.3%,389.5%,-9.28%,-7.30%
2014/12/31,2014/11/30,-0.74%,-0.02%,0.10%,0.96%,0.23%,-1.28%,-0.49%,0.14%,0.90%,0.92%,0.68%,0.47%,-1.72%,1.11%,-0.03%,0.97%,88,97,131,120,84,157,230,306,262,156,-5.94%,2.72%,53.17%,122.1%,119.6%,291.2%,102.3%,394.9%,-8.66%,-6.86%
2015/01/31,2014/12/31,0.53%,0.00%,-0.76%,0.65%,1.33%,-2.47%,-2.05%,-3.43%,-2.54%,-3.12%,-0.67%,-0.28%,-0.42%,-3.55%,-2.75%,-3.46%,88,97,130,121,85,153,225,295,255,151,-5.19%,2.05%,52.14%,121.5%,113.6%,277.7%,100.9%,377.3%,-9.28%,-7.13%
2015/02/28,2015/01/31,0.93%,-0.44%,-0.17%,-1.18%,-0.16%,6.68%,6.17%,5.16%,4.96%,6.17%,1.17%,1.46%,3.71%,9.12%,5.76%,8.69%,89,96,130,119,85,163,239,311,268,160,-6.22%,1.53%,53.93%,124.7%,125.9%,310.5%,106.8%,420.9%,-8.21%,-5.77%
2015/03/31,2015/02/28,-0.71%,-0.39%,0.21%,0.33%,-0.45%,-1.46%,-1.71%,-0.75%,-0.79%,-0.91%,-0.61%,-0.87%,-1.89%,-0.49%,-1.06%,-0.23%,88,96,130,120,85,161,235,308,265,159,-5.98%,2.10%,52.98%,122.8%,123.5%,309.5%,108.5%,418.3%,-8.77%,-6.59%
2015/04/30,2015/03/31,1.61%,0.12%,-0.48%,-0.14%,-0.21%,1.78%,1.50%,-0.31%,-0.10%,-0.16%,-0.29%,2.29%,1.19%,2.33%,0.40%,1.65%,90,96,130,120,85,164,238,307,265,159,-7.69%,0.12%,52.55%,127.9%,124.4%,316.3%,111.1%,430.4%,-9.03%,-4.45%
2015/05/31,2015/04/30,-0.53%,1.30%,-0.66%,-0.67%,0.86%,0.89%,1.33%,1.05%,1.28%,2.34%,0.90%,0.45%,0.22%,1.49%,1.29%,1.36%,89,97,129,119,85,165,242,311,269,162,-6.41%,1.57%,53.93%,128.9%,127.3%,321.9%,111.2%,438.3%,-8.21%,-4.02%
2015/06/30,2015/05/31,-0.52%,0.11%,-0.44%,-0.39%,0.02%,-1.44%,-1.94%,-1.91%,-1.73%,-0.71%,-0.05%,-0.22%,-1.15%,-0.93%,-1.63%,-0.87%,89,97,128,118,85,163,237,305,264,161,-5.91%,2.30%,53.84%,128.4%,123.6%,318.3%,112.8%,433.3%,-8.26%,-4.23%
2015/07/31,2015/06/30,0.43%,-0.84%,-0.03%,0.63%,0.39%,-0.07%,1.02%,3.02%,1.90%,2.15%,0.11%,0.47%,-0.48%,-3.33%,1.67%,-3.47%,89,96,128,119,86,163,239,314,269,165,-5.94%,4.58%,54.01%,129.4%,127.3%,303.8%,101.9%,415.5%,-8.16%,-3.78%
2015/08/31,2015/07/31,0.74%,-0.14%,0.35%,0.16%,-0.54%,-6.20%,-6.05%,-5.64%,-5.89%,-6.41%,1.48%,0.44%,0.16%,-5.29%,-5.98%,-5.42%,90,96,129,119,85,153,225,296,253,154,-7.14%,4.36%,56.28%,130.4%,113.7%,281.9%,103.0%,388.2%,-6.81%,-3.36%
2015/09/30,2015/08/31,-1.45%,-0.13%,0.09%,0.53%,1.02%,-5.70%,-3.43%,-2.33%,-1.88%,-2.00%,0.90%,1.07%,-0.86%,-5.98%,-2.82%,-6.30%,89,96,129,120,86,144,217,289,248,151,-4.84%,8.23%,57.70%,132.9%,107.7%,257.8%,95.96%,359.1%,-5.96%,-2.33%
2015/10/31,2015/09/30,-0.07%,0.49%,0.09%,0.16%,0.51%,8.16%,7.09%,7.38%,7.58%,8.61%,0.46%,0.81%,-1.00%,6.08%,7.68%,5.83%,89,97,129,120,87,156,233,311,267,164,-4.30%,8.72%,58.43%,134.8%,123.6%,278.7%,92.35%,387.0%,-5.53%,-1.54%
2015/11/30,2015/10/31,-2.32%,-0.26%,-0.53%,0.54%,2.34%,-0.66%,0.27%,-0.08%,1.06%,2.09%,1.27%,2.86%,-0.15%,5.55%,0.55%,4.69%,87,96,128,121,89,155,233,310,270,168,0.16%,11.71%,60.44%,141.5%,124.8%,296.5%,100.3%,414.0%,-4.32%,0.00%
2015/12/31,2015/11/30,0.04%,-0.06%,0.30%,0.33%,-1.55%,-2.52%,-2.66%,-1.58%,-1.29%,-2.60%,0.13%,0.09%,-0.09%,-4.19%,-2.07%,-4.21%,87,96,129,121,87,151,227,305,266,163,-1.44%,11.63%,60.66%,141.7%,120.2%,279.8%,96.03%,392.5%,-4.20%,0.00%
2016/01/31,2015/12/31,0.85%,-0.73%,-0.19%,0.69%,-0.95%,-6.18%,-6.98%,-4.73%,-4.08%,-7.09%,1.31%,0.88%,-1.63%,-10.39%,-5.64%,-10.65%,87,96,128,122,86,141,211,291,256,152,-3.22%,10.61%,62.76%,143.9%,107.8%,239.3%,86.20%,341.3%,-2.94%,0.00%
2016/02/29,2016/01/31,-1.30%,0.52%,1.26%,1.41%,-1.61%,-0.95%,0.44%,0.26%,0.71%,-1.15%,-0.01%,-0.59%,-1.18%,-0.43%,-0.05%,-0.26%,86,96,130,124,85,140,212,292,257,150,-3.51%,10.39%,62.74%,142.4%,107.6%,238.4%,85.83%,339.4%,-2.96%,-0.59%
2016/03/31,2016/02/29,-0.45%,1.52%,0.85%,0.44%,0.41%,6.92%,7.68%,6.61%,6.79%,7.61%,1.49%,2.86%,0.93%,10.56%,7.08%,9.70%,86,98,131,124,85,150,228,311,275,161,-2.68%,11.15%,65.16%,149.4%,122.4%,271.3%,90.70%,385.8%,-1.51%,0.00%
2016/04/30,2016/03/31,1.36%,0.80%,-2.72%,1.82%,-1.68%,2.90%,1.28%,-1.91%,1.79%,-0.95%,0.01%,0.40%,2.82%,4.75%,0.81%,4.63%,87,98,128,127,84,154,231,305,280,160,-5.64%,6.88%,65.17%,150.4%,124.2%,288.5%,97.98%,408.9%,-1.51%,0.00%
2016/05/31,2016/04/30,0.04%,0.16%,0.33%,-0.52%,-0.03%,1.39%,1.88%,2.42%,1.45%,2.24%,-2.39%,-3.17%,-2.87%,-1.80%,1.79%,-0.85%,87,98,128,126,84,156,236,312,284,163,-5.70%,7.79%,61.23%,142.4%,128.2%,285.2%,92.74%,399.8%,-3.86%,-3.17%
2016/06/30,2016/05/31,-0.74%,0.15%,1.52%,0.05%,0.44%,-0.89%,0.24%,1.53%,0.45%,0.30%,-0.22%,0.19%,-1.99%,-1.02%,0.26%,-1.08%,86,99,130,126,84,155,236,317,285,164,-4.59%,9.07%,60.87%,142.9%,128.8%,281.0%,90.16%,394.7%,-4.07%,-2.98%
2016/07/31,2016/06/30,-0.41%,-0.42%,0.66%,0.74%,0.11%,4.37%,3.67%,3.84%,3.64%,4.33%,1.41%,0.90%,1.11%,7.04%,3.96%,6.77%,86,98,131,127,84,162,245,329,296,171,-4.10%,9.03%,63.15%,145.1%,137.9%,306.8%,95.50%,429.5%,-2.71%,-2.11%
2016/08/31,2016/07/31,0.90%,-0.67%,-0.94%,0.02%,0.56%,1.30%,0.23%,-0.42%,-0.01%,0.38%,-0.08%,0.15%,0.15%,2.03%,0.32%,1.99%,87,98,130,127,85,164,245,328,296,172,-4.42%,8.04%,63.01%,145.4%,138.6%,314.9%,98.77%,440.2%,-2.79%,-1.96%
2016/09/30,2016/08/31,0.30%,1.04%,-0.18%,-1.22%,-0.23%,0.75%,1.37%,-0.21%,-0.82%,0.20%,1.14%,1.15%,1.42%,4.03%,0.19%,3.69%,87,99,129,125,85,165,249,327,293,172,-4.93%,7.44%,64.88%,148.3%,139.1%,330.2%,105.7%,462.0%,-1.68%,-0.84%
2016/10/31,2016/09/30,0.04%,0.05%,-1.18%,-0.60%,2.20%,-2.60%,-2.47%,-2.30%,-2.57%,-0.27%,-0.15%,-0.14%,0.02%,-6.43%,-2.12%,-6.39%,87,99,128,125,87,161,243,320,286,172,-2.88%,9.93%,64.64%,147.9%,134.0%,302.7%,96.94%,425.9%,-1.82%,-0.97%
2016/11/30,2016/10/31,-0.18%,0.22%,0.68%,1.32%,-0.32%,4.86%,4.45%,4.46%,4.54%,4.58%,-1.93%,-0.46%,-2.70%,7.50%,4.59%,7.64%,87,99,129,126,86,169,253,334,299,179,-3.01%,9.63%,61.45%,146.8%,144.7%,333.5%,102.9%,465.3%,-3.72%,-1.43%
2016/12/31,2016/11/30,-0.46%,0.81%,0.75%,-0.28%,-0.05%,1.33%,2.97%,2.19%,1.59%,1.90%,-1.46%,-0.52%,-1.32%,1.05%,1.94%,1.21%,86,100,130,126,86,171,261,341,303,183,-2.62%,10.26%,59.09%,145.5%,149.5%,338.8%,101.5%,471.3%,-5.13%,-1.94%
2017/01/31,2016/12/31,0.32%,-0.14%,-1.02%,0.12%,0.21%,2.38%,1.81%,0.76%,1.85%,2.68%,2.14%,2.55%,2.49%,4.36%,1.89%,3.60%,87,99,128,126,86,175,266,344,309,188,-2.72%,10.59%,62.49%,151.8%,154.2%,354.5%,104.9%,496.2%,-3.10%,0.00%
2017/02/28,2017/01/31,-1.20%,1.94%,0.04%,-0.12%,-0.63%,2.40%,5.55%,3.42%,3.18%,3.85%,-1.14%,-1.07%,-1.10%,0.71%,3.64%,1.03%,86,101,128,126,86,179,280,356,319,195,-2.17%,12.20%,60.64%,149.1%,163.5%,359.2%,99.57%,500.5%,-4.21%,-1.07%
2017/03/31,2017/02/28,-0.08%,-0.31%,-0.19%,-0.12%,0.37%,0.00%,-0.70%,0.23%,0.40%,0.73%,0.61%,1.04%,-1.20%,0.99%,0.13%,0.68%,86,101,128,126,86,179,278,357,320,196,-1.72%,13.02%,61.62%,151.7%,163.8%,362.4%,100.7%,506.5%,-3.62%,-0.04%
2017/04/30,2017/03/31,-0.34%,-0.88%,0.15%,0.36%,0.29%,0.67%,-0.09%,1.53%,1.73%,1.52%,-0.16%,1.25%,-2.24%,1.25%,1.11%,0.87%,85,100,128,126,86,180,278,362,325,199,-1.10%,13.98%,61.35%,154.8%,166.7%,366.4%,100.2%,514.0%,-3.78%,0.00%
2017/05/31,2017/04/30,0.60%,0.19%,-0.54%,-0.61%,-0.65%,1.80%,0.26%,1.33%,0.95%,0.97%,-0.89%,-1.11%,-1.90%,-2.55%,1.06%,-2.22%,86,100,128,125,86,183,279,367,329,201,-2.35%,13.03%,59.92%,152.0%,169.6%,356.0%,93.61%,498.3%,-4.64%,-1.11%
2017/06/30,2017/05/31,0.98%,0.13%,-0.01%,-0.07%,-0.22%,1.59%,0.81%,0.55%,1.04%,0.53%,-0.08%,0.53%,1.03%,4.53%,0.90%,4.37%,87,101,128,125,86,186,281,369,332,202,-3.52%,11.83%,59.80%,153.3%,172.0%,375.9%,100.3%,525.4%,-4.71%,-0.58%
2017/07/31,2017/06/30,0.14%,-0.44%,-0.78%,-1.06%,2.03%,1.94%,1.43%,1.28%,1.18%,4.05%,0.21%,-0.69%,-0.42%,-1.14%,1.93%,-0.94%,87,100,127,124,87,190,285,374,336,210,-1.69%,14.19%,60.13%,151.6%,177.2%,371.5%,94.58%,518.3%,-4.51%,-1.27%
2017/08/31,2017/07/31,0.38%,-0.33%,0.19%,-0.35%,-0.26%,0.61%,0.22%,0.80%,-0.29%,0.02%,-0.53%,-1.62%,0.07%,-2.38%,0.26%,-1.89%,87,100,127,124,87,191,286,377,335,211,-2.32%,13.52%,59.28%,147.5%,177.9%,362.5%,90.40%,503.5%,-5.02%,-2.87%
2017/09/30,2017/08/31,0.43%,-0.20%,-0.57%,-0.32%,0.61%,2.58%,2.06%,2.73%,2.01%,3.35%,1.44%,0.45%,2.04%,8.45%,2.47%,8.32%,88,100,126,123,88,196,292,387,342,218,-2.14%,14.39%,61.57%,148.6%,184.8%,401.0%,101.5%,554.6%,-3.65%,-2.43%
2017/10/31,2017/09/30,1.08%,-1.13%,0.00%,-1.22%,1.08%,3.01%,1.35%,2.42%,1.58%,3.34%,-1.33%,-2.33%,-1.13%,-2.80%,2.24%,-2.10%,88,98,126,122,89,202,296,396,347,225,-2.15%,14.76%,59.43%,142.8%,191.2%,390.5%,92.79%,536.2%,-4.93%,-4.70%
2017/11/30,2017/10/31,-0.66%,0.76%,2.25%,-0.38%,-1.95%,2.61%,3.86%,4.93%,3.10%,1.71%,0.34%,-0.25%,0.90%,3.11%,3.22%,3.19%,88,99,129,121,87,207,307,416,358,229,-3.41%,13.72%,59.97%,142.2%,200.6%,406.1%,92.72%,556.0%,-4.61%,-4.94%
2017/12/31,2017/11/30,-0.42%,-0.83%,0.16%,0.87%,-0.14%,1.17%,0.31%,1.06%,1.95%,1.15%,0.65%,1.45%,2.39%,3.81%,1.10%,3.38%,88,98,129,122,87,210,308,420,365,231,-3.14%,13.69%,61.02%,145.7%,203.8%,423.2%,97.12%,581.0%,-3.98%,-3.56%
2018/01/31,2017/12/31,1.25%,-2.34%,-0.68%,-0.92%,2.15%,7.85%,3.22%,4.48%,5.13%,8.18%,2.66%,3.01%,4.23%,6.52%,5.34%,5.62%,89,96,128,121,89,226,318,439,384,250,-2.27%,14.06%,65.30%,153.1%,220.1%,452.6%,97.68%,625.5%,-1.43%,-0.66%
2018/02/28,2018/01/31,1.35%,-0.19%,-2.17%,-0.40%,1.66%,-2.58%,-3.55%,-5.03%,-4.22%,-2.44%,1.25%,0.88%,0.38%,-3.93%,-3.65%,-4.19%,90,96,126,121,90,220,307,417,367,244,-1.96%,14.21%,67.36%,155.4%,208.4%,429.5%,96.61%,597.0%,-0.20%,0.00%
2018/03/31,2018/02/28,1.91%,1.01%,0.10%,0.17%,-1.08%,-0.96%,-0.82%,-1.71%,-2.75%,-3.33%,-0.37%,-0.67%,-2.11%,-0.90%,-1.98%,-0.70%,92,97,126,121,89,218,304,410,357,236,-4.89%,11.50%,66.74%,153.7%,202.3%,425.8%,99.11%,590.7%,-0.57%,-0.67%
2018/04/30,2018/03/31,1.91%,-0.54%,-0.76%,-0.09%,-0.48%,2.19%,-0.05%,-0.27%,0.35%,0.00%,0.11%,0.10%,-0.26%,1.06%,0.43%,1.03%,93,96,125,121,89,223,304,409,359,236,-7.17%,9.06%,66.93%,153.9%,203.6%,431.2%,100.3%,598.0%,-0.45%,-0.57%
2018/05/31,2018/04/30,-1.28%,-1.05%,0.02%,0.25%,0.78%,2.18%,1.64%,3.06%,2.96%,3.87%,1.16%,0.53%,-0.30%,5.93%,2.78%,5.77%,92,95,125,121,89,228,309,421,369,245,-5.25%,10.91%,68.87%,155.3%,212.0%,461.8%,106.3%,639.4%,0.00%,-0.03%
2018/06/30,2018/05/31,1.28%,0.47%,1.28%,-0.35%,-1.45%,1.99%,1.03%,1.98%,-0.07%,-0.36%,0.32%,0.35%,-2.12%,0.44%,0.75%,0.34%,93,96,126,121,88,232,312,430,369,244,-7.84%,8.30%,69.41%,156.2%,214.4%,463.7%,105.4%,642.7%,0.00%,0.00%
2018/07/31,2018/06/30,0.26%,-0.20%,0.15%,0.70%,-1.24%,3.99%,2.44%,3.12%,4.35%,2.48%,-1.40%,-1.82%,-3.59%,-2.33%,3.27%,-1.78%,94,96,127,121,87,242,320,443,385,250,-9.22%,6.66%,67.04%,151.5%,224.7%,453.7%,95.06%,625.4%,-1.40%,-1.82%
2018/08/31,2018/07/31,1.72%,-0.78%,-0.74%,-0.89%,0.09%,5.97%,1.41%,2.37%,2.70%,5.20%,-0.83%,0.77%,-0.35%,5.82%,3.55%,5.59%,95,95,126,120,87,256,324,453,395,263,-10.70%,5.84%,65.65%,153.4%,236.2%,484.6%,99.04%,667.7%,-2.22%,-1.06%
2018/09/30,2018/08/31,0.14%,-0.56%,0.77%,0.02%,-0.84%,0.70%,-0.89%,0.66%,0.26%,-0.26%,0.79%,2.06%,0.17%,0.18%,0.10%,-0.44%,95,94,127,120,86,258,321,456,396,263,-11.57%,4.83%,66.96%,158.7%,236.6%,482.1%,97.96%,669.0%,-1.45%,0.00%
2018/10/31,2018/09/30,-1.45%,2.38%,1.48%,-0.17%,1.53%,-11.46%,-4.67%,-5.59%,-7.33%,-7.82%,0.07%,0.24%,-0.12%,-11.88%,-7.27%,-11.95%,94,97,128,120,88,228,306,431,367,242,-8.94%,8.64%,67.08%,159.3%,212.1%,412.5%,88.68%,577.7%,-1.37%,0.00%
2018/11/30,2018/10/31,0.63%,1.16%,2.00%,0.98%,-3.57%,2.68%,3.01%,3.61%,2.98%,-1.64%,-0.22%,-0.06%,-2.60%,-0.96%,1.99%,-0.94%,94,98,131,121,85,234,316,447,378,238,-12.76%,3.94%,66.72%,159.1%,218.3%,407.7%,83.16%,571.2%,-1.59%,-0.06%
2018/12/31,2018/11/30,0.35%,-1.35%,-0.35%,-0.06%,0.88%,-10.08%,-9.34%,-9.90%,-8.71%,-9.13%,-0.61%,-0.51%,-1.62%,-13.75%,-9.28%,-13.60%,95,96,131,121,85,211,286,402,345,216,-12.30%,4.93%,65.69%,157.8%,188.8%,338.7%,75.24%,478.9%,-2.19%,-0.57%
2019/01/31,2018/12/31,1.14%,0.27%,-0.48%,-1.39%,0.90%,11.44%,7.44%,9.81%,7.81%,8.81%,-1.22%,-2.09%,1.26%,13.40%,8.72%,14.03%,96,97,130,120,86,235,307,442,372,235,-12.51%,2.17%,63.67%,152.4%,214.0%,400.2%,84.54%,556.5%,-3.39%,-2.65%
2019/02/28,2019/01/31,-0.09%,-0.04%,-2.20%,0.22%,0.45%,4.29%,2.92%,2.07%,3.23%,4.58%,0.74%,0.95%,0.45%,6.63%,3.43%,6.35%,96,97,127,120,86,245,316,451,384,246,-12.03%,2.47%,64.88%,154.8%,224.7%,431.9%,89.92%,600.0%,-2.68%,-1.72%
2019/03/31,2019/02/28,-1.42%,0.88%,0.11%,-0.05%,-0.04%,0.65%,1.45%,1.78%,1.50%,1.67%,0.85%,-0.24%,0.77%,-1.02%,1.41%,-0.95%,94,97,127,120,86,247,321,459,390,250,-10.82%,3.51%,66.28%,154.2%,229.3%,426.9%,85.45%,592.9%,-1.85%,-1.96%
2019/04/30,2019/03/31,0.83%,0.56%,-0.72%,-1.12%,0.49%,5.33%,4.50%,3.52%,2.66%,4.73%,0.27%,0.43%,-0.96%,2.62%,4.02%,2.49%,95,98,126,119,87,260,335,475,400,262,-11.13%,2.89%,66.72%,155.3%,242.5%,440.0%,82.63%,611.0%,-1.59%,-1.54%
2019/05/31,2019/04/30,-0.23%,2.39%,0.89%,0.53%,-1.93%,-6.86%,-4.25%,-5.81%,-6.09%,-9.19%,-0.80%,0.03%,1.16%,-7.59%,-6.47%,-7.60%,95,100,127,119,85,242,321,448,376,238,-12.64%,0.49%,65.38%,155.4%,220.4%,399.0%,80.56%,557.0%,-2.38%,-1.50%
2019/06/30,2019/05/31,-1.24%,0.06%,0.22%,-0.22%,0.49%,6.74%,6.32%,6.69%,6.87%,8.03%,-1.61%,-3.33%,-4.55%,3.33%,6.83%,4.33%,94,100,128,119,86,258,341,477,402,257,-11.12%,1.80%,62.71%,146.9%,242.2%,420.6%,76.04%,578.9%,-3.95%,-4.78%
2019/07/31,2019/06/30,0.08%,-0.26%,0.71%,-0.08%,0.20%,1.58%,0.91%,1.90%,1.01%,1.96%,-0.53%,-0.03%,-0.46%,-1.01%,1.45%,-1.00%,94,100,129,119,86,262,345,486,406,262,-11.02%,2.18%,61.85%,146.8%,247.2%,415.3%,71.72%,572.0%,-4.46%,-4.81%
2019/08/31,2019/07/31,0.45%,2.01%,-0.31%,-0.44%,-1.64%,-2.61%,-0.39%,-2.53%,-3.23%,-1.42%,-2.36%,-2.53%,-2.47%,-8.21%,-2.11%,-7.45%,94,102,128,118,84,255,343,474,393,259,-12.88%,3.39%,58.02%,140.6%,239.9%,376.9%,62.54%,516.8%,-6.72%,-7.22%
2019/09/30,2019/08/31,-0.91%,0.11%,0.50%,0.20%,3.46%,0.72%,1.77%,1.74%,2.30%,2.00%,0.14%,-0.38%,0.22%,1.44%,1.76%,1.55%,93,102,129,118,87,257,349,482,402,264,-9.06%,4.72%,58.25%,139.7%,245.8%,384.3%,62.22%,525.7%,-6.59%,-7.57%
2019/10/31,2019/09/30,0.47%,-0.44%,-0.21%,-0.29%,0.23%,2.80%,1.54%,1.65%,2.12%,3.17%,-1.25%,-0.84%,-4.12%,-1.09%,2.20%,-0.83%,94,102,129,118,88,265,355,490,410,272,-9.29%,5.11%,56.27%,137.6%,253.4%,380.3%,57.30%,518.9%,-7.76%,-8.34%
2019/11/30,2019/10/31,2.07%,-0.81%,-0.12%,-1.91%,-0.68%,6.11%,2.65%,3.39%,2.79%,3.79%,-0.32%,0.29%,-1.71%,4.88%,3.75%,4.79%,96,101,128,116,87,281,364,507,422,282,-11.79%,2.67%,55.77%,138.3%,266.7%,403.3%,58.94%,549.1%,-8.05%,-8.08%
2019/12/31,2019/11/30,-0.82%,-0.08%,-0.10%,0.28%,0.90%,2.40%,2.64%,2.55%,2.96%,3.46%,-1.13%,-0.83%,-1.23%,2.92%,2.79%,3.17%,95,101,128,116,88,287,374,520,434,292,-10.27%,3.76%,54.02%,136.4%,276.9%,419.3%,59.54%,568.1%,-9.09%,-8.84%
2020/01/31,2019/12/31,0.09%,-0.24%,-0.64%,0.04%,-1.14%,-0.01%,-0.45%,-0.49%,0.20%,1.04%,-0.81%,0.17%,1.68%,0.39%,0.06%,0.34%,95,101,127,116,87,287,372,517,435,295,-11.37%,4.85%,52.77%,136.8%,277.2%,421.0%,59.98%,570.7%,-9.82%,-8.68%
2020/02/29,2020/01/31,-0.00%,-0.32%,-0.54%,-0.99%,0.63%,-8.10%,-8.17%,-7.41%,-8.11%,-8.13%,-0.71%,0.99%,-1.64%,-5.38%,-8.00%,-5.68%,95,100,127,115,87,264,342,479,400,271,-10.81%,4.81%,51.68%,139.1%,247.0%,391.4%,63.70%,534.6%,-10.46%,-7.78%
2020/03/31,2020/02/29,-4.15%,-0.62%,-5.85%,-0.41%,1.09%,-16.80%,-15.72%,-18.34%,-10.97%,-9.70%,0.49%,-4.24%,-5.16%,-25.20%,-13.57%,-23.93%,91,100,119,115,88,220,288,391,356,245,-6.13%,12.25%,52.42%,129.0%,199.9%,273.8%,46.74%,374.7%,-10.03%,-11.69%
2020/04/30,2020/03/31,0.18%,0.24%,0.19%,-0.90%,1.70%,13.06%,13.12%,12.89%,11.58%,16.61%,2.33%,4.29%,4.54%,24.18%,13.44%,22.89%,91,100,120,114,90,248,326,442,397,286,-4.71%,16.23%,55.98%,138.8%,240.2%,359.4%,60.62%,489.4%,-7.93%,-7.90%
2020/05/31,2020/04/30,-0.17%,-0.64%,1.22%,-0.56%,-2.09%,5.46%,4.29%,7.34%,4.91%,5.65%,-4.10%,-2.67%,-3.84%,7.69%,5.40%,8.49%,91,99,121,113,88,262,340,474,417,302,-6.55%,16.46%,49.58%,132.4%,258.6%,398.4%,65.57%,534.7%,-11.71%,-10.36%
2020/06/30,2020/05/31,-2.00%,-1.29%,-0.25%,-2.27%,3.65%,1.60%,1.26%,1.67%,0.35%,6.38%,3.47%,4.56%,5.00%,12.58%,2.43%,11.21%,89,98,121,110,91,266,344,482,418,321,-1.27%,22.03%,54.77%,143.0%,267.3%,454.3%,80.11%,614.6%,-8.64%,-6.28%
2020/07/31,2020/06/30,-1.62%,-1.73%,-2.76%,0.82%,0.73%,4.70%,3.05%,3.47%,6.72%,8.78%,3.39%,1.72%,2.92%,5.64%,5.73%,5.12%,88,96,117,111,92,279,354,499,446,349,1.06%,27.00%,60.02%,147.2%,288.3%,482.7%,79.02%,654.9%,-5.54%,-4.67%
2020/08/31,2020/07/31,-2.12%,-1.96%,-1.38%,-2.35%,2.18%,5.88%,4.75%,5.60%,5.91%,11.90%,-3.12%,-3.11%,-6.87%,1.72%,7.38%,2.66%,86,94,116,109,94,295,371,527,473,391,5.40%,34.65%,55.02%,139.5%,317.0%,498.1%,70.57%,667.9%,-8.49%,-7.63%
2020/09/30,2020/08/31,0.04%,-0.01%,1.66%,-0.45%,-1.88%,-3.05%,-3.66%,-1.43%,-3.80%,-4.93%,0.29%,0.47%,1.22%,-2.34%,-3.61%,-2.49%,86,94,118,108,92,286,358,519,455,371,3.38%,32.12%,55.47%,140.6%,301.9%,483.3%,72.49%,649.9%,-8.23%,-7.20%
2020/10/31,2020/09/30,-2.59%,2.01%,-0.27%,0.74%,1.12%,-4.12%,0.07%,-1.30%,-2.36%,-2.45%,-0.16%,-1.60%,-2.14%,-0.23%,-2.11%,0.25%,84,96,117,109,93,274,358,512,444,362,7.22%,34.32%,55.22%,136.8%,293.4%,484.7%,76.56%,648.1%,-8.38%,-8.68%
2020/11/30,2020/10/31,3.03%,-0.43%,1.24%,0.33%,-2.32%,15.27%,11.95%,13.42%,11.44%,10.69%,-6.32%,-6.25%,-3.48%,17.39%,12.26%,19.26%,86,96,119,109,91,316,401,581,495,401,1.47%,28.16%,45.42%,122.0%,341.6%,597.3%,88.92%,778.2%,-14.16%,-14.39%
2020/12/31,2020/11/30,-1.78%,-1.27%,1.10%,-1.18%,-1.37%,4.52%,3.83%,5.50%,3.32%,5.30%,0.22%,1.14%,-1.18%,12.48%,4.57%,12.14%,85,95,120,108,90,331,416,613,511,422,1.90%,29.17%,45.74%,124.5%,361.8%,682.0%,103.2%,887.8%,-13.97%,-13.41%
2021/01/31,2020/12/31,-2.84%,1.09%,-0.45%,-2.02%,1.26%,-0.93%,0.77%,-0.87%,-1.37%,2.08%,4.08%,1.78%,8.47%,14.61%,-0.12%,14.07%,82,96,120,106,91,327,419,608,504,431,6.08%,33.05%,51.69%,128.5%,361.3%,792.0%,132.1%,1032%,-10.46%,-11.87%
