Date,fdate,momentum36_AR_1,momentum36_AR_2,momentum36_AR_3,momentum36_AR_4,momentum36_AR_5,momentum36_TR_1,momentum36_TR_2,momentum36_TR_3,momentum36_TR_4,momentum36_TR_5,momentum36_AR_Sig,momentum36_TR_Sig,momentum36_AR_130,momentum36_TR_130,momentum36_TR_BP,momentum36_TR_LO,momentum36_CAR_1,momentum36_CAR_2,momentum36_CAR_3,momentum36_CAR_4,momentum36_CAR_5,momentum36_CTR_1,momentum36_CTR_2,momentum36_CTR_3,momentum36_CTR_4,momentum36_CTR_5,momentum36_CAR_LS,momentum36_CTR_LS,momentum36_CAR_SW,momentum36_CTR_SW,momentum36_CTR_BP,momentum36_CTR_LO,momentum36_CXR_LO,momentum36_CTR_13,momentum36_CADD,momentum36_CTDD
2001/02/28,2001/01/31,13.16%,3.73%,-0.44%,7.93%,-0.72%,-13.76%,-5.47%,-4.62%,-8.41%,-12.00%,-20.90%,-5.44%,-9.88%,-14.36%,-9.48%,-12.73%,113,104,100,108,99,86,95,95,92,88,-13.88%,1.76%,-20.90%,-5.44%,-9.48%,-12.73%,-3.25%,-14.36%,-20.90%,-5.44%
2001/03/31,2001/02/28,-0.16%,-0.46%,-0.87%,0.84%,0.54%,-5.63%,-6.56%,-4.40%,-4.28%,-8.45%,-4.48%,-2.71%,-2.13%,-11.24%,-6.73%,-10.43%,113,103,99,109,100,81,88,91,88,81,-13.28%,-1.11%,-24.44%,-8.00%,-15.57%,-21.83%,-6.83%,-23.99%,-24.44%,-8.00%
2001/04/30,2001/03/31,-6.02%,-1.29%,-0.21%,-1.55%,1.60%,4.51%,5.60%,6.89%,4.98%,11.30%,9.65%,7.57%,6.01%,16.16%,8.26%,13.88%,106,102,98,107,101,85,93,97,92,90,-6.67%,5.60%,-17.15%,-1.03%,-8.60%,-10.98%,-1.59%,-11.71%,-17.15%,-1.03%
2001/05/31,2001/04/30,-0.39%,-0.88%,1.18%,-0.41%,-0.44%,1.29%,1.56%,2.75%,1.52%,0.05%,-5.49%,-4.77%,-0.60%,2.72%,1.01%,4.15%,106,101,100,107,101,86,95,100,93,90,-6.72%,4.29%,-21.70%,-5.75%,-7.68%,-7.28%,1.50%,-9.31%,-21.70%,-5.75%
2001/06/30,2001/05/31,-1.84%,-0.30%,2.54%,1.02%,1.27%,-2.52%,-3.37%,-0.55%,-0.97%,-1.28%,0.27%,0.39%,-2.63%,1.59%,-1.54%,1.47%,104,101,102,108,102,84,92,100,93,89,-3.82%,5.58%,-21.49%,-5.38%,-9.10%,-5.92%,4.56%,-7.87%,-21.49%,-5.38%
2001/07/31,2001/06/30,5.58%,0.74%,-2.28%,0.60%,-1.77%,3.14%,1.04%,-1.80%,-0.41%,-4.12%,-3.28%,-2.09%,0.57%,-5.45%,-1.79%,-4.82%,110,101,100,108,100,87,92,98,92,85,-10.89%,-2.09%,-24.07%,-7.36%,-10.73%,-10.46%,1.39%,-12.89%,-24.07%,-7.36%
2001/08/31,2001/07/31,-0.05%,4.39%,0.79%,0.80%,-0.74%,-4.58%,-2.54%,-5.35%,-5.58%,-8.11%,-3.88%,-2.37%,-2.23%,-6.70%,-5.97%,-5.99%,110,106,101,109,100,83,90,93,87,78,-11.50%,-5.54%,-27.01%,-9.55%,-16.06%,-15.82%,1.37%,-18.72%,-27.01%,-9.55%
2001/09/30,2001/08/31,-2.65%,1.23%,-0.58%,0.14%,-1.54%,-4.02%,-7.75%,-9.63%,-7.94%,-11.28%,-3.03%,0.16%,0.53%,-14.56%,-8.92%,-14.60%,107,107,100,109,98,79,83,84,80,69,-10.52%,-12.40%,-29.22%,-9.41%,-23.54%,-28.11%,-4.39%,-30.55%,-29.22%,-9.41%
2001/10/31,2001/09/30,2.26%,2.74%,1.40%,1.36%,2.89%,1.31%,2.77%,3.09%,-0.47%,5.74%,4.28%,1.61%,1.55%,11.62%,2.68%,11.13%,109,110,101,111,101,80,85,86,80,73,-9.96%,-8.52%,-26.20%,-7.95%,-21.50%,-20.11%,3.69%,-22.49%,-26.20%,-7.95%
2001/11/30,2001/10/31,4.05%,2.84%,-4.66%,-1.26%,-0.04%,7.33%,11.84%,4.24%,6.77%,8.61%,1.35%,-1.17%,-0.22%,7.09%,7.75%,7.44%,113,113,97,110,101,86,96,90,85,80,-13.64%,-7.35%,-25.20%,-9.02%,-15.41%,-14.17%,3.37%,-16.99%,-25.20%,-9.02%
2001/12/31,2001/11/30,-1.80%,0.56%,1.73%,1.24%,-0.51%,-2.69%,2.25%,2.74%,3.05%,1.55%,-1.05%,-1.75%,-1.05%,4.28%,1.71%,4.81%,111,114,98,111,100,84,98,92,88,81,-12.52%,-3.43%,-25.99%,-10.61%,-13.96%,-10.04%,6.57%,-13.43%,-25.99%,-10.61%
2002/01/31,2001/12/31,-0.93%,0.82%,1.55%,-1.13%,-1.06%,-2.38%,-0.21%,0.16%,-1.89%,-2.89%,-6.37%,-6.33%,-2.19%,-3.27%,-1.25%,-1.37%,110,115,100,110,99,82,98,93,86,78,-12.64%,-3.92%,-30.70%,-16.27%,-15.04%,-11.27%,6.45%,-16.26%,-30.70%,-16.27%
2002/02/28,2002/01/31,-1.14%,-0.82%,1.22%,1.55%,-0.53%,-2.75%,-3.48%,-0.89%,-0.17%,-3.72%,-1.42%,-0.04%,-1.70%,-5.14%,-2.10%,-5.13%,109,114,101,111,99,80,94,92,86,75,-12.11%,-4.85%,-31.69%,-16.31%,-16.83%,-15.82%,3.22%,-20.57%,-31.69%,-16.31%
2002/03/31,2002/02/28,1.05%,1.72%,0.28%,0.62%,-1.37%,2.20%,4.95%,4.53%,4.17%,5.29%,-0.75%,-1.45%,0.61%,8.05%,4.42%,8.49%,110,116,101,112,97,81,99,96,89,79,-14.23%,-1.91%,-32.20%,-17.52%,-13.15%,-8.68%,7.42%,-14.18%,-32.20%,-17.52%
2002/04/30,2002/03/31,-1.90%,2.10%,-0.70%,0.39%,0.35%,-8.00%,-4.67%,-5.28%,-3.82%,-3.08%,-3.10%,-1.04%,-1.09%,-1.40%,-5.00%,-1.09%,108,118,101,112,98,75,94,91,86,77,-12.30%,2.92%,-34.30%,-18.38%,-17.49%,-9.67%,11.62%,-15.38%,-34.30%,-18.38%
2002/05/31,2002/04/30,0.86%,-0.68%,-0.74%,-0.09%,-1.33%,0.04%,-1.23%,-0.78%,-1.28%,-3.38%,-0.95%,-0.73%,0.67%,-3.41%,-1.20%,-3.19%,109,117,100,112,97,75,93,90,85,74,-14.23%,-0.60%,-34.93%,-18.97%,-18.48%,-12.56%,9.40%,-18.26%,-34.93%,-18.97%
2002/06/30,2002/05/31,-1.27%,1.40%,0.22%,0.46%,-2.04%,-8.85%,-6.66%,-6.24%,-5.86%,-8.16%,1.67%,3.18%,-1.92%,-5.50%,-6.92%,-6.46%,108,119,100,113,95,68,87,84,80,68,-14.90%,0.09%,-33.84%,-16.40%,-24.12%,-18.20%,9.91%,-22.76%,-33.84%,-16.40%
2002/07/31,2002/06/30,-3.68%,-0.38%,-1.08%,1.56%,2.30%,-11.72%,-6.51%,-8.06%,-8.13%,-9.40%,0.35%,-0.30%,0.88%,-12.49%,-7.99%,-12.40%,104,119,99,115,97,60,81,78,73,62,-9.81%,2.42%,-33.61%,-16.65%,-30.19%,-28.35%,5.06%,-32.41%,-33.61%,-16.65%
2002/08/31,2002/07/31,-2.74%,-0.22%,-1.11%,-0.81%,-0.53%,-1.25%,1.13%,0.61%,0.51%,0.99%,-1.22%,-0.05%,0.94%,0.42%,0.64%,0.43%,101,118,98,114,96,60,82,78,74,63,-7.82%,4.71%,-34.42%,-16.70%,-29.74%,-28.04%,4.84%,-32.13%,-34.42%,-16.70%
2002/09/30,2002/08/31,-1.17%,-2.53%,0.21%,-0.17%,2.31%,-14.14%,-12.69%,-7.70%,-8.55%,-5.85%,2.68%,5.43%,3.83%,-3.97%,-10.13%,-5.60%,100,115,98,114,98,51,72,72,68,59,-4.60%,13.40%,-32.66%,-12.18%,-36.86%,-32.07%,9.59%,-34.83%,-32.66%,-12.18%
2002/10/31,2002/09/30,-2.11%,4.26%,0.35%,0.50%,-0.09%,7.64%,12.16%,5.28%,5.93%,4.20%,2.67%,-0.32%,0.71%,4.60%,7.77%,4.70%,98,120,99,114,98,55,80,76,72,61,-2.68%,9.49%,-30.86%,-12.46%,-31.95%,-28.87%,6.23%,-31.83%,-30.86%,-12.46%
2002/11/30,2002/10/31,5.74%,-0.03%,-0.42%,-2.74%,-3.55%,14.04%,7.74%,4.31%,2.51%,0.30%,-4.74%,-11.42%,-3.42%,3.32%,6.03%,6.75%,103,120,98,111,95,63,87,79,73,62,-11.71%,-5.54%,-34.14%,-22.45%,-27.85%,-24.07%,7.00%,-29.56%,-34.14%,-22.45%
2002/12/31,2002/11/30,-1.76%,-0.35%,0.74%,0.81%,1.34%,-8.73%,-6.36%,-4.39%,-4.31%,-2.15%,0.53%,4.13%,2.18%,-1.76%,-5.58%,-3.00%,101,120,99,112,96,57,81,76,70,60,-8.98%,0.68%,-33.79%,-19.25%,-31.88%,-26.35%,9.76%,-30.80%,-33.79%,-19.25%
2003/01/31,2002/12/31,0.41%,-0.09%,-0.17%,-0.09%,0.10%,-2.37%,-2.82%,-2.54%,-2.76%,-2.01%,-3.56%,-4.08%,-0.92%,-2.64%,-2.56%,-1.41%,102,120,99,112,96,56,79,74,68,59,-9.25%,1.03%,-36.15%,-22.55%,-33.63%,-27.39%,11.02%,-32.63%,-36.15%,-22.55%
2003/02/28,2003/01/31,0.53%,1.30%,-1.80%,0.47%,0.41%,-1.58%,-0.64%,-3.70%,-1.51%,-1.50%,0.25%,-0.04%,0.28%,-2.38%,-1.81%,-2.36%,102,121,97,112,97,55,78,71,67,58,-9.36%,1.11%,-35.99%,-22.58%,-34.83%,-29.11%,10.40%,-34.23%,-35.99%,-22.58%
2003/03/31,2003/02/28,1.39%,-0.31%,0.24%,2.03%,2.60%,1.61%,0.10%,0.83%,1.88%,2.64%,1.65%,0.57%,2.10%,2.53%,1.22%,2.35%,104,121,97,115,99,56,78,72,68,60,-8.27%,2.15%,-34.93%,-22.14%,-34.03%,-27.44%,11.65%,-32.57%,-34.93%,-22.14%
2003/04/30,2003/03/31,2.62%,-0.41%,-0.32%,-0.83%,-1.57%,12.37%,9.27%,7.92%,6.73%,4.43%,-1.79%,-4.24%,-0.63%,6.97%,8.22%,8.24%,107,120,97,114,98,63,86,77,73,62,-12.11%,-5.96%,-36.10%,-25.44%,-28.61%,-21.47%,11.67%,-27.87%,-36.10%,-25.44%
2003/05/31,2003/04/30,-0.36%,-0.33%,-0.98%,0.21%,1.15%,6.47%,7.79%,5.40%,5.82%,5.17%,-6.55%,-11.26%,-2.26%,5.03%,6.23%,8.41%,106,120,96,114,99,67,92,81,77,66,-10.78%,-7.18%,-40.28%,-33.83%,-24.16%,-14.86%,14.11%,-24.24%,-40.28%,-33.83%
2003/06/30,2003/05/31,-0.48%,-0.66%,1.58%,-1.21%,0.42%,1.14%,1.05%,2.94%,0.23%,2.19%,-1.76%,-3.42%,1.26%,3.51%,1.49%,4.54%,106,119,97,112,99,68,93,84,78,67,-9.98%,-6.21%,-41.33%,-36.10%,-23.03%,-11.00%,17.59%,-21.58%,-41.33%,-36.10%
2003/07/31,2003/06/30,1.99%,1.21%,-0.18%,0.18%,-1.23%,3.48%,2.77%,1.12%,2.69%,2.49%,-1.66%,-2.34%,-0.41%,5.45%,2.46%,6.16%,108,121,97,113,98,70,96,85,80,69,-12.89%,-7.13%,-42.30%,-37.59%,-21.14%,-5.52%,21.93%,-17.30%,-42.30%,-37.59%
2003/08/31,2003/07/31,-0.39%,0.49%,-0.20%,-1.14%,-0.39%,2.03%,2.59%,2.01%,2.28%,3.18%,-1.82%,-1.96%,-1.02%,3.50%,2.35%,4.08%,107,121,97,111,98,71,98,87,81,71,-12.89%,-6.07%,-43.36%,-38.82%,-19.28%,-1.66%,24.04%,-14.41%,-43.36%,-38.82%
2003/09/30,2003/08/31,0.43%,-0.25%,0.11%,-0.51%,-0.83%,-0.87%,-1.30%,-0.75%,-1.27%,-1.56%,-4.47%,-5.45%,-0.69%,-1.24%,-1.08%,0.39%,108,121,97,111,97,71,97,86,80,70,-13.98%,-6.72%,-45.89%,-42.15%,-20.15%,-1.27%,25.87%,-15.47%,-45.89%,-42.15%
2003/10/31,2003/09/30,-0.15%,1.85%,0.07%,0.13%,-0.27%,6.60%,6.42%,4.93%,6.40%,6.63%,-1.65%,-0.34%,0.77%,8.44%,6.06%,8.54%,108,123,97,111,96,76,103,90,86,74,-14.08%,-6.69%,-46.78%,-42.34%,-15.32%,7.16%,28.99%,-8.34%,-46.78%,-42.34%
2003/11/30,2003/10/31,-1.27%,0.86%,-0.15%,-0.41%,0.78%,0.33%,1.94%,0.86%,2.21%,3.25%,-0.80%,-0.15%,0.55%,3.73%,1.47%,3.78%,106,124,97,111,97,76,105,91,87,77,-12.32%,-3.96%,-47.20%,-42.43%,-14.07%,11.21%,31.97%,-4.92%,-47.20%,-42.43%
2003/12/31,2003/11/30,-0.16%,0.26%,-1.71%,1.09%,-1.08%,5.33%,5.41%,3.40%,4.31%,2.69%,-0.10%,-1.97%,-0.98%,1.74%,4.39%,2.33%,106,125,95,112,96,80,111,94,91,79,-13.12%,-6.50%,-47.25%,-43.56%,-10.30%,13.79%,29.25%,-3.27%,-47.25%,-43.56%
2004/01/31,2003/12/31,1.54%,0.38%,-0.48%,-2.19%,-0.77%,4.00%,2.43%,1.53%,0.96%,2.10%,-7.09%,-7.53%,-1.40%,2.00%,2.25%,4.26%,108,125,95,109,95,83,114,95,92,80,-15.13%,-8.28%,-50.99%,-47.81%,-8.28%,18.64%,31.85%,-1.33%,-50.99%,-47.81%
2004/02/29,2004/01/31,-0.97%,0.46%,-0.17%,0.47%,1.22%,0.85%,2.33%,1.18%,1.54%,1.77%,1.58%,1.01%,1.21%,1.57%,1.48%,1.26%,107,126,95,110,97,84,116,97,93,82,-13.28%,-7.43%,-50.22%,-47.28%,-6.92%,20.14%,31.56%,0.21%,-50.22%,-47.28%
2004/03/31,2004/02/29,-0.51%,-0.37%,-0.87%,1.75%,2.41%,-1.83%,-1.46%,-2.05%,1.40%,1.98%,2.50%,2.27%,1.93%,2.45%,-1.09%,1.77%,106,125,94,112,99,82,115,95,95,84,-10.74%,-3.90%,-48.97%,-46.09%,-7.94%,22.27%,35.32%,2.67%,-48.97%,-46.09%
2004/04/30,2004/03/31,-2.86%,-0.59%,1.25%,0.15%,-0.67%,-4.05%,-1.51%,-0.59%,-2.61%,-2.83%,1.31%,-1.31%,0.13%,-5.19%,-2.03%,-4.80%,103,124,95,112,98,79,113,94,92,81,-8.78%,-2.73%,-48.30%,-46.80%,-9.81%,16.40%,31.58%,-2.66%,-48.30%,-46.80%
2004/05/31,2004/04/30,1.02%,-0.43%,0.39%,0.59%,0.95%,1.88%,0.92%,1.31%,1.34%,2.12%,1.39%,2.28%,0.62%,2.02%,1.34%,1.34%,104,124,95,113,99,80,114,95,94,83,-8.85%,-2.49%,-47.58%,-45.59%,-8.61%,17.96%,31.59%,-0.69%,-47.58%,-45.59%
2004/06/30,2004/05/31,0.45%,-0.52%,0.49%,0.99%,-0.78%,2.36%,1.10%,2.40%,3.55%,1.84%,-0.11%,0.91%,-1.57%,3.30%,1.96%,3.03%,105,123,96,114,98,82,115,98,97,84,-9.96%,-3.00%,-47.64%,-45.09%,-6.81%,21.54%,33.00%,2.59%,-47.64%,-45.09%
2004/07/31,2004/06/30,-1.61%,0.69%,0.37%,0.18%,-0.86%,-5.13%,-2.79%,-3.16%,-4.21%,-6.41%,1.71%,0.58%,-1.32%,-7.43%,-3.87%,-7.60%,103,124,96,114,98,78,112,94,93,79,-9.29%,-4.24%,-46.75%,-44.77%,-10.42%,12.30%,28.03%,-5.03%,-46.75%,-44.77%
2004/08/31,2004/07/31,0.38%,-1.01%,0.74%,1.67%,0.77%,0.91%,-0.65%,1.00%,1.32%,-0.10%,0.88%,0.24%,-0.62%,-2.13%,0.29%,-2.21%,103,123,97,116,98,79,111,95,94,79,-8.94%,-5.21%,-46.28%,-44.64%,-10.15%,9.82%,24.83%,-7.06%,-46.28%,-44.64%
2004/09/30,2004/08/31,-0.97%,-0.15%,-0.46%,0.54%,2.37%,0.25%,1.10%,0.78%,3.10%,6.18%,0.94%,3.68%,1.34%,7.77%,1.66%,6.66%,102,123,97,116,101,79,113,96,97,84,-5.90%,0.41%,-45.77%,-42.61%,-8.67%,17.14%,31.08%,0.16%,-45.77%,-42.61%
2004/10/31,2004/09/30,1.60%,-0.28%,-0.07%,0.17%,-0.62%,3.66%,1.41%,1.17%,1.28%,0.84%,0.31%,-0.50%,-0.12%,1.21%,1.55%,1.36%,104,122,97,117,100,82,114,97,98,84,-7.99%,-2.42%,-45.60%,-42.89%,-7.25%,18.72%,30.83%,1.37%,-45.60%,-42.89%
2004/11/30,2004/10/31,-0.50%,-0.83%,0.13%,1.55%,1.41%,3.88%,3.50%,4.72%,6.41%,7.87%,-1.94%,-1.20%,-1.64%,8.77%,4.65%,9.13%,103,121,97,118,101,85,118,102,104,91,-6.24%,1.47%,-46.66%,-43.58%,-2.94%,29.57%,36.69%,10.26%,-46.66%,-43.58%
2004/12/31,2004/11/30,0.08%,-1.01%,0.71%,0.74%,1.14%,4.53%,2.87%,3.52%,3.81%,4.42%,-0.39%,-1.60%,2.14%,6.05%,3.62%,6.52%,104,120,97,119,103,89,121,105,108,95,-5.25%,1.36%,-46.87%,-44.48%,0.58%,38.02%,40.65%,16.92%,-46.87%,-44.48%
2005/01/31,2004/12/31,0.70%,0.14%,-0.89%,0.44%,-0.47%,-2.19%,-2.91%,-2.71%,-2.19%,-3.60%,-0.01%,1.85%,0.46%,-2.54%,-2.69%,-3.10%,104,120,96,120,102,87,118,103,106,92,-6.36%,-0.07%,-46.87%,-43.45%,-2.13%,33.75%,40.08%,13.95%,-46.87%,-43.45%
2005/02/28,2005/01/31,1.46%,-0.04%,-0.74%,-0.08%,0.73%,3.49%,1.62%,1.24%,1.94%,2.52%,0.54%,1.86%,-0.03%,2.67%,2.06%,2.11%,106,120,96,120,103,90,120,104,108,94,-7.05%,-1.05%,-46.59%,-42.40%,-0.11%,36.57%,40.15%,16.99%,-46.59%,-42.40%
2005/03/31,2005/02/28,-1.61%,0.31%,0.19%,0.41%,0.28%,-2.79%,-1.87%,-0.69%,-1.10%,-2.42%,-0.28%,0.00%,-1.08%,-3.29%,-1.73%,-3.29%,104,121,96,120,103,87,118,103,107,92,-5.30%,-0.67%,-46.74%,-42.40%,-1.84%,32.07%,37.96%,13.14%,-46.74%,-42.40%
2005/04/30,2005/03/31,-1.50%,0.62%,0.57%,0.04%,1.67%,-3.65%,-1.41%,-1.62%,-3.05%,-2.64%,2.00%,1.57%,1.95%,-5.10%,-2.23%,-5.57%,103,121,96,120,105,84,116,101,104,89,-2.30%,0.34%,-45.67%,-41.49%,-4.03%,24.72%,33.36%,7.38%,-45.67%,-41.49%
2005/05/31,2005/04/30,-0.01%,-0.90%,0.54%,0.72%,1.23%,4.20%,2.57%,3.69%,5.07%,6.61%,1.37%,1.94%,-0.36%,7.35%,3.88%,6.76%,103,120,97,121,106,88,119,105,109,95,-1.09%,2.75%,-44.93%,-40.36%,-0.31%,33.16%,37.21%,15.26%,-44.93%,-40.36%
2005/06/30,2005/05/31,0.37%,-0.34%,-0.43%,0.26%,0.52%,2.01%,-0.17%,0.29%,1.92%,2.13%,-0.17%,-0.23%,-0.45%,3.40%,0.85%,3.47%,103,120,97,121,107,90,119,105,111,97,-0.93%,2.88%,-45.02%,-40.49%,0.54%,37.78%,40.81%,19.19%,-45.02%,-40.49%
2005/07/31,2005/06/30,0.31%,-0.25%,-0.08%,0.17%,0.66%,4.74%,3.82%,3.21%,4.37%,6.39%,-0.03%,0.15%,-0.52%,7.47%,4.20%,7.43%,103,120,96,122,107,94,123,109,116,104,-0.58%,4.57%,-45.04%,-40.41%,4.76%,48.01%,45.35%,28.09%,-45.04%,-40.41%
2005/08/31,2005/07/31,-0.20%,0.36%,-0.95%,-0.03%,1.60%,-0.99%,-0.61%,-1.88%,-1.02%,-0.11%,-0.64%,-0.62%,0.24%,-1.95%,-1.01%,-1.76%,103,120,96,122,109,93,123,107,115,103,1.20%,5.49%,-45.39%,-40.78%,3.70%,45.40%,44.26%,25.59%,-45.39%,-40.78%
2005/09/30,2005/08/31,1.30%,-1.50%,0.59%,0.70%,2.89%,2.00%,-0.75%,0.94%,1.12%,2.71%,1.42%,1.34%,3.03%,2.24%,0.77%,1.84%,104,118,96,122,112,95,122,108,116,106,2.82%,6.25%,-44.62%,-39.99%,4.50%,48.08%,45.80%,28.41%,-44.62%,-39.99%
2005/10/31,2005/09/30,-2.33%,0.42%,0.96%,-0.85%,-0.19%,-3.91%,-1.07%,-0.47%,-2.89%,-2.57%,0.92%,0.46%,-0.37%,-3.68%,-1.76%,-3.82%,102,119,97,121,112,91,120,107,113,103,5.02%,7.67%,-44.11%,-39.71%,2.66%,42.42%,42.80%,23.68%,-44.11%,-39.71%
2005/11/30,2005/10/31,-0.06%,-0.79%,0.33%,1.13%,0.93%,3.77%,2.98%,3.82%,4.25%,5.51%,1.57%,2.16%,0.49%,6.01%,3.93%,5.36%,102,118,97,123,113,94,124,111,117,109,6.05%,9.54%,-43.23%,-38.41%,6.69%,50.06%,44.86%,31.12%,-43.23%,-38.41%
2005/12/31,2005/11/30,-0.37%,-0.93%,0.14%,1.12%,1.15%,-0.22%,-0.87%,0.18%,0.94%,0.83%,0.50%,-0.14%,1.78%,0.78%,0.04%,0.83%,101,117,97,124,114,94,123,112,119,110,7.66%,10.68%,-42.94%,-38.50%,6.73%,51.30%,46.00%,32.14%,-42.94%,-38.50%
2006/01/31,2005/12/31,2.83%,0.23%,-1.80%,-0.84%,-0.83%,6.03%,3.20%,0.66%,4.24%,5.62%,0.36%,0.07%,-0.38%,9.71%,3.44%,9.69%,104,117,96,123,113,100,127,112,124,116,3.72%,10.22%,-42.74%,-38.45%,10.40%,65.96%,55.13%,44.98%,-42.74%,-38.45%
2006/02/28,2006/01/31,-1.98%,0.42%,1.52%,-0.07%,-1.31%,-2.16%,0.66%,1.72%,0.14%,-1.44%,-1.14%,-1.32%,-1.22%,-1.50%,0.09%,-1.10%,102,117,97,123,112,98,128,114,124,115,4.41%,11.01%,-43.39%,-39.27%,10.50%,64.14%,53.28%,42.81%,-43.39%,-39.27%
2006/03/31,2006/02/28,1.14%,-0.40%,0.22%,-0.86%,-1.15%,3.87%,1.01%,1.46%,1.60%,2.85%,0.44%,0.49%,-1.26%,5.21%,1.90%,5.06%,103,117,97,122,111,102,129,116,126,118,2.02%,9.88%,-43.14%,-38.97%,12.59%,72.44%,58.13%,50.24%,-43.14%,-38.97%
2006/04/30,2006/03/31,-0.40%,-1.49%,1.37%,0.09%,0.60%,1.11%,-0.52%,2.56%,1.66%,0.66%,1.05%,0.71%,0.94%,1.12%,0.99%,0.90%,103,115,99,122,111,103,128,119,128,119,3.05%,9.38%,-42.54%,-38.53%,13.71%,74.00%,57.99%,51.92%,-42.54%,-38.53%
2006/05/31,2006/04/30,1.05%,0.40%,-0.60%,-0.67%,-0.84%,-2.40%,-2.55%,-2.61%,-3.59%,-5.23%,0.12%,-0.76%,-0.69%,-6.82%,-3.11%,-6.59%,104,116,98,121,110,100,125,116,123,112,1.09%,6.29%,-42.47%,-39.00%,10.17%,62.53%,52.49%,41.56%,-42.47%,-39.00%
2006/06/30,2006/05/31,-0.91%,0.51%,0.08%,0.52%,-0.04%,-0.71%,0.20%,0.19%,0.84%,0.27%,0.39%,0.07%,-0.66%,-1.00%,0.19%,-1.02%,103,116,98,122,110,99,125,116,124,113,1.97%,7.33%,-42.25%,-38.95%,10.39%,60.87%,50.64%,40.15%,-42.25%,-38.95%
2006/07/31,2006/06/30,-0.49%,0.25%,0.77%,0.04%,-0.61%,-0.34%,0.09%,1.01%,-1.10%,-2.30%,0.38%,-0.48%,-0.42%,-4.40%,-0.28%,-4.26%,103,117,99,122,110,99,125,117,123,110,1.84%,5.23%,-42.03%,-39.25%,10.08%,54.02%,44.64%,33.98%,-42.03%,-39.25%
2006/08/31,2006/07/31,-1.02%,0.77%,0.75%,0.15%,-1.34%,1.32%,3.60%,2.88%,2.24%,0.98%,-0.55%,-1.13%,-2.26%,0.93%,2.48%,1.27%,102,117,100,122,108,100,130,121,126,111,1.52%,4.87%,-42.35%,-39.93%,12.81%,55.98%,42.90%,35.23%,-42.35%,-39.93%
2006/09/30,2006/08/31,-1.21%,0.98%,0.49%,0.57%,-1.69%,1.86%,3.04%,2.88%,2.58%,0.06%,-0.07%,-0.28%,-1.15%,0.25%,2.24%,0.33%,100,119,100,123,106,102,134,124,129,111,1.04%,2.99%,-42.39%,-40.10%,15.33%,56.50%,40.18%,35.57%,-42.39%,-40.10%
2006/10/31,2006/09/30,0.34%,0.81%,-0.99%,-0.03%,-0.16%,4.25%,4.52%,2.79%,3.18%,3.92%,0.52%,0.09%,-0.10%,5.50%,3.69%,5.47%,101,120,99,123,106,107,140,128,133,116,0.53%,2.64%,-42.09%,-40.05%,19.59%,65.07%,42.68%,43.02%,-42.09%,-40.05%
2006/11/30,2006/10/31,1.24%,-0.37%,-0.14%,-0.57%,0.31%,3.42%,1.93%,2.23%,1.31%,2.61%,0.39%,0.28%,-0.47%,2.76%,2.16%,2.67%,102,119,99,122,107,110,142,130,135,119,-0.41%,1.81%,-41.87%,-39.88%,22.17%,69.48%,43.42%,46.97%,-41.87%,-39.88%
2006/12/31,2006/11/30,-0.38%,-0.39%,0.97%,0.44%,-2.04%,0.72%,1.32%,1.93%,1.64%,-0.21%,-0.87%,-0.70%,-1.26%,0.83%,1.18%,1.04%,102,119,100,123,104,111,144,133,137,118,-2.06%,0.86%,-42.37%,-40.31%,23.61%,71.25%,43.22%,48.19%,-42.37%,-40.31%
2007/01/31,2006/12/31,1.20%,-1.45%,0.28%,0.23%,1.80%,2.96%,0.46%,2.13%,1.93%,3.60%,-0.19%,-0.23%,0.83%,2.84%,2.01%,2.91%,103,117,100,123,106,114,145,136,140,123,-1.48%,1.50%,-42.48%,-40.44%,26.09%,76.23%,44.51%,52.40%,-42.48%,-40.44%
2007/02/28,2007/01/31,0.60%,0.02%,-1.11%,-0.27%,0.57%,-0.08%,-1.80%,-2.43%,-1.79%,-0.80%,-0.47%,-1.11%,0.55%,-0.53%,-1.63%,-0.19%,103,117,99,123,107,114,142,132,137,122,-1.50%,0.77%,-42.76%,-41.10%,24.04%,75.89%,46.58%,51.59%,-42.76%,-41.10%
2007/03/31,2007/02/28,-0.69%,0.02%,-0.60%,-0.50%,0.96%,0.18%,1.23%,0.50%,0.41%,2.58%,2.06%,2.62%,0.97%,2.61%,1.00%,1.83%,103,117,99,122,108,115,144,133,138,125,0.13%,3.19%,-41.58%,-39.56%,25.28%,79.10%,47.79%,55.56%,-41.58%,-39.56%
2007/04/30,2007/03/31,1.65%,-0.10%,-0.38%,-0.16%,0.69%,3.69%,4.56%,3.50%,4.19%,3.06%,0.67%,0.19%,1.45%,2.78%,3.86%,2.73%,104,117,98,122,109,119,151,138,143,129,-0.83%,2.54%,-41.18%,-39.44%,30.12%,83.98%,46.10%,59.88%,-41.18%,-39.44%
2007/05/31,2007/04/30,-0.12%,-0.44%,0.10%,-1.77%,1.95%,3.20%,3.55%,3.92%,1.90%,5.17%,2.69%,2.51%,0.71%,4.74%,3.54%,3.98%,104,116,98,120,111,123,156,143,146,135,1.23%,4.56%,-39.60%,-37.93%,34.73%,91.31%,46.75%,67.46%,-39.60%,-37.93%
2007/06/30,2007/05/31,0.69%,0.59%,0.33%,-0.80%,-0.88%,-0.19%,-0.75%,-1.97%,-2.37%,-2.18%,0.37%,0.30%,1.11%,-0.35%,-1.77%,-0.44%,105,117,99,119,110,122,155,140,143,132,-0.36%,2.48%,-39.38%,-37.74%,32.35%,90.47%,48.70%,66.87%,-39.38%,-37.74%
2007/07/31,2007/06/30,-1.82%,0.80%,-0.13%,-0.29%,1.10%,-6.00%,-1.91%,-4.78%,-3.41%,-3.28%,1.82%,1.79%,3.64%,-3.53%,-3.46%,-4.07%,103,118,99,118,111,115,152,134,138,128,2.54%,5.27%,-38.28%,-36.63%,27.77%,82.73%,47.80%,60.98%,-38.28%,-36.63%
2007/08/31,2007/07/31,-3.02%,0.05%,0.16%,1.23%,-0.14%,-1.21%,1.82%,1.31%,2.16%,1.10%,4.55%,4.42%,0.72%,1.57%,1.50%,0.24%,100,118,99,120,111,114,155,135,141,129,5.50%,7.70%,-35.47%,-33.83%,29.69%,83.17%,45.94%,63.51%,-35.47%,-33.83%
2007/09/30,2007/08/31,-0.53%,-1.14%,-1.08%,0.70%,0.80%,2.54%,1.79%,3.20%,3.79%,5.86%,1.97%,3.60%,1.61%,5.10%,3.55%,4.02%,99,117,98,121,112,116,157,140,146,137,6.91%,11.28%,-34.20%,-31.44%,34.30%,90.54%,46.62%,71.85%,-34.20%,-31.44%
2007/10/31,2007/09/30,-0.93%,-0.42%,-1.91%,0.06%,1.04%,0.82%,1.04%,0.44%,1.45%,5.40%,3.08%,4.19%,1.68%,5.31%,2.05%,4.05%,99,116,96,121,113,117,159,140,148,144,9.01%,16.37%,-32.18%,-28.57%,37.05%,98.26%,49.56%,80.98%,-32.18%,-28.57%
2007/11/30,2007/10/31,-1.17%,-1.38%,0.08%,1.01%,0.49%,-7.83%,-5.68%,-4.52%,-3.14%,-4.58%,3.09%,4.18%,0.87%,-5.92%,-4.49%,-7.17%,97,115,96,122,113,108,150,134,144,138,10.83%,20.15%,-30.08%,-25.58%,30.89%,84.04%,45.56%,70.27%,-30.08%,-25.58%
2007/12/31,2007/11/30,-0.66%,-0.25%,-0.32%,-0.97%,-0.70%,-2.29%,-2.62%,-0.44%,-1.52%,1.33%,0.86%,3.80%,-0.32%,2.25%,-0.68%,1.11%,97,114,96,121,113,106,146,133,141,140,10.78%,24.51%,-29.48%,-22.75%,30.00%,86.09%,48.17%,74.11%,-29.48%,-22.75%
2008/01/31,2007/12/31,2.02%,-0.17%,2.12%,0.24%,1.32%,-4.48%,-3.21%,-3.83%,-6.15%,-8.11%,-1.83%,-6.62%,-0.35%,-11.14%,-5.98%,-9.16%,99,114,98,121,114,101,141,128,133,128,10.00%,19.98%,-30.77%,-27.86%,22.22%,69.05%,43.46%,54.71%,-30.77%,-27.86%
2008/02/29,2008/01/31,5.90%,0.38%,0.49%,-0.92%,-0.79%,-0.32%,-5.38%,-4.13%,-3.63%,-1.18%,-4.03%,-0.10%,-2.23%,-1.75%,-3.00%,-1.72%,104,115,98,120,113,101,134,123,128,127,2.64%,18.95%,-33.56%,-27.93%,18.56%,66.14%,45.29%,51.99%,-33.56%,-27.93%
2008/03/31,2008/02/29,-0.53%,-1.37%,0.38%,0.67%,-0.27%,-0.91%,-3.35%,-0.82%,-0.09%,0.12%,1.30%,2.14%,-2.37%,-1.17%,-0.63%,-1.81%,104,113,98,121,113,100,129,122,128,127,2.92%,20.17%,-32.70%,-26.39%,17.81%,63.12%,43.57%,50.21%,-32.70%,-26.39%
2008/04/30,2008/03/31,1.16%,0.85%,0.37%,-1.41%,0.98%,5.05%,5.73%,5.42%,2.43%,5.61%,2.12%,2.50%,1.35%,5.16%,4.79%,4.41%,105,114,99,119,114,105,137,129,131,134,2.74%,20.83%,-31.27%,-24.55%,23.46%,70.31%,43.02%,57.96%,-31.27%,-24.55%
2008/05/31,2008/04/30,1.88%,-1.55%,-0.27%,-0.18%,-0.36%,3.83%,-0.48%,1.79%,1.50%,3.29%,-1.07%,0.42%,-1.37%,4.68%,1.98%,4.55%,107,112,99,119,114,109,136,131,133,138,0.44%,20.19%,-32.01%,-24.23%,25.90%,78.06%,46.70%,65.35%,-32.01%,-24.23%
2008/06/30,2008/05/31,2.25%,-0.40%,1.19%,-2.10%,-1.93%,-11.46%,-12.60%,-6.96%,-8.19%,-6.93%,-1.70%,4.05%,-1.91%,-5.41%,-8.40%,-6.63%,110,112,100,116,111,96,119,122,122,129,-3.76%,25.64%,-33.16%,-21.17%,15.32%,66.26%,49.30%,56.39%,-33.16%,-21.17%
2008/07/31,2008/06/30,-5.39%,0.72%,2.03%,2.19%,-1.12%,-3.75%,0.89%,1.29%,1.38%,-3.10%,3.94%,0.84%,0.43%,0.67%,-0.54%,0.41%,104,113,102,119,110,93,120,123,124,125,0.34%,26.45%,-30.53%,-20.50%,14.70%,66.95%,50.72%,57.44%,-30.53%,-20.50%
2008/08/31,2008/07/31,-2.81%,-0.64%,0.88%,0.80%,-0.77%,1.48%,2.37%,2.95%,2.68%,0.09%,0.52%,-2.28%,-2.60%,-0.16%,1.65%,0.53%,101,112,103,120,109,94,123,127,127,125,2.40%,24.70%,-30.17%,-22.31%,16.60%,67.82%,49.02%,57.19%,-30.17%,-22.31%
2008/09/30,2008/08/31,-8.94%,-0.40%,0.94%,0.46%,0.69%,-22.10%,-9.53%,-8.59%,-7.28%,-8.34%,2.08%,1.56%,-2.16%,-12.16%,-8.85%,-12.63%,92,111,104,120,110,73,111,116,118,115,12.26%,41.85%,-28.71%,-21.10%,6.28%,46.63%,43.38%,38.07%,-28.71%,-21.10%
2008/10/31,2008/09/30,-4.82%,-1.53%,-1.22%,-2.43%,0.71%,-31.02%,-21.91%,-17.96%,-17.31%,-14.99%,2.10%,4.60%,0.44%,-18.85%,-17.40%,-20.23%,87,110,102,117,111,51,87,95,97,97,18.48%,64.59%,-27.21%,-17.48%,-12.22%,16.97%,39.33%,12.04%,-27.21%,-17.48%
2008/11/30,2008/10/31,-6.31%,-2.68%,-0.97%,1.78%,-0.01%,-16.59%,-13.50%,-8.94%,-6.21%,-6.97%,7.91%,8.38%,2.65%,-8.35%,-7.97%,-10.86%,82,107,101,119,111,42,75,87,91,91,25.94%,80.42%,-21.46%,-10.56%,-19.21%,4.26%,35.30%,2.69%,-21.46%,-10.56%
2008/12/31,2008/11/30,0.35%,-0.41%,0.39%,0.26%,0.52%,5.62%,3.91%,2.83%,1.89%,1.06%,6.58%,3.39%,3.16%,5.72%,2.00%,4.70%,82,106,102,120,111,45,78,89,93,92,26.15%,72.18%,-16.29%,-7.53%,-17.59%,9.17%,38.96%,8.56%,-16.29%,-7.53%
2009/01/31,2008/12/31,-2.01%,-0.28%,-5.16%,1.12%,0.65%,-6.31%,-12.56%,-10.83%,-6.42%,-7.55%,-7.64%,-8.27%,1.39%,-9.67%,-8.28%,-7.19%,80,106,96,121,112,42,68,80,87,85,29.51%,70.05%,-22.68%,-15.18%,-24.42%,1.31%,40.47%,-1.94%,-22.68%,-15.18%
2009/02/28,2009/01/31,-12.48%,-2.49%,-1.59%,0.49%,-1.14%,-25.10%,-14.60%,-11.60%,-8.69%,-9.24%,6.35%,4.47%,2.48%,-8.70%,-10.22%,-10.04%,70,103,95,122,111,31,58,70,79,77,44.20%,97.03%,-17.77%,-11.39%,-32.14%,-8.86%,40.73%,-10.47%,-17.77%,-11.39%
2009/03/31,2009/02/28,1.08%,1.69%,1.16%,0.06%,0.75%,15.62%,15.09%,10.79%,8.94%,6.98%,-4.25%,-9.98%,-2.31%,4.45%,8.87%,7.44%,71,105,96,122,112,36,67,78,87,82,43.72%,80.01%,-21.26%,-20.23%,-26.13%,-2.07%,38.72%,-6.49%,-21.26%,-20.23%
2009/04/30,2009/03/31,-2.14%,-0.27%,-1.53%,2.15%,0.53%,22.34%,25.05%,18.13%,11.39%,4.90%,-1.31%,-20.61%,0.46%,4.67%,10.45%,10.85%,70,105,95,124,112,44,84,92,96,86,47.56%,48.61%,-22.30%,-36.67%,-18.40%,8.55%,39.27%,-2.12%,-22.30%,-36.67%
2009/05/31,2009/04/30,4.87%,-1.80%,-2.35%,0.82%,-0.56%,15.69%,8.30%,5.06%,6.34%,3.32%,-2.12%,-12.45%,1.40%,0.71%,5.16%,4.44%,73,103,92,125,112,51,91,97,103,89,39.55%,30.22%,-23.94%,-44.56%,-14.20%,13.38%,38.28%,-1.43%,-23.94%,-44.56%
2009/06/30,2009/05/31,1.76%,1.21%,-1.30%,1.34%,-0.27%,-0.08%,-0.47%,-1.31%,1.45%,0.50%,-3.71%,-1.86%,-0.13%,2.73%,0.39%,3.29%,74,104,91,127,111,51,90,95,104,90,36.73%,30.98%,-26.76%,-45.59%,-13.86%,17.10%,42.29%,1.27%,-26.76%,-45.59%
2009/07/31,2009/06/30,-2.25%,-2.08%,-0.13%,-0.91%,0.52%,8.68%,12.09%,9.11%,6.91%,6.92%,-0.15%,-2.64%,-1.83%,6.28%,7.78%,7.07%,73,102,91,126,112,56,101,104,111,96,40.51%,28.67%,-26.87%,-47.02%,-7.16%,25.39%,41.29%,7.63%,-26.87%,-47.02%
2009/08/31,2009/07/31,6.84%,-2.45%,-1.76%,-0.65%,0.08%,17.25%,8.37%,3.41%,3.41%,1.74%,-9.40%,-15.92%,-3.49%,-3.92%,3.49%,0.86%,78,99,89,125,112,65,110,108,115,97,31.00%,8.72%,-33.74%,-55.46%,-3.92%,26.47%,37.58%,3.41%,-33.74%,-55.46%
2009/09/30,2009/08/31,0.27%,-2.90%,0.14%,-0.45%,-0.01%,11.86%,4.12%,5.13%,3.72%,3.56%,-3.05%,-6.84%,-1.76%,2.83%,4.15%,4.88%,78,97,90,125,112,73,114,113,119,101,30.63%,-0.31%,-35.76%,-58.51%,0.06%,32.64%,38.58%,6.34%,-35.76%,-58.51%
2009/10/31,2009/09/30,-5.35%,1.47%,-0.13%,1.71%,0.11%,-11.72%,-3.90%,-5.72%,-1.22%,-1.17%,1.43%,3.03%,-0.41%,-4.40%,-2.59%,-5.31%,74,98,89,127,112,64,110,107,118,100,37.77%,10.21%,-34.84%,-57.25%,-2.53%,25.60%,34.82%,1.66%,-34.84%,-57.25%
2009/11/30,2009/10/31,-2.33%,-2.02%,1.26%,1.12%,-0.86%,2.92%,4.46%,6.67%,5.98%,5.17%,2.98%,3.33%,-0.13%,4.35%,5.59%,3.35%,72,96,91,128,111,66,115,114,125,105,39.80%,12.68%,-32.90%,-55.83%,2.92%,29.81%,31.80%,6.08%,-32.90%,-55.83%
2009/12/31,2009/11/30,0.58%,0.96%,0.09%,-0.47%,0.40%,0.98%,4.60%,3.83%,1.75%,3.07%,-2.20%,-2.30%,-1.98%,4.99%,2.80%,5.69%,72,97,91,128,112,67,120,118,127,108,39.55%,15.04%,-34.38%,-56.85%,5.80%,37.19%,35.60%,11.38%,-34.38%,-56.85%
2010/01/31,2009/12/31,2.97%,-0.14%,-0.29%,0.01%,-1.00%,0.91%,-2.05%,-3.02%,-3.18%,-4.33%,-4.66%,-7.58%,-2.57%,-6.45%,-3.38%,-4.17%,74,97,90,128,110,67,118,115,123,103,34.00%,9.01%,-37.44%,-60.12%,2.23%,31.47%,34.52%,4.20%,-37.44%,-60.12%
2010/02/28,2010/01/31,-0.60%,1.22%,-1.40%,-0.06%,0.53%,4.35%,5.79%,2.70%,3.08%,3.47%,-0.41%,0.74%,0.59%,4.39%,3.44%,4.17%,74,98,89,127,111,70,124,118,127,107,35.52%,8.05%,-37.70%,-59.82%,5.74%,36.95%,35.51%,8.78%,-37.70%,-59.82%
2010/03/31,2010/02/28,4.25%,1.33%,0.57%,-0.51%,-0.22%,13.15%,9.33%,7.44%,5.20%,5.74%,-4.59%,-5.05%,-2.08%,4.47%,6.36%,5.98%,77,99,90,127,111,80,136,126,133,113,29.47%,0.05%,-40.56%,-61.85%,12.47%,45.15%,34.99%,13.64%,-40.56%,-61.85%
2010/04/30,2010/03/31,5.81%,-0.53%,1.01%,0.04%,-0.70%,8.15%,3.21%,2.89%,2.26%,0.81%,-9.19%,-9.84%,-2.96%,1.20%,2.11%,4.15%,82,99,90,127,110,86,140,130,136,114,21.04%,-7.30%,-46.02%,-65.61%,14.85%,51.17%,37.74%,15.00%,-46.02%,-65.61%
2010/05/31,2010/04/30,3.71%,0.96%,0.40%,-0.78%,1.04%,-9.21%,-9.25%,-7.79%,-8.04%,-6.95%,3.14%,3.90%,2.04%,-5.65%,-7.82%,-6.82%,85,100,91,126,111,78,127,120,125,106,17.81%,-5.20%,-44.33%,-64.26%,5.86%,40.86%,39.13%,8.50%,-44.33%,-64.26%
2010/06/30,2010/05/31,1.44%,0.80%,-0.14%,0.35%,0.05%,-8.76%,-6.60%,-5.69%,-4.67%,-5.65%,5.36%,5.24%,2.53%,-4.03%,-5.53%,-5.60%,86,101,91,126,111,71,119,113,120,100,16.17%,-2.25%,-41.34%,-62.39%,0.01%,32.98%,39.04%,4.14%,-41.34%,-62.39%
2010/07/31,2010/06/30,-0.34%,-0.20%,0.77%,0.97%,-1.44%,8.18%,7.11%,7.71%,6.67%,6.65%,-0.22%,0.28%,-1.76%,5.94%,7.01%,5.85%,86,100,91,128,110,77,127,122,128,107,14.88%,-3.74%,-41.47%,-62.29%,7.02%,40.76%,37.43%,10.32%,-41.47%,-62.29%
2010/08/31,2010/07/31,-1.02%,0.42%,0.73%,-0.70%,2.04%,-6.77%,-4.86%,-5.32%,-4.86%,-3.27%,1.83%,1.70%,1.74%,-5.20%,-4.66%,-5.71%,85,101,92,127,112,72,121,115,121,103,18.39%,-0.37%,-40.40%,-61.65%,2.02%,32.73%,36.00%,4.59%,-40.40%,-61.65%
2010/09/30,2010/08/31,3.19%,0.74%,-0.77%,0.70%,-1.67%,10.48%,9.51%,9.89%,8.30%,10.43%,-0.85%,-0.27%,-3.02%,10.57%,9.41%,10.65%,87,101,91,128,110,80,133,127,131,114,12.64%,-0.42%,-40.91%,-61.75%,11.62%,46.86%,37.69%,15.64%,-40.91%,-61.75%
2010/10/31,2010/09/30,-0.83%,0.93%,-0.57%,0.71%,-0.21%,0.93%,4.79%,3.36%,3.80%,4.60%,-0.55%,-0.27%,-0.61%,4.19%,3.89%,4.27%,87,102,91,128,110,80,139,131,136,119,13.35%,3.24%,-41.23%,-61.85%,15.96%,53.14%,38.22%,20.49%,-41.23%,-61.85%
2010/11/30,2010/10/31,1.05%,-0.26%,-1.16%,0.59%,0.57%,-1.02%,0.16%,-0.48%,0.47%,2.56%,2.12%,2.52%,0.60%,3.86%,0.54%,3.10%,88,102,90,129,110,79,139,130,137,122,12.80%,6.94%,-39.99%,-60.89%,16.58%,57.88%,41.76%,25.14%,-39.99%,-60.89%
2010/12/31,2010/11/30,-1.11%,-0.02%,-0.77%,-0.34%,-2.04%,12.34%,8.02%,6.25%,6.60%,5.12%,-2.37%,-4.20%,-1.83%,5.37%,6.70%,6.63%,87,102,89,129,108,89,151,139,146,129,11.75%,-0.78%,-41.41%,-62.53%,24.40%,68.36%,41.66%,31.86%,-41.41%,-62.53%
2011/01/31,2010/12/31,-3.21%,1.10%,-0.40%,-0.32%,0.77%,1.08%,3.34%,1.78%,1.59%,1.77%,-3.86%,-5.28%,-1.21%,-1.66%,2.06%,-0.08%,84,103,89,128,109,90,156,141,148,131,16.20%,-0.09%,-43.67%,-64.51%,26.96%,68.22%,38.63%,29.67%,-43.67%,-64.51%
2011/02/28,2011/01/31,-2.04%,-0.16%,-0.33%,1.14%,-0.08%,2.94%,3.25%,2.86%,4.54%,3.78%,0.42%,-0.40%,0.38%,4.51%,3.59%,4.63%,82,103,88,130,109,93,161,145,155,136,18.48%,0.75%,-43.44%,-64.65%,31.52%,76.02%,40.08%,35.52%,-43.44%,-64.65%
2011/03/31,2011/02/28,1.43%,-0.27%,-0.15%,1.17%,0.43%,-1.83%,-0.48%,-0.07%,1.02%,2.00%,2.99%,3.56%,2.11%,4.37%,0.49%,3.30%,83,103,88,131,109,91,160,145,157,139,17.29%,4.61%,-41.74%,-63.39%,32.16%,81.83%,44.02%,41.44%,-41.74%,-63.39%
2011/04/30,2011/03/31,-0.86%,-0.00%,0.85%,-0.20%,0.02%,2.00%,2.64%,3.55%,2.84%,2.91%,1.73%,2.07%,0.22%,3.35%,2.97%,2.73%,83,103,89,131,109,93,164,150,161,143,18.31%,5.55%,-40.73%,-62.64%,36.08%,86.79%,43.68%,46.18%,-40.73%,-62.64%
2011/05/31,2011/04/30,-0.51%,0.90%,-0.59%,0.25%,0.26%,-3.06%,-0.47%,-1.87%,-1.14%,-0.81%,1.06%,1.07%,0.42%,-0.98%,-1.22%,-1.30%,82,104,89,131,110,90,163,147,159,141,19.23%,7.92%,-40.10%,-62.23%,34.42%,84.36%,43.57%,44.75%,-40.10%,-62.23%
2011/06/30,2011/05/31,0.78%,-0.83%,0.37%,0.70%,0.93%,-2.38%,-2.68%,-1.55%,-1.21%,-1.31%,2.72%,2.59%,1.69%,-0.59%,-1.74%,-1.37%,83,103,89,132,111,88,159,145,157,140,19.41%,9.08%,-38.47%,-61.26%,32.08%,81.84%,44.09%,43.89%,-38.47%,-61.26%
2011/07/31,2011/06/30,-0.07%,0.97%,-1.20%,-0.02%,1.88%,-3.43%,-1.31%,-3.73%,-2.20%,-1.25%,-0.68%,-1.15%,0.24%,-3.23%,-2.26%,-2.89%,83,104,88,132,113,85,157,140,154,138,21.74%,11.46%,-38.89%,-61.70%,29.09%,76.59%,43.20%,39.24%,-38.89%,-61.70%
2011/08/31,2011/07/31,-2.40%,-0.19%,1.12%,0.22%,1.80%,-10.66%,-5.57%,-5.23%,-5.62%,-5.82%,3.84%,3.99%,2.11%,-6.23%,-5.89%,-7.42%,81,104,89,133,115,76,148,132,145,130,26.86%,16.85%,-36.55%,-60.17%,21.49%,63.48%,41.00%,30.58%,-36.55%,-60.17%
2011/09/30,2011/08/31,-1.39%,-1.35%,0.58%,-0.68%,1.07%,-9.81%,-8.57%,-6.20%,-8.02%,-7.84%,1.59%,1.75%,-0.11%,-9.86%,-7.63%,-10.38%,80,102,89,132,116,68,135,124,134,120,29.97%,19.16%,-35.54%,-59.47%,12.22%,46.51%,37.12%,17.70%,-35.54%,-59.47%
2011/10/31,2011/09/30,0.83%,-0.32%,-0.20%,1.16%,-1.78%,15.31%,11.88%,10.11%,11.92%,10.88%,3.48%,2.99%,-0.28%,14.67%,11.39%,13.77%,80,102,89,133,114,79,151,137,150,133,26.58%,13.87%,-33.29%,-58.26%,25.00%,66.69%,40.39%,34.97%,-33.29%,-58.26%
2011/11/30,2011/10/31,-2.94%,0.65%,0.67%,1.53%,-0.52%,-4.94%,-0.13%,0.02%,1.04%,-1.46%,2.66%,3.34%,0.58%,-0.27%,-0.35%,-1.27%,78,103,90,135,113,75,151,137,151,131,29.64%,17.82%,-31.52%,-56.87%,24.56%,64.57%,39.10%,34.61%,-31.52%,-56.87%
2011/12/31,2011/11/30,-1.53%,0.16%,2.41%,-0.73%,-0.45%,-0.89%,0.96%,3.21%,-0.03%,-0.90%,1.20%,0.27%,0.68%,-0.30%,0.85%,-0.38%,77,103,92,134,113,74,153,141,151,129,31.05%,17.81%,-30.69%,-56.75%,25.62%,63.95%,37.39%,34.21%,-30.69%,-56.75%
2012/01/31,2011/12/31,0.52%,-0.20%,-1.33%,-1.82%,-1.04%,6.83%,4.30%,3.58%,4.45%,8.06%,-5.51%,-3.85%,-4.63%,7.54%,5.09%,8.69%,77,103,91,132,112,79,159,146,158,140,29.00%,19.26%,-34.51%,-58.41%,32.02%,78.19%,42.33%,44.32%,-34.51%,-58.41%
2012/02/29,2012/01/31,-1.36%,-0.56%,-0.99%,-1.62%,4.02%,2.71%,4.02%,3.75%,3.28%,7.39%,0.39%,0.71%,1.55%,4.95%,4.25%,4.74%,76,102,90,130,116,82,166,152,163,150,35.95%,24.83%,-34.26%,-58.12%,37.63%,86.64%,43.03%,51.47%,-34.26%,-58.12%
2012/03/31,2012/02/29,-1.75%,-0.63%,-0.74%,1.46%,1.99%,1.39%,2.14%,2.50%,4.48%,4.47%,0.58%,0.39%,1.05%,3.81%,3.15%,3.69%,75,101,89,132,119,83,169,155,170,157,41.04%,28.67%,-33.87%,-57.96%,41.95%,93.52%,43.81%,57.23%,-33.87%,-57.96%
2012/04/30,2012/03/31,-0.88%,-0.24%,-0.03%,0.93%,3.04%,-1.83%,-0.92%,-0.83%,-0.30%,-0.19%,2.67%,0.12%,3.02%,-1.81%,-0.69%,-1.84%,74,101,89,133,122,81,168,154,170,157,46.57%,30.77%,-32.11%,-57.91%,40.97%,89.96%,42.16%,54.39%,-32.11%,-57.91%
2012/05/31,2012/04/30,2.07%,-1.23%,0.64%,0.18%,1.33%,-5.06%,-6.75%,-5.22%,-6.15%,-7.05%,2.81%,0.63%,3.95%,-7.16%,-6.09%,-7.35%,76,100,90,133,124,77,156,146,159,146,45.49%,28.17%,-30.20%,-57.64%,32.39%,75.99%,40.36%,43.33%,-30.20%,-57.64%
2012/06/30,2012/05/31,-2.64%,1.68%,0.40%,0.74%,-2.22%,2.18%,5.01%,4.45%,4.35%,2.18%,0.48%,0.91%,-1.01%,4.49%,3.98%,4.22%,74,102,90,134,121,79,164,153,166,149,46.10%,28.18%,-29.87%,-57.26%,37.67%,83.42%,40.69%,49.77%,-29.87%,-57.26%
2012/07/31,2012/06/30,1.46%,0.36%,-0.11%,0.08%,0.53%,1.21%,0.46%,1.23%,1.10%,0.41%,0.85%,0.41%,1.78%,-0.56%,0.87%,-0.69%,75,102,90,134,122,80,165,154,168,149,44.74%,27.14%,-29.27%,-57.08%,38.87%,82.16%,38.49%,48.93%,-29.27%,-57.08%
2012/08/31,2012/07/31,0.03%,0.29%,-0.85%,-0.74%,1.11%,4.58%,2.48%,1.65%,1.63%,4.05%,0.68%,1.35%,-0.26%,4.51%,2.50%,4.11%,75,102,89,133,123,83,169,157,171,155,46.30%,26.47%,-28.79%,-56.51%,42.34%,89.64%,40.72%,55.65%,-28.79%,-56.51%
2012/09/30,2012/08/31,0.47%,-0.24%,0.35%,0.11%,-1.11%,5.58%,2.89%,2.52%,2.64%,1.64%,-2.16%,-3.70%,-1.82%,1.33%,2.56%,2.44%,75,102,89,133,122,88,174,161,175,158,43.99%,21.49%,-30.33%,-58.12%,45.99%,94.28%,40.55%,57.72%,-30.33%,-58.12%
2012/10/31,2012/09/30,2.23%,0.86%,0.13%,-0.10%,-0.66%,1.53%,-0.47%,-1.75%,-1.77%,-3.23%,3.01%,2.15%,1.21%,-0.79%,-1.70%,-1.43%,77,103,90,133,121,89,173,158,172,153,39.82%,15.70%,-28.23%,-57.22%,43.50%,91.49%,40.93%,56.48%,-28.23%,-57.22%
2012/11/30,2012/10/31,-2.12%,0.25%,-0.72%,-0.06%,0.51%,-1.86%,0.96%,-0.10%,0.80%,1.68%,0.63%,0.64%,-0.36%,0.76%,0.66%,0.57%,75,103,89,133,121,88,175,158,174,155,43.49%,19.80%,-27.78%,-56.95%,44.45%,92.59%,40.80%,57.67%,-27.78%,-56.95%
2012/12/31,2012/11/30,1.75%,0.52%,0.52%,0.26%,-1.29%,7.04%,2.99%,1.04%,0.72%,-0.32%,1.22%,-0.27%,-1.00%,2.21%,1.26%,2.29%,76,104,89,133,120,94,180,160,175,155,39.13%,10.98%,-26.90%,-57.06%,46.27%,97.00%,42.26%,61.16%,-26.90%,-57.06%
2013/01/31,2012/12/31,0.18%,0.54%,0.67%,0.51%,-2.74%,8.86%,6.56%,5.64%,5.99%,2.76%,-1.26%,-2.50%,0.42%,6.00%,5.53%,6.75%,77,104,90,134,117,102,192,169,185,159,35.06%,4.21%,-27.82%,-58.14%,54.35%,110.3%,44.00%,70.82%,-27.82%,-58.14%
2013/02/28,2013/01/31,-0.06%,0.39%,0.44%,0.15%,-1.00%,0.49%,1.44%,1.70%,1.57%,0.34%,-0.50%,-0.31%,-0.55%,0.70%,1.30%,0.79%,77,105,90,134,115,103,195,172,188,160,33.79%,4.06%,-28.18%,-58.27%,56.35%,112.0%,43.27%,72.01%,-28.18%,-58.27%
2013/03/31,2013/02/28,2.19%,0.51%,-0.11%,0.07%,-1.23%,6.09%,4.07%,3.74%,4.15%,3.50%,0.90%,1.35%,0.49%,5.53%,4.00%,5.13%,78,105,90,134,114,109,202,178,196,165,29.22%,1.37%,-27.53%,-57.70%,62.60%,122.8%,44.89%,81.53%,-27.53%,-57.70%
2013/04/30,2013/03/31,-0.28%,1.76%,0.28%,-0.07%,-0.62%,0.57%,3.21%,1.71%,1.74%,0.50%,0.55%,0.78%,0.21%,0.35%,1.68%,0.12%,78,107,91,134,113,110,209,181,200,166,28.78%,1.29%,-27.14%,-57.37%,65.33%,123.1%,42.63%,82.17%,-27.14%,-57.37%
2013/05/31,2013/04/30,0.13%,1.35%,-0.28%,-1.74%,0.08%,7.95%,5.56%,2.35%,0.04%,2.24%,-1.28%,-3.14%,-0.79%,2.99%,2.46%,3.94%,78,108,90,132,113,118,221,185,200,170,28.71%,-4.49%,-28.07%,-58.71%,69.40%,131.9%,44.73%,87.62%,-28.07%,-58.71%
2013/06/30,2013/05/31,-0.75%,0.68%,0.14%,0.40%,-1.15%,-1.74%,-0.69%,-1.02%,-0.75%,-2.26%,0.36%,0.50%,0.11%,-0.44%,-1.25%,-0.59%,78,109,90,132,112,116,219,183,198,166,28.20%,-4.99%,-27.81%,-58.51%,67.28%,130.5%,45.69%,86.79%,-27.81%,-58.51%
2013/07/31,2013/06/30,-0.63%,0.18%,-0.26%,-0.82%,0.46%,7.03%,6.19%,4.94%,4.83%,6.22%,-1.05%,-1.74%,-0.27%,7.01%,5.46%,7.54%,77,109,90,131,113,124,233,192,208,176,29.60%,-5.76%,-28.56%,-59.23%,76.41%,147.9%,48.72%,99.89%,-28.56%,-59.23%
2013/08/31,2013/07/31,1.92%,-0.55%,-0.20%,-0.20%,-0.12%,-3.66%,-3.66%,-2.89%,-2.77%,-2.07%,-0.09%,-0.30%,1.14%,-2.26%,-2.84%,-2.17%,79,109,90,131,112,120,224,187,202,173,26.97%,-4.27%,-28.63%,-59.35%,71.40%,142.5%,49.71%,95.37%,-28.63%,-59.35%
2013/09/30,2013/08/31,-2.11%,-0.60%,0.38%,-0.85%,1.15%,3.16%,2.36%,3.78%,3.32%,6.07%,-0.15%,0.13%,0.51%,6.44%,3.76%,6.40%,77,108,90,130,114,124,229,194,209,183,31.11%,-1.48%,-28.74%,-59.30%,77.84%,158.0%,53.67%,108.0%,-28.74%,-59.30%
2013/10/31,2013/09/30,0.37%,-0.70%,-0.69%,1.13%,0.22%,4.48%,3.61%,3.63%,5.22%,3.99%,0.56%,0.41%,-1.11%,2.90%,4.19%,2.78%,77,107,90,131,114,129,238,201,220,191,30.92%,-1.97%,-28.34%,-59.13%,85.29%,165.2%,51.50%,114.0%,-28.34%,-59.13%
2013/11/30,2013/10/31,0.18%,-0.26%,-0.32%,-0.18%,-0.69%,4.78%,2.98%,2.22%,2.97%,2.95%,0.38%,0.63%,0.72%,5.28%,2.86%,5.09%,77,107,89,131,113,135,245,205,226,196,29.78%,-3.77%,-28.07%,-58.87%,90.59%,178.7%,54.88%,125.3%,-28.07%,-58.87%
2013/12/31,2013/11/30,-0.81%,-0.81%,0.08%,0.01%,-0.11%,2.31%,1.98%,2.91%,2.91%,2.60%,-0.06%,-0.94%,-0.31%,2.16%,2.61%,2.44%,77,106,90,131,113,139,250,211,233,201,30.68%,-3.49%,-28.12%,-59.26%,95.56%,185.5%,54.63%,130.2%,-28.12%,-59.26%
2014/01/31,2013/12/31,1.73%,1.16%,-0.27%,0.15%,0.06%,-3.00%,-3.01%,-3.89%,-2.92%,-2.68%,-5.35%,-5.76%,-0.35%,-3.68%,-3.13%,-1.95%,78,107,89,131,113,134,242,203,226,196,28.49%,-3.18%,-31.96%,-61.61%,89.43%,179.9%,56.45%,121.7%,-31.96%,-61.61%
2014/02/28,2014/01/31,-1.04%,-0.78%,-0.17%,0.45%,0.79%,3.18%,3.64%,4.25%,5.33%,5.57%,-0.51%,0.02%,-0.43%,5.00%,4.67%,4.99%,77,107,89,132,114,139,251,212,238,207,30.85%,-0.87%,-32.31%,-61.60%,98.28%,193.9%,56.95%,132.8%,-32.31%,-61.60%
2014/03/31,2014/02/28,-0.05%,0.38%,1.55%,0.48%,-1.80%,1.70%,2.62%,2.00%,-0.13%,-3.05%,-1.31%,-2.71%,-1.41%,-2.67%,0.51%,-1.86%,77,107,91,133,112,141,257,216,238,201,28.56%,-5.57%,-33.20%,-62.64%,99.29%,188.4%,53.24%,126.6%,-33.20%,-62.64%
2014/04/30,2014/03/31,1.62%,-0.38%,-0.28%,1.46%,-0.16%,-0.09%,0.49%,-0.68%,1.49%,-2.08%,2.11%,0.19%,0.53%,-4.46%,-0.02%,-4.52%,78,107,90,135,112,141,259,215,241,196,26.28%,-7.45%,-31.79%,-62.56%,99.24%,175.4%,46.36%,116.5%,-31.79%,-62.56%
2014/05/31,2014/04/30,2.01%,-0.73%,-0.32%,-0.12%,1.49%,2.03%,1.18%,1.72%,2.18%,3.08%,1.27%,1.51%,0.60%,1.15%,2.10%,0.70%,80,106,90,134,113,144,262,218,246,202,25.61%,-6.48%,-30.92%,-62.00%,103.4%,177.3%,44.30%,118.9%,-30.92%,-62.00%
2014/06/30,2014/05/31,0.81%,-0.75%,-0.09%,0.33%,-0.75%,4.53%,2.23%,2.27%,2.65%,2.47%,0.23%,0.07%,-0.96%,4.36%,2.50%,4.34%,81,105,90,135,113,150,268,223,253,207,23.65%,-8.40%,-30.77%,-61.97%,108.5%,189.4%,46.96%,128.5%,-30.77%,-61.97%
2014/07/31,2014/06/30,-0.35%,-0.57%,0.31%,-0.04%,1.40%,-4.61%,-1.99%,-2.39%,-2.19%,-0.85%,-0.34%,-0.90%,0.50%,-5.34%,-1.95%,-5.07%,80,104,90,135,114,143,262,218,247,206,25.82%,-4.96%,-31.00%,-62.31%,104.4%,174.7%,42.38%,116.3%,-31.00%,-62.31%
2014/08/31,2014/07/31,-0.93%,-1.14%,0.18%,0.32%,0.21%,3.55%,3.19%,3.92%,4.12%,5.32%,2.78%,2.46%,1.49%,6.17%,4.18%,5.43%,80,103,90,135,114,148,271,226,258,217,27.25%,-3.28%,-29.09%,-61.39%,113.0%,189.6%,44.16%,129.6%,-29.09%,-61.39%
2014/09/30,2014/08/31,-2.35%,-0.64%,0.78%,0.64%,-0.92%,-6.62%,-2.35%,-2.12%,-1.43%,-2.24%,2.26%,2.48%,0.99%,-3.78%,-2.09%,-4.52%,78,103,91,136,113,139,264,222,254,212,29.06%,0.96%,-27.48%,-60.43%,108.5%,176.5%,40.65%,121.0%,-27.48%,-60.43%
2014/10/31,2014/09/30,-2.05%,0.06%,0.55%,-0.36%,0.92%,2.43%,1.55%,2.46%,2.23%,4.50%,4.07%,4.33%,-0.64%,5.95%,2.74%,4.65%,76,103,92,136,114,142,268,227,259,221,32.90%,3.05%,-24.53%,-58.71%,114.2%,189.4%,43.34%,134.1%,-24.53%,-58.71%
2014/11/30,2014/10/31,0.10%,0.67%,0.06%,0.63%,-1.15%,1.53%,2.97%,1.79%,3.42%,1.72%,1.42%,2.32%,-0.17%,1.72%,2.53%,1.03%,76,103,92,137,113,144,276,231,268,225,31.24%,3.25%,-23.46%,-57.75%,119.7%,192.3%,41.18%,138.1%,-23.46%,-57.75%
2014/12/31,2014/11/30,-0.33%,-0.56%,-0.19%,0.20%,0.65%,0.15%,-0.57%,0.13%,0.15%,-0.08%,1.97%,0.64%,0.06%,1.50%,-0.03%,1.31%,76,103,91,137,114,144,275,231,269,225,32.52%,3.02%,-21.95%,-57.48%,119.6%,196.2%,43.07%,141.7%,-21.95%,-57.48%
2015/01/31,2014/12/31,0.66%,-0.58%,-0.27%,-0.06%,1.47%,-3.63%,-3.70%,-3.07%,-3.23%,-1.20%,-0.08%,1.60%,1.11%,-1.40%,-2.75%,-1.88%,76,102,91,137,116,139,265,224,260,222,33.60%,5.52%,-22.01%,-56.80%,113.6%,190.6%,44.32%,138.3%,-22.01%,-56.80%
2015/02/28,2015/01/31,0.59%,0.49%,-1.84%,-0.06%,0.20%,6.72%,5.29%,3.79%,6.13%,7.20%,-0.64%,-1.51%,0.08%,6.09%,5.76%,6.55%,77,103,89,137,116,148,279,233,276,238,33.08%,6.04%,-22.51%,-57.46%,125.9%,209.6%,45.45%,152.9%,-22.51%,-57.46%
2015/03/31,2015/02/28,-0.71%,-0.05%,0.31%,-0.39%,0.12%,-2.53%,-1.36%,-0.86%,-1.34%,-0.36%,1.75%,2.78%,0.06%,2.21%,-1.06%,1.38%,76,103,90,136,116,145,275,231,272,237,34.19%,8.34%,-21.15%,-56.27%,123.5%,213.9%,49.00%,158.5%,-21.15%,-56.27%
2015/04/30,2015/03/31,1.82%,-0.22%,0.59%,-0.36%,0.17%,3.63%,0.58%,1.15%,0.47%,-1.16%,-1.09%,-4.92%,0.23%,-3.34%,0.40%,-1.87%,78,102,90,136,116,150,276,234,274,235,31.98%,3.15%,-22.01%,-58.42%,124.4%,208.0%,45.62%,149.8%,-22.01%,-58.42%
2015/05/31,2015/04/30,-0.58%,0.13%,0.52%,-0.20%,-0.72%,-0.83%,0.43%,1.14%,1.33%,2.59%,0.48%,3.47%,-0.45%,3.68%,1.29%,2.64%,77,102,91,135,115,149,278,236,277,241,31.79%,6.67%,-21.63%,-56.98%,127.3%,216.2%,47.58%,159.0%,-21.63%,-56.98%
2015/06/30,2015/05/31,1.64%,-0.92%,-0.76%,-0.20%,0.01%,-1.25%,-2.23%,-1.63%,-2.26%,-0.32%,0.44%,0.97%,-0.94%,-0.19%,-1.63%,-0.48%,79,102,90,135,115,147,271,232,271,240,29.64%,7.66%,-21.29%,-56.57%,123.6%,214.7%,49.29%,158.5%,-21.29%,-56.57%
2015/07/31,2015/06/30,-1.75%,0.21%,-1.13%,0.91%,0.24%,0.18%,0.21%,0.96%,2.29%,2.42%,2.45%,6.80%,0.76%,2.13%,1.67%,0.09%,77,102,89,136,116,147,272,235,277,246,32.22%,10.07%,-19.36%,-53.61%,127.3%,214.9%,46.92%,164.0%,-19.36%,-53.61%
2015/08/31,2015/07/31,0.33%,-0.48%,-0.43%,0.55%,0.28%,-4.97%,-5.52%,-6.01%,-5.91%,-6.60%,-0.59%,-2.63%,-0.10%,-6.63%,-5.98%,-5.84%,77,101,89,137,116,140,257,220,261,229,32.15%,8.28%,-19.84%,-54.83%,113.7%,196.6%,47.14%,146.5%,-19.84%,-54.83%
2015/09/30,2015/08/31,0.68%,-0.29%,0.59%,0.58%,-0.62%,-2.81%,-3.35%,-2.50%,-2.22%,-3.26%,0.30%,2.13%,-0.61%,-4.70%,-2.82%,-5.34%,78,101,89,138,115,136,248,215,255,222,30.43%,7.79%,-19.60%,-53.87%,107.7%,180.7%,43.44%,134.9%,-19.60%,-53.87%
2015/10/31,2015/09/30,-3.53%,-1.64%,0.56%,1.33%,0.84%,5.32%,5.72%,8.38%,8.61%,8.00%,2.59%,1.16%,0.10%,5.98%,7.68%,5.63%,75,99,90,140,116,143,263,233,277,240,36.12%,10.67%,-17.51%,-53.33%,123.6%,196.5%,40.50%,149.0%,-17.51%,-53.33%
2015/11/30,2015/10/31,1.06%,-0.64%,0.54%,0.68%,-0.82%,0.14%,-0.17%,0.37%,0.81%,0.95%,0.66%,1.27%,-1.43%,2.30%,0.55%,1.92%,76,99,90,141,115,143,262,234,279,242,33.56%,11.57%,-16.97%,-52.74%,124.8%,202.2%,42.43%,154.7%,-16.97%,-52.74%
2015/12/31,2015/11/30,-0.39%,-0.72%,-0.88%,0.47%,0.18%,-2.02%,-3.36%,-2.50%,-1.73%,-1.32%,2.02%,3.36%,0.87%,-2.43%,-2.07%,-3.44%,76,98,89,141,115,140,253,228,274,239,34.32%,12.35%,-15.29%,-51.15%,120.2%,191.8%,40.48%,148.5%,-15.29%,-51.15%
2016/01/31,2015/12/31,1.38%,1.57%,0.17%,-0.52%,-0.67%,-4.20%,-3.39%,-5.15%,-5.77%,-7.17%,0.44%,0.59%,-1.34%,-9.60%,-5.64%,-9.78%,77,100,90,141,115,135,245,216,259,222,31.57%,9.02%,-14.92%,-50.86%,107.8%,163.3%,34.67%,124.7%,-14.92%,-50.86%
2016/02/29,2016/01/31,3.40%,1.65%,-0.99%,0.70%,-0.95%,3.80%,1.44%,-1.22%,0.55%,-1.31%,-1.36%,-2.06%,-2.02%,-1.80%,-0.05%,-1.18%,79,101,89,142,114,140,248,214,260,219,25.85%,3.45%,-16.07%,-51.88%,107.6%,160.2%,33.15%,120.6%,-16.07%,-51.88%
2016/03/31,2016/02/29,1.05%,0.97%,1.07%,0.31%,0.27%,9.29%,8.58%,6.75%,7.09%,6.25%,-1.01%,-4.45%,-0.46%,5.13%,7.08%,6.47%,80,102,90,142,114,153,270,228,278,232,24.87%,0.30%,-16.92%,-54.02%,122.4%,177.0%,32.32%,131.9%,-16.92%,-54.02%
2016/04/30,2016/03/31,-1.06%,0.20%,1.42%,0.41%,-0.35%,1.52%,2.14%,2.07%,1.47%,-0.99%,-0.38%,-3.92%,1.07%,0.28%,0.81%,1.45%,79,102,91,143,113,155,275,233,282,230,25.75%,-2.22%,-17.23%,-55.82%,124.2%,181.0%,33.17%,132.6%,-17.23%,-55.82%
2016/05/31,2016/04/30,0.56%,-0.58%,0.48%,-0.14%,-0.10%,1.63%,0.61%,2.10%,1.45%,2.44%,3.14%,3.34%,0.90%,2.90%,1.79%,1.90%,80,102,91,142,113,157,277,238,287,236,24.93%,-1.43%,-14.64%,-54.34%,128.2%,186.4%,33.31%,139.3%,-14.64%,-54.34%
2016/06/30,2016/05/31,1.70%,0.22%,0.60%,1.56%,-1.44%,0.60%,-0.35%,0.66%,1.32%,-0.60%,-1.37%,-0.73%,-1.68%,-0.65%,0.26%,-0.43%,81,102,92,145,112,158,276,239,290,234,21.01%,-2.61%,-15.81%,-54.68%,128.8%,185.1%,32.39%,137.8%,-15.81%,-54.68%
2016/07/31,2016/06/30,-0.28%,0.97%,0.29%,-0.96%,0.79%,4.22%,5.65%,3.17%,2.44%,4.86%,-0.13%,-2.50%,-0.60%,4.51%,3.96%,5.26%,81,103,92,143,113,165,292,247,297,246,22.31%,-1.98%,-15.92%,-55.81%,137.9%,200.1%,34.10%,148.5%,-15.92%,-55.81%
2016/08/31,2016/07/31,-0.38%,1.27%,0.08%,-0.36%,-0.17%,1.58%,2.78%,0.55%,-0.08%,-0.78%,-0.96%,-3.58%,-0.75%,-0.67%,0.32%,0.40%,81,104,92,143,112,168,300,248,297,244,22.56%,-4.29%,-16.73%,-57.39%,138.6%,201.3%,34.22%,146.8%,-16.73%,-57.39%
2016/09/30,2016/08/31,0.04%,-0.91%,0.48%,-0.56%,0.28%,0.39%,-0.67%,0.58%,-0.34%,0.80%,0.18%,-0.83%,-0.33%,1.41%,0.19%,1.66%,81,103,93,142,113,168,298,250,296,246,22.84%,-3.90%,-16.58%,-57.75%,139.1%,206.3%,36.18%,150.3%,-16.58%,-57.75%
2016/10/31,2016/09/30,-0.66%,1.41%,0.15%,-0.60%,-0.03%,-2.87%,-0.83%,-1.09%,-2.85%,-2.52%,2.29%,2.69%,0.68%,-4.41%,-2.12%,-5.22%,80,105,93,141,113,163,295,247,288,240,23.62%,-3.56%,-14.67%,-56.61%,134.0%,190.3%,31.97%,139.3%,-14.67%,-56.61%
2016/11/30,2016/10/31,-1.92%,0.30%,-0.04%,1.50%,0.04%,6.57%,9.11%,6.03%,4.13%,2.12%,2.90%,-0.12%,0.83%,7.84%,4.59%,7.88%,79,105,93,143,113,174,322,262,300,245,26.05%,-7.85%,-12.20%,-56.66%,144.7%,213.2%,36.31%,158.0%,-12.20%,-56.66%
2016/12/31,2016/11/30,-1.16%,-1.47%,0.16%,0.51%,0.63%,1.03%,2.12%,2.24%,2.16%,1.60%,1.41%,0.57%,1.03%,2.13%,1.94%,1.96%,78,104,93,144,113,176,329,268,306,249,28.31%,-7.32%,-10.96%,-56.41%,149.5%,219.4%,36.33%,163.5%,-10.96%,-56.41%
2017/01/31,2016/12/31,1.14%,-0.21%,-0.67%,-1.05%,1.24%,3.55%,1.08%,0.95%,1.09%,3.66%,-0.71%,-1.84%,0.38%,1.08%,1.89%,1.63%,79,103,92,142,115,182,333,270,309,258,28.44%,-7.21%,-11.59%,-57.22%,154.2%,224.6%,35.98%,166.4%,-11.59%,-57.22%
2017/02/28,2017/01/31,-1.93%,-0.15%,0.82%,0.10%,-0.40%,2.55%,3.33%,3.92%,3.88%,3.50%,3.80%,2.46%,2.47%,3.50%,3.64%,2.76%,77,103,93,142,114,187,344,281,321,267,30.40%,-6.33%,-8.22%,-56.17%,163.5%,233.5%,34.78%,175.7%,-8.22%,-56.17%
2017/03/31,2017/02/28,-0.08%,0.01%,-0.53%,-0.45%,0.41%,1.30%,-0.63%,-0.84%,-0.15%,1.16%,1.97%,0.40%,0.56%,0.90%,0.13%,0.78%,77,103,93,142,115,189,341,278,321,270,31.04%,-6.46%,-6.42%,-55.99%,163.8%,236.1%,35.65%,178.2%,-6.42%,-55.99%
2017/04/30,2017/03/31,-2.64%,-0.89%,-0.19%,-0.29%,0.73%,-1.03%,0.02%,0.61%,0.76%,2.26%,3.56%,3.84%,1.13%,3.44%,1.11%,2.29%,75,102,92,141,116,187,342,280,323,276,35.46%,-3.38%,-3.09%,-54.30%,166.7%,243.8%,37.25%,187.7%,-3.09%,-54.30%
2017/05/31,2017/04/30,-1.54%,-0.87%,-0.07%,-1.02%,0.67%,-0.90%,-1.02%,0.50%,0.16%,3.04%,4.42%,4.56%,2.06%,1.37%,1.06%,0.00%,74,101,92,140,116,186,338,281,324,284,38.46%,0.43%,1.20%,-52.22%,169.6%,243.8%,35.80%,191.7%,0.00%,-52.22%
2017/06/30,2017/05/31,1.57%,0.89%,1.00%,0.94%,-1.28%,3.56%,1.93%,2.07%,1.75%,-0.97%,-0.92%,-2.62%,-0.06%,1.89%,0.90%,2.68%,75,102,93,141,115,192,345,287,330,281,34.51%,-4.12%,0.27%,-53.47%,172.0%,253.0%,38.22%,197.2%,-0.92%,-53.47%
2017/07/31,2017/06/30,-0.82%,-0.82%,-0.48%,0.21%,0.33%,0.46%,0.88%,1.57%,2.05%,2.58%,2.29%,3.16%,1.36%,2.55%,1.93%,1.60%,74,101,93,142,115,193,348,292,336,289,36.06%,-2.08%,2.56%,-52.00%,177.2%,258.7%,37.77%,204.8%,0.00%,-52.00%
2017/08/31,2017/07/31,-0.49%,-1.33%,-0.52%,-0.22%,0.72%,-3.39%,-1.56%,-0.69%,0.30%,1.69%,2.52%,4.25%,2.05%,2.05%,0.26%,0.78%,74,100,92,141,116,187,342,290,337,294,37.70%,2.89%,5.15%,-49.96%,177.9%,261.5%,38.49%,211.0%,0.00%,-49.96%
2017/09/30,2017/08/31,-1.30%,0.43%,-1.12%,0.12%,0.46%,3.48%,4.21%,2.10%,2.05%,2.31%,-2.65%,-4.53%,-1.26%,3.75%,2.47%,5.11%,73,101,91,141,117,193,357,296,344,300,40.13%,1.69%,2.36%,-52.23%,184.8%,280.0%,42.14%,222.7%,-2.65%,-52.23%
2017/10/31,2017/09/30,-0.35%,-1.12%,-1.73%,-1.00%,1.70%,0.87%,1.15%,0.78%,1.52%,4.22%,1.18%,2.90%,0.81%,2.37%,2.24%,1.50%,73,99,90,140,119,195,361,298,349,313,43.00%,5.10%,3.56%,-50.84%,191.2%,285.6%,41.09%,230.3%,-1.51%,-50.84%
2017/11/30,2017/10/31,-0.04%,-0.12%,0.03%,-0.34%,0.34%,3.55%,3.19%,3.12%,3.03%,3.53%,0.01%,-1.06%,0.58%,2.62%,3.22%,2.93%,73,99,90,140,119,202,372,307,360,324,43.54%,5.07%,3.58%,-51.36%,200.6%,297.0%,40.69%,239.0%,-1.49%,-51.36%
2017/12/31,2017/11/30,1.70%,0.33%,0.27%,-0.36%,-0.38%,3.09%,1.36%,1.48%,0.80%,0.84%,-0.66%,-2.31%,0.17%,-0.37%,1.10%,0.32%,74,100,90,139,119,208,377,312,363,327,40.55%,2.71%,2.89%,-52.49%,203.8%,298.2%,39.60%,237.7%,-2.14%,-52.49%
2018/01/31,2017/12/31,-0.63%,-1.25%,-1.71%,-1.72%,1.72%,2.67%,3.80%,3.82%,4.27%,8.49%,-0.32%,0.77%,0.60%,3.92%,5.34%,3.69%,73,98,88,137,121,213,392,324,378,355,43.86%,8.69%,2.56%,-52.13%,220.1%,312.9%,37.30%,251.0%,-2.46%,-52.13%
2018/02/28,2018/01/31,-1.35%,-1.31%,-2.36%,0.89%,0.78%,-6.09%,-5.10%,-5.45%,-2.75%,-2.82%,-0.25%,1.45%,-0.97%,-3.47%,-3.65%,-3.90%,73,97,86,138,122,200,372,306,368,345,46.92%,12.25%,2.31%,-51.43%,208.4%,296.8%,36.95%,238.8%,-2.70%,-51.43%
2018/03/31,2018/02/28,-2.70%,-0.40%,1.49%,0.51%,0.37%,-2.10%,-2.25%,-0.51%,-1.47%,-2.81%,1.34%,0.81%,0.11%,1.13%,-1.98%,0.89%,71,97,88,139,122,196,363,305,363,335,51.43%,11.45%,3.68%,-51.04%,202.3%,300.3%,40.87%,242.6%,-1.39%,-51.04%
2018/04/30,2018/03/31,1.50%,-1.17%,-0.57%,-0.61%,1.03%,2.48%,-0.69%,-0.07%,-0.18%,1.38%,-0.55%,-0.45%,-1.11%,0.26%,0.43%,0.40%,72,96,87,138,123,201,361,304,362,340,50.72%,10.22%,3.11%,-51.26%,203.6%,301.9%,40.83%,243.5%,-1.94%,-51.26%
2018/05/31,2018/04/30,0.09%,-1.24%,-1.47%,-0.18%,0.57%,3.54%,1.38%,1.13%,2.60%,4.00%,0.41%,1.76%,-0.84%,7.00%,2.78%,6.47%,72,94,86,137,124,208,366,308,371,353,51.44%,10.73%,3.53%,-50.40%,212.0%,327.9%,46.02%,267.6%,-1.53%,-50.40%
2018/06/30,2018/05/31,2.04%,0.95%,0.69%,-0.35%,-0.39%,2.57%,1.94%,1.17%,0.39%,0.20%,1.97%,0.05%,-0.04%,1.00%,0.75%,0.99%,73,95,86,137,124,214,373,311,373,354,47.76%,8.11%,5.57%,-50.38%,214.4%,332.2%,46.36%,271.2%,0.00%,-50.38%
2018/07/31,2018/06/30,-1.72%,0.69%,0.22%,0.83%,-1.13%,1.70%,3.86%,3.44%,4.17%,2.43%,3.24%,2.96%,0.68%,2.35%,3.27%,1.46%,72,96,87,138,122,217,387,322,388,362,48.63%,8.90%,9.00%,-48.91%,224.7%,338.5%,43.71%,280.0%,0.00%,-48.91%
2018/08/31,2018/07/31,-0.16%,0.00%,-0.75%,0.98%,-0.83%,1.66%,2.32%,1.51%,4.26%,4.69%,1.96%,4.34%,1.64%,7.11%,3.55%,5.81%,72,96,86,139,121,221,396,327,405,379,47.64%,12.19%,11.13%,-46.69%,236.2%,363.9%,46.95%,307.0%,0.00%,-46.69%
2018/09/30,2018/08/31,-2.30%,-0.74%,1.10%,-0.69%,0.36%,-3.21%,-0.85%,0.82%,-0.23%,0.88%,-0.35%,-0.74%,-0.98%,-2.84%,0.10%,-2.62%,70,95,87,139,122,214,393,330,404,383,51.58%,16.79%,10.74%,-47.09%,236.6%,351.8%,42.95%,295.4%,-0.35%,-47.09%
2018/10/31,2018/09/30,-3.89%,0.87%,0.77%,1.30%,0.87%,-12.65%,-6.30%,-5.12%,-5.89%,-9.41%,1.50%,0.25%,1.84%,-10.87%,-7.27%,-10.95%,67,96,88,140,123,187,368,313,380,347,58.79%,20.57%,12.40%,-46.96%,212.1%,302.3%,37.69%,252.4%,0.00%,-46.96%
2018/11/30,2018/10/31,-2.46%,0.50%,1.51%,1.01%,-1.19%,-0.37%,2.50%,3.41%,2.87%,0.61%,3.92%,3.42%,0.10%,1.44%,1.99%,0.41%,66,96,89,142,121,186,377,324,391,349,60.80%,21.76%,16.80%,-45.14%,218.3%,304.0%,35.51%,257.5%,0.00%,-45.14%
2018/12/31,2018/11/30,-1.33%,-1.27%,-0.60%,-0.01%,0.90%,-12.70%,-10.88%,-9.06%,-9.20%,-8.57%,6.28%,6.82%,2.54%,-8.85%,-9.28%,-10.90%,65,95,88,142,122,162,336,294,355,319,64.40%,26.78%,24.14%,-41.40%,188.8%,260.0%,33.32%,225.8%,0.00%,-41.40%
2019/01/31,2018/12/31,4.56%,1.47%,0.91%,-0.62%,-0.86%,15.81%,12.32%,9.35%,7.91%,7.32%,-6.19%,-10.37%,-2.67%,7.85%,8.72%,10.96%,68,97,89,141,121,188,378,322,383,342,55.48%,16.02%,16.46%,-47.48%,214.0%,299.4%,36.31%,251.4%,-6.19%,-47.48%
2019/02/28,2019/01/31,-3.19%,-1.27%,-0.88%,0.99%,-0.11%,0.92%,2.17%,2.47%,4.11%,4.15%,-0.13%,-0.45%,-0.66%,4.83%,3.43%,4.97%,66,95,88,142,121,190,386,330,399,357,60.27%,19.78%,16.31%,-47.72%,224.7%,319.3%,38.41%,268.4%,-6.31%,-47.72%
2019/03/31,2019/02/28,-1.12%,-0.32%,0.17%,0.59%,-0.84%,-1.16%,1.34%,0.94%,2.28%,1.13%,0.78%,0.25%,0.57%,-0.61%,1.41%,-0.68%,65,95,89,143,120,188,391,333,408,361,60.73%,22.51%,17.21%,-47.58%,229.3%,316.4%,35.52%,266.2%,-5.58%,-47.58%
2019/04/30,2019/03/31,-1.34%,-0.12%,-0.10%,-0.65%,0.40%,3.10%,4.21%,4.02%,2.99%,4.78%,2.27%,0.78%,-0.50%,2.18%,4.02%,1.94%,64,95,88,142,121,193,407,346,420,378,63.53%,24.57%,19.88%,-47.18%,242.5%,324.5%,32.71%,274.2%,-3.44%,-47.18%
2019/05/31,2019/04/30,0.37%,1.55%,0.10%,0.63%,-0.24%,-9.44%,-7.20%,-6.79%,-6.02%,-6.01%,-0.15%,4.75%,1.38%,-4.62%,-6.47%,-6.04%,64,96,89,143,120,175,378,323,395,355,62.53%,28.85%,19.70%,-44.67%,220.4%,298.9%,33.28%,256.9%,-3.58%,-44.67%
2019/06/30,2019/05/31,-1.14%,0.23%,-1.86%,0.34%,0.02%,6.54%,7.14%,4.94%,6.59%,7.81%,6.44%,4.98%,1.23%,8.91%,6.83%,7.41%,64,97,87,144,120,187,405,339,421,383,64.42%,30.49%,27.40%,-41.91%,242.2%,328.4%,34.06%,288.7%,0.00%,-41.91%
2019/07/31,2019/06/30,1.86%,0.96%,1.46%,-0.54%,-0.36%,1.21%,1.49%,2.14%,0.56%,1.75%,0.87%,2.71%,0.29%,0.96%,1.45%,0.15%,65,98,88,143,120,189,411,346,423,390,60.76%,31.19%,28.51%,-40.34%,247.2%,329.1%,32.31%,292.4%,0.00%,-40.34%
2019/08/31,2019/07/31,-5.66%,1.58%,0.09%,1.77%,-1.38%,-11.16%,-2.80%,-2.74%,-0.80%,-1.82%,-3.20%,1.04%,-2.94%,-4.82%,-2.11%,-5.13%,61,99,88,145,118,168,400,336,420,382,67.65%,43.43%,24.40%,-39.72%,239.9%,307.0%,28.31%,273.5%,-3.20%,-39.72%
2019/09/30,2019/08/31,1.80%,1.45%,0.82%,0.54%,0.45%,6.47%,4.04%,2.51%,2.19%,0.25%,-1.53%,-5.95%,-0.84%,-3.28%,1.76%,-1.50%,62,101,89,146,119,179,416,345,429,383,65.37%,34.51%,22.50%,-43.31%,245.8%,300.9%,24.14%,261.2%,-4.68%,-43.31%
2019/10/31,2019/09/30,1.84%,-0.63%,-0.09%,0.39%,-0.32%,3.83%,1.37%,2.04%,2.18%,2.36%,4.41%,5.38%,0.53%,4.53%,2.20%,2.92%,63,100,89,147,118,185,421,352,438,392,61.81%,32.54%,27.91%,-40.26%,253.4%,312.6%,25.03%,277.6%,-0.47%,-40.26%
2019/11/30,2019/10/31,-1.95%,-0.50%,-1.10%,-0.38%,0.12%,4.76%,4.43%,3.23%,2.93%,4.18%,5.55%,3.52%,1.90%,6.03%,3.75%,4.98%,62,99,88,146,118,194,440,363,451,409,65.16%,31.78%,35.01%,-38.16%,266.7%,333.2%,26.56%,300.4%,0.00%,-38.16%
2019/12/31,2019/11/30,-2.00%,-0.30%,-1.46%,0.32%,0.58%,3.01%,3.12%,1.69%,3.08%,2.95%,-1.38%,-3.57%,-0.49%,2.19%,2.79%,3.26%,61,99,87,147,119,200,454,369,465,421,69.42%,31.70%,33.14%,-40.37%,276.9%,347.3%,27.16%,309.1%,-1.38%,-40.37%
2020/01/31,2019/12/31,3.74%,-1.31%,-1.40%,-0.05%,-0.35%,-1.41%,-3.66%,-2.91%,-0.38%,1.85%,-4.90%,-0.97%,-1.48%,-0.70%,0.06%,-0.41%,63,98,85,146,119,197,437,359,463,429,62.48%,36.00%,26.62%,-40.95%,277.2%,345.5%,26.57%,306.3%,-6.21%,-40.95%
2020/02/29,2020/01/31,-5.74%,-1.33%,0.00%,-1.48%,0.76%,-11.89%,-8.10%,-8.01%,-9.03%,-7.26%,1.85%,0.40%,1.44%,-6.10%,-8.00%,-6.22%,59,97,85,144,120,174,402,330,422,398,73.03%,42.29%,28.96%,-40.71%,247.0%,317.8%,28.82%,281.5%,-4.48%,-40.71%
2020/03/31,2020/02/29,-6.35%,-5.43%,-0.04%,-2.09%,-0.60%,-25.36%,-22.51%,-16.69%,-15.19%,-9.90%,-0.70%,6.44%,-5.15%,-17.55%,-13.57%,-19.49%,56,91,85,141,119,130,311,275,357,358,82.97%,64.30%,28.07%,-36.89%,199.9%,236.4%,21.20%,214.5%,-5.14%,-36.89%
2020/04/30,2020/03/31,-5.26%,-2.68%,-2.15%,0.41%,1.24%,13.02%,12.49%,11.24%,12.62%,14.51%,-1.69%,-6.42%,1.94%,16.31%,13.44%,18.24%,53,89,84,142,120,147,350,306,403,410,94.85%,66.74%,25.91%,-40.95%,240.2%,297.7%,27.02%,265.8%,-6.74%,-40.95%
2020/05/31,2020/04/30,-1.07%,-0.61%,-1.21%,-0.49%,-0.66%,4.16%,4.09%,5.63%,3.95%,6.32%,-0.74%,-0.49%,0.27%,9.69%,5.40%,9.84%,52,88,83,141,120,153,365,323,418,436,95.65%,70.34%,24.97%,-41.23%,258.6%,336.8%,32.65%,301.3%,-7.44%,-41.23%
2020/06/30,2020/05/31,2.17%,0.61%,-0.02%,-3.37%,1.27%,4.95%,3.54%,3.01%,-1.47%,4.08%,-6.63%,-8.37%,-3.04%,2.40%,2.43%,4.91%,53,89,83,136,121,160,377,333,412,454,93.88%,68.84%,16.69%,-46.15%,267.3%,358.3%,35.94%,310.9%,-13.57%,-46.15%
2020/07/31,2020/06/30,1.89%,0.08%,-2.48%,-0.79%,-0.76%,2.78%,3.10%,2.54%,4.42%,7.28%,-5.06%,-1.12%,-1.92%,5.43%,5.73%,5.76%,54,89,80,135,120,165,389,341,431,487,88.75%,76.45%,10.79%,-46.76%,288.3%,384.7%,35.99%,333.2%,-17.94%,-46.76%
2020/08/31,2020/07/31,1.41%,-1.55%,-1.92%,-2.07%,0.07%,7.14%,5.34%,4.60%,5.36%,9.06%,-0.46%,0.32%,-4.64%,4.81%,7.38%,4.71%,55,88,79,133,120,177,410,357,454,531,86.22%,79.84%,10.28%,-46.59%,317.0%,407.5%,32.37%,354.0%,-18.32%,-46.59%
2020/09/30,2020/08/31,3.13%,1.49%,0.78%,0.05%,-1.09%,-0.93%,-2.82%,-2.94%,-3.79%,-3.81%,1.36%,3.00%,2.96%,0.81%,-3.61%,-0.09%,57,89,80,133,119,175,398,346,436,511,78.37%,74.64%,11.78%,-44.99%,301.9%,407.1%,37.03%,357.7%,-17.21%,-44.99%
2020/10/31,2020/09/30,1.35%,-3.30%,0.02%,1.08%,0.47%,2.99%,-1.99%,0.22%,-0.64%,-3.40%,2.42%,-0.42%,-0.04%,0.13%,-2.11%,0.26%,58,86,80,134,120,180,390,347,434,493,76.80%,63.48%,14.48%,-45.22%,293.4%,408.4%,40.28%,358.3%,-15.21%,-45.22%
2020/11/30,2020/10/31,6.60%,1.90%,0.60%,0.92%,-0.70%,26.97%,18.17%,15.31%,13.30%,10.10%,-5.10%,-12.98%,-2.46%,11.50%,12.26%,15.40%,61,88,80,135,119,229,461,400,491,543,63.88%,35.90%,8.64%,-52.33%,341.6%,486.6%,44.67%,411.0%,-19.53%,-52.33%
2020/12/31,2020/11/30,-1.27%,-2.85%,0.72%,-1.41%,-0.12%,7.10%,4.68%,6.52%,3.02%,4.81%,-1.12%,-4.22%,-2.39%,6.30%,4.57%,7.56%,61,85,81,133,119,245,483,426,506,569,65.77%,32.79%,7.42%,-54.34%,361.8%,531.0%,49.00%,443.2%,-20.43%,-54.34%
2021/01/31,2020/12/31,2.93%,-1.67%,0.37%,-1.05%,-0.52%,4.04%,1.23%,0.77%,-0.77%,-0.55%,-12.73%,-13.47%,-3.78%,3.71%,-0.12%,7.75%,62,84,81,132,118,255,489,430,502,566,60.05%,26.69%,-6.25%,-60.49%,361.3%,579.9%,60.72%,463.3%,-30.56%,-60.49%
