Date,fdate,OPLEV_AR_1,OPLEV_AR_2,OPLEV_AR_3,OPLEV_AR_4,OPLEV_AR_5,OPLEV_TR_1,OPLEV_TR_2,OPLEV_TR_3,OPLEV_TR_4,OPLEV_TR_5,OPLEV_AR_Sig,OPLEV_TR_Sig,OPLEV_AR_130,OPLEV_TR_130,OPLEV_TR_BP,OPLEV_TR_LO,OPLEV_CAR_1,OPLEV_CAR_2,OPLEV_CAR_3,OPLEV_CAR_4,OPLEV_CAR_5,OPLEV_CTR_1,OPLEV_CTR_2,OPLEV_CTR_3,OPLEV_CTR_4,OPLEV_CTR_5,OPLEV_CAR_LS,OPLEV_CTR_LS,OPLEV_CAR_SW,OPLEV_CTR_SW,OPLEV_CTR_BP,OPLEV_CTR_LO,OPLEV_CXR_LO,OPLEV_CTR_13,OPLEV_CADD,OPLEV_CTDD
2001/02/28,2001/01/31,3.40%,2.68%,1.15%,0.54%,0.25%,-5.85%,-14.90%,-8.58%,-8.64%,-10.12%,1.16%,-0.31%,9.10%,-3.34%,-9.48%,-3.24%,103,103,101,101,100,94,85,91,91,90,-3.14%,-4.27%,1.16%,-0.31%,-9.48%,-3.24%,6.23%,-3.34%,0.00%,-0.31%
2001/03/31,2001/02/28,-1.63%,0.87%,2.42%,-1.55%,0.98%,-5.35%,-10.44%,-4.34%,-7.12%,-6.30%,1.90%,0.74%,4.55%,-2.37%,-6.73%,-2.59%,102,104,104,99,101,89,76,87,85,84,-0.61%,-5.18%,3.08%,0.43%,-15.57%,-5.75%,10.63%,-5.62%,0.00%,0.00%
2001/04/30,2001/03/31,0.05%,1.09%,-0.03%,-2.12%,-0.09%,6.16%,12.43%,8.17%,5.47%,8.85%,-0.88%,-0.42%,-3.27%,5.33%,8.26%,5.46%,102,105,104,97,101,95,86,95,90,92,-0.75%,-2.62%,2.18%,0.00%,-8.60%,-0.60%,7.54%,-0.59%,-0.88%,-0.42%
2001/05/31,2001/04/30,1.68%,0.94%,-2.06%,-2.22%,-0.67%,2.85%,-0.76%,-0.08%,1.43%,1.55%,1.42%,1.95%,5.60%,9.41%,1.01%,8.82%,103,106,101,95,100,97,85,95,91,93,-3.09%,-3.89%,3.62%,1.96%,-7.68%,8.17%,15.94%,8.76%,0.00%,0.00%
2001/06/30,2001/05/31,2.69%,1.56%,-1.95%,-0.74%,2.37%,-1.21%,-0.46%,-3.17%,-3.30%,0.04%,1.40%,2.20%,2.87%,6.61%,-1.54%,5.95%,106,107,99,94,103,96,85,92,88,93,-3.40%,-2.69%,5.07%,4.20%,-9.10%,14.60%,24.62%,15.95%,0.00%,0.00%
2001/07/31,2001/06/30,-3.84%,2.07%,0.86%,-0.60%,-0.92%,-1.97%,-3.11%,-0.78%,-0.48%,-2.07%,0.05%,-0.31%,4.77%,0.32%,-1.79%,0.42%,102,110,100,93,102,94,82,91,87,91,-0.59%,-2.79%,5.12%,3.87%,-10.73%,15.08%,27.37%,16.32%,0.00%,-0.31%
2001/08/31,2001/07/31,0.54%,-0.04%,0.25%,1.72%,0.79%,-5.13%,-8.53%,-5.75%,-4.24%,-6.40%,0.14%,-0.15%,2.05%,-1.78%,-5.97%,-1.73%,103,110,101,95,103,89,75,86,84,85,-0.33%,-4.02%,5.26%,3.71%,-16.06%,13.08%,32.77%,14.25%,0.00%,-0.47%
2001/09/30,2001/08/31,-1.66%,-2.47%,-0.59%,0.52%,1.32%,-5.19%,-13.88%,-10.77%,-7.80%,-8.67%,-0.57%,-0.80%,2.47%,-9.64%,-8.92%,-9.40%,101,107,100,96,104,85,65,76,77,78,2.64%,-7.36%,4.66%,2.89%,-23.54%,2.45%,32.13%,3.24%,-0.57%,-1.26%
2001/10/31,2001/09/30,3.30%,1.97%,0.03%,2.36%,1.77%,0.44%,8.39%,1.57%,1.34%,3.28%,1.62%,2.28%,-0.57%,7.18%,2.68%,6.50%,104,109,100,98,106,85,70,78,78,81,1.06%,-4.73%,6.36%,5.24%,-21.50%,9.11%,37.17%,10.65%,0.00%,0.00%
2001/11/30,2001/10/31,0.30%,3.75%,-0.56%,-2.72%,-2.87%,6.53%,13.36%,7.64%,5.09%,6.99%,0.68%,0.87%,-0.20%,6.85%,7.75%,6.59%,105,113,99,95,103,91,79,83,82,86,-2.14%,-4.28%,7.08%,6.15%,-15.41%,16.29%,35.58%,18.23%,0.00%,0.00%
2001/12/31,2001/11/30,-0.26%,-0.18%,-0.30%,1.70%,1.08%,-0.34%,1.98%,2.24%,3.06%,2.46%,0.38%,0.63%,0.88%,5.26%,1.71%,5.07%,104,113,99,97,104,90,81,85,85,88,-0.83%,-1.60%,7.49%,6.82%,-13.96%,22.19%,40.14%,24.45%,0.00%,0.00%
2002/01/31,2001/12/31,-0.69%,0.89%,-0.06%,0.18%,-0.03%,-1.21%,-2.55%,-0.75%,-0.47%,-1.67%,1.03%,0.97%,3.87%,3.62%,-1.25%,3.33%,104,114,99,97,104,89,79,85,84,87,-0.17%,-2.06%,8.60%,7.85%,-15.04%,26.26%,46.56%,28.96%,0.00%,0.00%
2002/02/28,2002/01/31,-0.84%,-3.10%,1.12%,2.49%,1.23%,-1.54%,-7.89%,-1.54%,0.89%,-1.53%,0.91%,0.66%,2.06%,-1.19%,-2.10%,-1.39%,103,110,100,99,105,88,73,83,85,85,1.90%,-2.06%,9.59%,8.56%,-16.83%,24.51%,47.60%,27.42%,0.00%,0.00%
2002/03/31,2002/02/28,0.51%,1.67%,-0.39%,-0.20%,2.29%,2.47%,6.09%,5.03%,3.27%,7.23%,-1.72%,-1.90%,-0.72%,4.79%,4.42%,5.36%,103,112,100,99,108,90,77,88,88,92,3.71%,2.60%,7.71%,6.50%,-13.15%,31.18%,48.99%,33.52%,-1.72%,-1.90%
2002/04/30,2002/03/31,-0.03%,-2.73%,1.49%,1.30%,-0.11%,-5.68%,-9.32%,-2.98%,-2.61%,-5.49%,-0.31%,-0.68%,2.25%,1.32%,-5.00%,1.53%,103,109,101,100,108,85,70,85,86,87,3.64%,2.79%,7.37%,5.77%,-17.49%,33.18%,58.71%,35.28%,-2.03%,-2.57%
2002/05/31,2002/04/30,-1.29%,-0.28%,0.74%,-1.08%,0.25%,-1.03%,-3.17%,-0.66%,-0.95%,-0.82%,0.36%,0.58%,2.97%,0.40%,-1.20%,0.22%,102,109,102,99,108,84,68,84,85,86,5.22%,3.00%,7.76%,6.39%,-18.48%,33.48%,60.97%,35.82%,-1.67%,-2.00%
2002/06/30,2002/05/31,2.28%,-4.31%,-1.23%,0.44%,2.53%,-4.95%,-11.71%,-8.58%,-6.04%,-5.47%,0.12%,0.23%,-0.73%,-3.71%,-6.92%,-3.78%,104,104,101,100,111,80,60,77,80,81,5.48%,2.47%,7.89%,6.63%,-24.12%,28.44%,66.03%,30.78%,-1.56%,-1.78%
2002/07/31,2002/06/30,1.09%,2.32%,-1.85%,-2.55%,-0.27%,-4.53%,-7.15%,-11.45%,-9.29%,-9.17%,-0.49%,-0.02%,0.42%,-8.89%,-7.99%,-8.88%,105,106,99,97,110,76,56,68,72,74,4.04%,-2.29%,7.35%,6.61%,-30.19%,17.03%,64.55%,19.16%,-2.04%,-1.79%
2002/08/31,2002/07/31,-1.04%,-0.60%,-0.22%,-0.99%,-1.08%,0.92%,-0.83%,1.07%,1.00%,0.44%,1.46%,1.58%,3.46%,2.95%,0.64%,2.48%,104,106,99,96,109,77,55,69,73,74,4.00%,-2.76%,8.92%,8.30%,-29.74%,19.93%,67.59%,22.68%,-0.62%,-0.24%
2002/09/30,2002/08/31,-3.09%,-0.61%,1.18%,-1.53%,1.31%,-11.04%,-11.69%,-9.45%,-9.13%,-9.37%,1.98%,1.71%,2.40%,-4.59%,-10.13%,-5.10%,101,105,100,95,110,69,49,63,66,67,8.58%,-1.13%,11.07%,10.15%,-36.86%,13.82%,76.01%,17.05%,0.00%,0.00%
2002/10/31,2002/09/30,0.72%,2.93%,3.59%,0.88%,-1.12%,6.60%,10.90%,10.12%,6.06%,5.93%,1.61%,2.30%,1.64%,5.66%,7.77%,4.97%,102,108,103,96,109,73,54,69,70,71,6.59%,-1.80%,12.86%,12.68%,-31.95%,19.48%,71.09%,23.68%,0.00%,0.00%
2002/11/30,2002/10/31,-0.60%,1.18%,-0.77%,1.18%,-2.34%,2.88%,10.99%,7.09%,5.49%,5.32%,0.99%,1.51%,0.52%,9.91%,6.03%,9.46%,101,110,103,97,107,75,60,74,74,75,4.73%,0.60%,13.98%,14.38%,-27.85%,30.78%,76.97%,35.94%,0.00%,0.00%
2002/12/31,2002/11/30,-0.10%,0.31%,-1.06%,-0.11%,1.28%,-4.12%,-7.48%,-7.92%,-4.28%,-5.04%,-0.76%,-1.08%,1.81%,-3.22%,-5.58%,-2.90%,101,110,102,97,108,72,55,68,71,71,6.17%,-0.34%,13.12%,13.15%,-31.88%,26.99%,81.72%,31.56%,-0.76%,-1.08%
2003/01/31,2002/12/31,1.22%,-0.02%,-0.77%,-0.90%,0.05%,-1.42%,-2.49%,-3.47%,-3.28%,-2.56%,0.96%,1.09%,3.47%,2.32%,-2.56%,1.99%,102,110,101,96,108,71,54,66,69,69,4.93%,-1.48%,14.21%,14.38%,-33.63%,29.51%,89.99%,34.61%,0.00%,0.00%
2003/02/28,2003/01/31,0.27%,-0.26%,1.05%,-0.64%,0.49%,-1.50%,-2.19%,-1.25%,-2.58%,-1.57%,0.51%,0.46%,1.57%,-0.46%,-1.81%,-0.60%,103,110,102,95,109,70,53,65,67,68,5.16%,-1.55%,14.79%,14.91%,-34.83%,28.74%,92.28%,33.99%,0.00%,0.00%
2003/03/31,2003/02/28,-0.33%,2.12%,-0.23%,2.53%,1.07%,0.04%,2.62%,0.11%,2.34%,1.50%,0.21%,0.90%,0.95%,2.36%,1.22%,2.09%,102,112,102,98,110,70,54,65,68,69,6.64%,-0.11%,15.03%,15.95%,-34.03%,31.43%,93.96%,37.16%,0.00%,0.00%
2003/04/30,2003/03/31,2.40%,-0.52%,-1.03%,-2.08%,-0.15%,10.76%,6.54%,8.90%,5.69%,8.26%,-1.66%,-1.90%,-0.35%,7.06%,8.22%,7.63%,105,111,101,96,110,78,58,71,72,75,3.92%,-2.62%,13.12%,13.75%,-28.61%,41.46%,92.81%,46.84%,-1.66%,-1.90%
2003/05/31,2003/04/30,-1.06%,0.33%,-0.05%,-0.40%,0.99%,5.38%,5.53%,7.30%,5.72%,7.87%,2.82%,3.90%,5.38%,15.57%,6.23%,14.40%,104,112,101,95,111,82,61,76,76,81,6.04%,-0.19%,16.31%,18.18%,-24.16%,61.82%,108.6%,69.70%,0.00%,0.00%
2003/06/30,2003/05/31,-0.04%,2.64%,-1.01%,-0.80%,-0.33%,1.39%,3.92%,0.70%,0.93%,1.35%,0.58%,0.01%,2.20%,4.94%,1.49%,4.94%,104,115,99,94,110,83,63,76,77,82,5.73%,-0.23%,16.98%,18.19%,-23.03%,69.82%,115.8%,78.09%,0.00%,0.00%
2003/07/31,2003/06/30,1.54%,-0.22%,-0.15%,0.80%,0.47%,3.40%,0.54%,1.98%,2.93%,2.69%,1.34%,1.37%,2.87%,7.78%,2.46%,7.37%,105,114,99,95,111,86,64,78,79,84,4.61%,-0.94%,18.55%,19.81%,-21.14%,82.33%,126.4%,91.94%,0.00%,0.00%
2003/08/31,2003/07/31,-1.83%,-2.12%,2.39%,-0.06%,1.02%,0.65%,-0.43%,5.21%,2.93%,3.59%,0.53%,0.64%,-0.12%,3.99%,2.35%,3.80%,103,112,102,95,112,86,63,82,82,87,7.59%,1.98%,19.18%,20.58%,-19.28%,89.25%,129.6%,99.60%,0.00%,0.00%
2003/09/30,2003/08/31,2.08%,0.62%,-1.65%,-1.48%,-0.74%,1.11%,-0.36%,-2.69%,-2.32%,-1.71%,0.90%,1.14%,3.15%,3.39%,-1.08%,3.04%,105,113,100,94,111,87,63,80,80,86,4.55%,-0.91%,20.25%,21.95%,-20.15%,95.02%,139.1%,106.4%,0.00%,0.00%
2003/10/31,2003/09/30,-0.21%,-0.06%,2.12%,-0.22%,1.02%,4.94%,3.50%,8.05%,6.90%,6.76%,0.24%,1.35%,2.30%,9.23%,6.06%,8.83%,105,113,102,94,112,91,65,86,85,91,5.84%,0.90%,20.53%,23.60%,-15.32%,112.2%,145.7%,125.4%,0.00%,0.00%
2003/11/30,2003/10/31,-0.13%,1.72%,0.27%,-0.94%,-0.84%,1.12%,2.26%,2.10%,1.31%,0.67%,0.75%,0.68%,2.24%,4.54%,1.47%,4.34%,105,114,102,93,111,92,67,88,86,92,5.09%,0.45%,21.43%,24.44%,-14.07%,121.4%,152.7%,135.6%,0.00%,0.00%
2003/12/31,2003/11/30,0.57%,-1.28%,-1.52%,-0.07%,-0.34%,5.04%,4.00%,3.71%,4.35%,4.64%,-0.86%,-1.36%,-1.12%,1.51%,4.39%,1.92%,106,113,101,93,111,97,69,91,90,96,4.14%,0.04%,20.39%,22.75%,-10.30%,125.7%,146.5%,139.2%,-0.86%,-1.36%
2004/01/31,2003/12/31,1.38%,2.57%,-1.53%,-2.25%,-0.08%,3.35%,3.59%,1.27%,1.18%,1.93%,0.66%,0.98%,2.77%,6.39%,2.25%,6.10%,107,116,99,91,111,100,72,92,91,98,2.62%,-1.37%,21.18%,23.94%,-8.28%,139.4%,156.0%,154.5%,-0.21%,-0.40%
2004/02/29,2004/01/31,-0.82%,-0.59%,-0.71%,2.40%,-0.42%,0.63%,0.96%,1.00%,3.81%,1.03%,0.19%,0.33%,0.82%,1.66%,1.48%,1.56%,106,115,99,93,110,101,73,93,95,99,3.03%,-0.97%,21.40%,24.35%,-6.92%,143.2%,156.2%,158.7%,-0.02%,-0.07%
2004/03/31,2004/02/29,-0.37%,-0.91%,0.50%,0.70%,-0.12%,-1.59%,-1.99%,-0.61%,0.03%,-1.12%,-0.14%,-0.13%,-0.34%,0.14%,-1.09%,0.18%,106,114,99,93,110,99,71,93,95,98,3.29%,-0.51%,21.23%,24.20%,-7.94%,143.6%,159.4%,159.0%,-0.17%,-0.20%
2004/04/30,2004/03/31,-1.48%,-2.44%,0.00%,1.99%,-0.10%,-2.44%,-2.50%,-2.62%,-1.00%,-1.43%,0.13%,0.17%,-0.97%,-3.98%,-2.03%,-4.03%,104,111,99,95,110,97,69,90,94,97,4.72%,0.50%,21.38%,24.41%,-9.81%,133.8%,154.2%,148.7%,-0.04%,-0.02%
2004/05/31,2004/04/30,0.26%,1.14%,-0.22%,-0.43%,0.57%,1.47%,2.15%,1.05%,0.48%,1.57%,-2.08%,-1.88%,-2.50%,-1.60%,1.34%,-1.03%,105,113,99,95,111,98,71,91,94,98,5.04%,0.60%,18.85%,22.07%,-8.61%,131.3%,148.2%,144.7%,-2.13%,-1.90%
2004/06/30,2004/05/31,-0.22%,0.09%,-0.03%,0.09%,0.47%,1.32%,1.45%,2.72%,2.50%,2.28%,-0.62%,-0.74%,-2.01%,1.24%,1.96%,1.46%,104,113,99,95,111,100,72,94,97,100,5.76%,1.57%,18.11%,21.17%,-6.81%,134.7%,147.0%,147.8%,-2.73%,-2.63%
2004/07/31,2004/06/30,0.21%,-0.32%,-0.12%,-0.57%,0.51%,-3.61%,-4.58%,-4.03%,-4.10%,-3.06%,0.63%,0.31%,-0.58%,-4.35%,-3.87%,-4.44%,105,112,99,94,112,96,69,90,93,97,6.08%,2.13%,18.86%,21.55%,-10.42%,124.3%,145.5%,137.0%,-2.12%,-2.32%
2004/08/31,2004/07/31,1.06%,-1.41%,-0.18%,0.29%,0.47%,1.34%,-1.36%,0.07%,0.28%,0.57%,-0.44%,-0.77%,0.53%,-0.25%,0.29%,-0.02%,106,111,99,95,112,97,68,90,93,98,5.45%,1.34%,18.34%,20.61%,-10.15%,124.2%,144.8%,136.4%,-2.55%,-3.08%
2004/09/30,2004/08/31,-1.63%,0.86%,0.76%,-0.51%,1.78%,-0.39%,1.93%,2.80%,1.98%,3.34%,0.03%,0.38%,0.82%,4.38%,1.66%,4.27%,104,112,99,94,114,97,69,92,95,101,9.05%,5.11%,18.37%,21.08%,-8.67%,133.8%,151.2%,146.8%,-2.52%,-2.70%
2004/10/31,2004/09/30,-0.74%,0.16%,0.87%,-0.25%,0.67%,0.80%,1.82%,2.66%,0.99%,2.08%,-0.34%,-0.30%,0.36%,1.73%,1.55%,1.82%,103,112,100,94,115,98,70,95,96,103,10.59%,6.45%,17.97%,20.72%,-7.25%,138.1%,151.8%,151.0%,-2.85%,-2.99%
2004/11/30,2004/10/31,-0.79%,0.90%,-1.43%,-0.01%,1.97%,3.17%,4.85%,4.44%,5.29%,6.42%,1.00%,0.93%,1.10%,7.92%,4.65%,7.64%,102,113,99,94,117,101,74,99,101,110,13.64%,9.91%,19.15%,21.84%,-2.94%,156.3%,159.4%,170.9%,-1.88%,-2.09%
2004/12/31,2004/11/30,0.51%,0.57%,-0.37%,-0.76%,0.20%,4.11%,4.25%,3.73%,2.55%,3.49%,0.88%,0.89%,2.81%,5.80%,3.62%,5.53%,103,114,98,93,118,105,77,103,103,114,13.29%,9.24%,20.21%,22.92%,0.58%,170.4%,164.3%,186.6%,-1.01%,-1.22%
2005/01/31,2004/12/31,-1.23%,-0.76%,0.42%,1.19%,0.92%,-3.84%,-4.18%,-2.55%,-0.97%,-1.70%,0.23%,-0.12%,-0.08%,-3.26%,-2.69%,-3.23%,102,113,99,94,119,101,74,100,102,112,15.72%,11.58%,20.48%,22.78%,-2.13%,161.7%,162.9%,177.3%,-0.79%,-1.34%
2005/02/28,2005/01/31,-2.00%,-0.52%,0.47%,1.30%,2.81%,-0.34%,0.81%,2.68%,3.46%,4.63%,0.01%,-0.23%,-1.38%,-0.19%,2.06%,-0.12%,100,112,99,96,122,101,74,103,106,117,21.29%,17.12%,20.49%,22.49%,-0.11%,161.4%,157.2%,176.8%,-0.78%,-1.57%
2005/03/31,2005/02/28,-0.55%,1.02%,0.39%,-1.03%,0.81%,-1.92%,-2.12%,-1.23%,-1.85%,-1.51%,0.91%,0.21%,-0.23%,-2.51%,-1.73%,-2.58%,99,113,100,95,123,99,73,102,104,115,22.94%,17.60%,21.58%,22.75%,-1.84%,154.7%,155.0%,169.8%,0.00%,-1.36%
2005/04/30,2005/03/31,1.45%,2.61%,-0.80%,-0.77%,-1.15%,-0.35%,-1.18%,-3.29%,-2.99%,-4.15%,-0.69%,-0.67%,-0.16%,-5.05%,-2.23%,-4.85%,100,116,99,94,122,98,72,98,101,111,19.74%,13.14%,20.74%,21.93%,-4.03%,142.3%,148.3%,156.2%,-0.69%,-2.02%
2005/05/31,2005/04/30,0.59%,1.20%,-0.53%,-0.77%,-0.26%,3.66%,6.26%,3.41%,3.04%,4.06%,-0.55%,-0.43%,-1.46%,3.86%,3.88%,3.99%,101,118,98,93,121,102,76,102,104,115,18.73%,13.59%,20.08%,21.40%,-0.31%,152.0%,148.6%,166.1%,-1.24%,-2.45%
2005/06/30,2005/05/31,-0.14%,-0.24%,-0.94%,0.29%,1.05%,0.06%,0.20%,0.01%,2.23%,2.12%,0.49%,-0.14%,0.34%,3.03%,0.85%,3.07%,101,117,97,93,123,102,76,102,106,117,20.14%,15.94%,20.66%,21.22%,0.54%,159.7%,154.1%,174.1%,-0.76%,-2.59%
2005/07/31,2005/06/30,-1.21%,0.33%,1.57%,0.33%,-0.48%,2.15%,6.12%,5.79%,4.04%,4.09%,0.86%,0.94%,0.72%,6.23%,4.20%,5.94%,100,118,99,94,122,104,81,108,110,122,21.02%,18.20%,21.70%,22.36%,4.76%,175.2%,158.5%,191.2%,0.00%,-1.67%
2005/08/31,2005/07/31,-0.99%,0.86%,-0.11%,0.76%,0.08%,-1.88%,-1.23%,-1.17%,0.18%,-0.96%,1.93%,2.44%,2.00%,1.37%,-1.01%,0.64%,99,119,99,94,122,102,80,106,111,121,22.31%,19.28%,24.05%,25.34%,3.70%,176.9%,162.8%,195.2%,0.00%,0.00%
2005/09/30,2005/08/31,-0.29%,0.27%,-0.55%,1.50%,1.20%,-0.10%,0.26%,-0.03%,2.46%,1.64%,0.55%,0.42%,0.79%,0.51%,0.77%,0.39%,98,119,98,96,124,102,80,106,113,123,24.14%,21.35%,24.73%,25.86%,4.50%,178.0%,161.8%,196.7%,0.00%,0.00%
2005/10/31,2005/09/30,1.94%,0.03%,-1.55%,-1.60%,1.05%,0.74%,-2.71%,-3.21%,-3.16%,-0.98%,0.11%,-0.19%,0.09%,-2.14%,-1.76%,-2.08%,100,119,97,94,125,103,78,103,110,122,23.04%,19.26%,24.87%,25.62%,2.66%,172.2%,161.0%,190.3%,0.00%,-0.19%
2005/11/30,2005/10/31,0.77%,0.51%,0.52%,-0.83%,0.05%,3.78%,5.67%,4.11%,2.93%,4.10%,0.11%,0.19%,0.17%,3.72%,3.93%,3.67%,101,120,97,93,125,107,83,107,113,127,22.15%,19.64%,25.01%,25.87%,6.69%,182.2%,160.3%,201.1%,0.00%,0.00%
2005/12/31,2005/11/30,0.92%,-0.69%,-0.44%,-0.35%,0.51%,0.80%,-0.97%,-0.40%,-0.14%,0.49%,0.31%,0.54%,1.27%,1.20%,0.04%,1.03%,102,119,97,93,126,108,82,107,113,127,21.65%,19.27%,25.40%,26.55%,6.73%,185.1%,162.9%,204.7%,0.00%,0.00%
2006/01/31,2005/12/31,-0.96%,-4.97%,1.25%,2.02%,-0.91%,1.64%,1.72%,4.73%,5.44%,2.86%,0.52%,0.40%,-1.67%,5.71%,3.44%,5.59%,101,113,98,95,124,109,83,112,119,131,21.72%,20.73%,26.04%,27.06%,10.40%,201.0%,168.5%,222.1%,0.00%,0.00%
2006/02/28,2006/01/31,0.42%,0.64%,-0.34%,-0.61%,0.28%,1.05%,0.53%,-0.31%,-0.81%,0.29%,0.86%,0.97%,1.54%,1.82%,0.09%,1.53%,101,114,98,94,125,111,84,111,118,131,21.55%,19.80%,27.13%,28.29%,10.50%,205.6%,172.4%,228.0%,0.00%,0.00%
2006/03/31,2006/02/28,-0.94%,-0.23%,-0.31%,0.43%,0.01%,0.53%,2.55%,2.19%,1.92%,3.26%,-0.05%,-0.14%,-0.99%,3.54%,1.90%,3.58%,100,113,97,95,125,111,86,114,120,136,22.71%,23.07%,27.07%,28.11%,12.59%,216.6%,177.0%,239.6%,-0.05%,-0.14%
2006/04/30,2006/03/31,1.07%,-0.29%,-0.49%,-0.72%,0.03%,1.96%,-0.47%,0.56%,1.34%,0.84%,1.32%,1.59%,1.39%,2.26%,0.99%,1.79%,102,113,97,94,125,113,85,114,122,137,21.44%,21.69%,28.75%,30.15%,13.71%,222.2%,179.2%,247.3%,0.00%,0.00%
2006/05/31,2006/04/30,-1.30%,1.22%,-0.58%,0.47%,0.23%,-2.92%,-3.45%,-4.38%,-1.56%,-4.15%,0.60%,-0.08%,0.40%,-3.62%,-3.11%,-3.60%,100,115,96,95,125,110,82,109,120,131,23.29%,20.20%,29.51%,30.04%,10.17%,210.6%,177.8%,234.7%,0.00%,-0.08%
2006/06/30,2006/05/31,0.21%,1.19%,-0.11%,-0.27%,-0.36%,0.08%,0.69%,-0.04%,0.33%,-0.29%,-1.18%,-1.38%,-1.13%,-1.33%,0.19%,-0.91%,100,116,96,94,125,110,83,109,120,131,22.59%,19.75%,27.98%,28.25%,10.39%,207.8%,174.8%,230.3%,-1.18%,-1.46%
2006/07/31,2006/06/30,0.95%,1.03%,-0.51%,-0.47%,-0.47%,1.07%,-1.41%,-0.96%,0.50%,-2.09%,0.95%,0.32%,0.53%,-2.14%,-0.28%,-2.23%,101,117,96,94,124,111,82,108,121,128,20.85%,15.97%,29.20%,28.65%,10.08%,200.9%,169.4%,223.2%,-0.24%,-1.15%
2006/08/31,2006/07/31,0.22%,-0.06%,-0.46%,1.23%,-1.57%,2.74%,3.42%,1.94%,2.57%,0.82%,0.58%,0.76%,-0.24%,2.70%,2.48%,2.47%,102,117,95,95,122,114,85,110,124,129,18.69%,13.75%,29.95%,29.63%,12.81%,208.4%,169.4%,231.9%,0.00%,-0.39%
2006/09/30,2006/08/31,0.14%,0.80%,-0.07%,-1.16%,1.61%,2.58%,2.99%,2.02%,1.13%,3.53%,-0.59%,-0.53%,-0.46%,0.75%,2.24%,0.91%,102,118,95,94,124,117,87,113,126,134,20.44%,14.82%,29.19%,28.95%,15.33%,211.2%,165.8%,234.4%,-0.59%,-0.92%
2006/10/31,2006/09/30,-1.20%,0.42%,0.06%,0.56%,0.45%,2.19%,4.75%,4.02%,3.72%,4.67%,-1.04%,-0.69%,-2.19%,2.74%,3.69%,2.95%,101,118,95,94,125,120,91,117,130,140,22.43%,17.67%,27.84%,28.05%,19.59%,220.3%,163.8%,243.6%,-1.62%,-1.61%
2006/11/30,2006/10/31,-0.76%,-0.46%,0.58%,0.20%,0.73%,1.36%,1.91%,2.83%,2.26%,3.01%,0.28%,0.22%,-0.68%,1.91%,2.16%,1.85%,100,118,96,95,126,122,93,120,133,144,24.25%,19.61%,28.19%,28.34%,22.17%,226.3%,163.0%,250.2%,-1.35%,-1.39%
2006/12/31,2006/11/30,0.43%,0.62%,-0.54%,-0.56%,-1.44%,1.73%,0.82%,0.92%,1.71%,-0.24%,-0.79%,-0.64%,-0.74%,0.82%,1.18%,1.01%,100,119,95,94,124,124,94,122,135,144,21.93%,17.26%,27.18%,27.52%,23.61%,229.5%,162.5%,253.0%,-2.13%,-2.02%
2007/01/31,2006/12/31,-1.03%,2.22%,0.63%,-0.38%,0.58%,0.74%,4.33%,2.42%,1.23%,2.57%,1.00%,1.46%,0.68%,2.77%,2.01%,2.33%,99,121,96,94,124,125,98,125,137,148,23.88%,19.41%,28.44%,29.39%,26.09%,237.2%,163.4%,262.8%,-1.16%,-0.58%
2007/02/28,2007/01/31,-0.32%,-0.89%,0.12%,0.53%,-0.60%,-1.95%,-2.40%,-1.13%,-0.94%,-2.14%,0.53%,0.66%,-0.04%,-0.27%,-1.63%,-0.47%,99,120,96,94,124,122,96,123,136,144,23.53%,19.17%,29.13%,30.25%,24.04%,235.6%,166.4%,261.8%,-0.63%,0.00%
2007/03/31,2007/02/28,-0.71%,-0.90%,0.48%,0.85%,-0.74%,0.31%,0.21%,1.27%,2.30%,0.75%,0.18%,0.24%,-0.88%,-0.32%,1.00%,-0.39%,98,119,97,95,123,123,96,125,139,145,23.49%,19.70%,29.35%,30.56%,25.28%,234.3%,162.7%,260.7%,-0.46%,0.00%
2007/04/30,2007/03/31,-0.54%,-1.44%,0.36%,1.78%,0.30%,4.14%,3.37%,3.83%,4.07%,3.69%,-1.41%,-0.48%,-1.74%,1.05%,3.86%,1.19%,98,117,97,97,123,128,99,129,145,151,24.54%,19.16%,27.53%,29.93%,30.12%,238.3%,155.7%,264.4%,-1.86%,-0.48%
2007/05/31,2007/04/30,-1.08%,-1.88%,0.16%,1.06%,1.41%,2.49%,2.38%,3.71%,4.27%,5.33%,-0.88%,-0.97%,-2.35%,0.78%,3.54%,1.07%,97,115,97,98,125,131,101,134,151,159,27.65%,22.54%,26.41%,28.67%,34.73%,241.9%,149.4%,267.3%,-2.73%,-1.45%
2007/06/30,2007/05/31,-1.33%,-0.83%,0.53%,0.89%,-0.28%,-2.76%,-2.10%,-1.06%,-1.05%,-1.98%,-0.10%,0.16%,-0.30%,-1.20%,-1.77%,-1.25%,95,114,98,99,125,127,99,133,149,156,28.98%,23.49%,26.28%,28.88%,32.35%,237.6%,150.6%,262.8%,-2.83%,-1.28%
2007/07/31,2007/06/30,-2.78%,-0.78%,1.81%,2.14%,0.74%,-5.66%,-4.53%,-1.75%,-1.96%,-3.80%,1.37%,1.09%,1.13%,-5.50%,-3.46%,-5.83%,93,113,99,101,126,120,95,131,146,150,33.52%,25.79%,28.01%,30.29%,27.77%,217.9%,144.7%,242.9%,-1.49%,-0.20%
2007/08/31,2007/07/31,1.56%,-0.04%,0.16%,-0.12%,-1.55%,2.75%,1.62%,1.55%,0.86%,-0.12%,-0.75%,-0.59%,-1.10%,-0.61%,1.50%,-0.43%,94,113,99,101,124,123,96,133,148,150,29.36%,22.19%,27.05%,29.52%,29.69%,216.6%,140.0%,240.8%,-2.23%,-0.79%
2007/09/30,2007/08/31,-0.45%,0.58%,0.42%,-1.18%,-0.33%,2.07%,3.57%,4.16%,4.34%,3.89%,-1.12%,-1.08%,-0.40%,-0.29%,3.55%,0.04%,94,114,100,99,123,126,100,138,154,155,29.52%,24.41%,25.62%,28.12%,34.30%,216.7%,131.5%,239.8%,-3.33%,-1.87%
2007/10/31,2007/09/30,-0.30%,-0.45%,-1.05%,-0.32%,1.65%,0.20%,1.70%,1.63%,3.12%,4.63%,0.92%,0.90%,-0.82%,-0.41%,2.05%,-0.68%,93,113,99,99,125,126,101,140,159,163,32.04%,29.92%,26.78%,29.28%,37.05%,214.5%,125.2%,238.4%,-2.44%,-0.98%
2007/11/30,2007/10/31,-1.34%,-0.58%,0.99%,1.22%,-0.10%,-5.69%,-6.29%,-3.07%,-3.18%,-5.75%,1.05%,1.29%,-0.89%,-7.04%,-4.49%,-7.43%,92,113,100,100,125,119,95,136,154,153,33.68%,29.84%,28.11%,30.95%,30.89%,191.2%,118.6%,214.6%,-1.41%,0.00%
2007/12/31,2007/11/30,-2.34%,-0.73%,0.64%,0.18%,-1.26%,-4.51%,-2.49%,0.57%,2.58%,-0.53%,0.34%,-0.00%,-0.96%,-2.98%,-0.68%,-2.98%,90,112,100,101,123,114,93,137,158,152,35.12%,35.01%,28.55%,30.94%,30.00%,182.5%,113.6%,205.2%,-1.08%,-0.00%
2008/01/31,2007/12/31,0.84%,-0.98%,1.09%,1.64%,1.55%,-2.77%,-7.25%,-5.56%,-7.97%,-7.72%,-1.62%,-1.26%,-0.86%,-3.51%,-5.98%,-3.13%,91,111,102,102,125,110,86,129,145,141,36.07%,28.33%,26.47%,29.29%,22.22%,173.7%,119.7%,194.5%,-2.68%,-1.27%
2008/02/29,2008/01/31,-1.63%,0.93%,2.74%,-1.00%,-2.49%,-6.59%,-3.05%,0.49%,-1.31%,-5.24%,0.70%,1.50%,1.32%,-2.18%,-3.00%,-2.63%,89,112,104,101,122,103,83,130,143,133,34.90%,30.06%,27.36%,31.23%,18.56%,166.5%,120.5%,188.1%,-1.99%,0.00%
2008/03/31,2008/02/29,2.29%,0.20%,-0.58%,-1.61%,-1.21%,-0.09%,-0.74%,-0.27%,-0.98%,-1.55%,0.61%,0.66%,-1.29%,-1.88%,-0.63%,-2.08%,91,112,104,100,121,103,83,129,142,131,30.19%,28.16%,28.14%,32.10%,17.81%,160.9%,117.3%,182.7%,-1.39%,0.00%
2008/04/30,2008/03/31,-2.12%,0.33%,0.99%,1.73%,1.02%,2.66%,5.28%,4.42%,6.36%,6.17%,-2.21%,-2.04%,-4.07%,-1.33%,4.79%,-0.72%,89,112,105,101,122,106,87,135,151,139,34.27%,32.67%,25.31%,29.40%,23.46%,159.0%,105.3%,178.9%,-3.57%,-2.04%
2008/05/31,2008/04/30,-1.43%,0.55%,0.10%,-0.60%,-0.87%,-0.78%,3.26%,2.68%,2.66%,2.38%,-0.18%,0.01%,-1.43%,1.29%,1.98%,1.28%,88,113,105,101,121,105,90,139,155,143,35.02%,36.86%,25.08%,29.42%,25.90%,162.4%,103.9%,182.5%,-3.75%,-2.03%
2008/06/30,2008/05/31,-0.80%,-1.38%,-1.41%,-0.36%,-0.93%,-12.36%,-10.42%,-5.70%,-5.20%,-9.15%,-0.32%,0.27%,-2.68%,-11.88%,-8.40%,-11.96%,87,112,103,100,120,92,80,131,147,130,34.84%,41.25%,24.68%,29.77%,15.32%,131.0%,96.64%,148.9%,-4.06%,-1.76%
2008/07/31,2008/06/30,5.86%,0.69%,-1.64%,-2.58%,-0.36%,7.24%,0.07%,-3.22%,-4.64%,-1.85%,0.28%,0.63%,-1.59%,3.39%,-0.54%,3.20%,93,112,102,98,119,99,81,127,140,127,26.45%,28.41%,25.02%,30.59%,14.70%,138.4%,104.0%,157.4%,-3.79%,-1.14%
2008/08/31,2008/07/31,-2.84%,-0.57%,0.84%,1.58%,0.10%,1.12%,2.06%,1.65%,1.59%,1.88%,-1.97%,-2.85%,-4.75%,-0.03%,1.65%,0.82%,90,112,103,99,120,100,82,129,142,130,30.17%,29.39%,22.55%,26.87%,16.60%,140.3%,102.3%,157.3%,-5.69%,-3.96%
2008/09/30,2008/08/31,1.40%,0.56%,-0.07%,0.09%,-2.36%,-4.73%,-9.56%,-10.06%,-8.39%,-14.21%,0.67%,1.82%,-0.72%,-5.87%,-8.85%,-6.42%,91,112,102,99,117,95,74,116,130,111,25.28%,17.13%,23.37%,29.18%,6.28%,124.9%,107.2%,142.2%,-5.06%,-2.21%
2008/10/31,2008/09/30,1.37%,-0.32%,-4.34%,-1.47%,0.88%,-16.16%,-17.47%,-17.96%,-16.38%,-20.57%,1.76%,1.76%,1.93%,-17.34%,-17.40%,-17.87%,92,112,98,98,118,80,61,95,109,88,24.67%,11.97%,25.55%,31.46%,-12.22%,84.73%,106.3%,100.2%,-3.38%,-0.48%
2008/11/30,2008/10/31,-1.99%,-0.41%,-0.41%,3.64%,-0.59%,-12.64%,-8.40%,-6.68%,-2.54%,-9.23%,1.12%,0.81%,-0.18%,-12.65%,-7.97%,-12.90%,91,111,98,101,117,70,56,89,106,80,26.41%,15.79%,26.95%,32.52%,-19.21%,60.91%,96.10%,74.87%,-2.30%,0.00%
2008/12/31,2008/11/30,-0.00%,1.75%,-0.84%,1.55%,-0.43%,2.70%,4.20%,0.16%,1.45%,1.99%,-1.01%,-1.23%,-4.32%,0.21%,2.00%,0.58%,91,113,97,103,117,71,59,89,108,82,25.87%,14.96%,25.67%,30.89%,-17.59%,61.84%,93.31%,75.25%,-3.29%,-1.23%
2009/01/31,2008/12/31,-2.85%,0.18%,-0.93%,3.21%,0.51%,-14.04%,-5.60%,-8.10%,-5.00%,-6.71%,4.64%,3.42%,9.00%,-3.10%,-8.28%,-4.12%,88,114,96,106,117,61,55,82,102,76,30.09%,23.39%,31.50%,35.36%,-24.42%,55.17%,101.3%,69.82%,0.00%,0.00%
2009/02/28,2009/01/31,-1.58%,0.28%,-1.05%,-4.31%,1.72%,-13.44%,-8.29%,-9.69%,-11.26%,-7.88%,-0.44%,0.30%,-2.82%,-12.28%,-10.22%,-12.37%,87,114,95,102,119,53,51,74,91,70,34.38%,30.26%,30.91%,35.76%,-32.14%,35.98%,97.03%,48.97%,-0.44%,0.00%
2009/03/31,2009/02/28,2.07%,-0.44%,1.19%,-0.57%,1.24%,11.68%,8.93%,7.52%,6.51%,10.91%,1.41%,3.50%,3.03%,17.63%,8.87%,16.58%,88,113,96,101,121,59,55,79,97,78,33.28%,29.25%,32.76%,40.52%,-26.13%,58.53%,112.2%,75.24%,0.00%,0.00%
2009/04/30,2009/03/31,-3.51%,-3.68%,3.81%,4.50%,2.26%,10.45%,11.33%,8.63%,9.00%,15.55%,-5.74%,-4.81%,-9.51%,13.33%,10.45%,14.77%,85,109,100,106,123,66,61,86,105,90,40.97%,35.84%,25.14%,33.76%,-18.40%,81.95%,121.4%,98.60%,-5.74%,-4.81%
2009/05/31,2009/04/30,0.64%,-3.11%,0.31%,0.67%,-0.91%,6.79%,2.39%,4.59%,6.23%,5.91%,-0.09%,-0.40%,1.29%,8.20%,5.16%,8.31%,86,106,100,106,122,70,63,90,112,95,38.79%,34.64%,25.02%,33.24%,-14.20%,97.08%,128.4%,114.9%,-5.83%,-5.18%
2009/06/30,2009/05/31,2.51%,-0.04%,1.09%,-2.96%,-0.97%,0.02%,1.07%,1.94%,-1.97%,0.44%,0.20%,-0.03%,2.73%,1.91%,0.39%,1.92%,88,106,101,103,121,70,64,92,110,96,33.95%,35.22%,25.28%,33.19%,-13.86%,100.9%,131.9%,119.0%,-5.64%,-5.21%
2009/07/31,2009/06/30,-1.83%,-0.44%,0.35%,1.05%,-0.10%,8.03%,7.35%,7.41%,7.68%,8.88%,-1.54%,-1.87%,-4.19%,5.03%,7.78%,5.59%,86,105,101,104,121,76,68,99,118,104,36.28%,36.37%,23.35%,30.69%,-7.16%,112.1%,126.8%,130.0%,-7.09%,-6.99%
2009/08/31,2009/07/31,-3.40%,0.94%,-0.27%,-0.18%,2.27%,5.34%,3.72%,2.19%,1.88%,4.66%,-0.61%,-1.69%,0.55%,6.62%,3.49%,7.13%,83,106,101,104,124,80,71,101,120,109,44.00%,35.43%,22.59%,28.49%,-3.92%,127.2%,135.1%,145.2%,-7.66%,-8.56%
2009/09/30,2009/08/31,-0.58%,-1.85%,0.67%,-0.28%,0.13%,3.52%,3.14%,4.69%,3.78%,6.51%,-0.10%,-0.11%,-1.98%,3.86%,4.15%,3.89%,83,104,102,104,124,83,73,105,125,116,45.03%,39.47%,22.47%,28.35%,0.06%,136.1%,134.5%,154.7%,-7.75%,-8.66%
2009/10/31,2009/09/30,-0.52%,1.49%,0.72%,0.67%,0.28%,-4.31%,-2.43%,-1.88%,-0.62%,-3.35%,-1.89%,-1.84%,-3.83%,-8.53%,-2.59%,-7.98%,83,106,103,105,124,79,71,103,124,112,46.20%,40.81%,20.16%,25.99%,-2.53%,117.2%,121.8%,133.0%,-9.49%,-10.33%
2009/11/30,2009/10/31,0.63%,0.83%,1.11%,-1.18%,-2.04%,6.34%,5.22%,5.83%,5.41%,4.61%,-2.88%,-2.13%,-5.89%,-1.70%,5.59%,-1.06%,83,107,104,103,122,84,75,110,131,118,42.30%,38.38%,16.70%,23.32%,2.92%,114.9%,107.1%,129.0%,-12.10%,-12.24%
2009/12/31,2009/11/30,1.01%,0.19%,0.77%,-0.93%,-1.43%,1.23%,4.92%,3.90%,1.14%,3.56%,-1.51%,-1.38%,-0.52%,3.54%,2.80%,3.96%,84,107,105,102,120,85,79,114,132,122,38.84%,41.60%,14.94%,21.61%,5.80%,123.4%,109.5%,137.1%,-13.42%,-13.46%
2010/01/31,2009/12/31,1.39%,-2.59%,-0.27%,-0.70%,-0.04%,-1.08%,-5.27%,-3.36%,-4.42%,-3.56%,2.07%,3.66%,4.35%,5.26%,-3.38%,4.16%,85,104,104,102,120,84,75,110,127,117,36.85%,38.09%,17.32%,26.06%,2.23%,132.7%,125.3%,149.6%,-11.63%,-10.29%
2010/02/28,2010/01/31,-1.04%,0.17%,0.60%,0.64%,0.10%,3.00%,3.59%,3.61%,3.52%,3.65%,-1.56%,-1.34%,-1.49%,1.60%,3.44%,2.00%,84,104,105,102,120,87,77,114,131,122,38.42%,38.98%,15.49%,24.38%,5.74%,137.4%,122.0%,153.6%,-13.01%,-11.48%
2010/03/31,2010/02/28,0.71%,-0.27%,-0.75%,-0.51%,1.88%,6.52%,5.91%,5.53%,6.14%,8.87%,-1.59%,-1.44%,0.46%,5.73%,6.36%,6.16%,85,104,104,102,122,92,82,120,139,132,40.03%,42.25%,13.65%,22.59%,12.47%,152.0%,121.6%,168.1%,-14.39%,-12.76%
2010/04/30,2010/03/31,-1.09%,-1.01%,1.44%,0.69%,1.08%,0.80%,2.14%,3.28%,2.09%,2.80%,3.74%,2.75%,9.41%,12.98%,2.11%,12.15%,84,103,106,102,124,93,84,124,142,136,43.07%,45.10%,17.90%,25.96%,14.85%,182.6%,143.8%,202.9%,-11.20%,-10.36%
2010/05/31,2010/04/30,-0.62%,0.43%,0.53%,0.11%,2.76%,-8.84%,-6.78%,-7.38%,-8.55%,-7.20%,0.31%,0.89%,-1.38%,-7.80%,-7.82%,-8.07%,83,104,106,103,127,85,78,115,130,126,47.91%,47.47%,18.27%,27.08%,5.86%,159.8%,143.2%,179.3%,-10.92%,-9.56%
2010/06/30,2010/05/31,2.50%,-0.67%,-0.47%,-0.55%,0.34%,-4.48%,-5.92%,-5.81%,-5.76%,-5.96%,-2.69%,-3.12%,-4.36%,-10.99%,-5.53%,-10.05%,85,103,106,102,127,81,73,108,122,119,44.70%,45.29%,15.09%,23.12%,0.01%,133.7%,132.2%,148.6%,-13.31%,-12.38%
2010/07/31,2010/06/30,1.17%,0.39%,-0.39%,0.04%,-1.18%,6.44%,6.86%,7.01%,7.81%,7.09%,-2.93%,-2.44%,-3.43%,1.90%,7.01%,2.63%,86,103,105,102,126,86,78,116,132,127,41.30%,46.24%,11.72%,20.12%,7.02%,139.9%,122.1%,153.3%,-15.85%,-14.52%
2010/08/31,2010/07/31,-0.60%,0.53%,0.27%,1.74%,0.01%,-5.03%,-4.70%,-5.07%,-3.15%,-5.74%,-2.17%,-1.99%,-3.64%,-9.30%,-4.66%,-8.70%,86,104,105,104,126,82,75,110,128,120,42.15%,45.20%,9.30%,17.73%,2.02%,119.0%,113.1%,129.8%,-17.67%,-16.22%
2010/09/30,2010/08/31,3.52%,-1.00%,-2.03%,-0.71%,-0.48%,8.38%,10.40%,7.81%,10.09%,11.42%,-0.05%,-0.35%,-0.43%,8.01%,9.41%,8.11%,89,103,103,103,125,89,82,119,141,134,36.46%,49.61%,9.24%,17.31%,11.62%,136.8%,110.3%,148.2%,-17.72%,-16.52%
2010/10/31,2010/09/30,0.91%,-0.14%,0.10%,0.15%,-0.24%,2.36%,4.19%,4.07%,4.67%,4.41%,-0.38%,-0.10%,0.22%,3.26%,3.89%,3.29%,90,103,103,103,125,91,86,123,147,140,34.90%,52.67%,8.82%,17.20%,15.96%,144.5%,109.1%,156.3%,-18.03%,-16.60%
2010/11/30,2010/10/31,-0.64%,-2.04%,-0.00%,2.39%,0.76%,-1.48%,-0.19%,0.93%,2.54%,1.29%,-3.06%,-3.25%,-4.95%,-3.15%,0.54%,-2.18%,89,101,103,106,126,89,86,125,151,141,36.78%,56.90%,5.50%,13.39%,16.58%,139.2%,103.4%,148.2%,-20.54%,-19.31%
2010/12/31,2010/11/30,-0.88%,-0.80%,0.14%,-0.61%,-2.56%,7.56%,6.06%,6.83%,6.95%,6.19%,0.65%,0.70%,1.19%,8.78%,6.70%,8.58%,88,100,104,105,123,96,91,133,161,150,34.47%,54.74%,6.18%,14.18%,24.40%,159.7%,107.2%,170.0%,-20.02%,-18.74%
2011/01/31,2010/12/31,-0.74%,0.93%,-0.79%,0.64%,0.28%,1.80%,2.09%,1.05%,2.84%,2.63%,1.46%,2.09%,3.09%,4.40%,2.06%,3.77%,88,101,103,106,123,98,93,135,166,154,35.85%,56.04%,7.73%,16.57%,26.96%,169.5%,110.8%,181.8%,-18.86%,-17.04%
2011/02/28,2011/01/31,-0.44%,-0.82%,0.33%,1.40%,-0.24%,2.82%,2.86%,3.77%,4.82%,3.62%,-0.91%,-0.96%,-1.15%,2.47%,3.59%,2.76%,87,100,103,107,123,101,95,140,174,160,36.13%,57.28%,6.75%,15.45%,31.52%,177.0%,109.0%,188.8%,-19.59%,-17.84%
2011/03/31,2011/02/28,2.04%,-1.42%,0.59%,0.75%,-0.56%,0.15%,0.12%,0.70%,1.33%,-0.36%,0.18%,0.20%,-0.34%,0.23%,0.49%,0.17%,89,98,104,108,122,101,96,141,176,159,32.58%,56.49%,6.95%,15.67%,32.16%,177.4%,108.4%,189.5%,-19.45%,-17.68%
2011/04/30,2011/03/31,1.90%,0.17%,-0.01%,-0.77%,-1.00%,2.52%,3.46%,2.93%,3.29%,2.53%,-0.09%,0.01%,-0.27%,0.71%,2.97%,0.71%,91,99,104,107,121,103,99,145,182,163,28.73%,56.50%,6.85%,15.69%,36.08%,179.4%,103.6%,191.5%,-19.52%,-17.67%
2011/05/31,2011/04/30,2.15%,0.38%,-0.07%,-1.49%,-0.22%,-0.08%,-0.87%,-1.13%,-2.53%,-1.51%,-0.59%,-0.75%,-0.73%,-2.62%,-1.22%,-2.39%,93,99,104,106,121,103,98,143,177,161,25.68%,54.27%,6.22%,14.82%,34.42%,172.7%,101.3%,183.9%,-19.99%,-18.29%
2011/06/30,2011/05/31,-0.01%,-0.12%,0.35%,0.81%,0.43%,-2.05%,-2.09%,-1.45%,-1.34%,-1.89%,-0.84%,1.10%,-1.12%,-0.62%,-1.74%,-0.95%,93,99,104,106,121,101,96,141,175,158,26.23%,54.51%,5.33%,16.08%,32.08%,170.1%,102.8%,182.1%,-20.66%,-17.39%
2011/07/31,2011/06/30,-0.20%,0.32%,-0.36%,-0.06%,2.60%,-2.51%,-2.46%,-2.63%,-2.76%,-0.15%,0.09%,1.87%,0.31%,-0.14%,-2.26%,-0.70%,93,99,104,106,124,99,94,137,170,157,29.76%,58.16%,5.42%,18.26%,29.09%,168.2%,106.0%,181.8%,-20.59%,-15.84%
2011/08/31,2011/07/31,0.74%,0.07%,1.55%,-0.51%,-0.12%,-5.18%,-6.62%,-4.25%,-7.01%,-6.94%,-0.98%,-1.44%,-2.21%,-9.59%,-5.89%,-9.16%,93,99,105,106,124,94,87,131,158,146,28.64%,55.39%,4.39%,16.55%,21.49%,143.7%,99.28%,154.7%,-21.37%,-17.05%
2011/09/30,2011/08/31,-0.19%,2.00%,-0.51%,-2.06%,0.08%,-6.71%,-5.58%,-7.71%,-10.21%,-8.41%,-1.11%,-1.72%,-2.76%,-11.13%,-7.63%,-10.62%,93,101,105,104,124,87,83,121,142,134,28.99%,52.75%,3.23%,14.55%,12.22%,117.8%,93.33%,126.4%,-22.25%,-18.48%
2011/10/31,2011/09/30,0.94%,-0.24%,-0.60%,-0.03%,-0.65%,10.92%,11.22%,10.21%,13.12%,11.89%,-0.12%,-0.37%,-1.33%,9.27%,11.39%,9.38%,94,101,104,104,123,97,92,134,161,150,26.95%,54.23%,3.10%,14.13%,25.00%,138.2%,89.43%,147.3%,-22.34%,-18.78%
2011/11/30,2011/10/31,0.06%,0.45%,1.12%,1.57%,-1.87%,-0.98%,-0.17%,0.27%,1.01%,-2.76%,-2.58%,-2.90%,-3.08%,-4.74%,-0.35%,-3.87%,94,101,105,105,121,96,92,134,162,146,24.49%,51.49%,0.44%,10.82%,24.56%,129.0%,82.76%,135.6%,-24.35%,-21.13%
2011/12/31,2011/11/30,2.82%,-0.52%,0.01%,0.16%,-1.74%,3.79%,-0.03%,0.26%,0.57%,-1.32%,-1.96%,-1.65%,-1.41%,-0.32%,0.85%,0.18%,97,101,105,105,119,99,92,134,163,144,18.82%,43.74%,-1.53%,8.99%,25.62%,129.4%,81.53%,134.9%,-25.83%,-22.44%
2012/01/31,2011/12/31,-0.75%,-0.25%,-1.74%,-1.35%,0.04%,4.54%,5.49%,4.45%,4.68%,7.37%,1.93%,1.62%,3.70%,9.70%,5.09%,9.21%,96,101,103,104,119,104,97,140,171,155,19.75%,47.82%,0.36%,10.75%,32.02%,150.5%,89.00%,157.6%,-24.41%,-21.18%
2012/02/29,2012/01/31,-1.35%,1.11%,-0.90%,0.93%,-1.64%,3.54%,4.76%,2.85%,5.76%,3.42%,0.59%,0.80%,1.78%,4.82%,4.25%,4.58%,95,102,103,105,117,108,101,144,181,160,19.41%,47.64%,0.95%,11.64%,37.63%,162.0%,89.64%,170.1%,-23.96%,-20.55%
2012/03/31,2012/02/29,2.31%,1.03%,0.60%,-2.89%,0.11%,5.54%,3.77%,3.11%,0.51%,3.11%,1.55%,1.74%,4.04%,6.79%,3.15%,6.27%,97,103,103,102,117,114,105,149,182,165,16.79%,44.06%,2.52%,13.58%,41.95%,178.4%,95.55%,188.4%,-22.78%,-19.17%
2012/04/30,2012/03/31,1.38%,0.73%,0.75%,0.11%,0.18%,-0.25%,-0.46%,-0.66%,-0.95%,-1.34%,-0.69%,-0.11%,1.23%,0.40%,-0.69%,0.43%,98,104,104,102,117,113,105,148,180,163,15.38%,42.50%,1.81%,13.45%,40.97%,179.6%,97.75%,189.5%,-23.31%,-19.26%
2012/05/31,2012/04/30,1.01%,-0.92%,1.43%,-0.20%,0.22%,-6.45%,-6.57%,-4.23%,-6.93%,-7.20%,-0.24%,0.06%,0.81%,-4.88%,-6.09%,-4.90%,99,103,105,102,118,106,98,142,168,151,14.46%,41.42%,1.57%,13.52%,32.39%,165.9%,100.1%,175.4%,-23.50%,-19.21%
2012/06/30,2012/05/31,1.49%,-0.09%,-0.47%,-0.45%,0.20%,5.35%,3.89%,3.09%,3.67%,4.31%,-1.84%,-1.98%,-1.79%,1.79%,3.98%,2.39%,101,102,105,101,118,112,101,146,174,157,12.99%,39.95%,-0.29%,11.28%,37.67%,172.2%,96.90%,180.3%,-24.90%,-20.81%
2012/07/31,2012/06/30,0.05%,-0.13%,0.90%,-0.41%,0.89%,0.39%,0.42%,1.49%,0.99%,0.82%,-1.06%,-0.78%,-0.33%,-1.07%,0.87%,-0.84%,101,102,106,101,119,112,102,148,175,159,13.93%,40.54%,-1.35%,10.42%,38.87%,170.0%,93.52%,177.3%,-25.70%,-21.42%
2012/08/31,2012/07/31,-0.96%,0.52%,0.48%,-0.03%,-0.84%,2.41%,3.10%,2.59%,2.22%,2.16%,-1.23%,-2.08%,-0.83%,1.92%,2.50%,2.54%,100,103,106,101,118,115,105,152,179,162,14.07%,40.19%,-2.57%,8.12%,42.34%,176.8%,93.60%,182.6%,-26.61%,-23.05%
2012/09/30,2012/08/31,0.49%,-0.63%,-0.28%,0.12%,-0.56%,3.67%,1.82%,2.24%,2.65%,2.25%,0.35%,0.09%,0.49%,4.02%,2.56%,3.99%,100,102,106,101,117,119,107,155,184,166,12.87%,38.20%,-2.23%,8.22%,45.99%,187.9%,96.38%,194.0%,-26.36%,-22.98%
2012/10/31,2012/09/30,-0.56%,-0.68%,-1.00%,1.24%,2.26%,-1.43%,-2.79%,-2.93%,-0.85%,-0.06%,-1.23%,-1.13%,-2.05%,-1.27%,-1.70%,-0.93%,100,102,105,102,120,117,104,151,182,166,16.07%,40.09%,-3.44%,6.99%,43.50%,185.2%,97.88%,190.3%,-27.27%,-23.86%
2012/11/30,2012/10/31,0.70%,-0.28%,-0.74%,-0.42%,0.22%,1.26%,0.68%,0.18%,0.42%,1.03%,-0.86%,-0.84%,-1.67%,-1.22%,0.66%,-0.96%,100,101,104,102,120,119,105,151,183,167,15.50%,39.76%,-4.27%,6.09%,44.45%,182.4%,94.66%,186.7%,-27.90%,-24.50%
2012/12/31,2012/11/30,-0.13%,0.92%,-0.98%,0.50%,0.90%,2.28%,1.62%,-0.48%,1.19%,2.73%,-0.61%,-0.06%,-2.65%,2.81%,1.26%,2.83%,100,102,103,102,121,122,106,150,185,172,16.69%,40.39%,-4.86%,6.03%,46.27%,190.4%,97.73%,194.8%,-28.34%,-24.54%
2013/01/31,2012/12/31,-0.51%,0.59%,-1.58%,0.62%,1.46%,5.66%,5.98%,3.51%,6.46%,7.20%,1.52%,2.08%,3.44%,9.84%,5.53%,9.21%,100,103,102,103,123,128,113,156,197,184,18.99%,42.54%,-3.41%,8.24%,54.35%,217.2%,105.0%,223.8%,-27.25%,-22.97%
2013/02/28,2013/01/31,0.13%,-0.08%,-0.20%,-0.34%,1.07%,1.25%,1.21%,1.12%,1.07%,2.13%,1.60%,2.28%,2.56%,4.38%,1.30%,3.70%,100,103,101,103,124,130,114,157,200,188,20.10%,43.79%,-1.87%,10.70%,56.35%,228.9%,109.9%,238.0%,-26.09%,-21.22%
2013/03/31,2013/02/28,0.35%,-0.43%,0.25%,-0.39%,-0.16%,4.22%,3.76%,4.24%,3.70%,4.04%,0.32%,0.32%,0.82%,4.58%,4.00%,4.49%,100,102,102,102,124,136,118,164,207,196,19.50%,43.53%,-1.56%,11.06%,62.60%,243.7%,111.0%,253.5%,-25.85%,-20.96%
2013/04/30,2013/03/31,0.08%,0.32%,1.18%,-0.44%,0.18%,1.79%,1.84%,2.43%,1.13%,1.14%,-0.35%,-0.21%,-1.06%,-0.45%,1.68%,-0.39%,100,103,103,102,124,138,121,168,209,198,19.62%,42.60%,-1.90%,10.83%,65.33%,242.3%,106.6%,251.9%,-26.11%,-21.13%
2013/05/31,2013/04/30,0.51%,-1.46%,-0.30%,-1.24%,1.34%,3.75%,1.16%,1.97%,1.07%,5.35%,0.94%,1.37%,0.67%,5.99%,2.46%,5.58%,101,101,102,101,126,143,122,171,211,209,20.61%,44.88%,-0.98%,12.35%,69.40%,261.4%,113.0%,272.9%,-25.41%,-20.05%
2013/06/30,2013/05/31,-0.16%,-0.28%,-0.49%,0.35%,0.51%,-1.66%,-1.51%,-1.62%,-0.71%,-0.24%,1.52%,1.49%,2.61%,1.77%,-1.25%,1.32%,101,101,102,101,127,141,120,169,210,208,21.43%,46.94%,0.53%,14.02%,67.28%,266.2%,118.5%,279.5%,-24.28%,-18.85%
2013/07/31,2013/06/30,0.46%,-1.14%,-0.59%,-0.00%,0.18%,6.28%,4.51%,4.93%,5.42%,6.41%,2.53%,2.56%,4.10%,10.41%,5.46%,9.64%,101,100,101,101,127,150,126,177,221,222,21.08%,47.14%,3.08%,16.94%,76.41%,301.5%,127.7%,319.0%,-22.36%,-16.78%
2013/08/31,2013/07/31,-0.05%,-1.12%,0.45%,-0.59%,0.39%,-3.61%,-3.66%,-1.60%,-2.98%,-2.48%,0.40%,0.14%,1.53%,-2.75%,-2.84%,-2.79%,101,99,102,100,127,144,121,174,215,216,21.62%,48.80%,3.50%,17.11%,71.40%,290.3%,127.8%,307.5%,-22.04%,-16.66%
2013/09/30,2013/08/31,0.74%,0.26%,-1.08%,-0.94%,0.76%,3.93%,4.68%,2.83%,3.00%,5.19%,0.38%,-0.13%,1.22%,4.45%,3.76%,4.49%,102,99,101,99,128,150,127,179,221,227,21.65%,50.67%,3.88%,16.96%,77.84%,307.8%,129.4%,325.7%,-21.75%,-16.77%
2013/10/31,2013/09/30,-1.93%,1.21%,0.28%,-0.23%,2.24%,3.01%,5.02%,4.12%,3.96%,5.68%,-0.01%,-0.02%,-1.45%,2.50%,4.19%,2.50%,100,100,101,99,131,154,133,186,230,240,26.72%,54.69%,3.87%,16.93%,85.29%,318.0%,125.6%,336.3%,-21.76%,-16.79%
2013/11/30,2013/10/31,0.29%,-1.40%,-0.03%,-0.92%,0.68%,3.63%,1.89%,2.89%,2.07%,4.16%,1.58%,1.37%,2.35%,5.60%,2.86%,5.19%,100,99,101,98,132,160,136,192,235,250,27.22%,55.50%,5.51%,18.53%,90.59%,339.7%,130.8%,360.7%,-20.53%,-15.64%
2013/12/31,2013/11/30,0.20%,0.61%,-1.04%,-0.58%,-0.02%,2.99%,3.59%,1.78%,2.36%,2.61%,0.69%,0.99%,0.49%,3.20%,2.61%,2.90%,100,99,100,98,132,165,140,195,240,257,26.94%,54.91%,6.24%,19.70%,95.56%,352.5%,131.5%,375.4%,-19.98%,-14.81%
2014/01/31,2013/12/31,1.17%,2.42%,-1.40%,-1.39%,0.98%,-2.25%,-1.19%,-4.31%,-4.71%,-3.06%,2.82%,2.80%,4.87%,1.49%,-3.13%,0.65%,101,102,99,96,133,161,139,187,229,249,26.70%,53.65%,9.23%,23.05%,89.43%,355.4%,140.3%,382.5%,-17.72%,-12.43%
2014/02/28,2014/01/31,0.16%,-0.24%,0.47%,0.19%,-0.59%,4.93%,4.55%,4.91%,4.87%,3.84%,-0.39%,-0.37%,-0.93%,3.16%,4.67%,3.27%,102,101,99,97,133,169,145,196,240,258,25.74%,51.98%,8.80%,22.60%,98.28%,370.3%,136.9%,397.8%,-18.05%,-12.75%
2014/03/31,2014/02/28,-0.30%,0.43%,0.90%,1.19%,-2.15%,-0.81%,-0.13%,1.20%,1.59%,0.03%,1.18%,0.83%,0.11%,1.01%,0.51%,0.77%,101,102,100,98,130,168,145,198,244,258,23.41%,53.25%,10.09%,23.61%,99.29%,373.9%,137.5%,402.8%,-17.08%,-12.03%
2014/04/30,2014/03/31,1.13%,-1.09%,1.14%,0.54%,-0.85%,-0.73%,-1.66%,1.10%,1.69%,-1.75%,-1.58%,-1.22%,-2.10%,-4.50%,-0.02%,-4.13%,102,101,101,98,129,166,142,201,248,254,20.97%,51.69%,8.36%,22.11%,99.24%,354.3%,127.7%,380.2%,-18.38%,-13.10%
2014/05/31,2014/04/30,0.85%,1.11%,-0.47%,-0.60%,0.30%,2.14%,2.83%,1.69%,2.23%,1.61%,0.03%,0.07%,0.25%,0.49%,2.10%,0.47%,103,102,101,98,129,170,146,204,254,258,20.30%,50.88%,8.39%,22.20%,103.4%,356.4%,124.0%,382.5%,-18.36%,-13.04%
2014/06/30,2014/05/31,-0.77%,-1.27%,0.30%,1.22%,-1.15%,2.35%,2.03%,2.68%,2.89%,2.42%,0.17%,0.47%,-0.43%,4.36%,2.50%,4.22%,103,101,101,99,128,174,149,209,261,264,19.85%,50.98%,8.58%,22.77%,108.5%,375.7%,127.9%,403.6%,-18.22%,-12.63%
2014/07/31,2014/06/30,1.98%,0.93%,-0.83%,-1.66%,1.78%,-1.26%,-1.30%,-2.96%,-2.25%,-1.62%,0.18%,2.02%,1.79%,-0.73%,-1.95%,-1.34%,105,101,100,97,130,172,147,203,255,260,19.60%,50.43%,8.78%,25.26%,104.4%,369.3%,129.3%,399.9%,-18.07%,-10.86%
2014/08/31,2014/07/31,0.20%,-0.06%,-0.86%,0.55%,0.06%,4.25%,4.25%,3.41%,4.69%,4.40%,0.70%,0.93%,0.41%,4.23%,4.18%,3.95%,105,101,99,98,130,179,154,210,267,271,19.44%,50.64%,9.53%,26.42%,113.0%,387.8%,128.7%,421.0%,-17.50%,-10.03%
2014/09/30,2014/08/31,1.45%,0.23%,-0.36%,-2.47%,1.91%,-1.06%,-1.81%,-2.26%,-3.18%,-1.63%,1.17%,1.37%,2.19%,-2.20%,-2.09%,-2.61%,106,102,99,95,132,177,151,205,258,267,19.99%,49.78%,10.82%,28.15%,108.5%,375.1%,127.5%,409.5%,-16.53%,-8.80%
2014/10/31,2014/09/30,1.73%,-0.16%,-0.81%,0.60%,-0.46%,4.55%,3.09%,1.57%,1.94%,2.87%,-0.19%,0.01%,-0.42%,4.15%,2.74%,4.15%,108,101,98,96,132,185,156,209,263,275,17.37%,47.27%,10.61%,28.16%,114.2%,394.8%,130.7%,430.7%,-16.69%,-8.79%
2014/11/30,2014/10/31,0.64%,-0.10%,0.75%,-1.70%,0.96%,3.13%,2.74%,2.88%,1.42%,2.49%,0.62%,0.99%,1.11%,1.63%,2.53%,1.34%,109,101,99,94,133,191,160,215,267,282,17.74%,46.32%,11.29%,29.43%,119.7%,401.4%,128.0%,439.4%,-16.18%,-7.89%
2014/12/31,2014/11/30,0.44%,-0.16%,-0.20%,0.24%,0.20%,0.42%,-0.28%,-0.57%,-0.33%,0.97%,0.32%,-1.14%,0.25%,1.77%,-0.03%,2.11%,109,101,99,94,133,192,159,213,266,284,17.46%,47.12%,11.64%,27.95%,119.6%,412.0%,132.9%,448.9%,-15.91%,-8.94%
2015/01/31,2014/12/31,-0.13%,0.99%,-0.55%,0.86%,0.45%,-2.51%,-2.06%,-3.39%,-2.08%,-3.96%,-0.50%,-0.51%,-1.02%,-4.45%,-2.75%,-4.30%,109,102,98,95,134,187,156,206,261,273,18.15%,44.98%,11.09%,27.29%,113.6%,390.0%,129.3%,424.5%,-16.33%,-9.41%
2015/02/28,2015/01/31,-1.26%,-0.44%,0.23%,-0.07%,0.53%,5.07%,6.00%,5.26%,6.11%,6.77%,-0.91%,-0.97%,0.33%,4.68%,5.76%,4.97%,108,102,98,95,135,197,166,217,277,291,20.26%,47.45%,10.07%,26.06%,125.9%,414.4%,127.5%,449.0%,-17.09%,-10.29%
2015/03/31,2015/02/28,-0.28%,-0.22%,-0.37%,0.11%,0.50%,-0.86%,-1.31%,-1.24%,-1.36%,-0.33%,-0.47%,-0.37%,-0.65%,0.71%,-1.06%,0.82%,107,102,98,95,135,195,163,214,273,291,21.21%,48.24%,9.55%,25.59%,123.5%,418.6%,131.7%,452.9%,-17.48%,-10.62%
2015/04/30,2015/03/31,0.52%,-0.78%,-0.08%,0.35%,0.31%,0.21%,-0.10%,-0.20%,1.01%,1.20%,-0.28%,6.08%,1.45%,8.38%,0.40%,6.56%,108,101,98,96,136,195,163,214,276,294,20.95%,49.70%,9.25%,33.22%,124.4%,452.6%,146.0%,499.2%,-17.71%,-5.19%
2015/05/31,2015/04/30,0.68%,-0.46%,-1.41%,-0.64%,1.18%,2.56%,0.21%,0.56%,0.78%,2.10%,-0.61%,-0.71%,-0.82%,0.37%,1.29%,0.58%,109,100,96,95,137,200,164,215,278,300,21.57%,49.01%,8.59%,32.28%,127.3%,455.8%,144.3%,501.5%,-18.21%,-5.86%
2015/06/30,2015/05/31,0.13%,-0.96%,-1.07%,0.08%,0.59%,-0.88%,-2.25%,-2.59%,-1.84%,-0.59%,0.29%,0.11%,1.33%,1.37%,-1.63%,1.34%,109,99,95,95,138,199,160,210,273,298,22.12%,49.44%,8.90%,32.43%,123.6%,463.2%,151.5%,509.7%,-17.97%,-5.76%
2015/07/31,2015/06/30,0.23%,2.07%,-1.71%,-3.62%,5.05%,2.99%,2.59%,0.56%,-1.95%,4.99%,0.20%,0.95%,1.71%,-0.24%,1.67%,-0.53%,109,101,94,92,145,204,164,211,267,313,28.00%,52.43%,9.12%,33.68%,127.3%,460.3%,146.0%,508.2%,-17.81%,-4.86%
2015/08/31,2015/07/31,-0.00%,-0.81%,0.41%,0.55%,0.24%,-6.69%,-6.13%,-5.45%,-5.58%,-5.96%,0.83%,1.16%,-0.01%,-3.83%,-5.98%,-4.18%,109,101,94,92,146,191,154,199,252,295,28.32%,53.55%,10.03%,35.24%,113.7%,436.9%,150.4%,484.9%,-17.12%,-3.76%
2015/09/30,2015/08/31,-0.55%,0.89%,0.16%,1.24%,-1.27%,-3.14%,-1.61%,-2.90%,-2.74%,-3.42%,0.98%,0.74%,1.61%,-2.85%,-2.82%,-3.07%,109,101,94,93,144,185,151,193,246,285,27.39%,53.11%,11.11%,36.24%,107.7%,420.4%,149.8%,468.2%,-16.31%,-3.05%
2015/10/31,2015/09/30,1.11%,0.16%,-0.40%,-0.34%,0.40%,8.51%,6.25%,7.51%,7.55%,8.10%,-0.98%,-0.84%,-1.82%,3.95%,7.68%,4.20%,110,102,94,93,144,200,161,208,264,308,26.49%,52.48%,10.01%,35.09%,123.6%,442.2%,141.1%,490.7%,-17.13%,-3.86%
2015/11/30,2015/10/31,-0.54%,-0.88%,0.36%,-0.14%,1.30%,0.55%,-0.28%,0.47%,0.17%,1.86%,1.19%,1.49%,0.45%,3.50%,0.55%,3.05%,109,101,94,93,146,202,160,209,265,313,28.82%,54.47%,11.33%,37.10%,124.8%,458.8%,147.1%,511.3%,-16.15%,-2.43%
2015/12/31,2015/11/30,0.16%,0.20%,0.47%,-1.50%,-0.11%,-1.45%,-1.23%,-1.33%,-4.16%,-2.08%,0.23%,0.35%,0.58%,-3.21%,-2.07%,-3.32%,109,101,95,91,146,199,158,206,254,307,28.46%,53.50%,11.59%,37.58%,120.2%,440.2%,144.0%,491.7%,-15.95%,-2.09%
2016/01/31,2015/12/31,-1.33%,-0.41%,2.74%,0.61%,-2.22%,-7.93%,-5.36%,-2.27%,-5.03%,-8.04%,0.19%,1.17%,-2.78%,-8.18%,-5.64%,-8.53%,108,101,97,92,143,183,150,201,241,282,27.31%,53.34%,11.80%,39.18%,107.8%,394.2%,137.0%,443.3%,-15.79%,-0.95%
2016/02/29,2016/01/31,-0.82%,1.14%,0.32%,1.23%,-0.94%,-1.24%,0.74%,0.26%,1.39%,-1.58%,-1.58%,-1.66%,-2.55%,-2.16%,-0.05%,-1.66%,107,102,98,93,141,181,151,202,244,278,27.16%,52.83%,10.03%,36.87%,107.6%,385.9%,133.2%,431.6%,-17.12%,-2.60%
2016/03/31,2016/02/29,-0.36%,2.43%,1.34%,-0.37%,-0.25%,5.93%,7.79%,7.79%,7.11%,6.69%,-1.45%,-1.36%,-1.38%,5.57%,7.08%,5.98%,107,104,99,93,141,191,163,218,262,296,27.30%,53.99%,8.44%,35.01%,122.4%,415.0%,130.6%,461.2%,-18.32%,-3.92%
2016/04/30,2016/03/31,3.47%,-1.15%,0.29%,-3.54%,2.10%,2.98%,-1.48%,2.22%,-2.04%,2.18%,-0.26%,-0.50%,1.92%,3.24%,0.81%,3.39%,110,103,99,90,144,197,160,223,256,303,25.56%,52.76%,8.15%,34.33%,124.2%,432.5%,136.6%,479.4%,-18.54%,-4.40%
2016/05/31,2016/04/30,-0.26%,0.89%,0.00%,-1.07%,0.53%,2.10%,2.92%,0.96%,1.00%,2.77%,1.83%,1.73%,1.06%,2.28%,1.79%,1.76%,110,104,99,89,145,201,165,225,259,311,26.55%,53.79%,10.14%,36.66%,128.2%,441.8%,136.5%,492.6%,-17.04%,-2.75%
2016/06/30,2016/05/31,-3.34%,1.75%,3.47%,0.96%,-2.62%,-2.50%,2.20%,2.66%,0.68%,-2.09%,-1.12%,-1.31%,-2.91%,-2.13%,0.26%,-1.74%,106,106,103,89,141,196,169,231,261,305,27.46%,54.42%,8.90%,34.87%,128.8%,432.4%,131.8%,480.0%,-17.97%,-4.02%
2016/07/31,2016/06/30,1.80%,0.92%,-1.39%,-0.36%,0.42%,6.16%,4.28%,2.00%,3.63%,4.19%,-0.27%,-1.25%,0.34%,4.52%,3.96%,4.90%,108,107,101,89,142,208,176,235,270,317,25.70%,51.38%,8.61%,33.18%,137.9%,458.5%,133.9%,506.2%,-18.19%,-5.22%
2016/08/31,2016/07/31,1.15%,-0.34%,-1.49%,-0.45%,1.82%,0.65%,-0.62%,-0.24%,0.03%,2.01%,-2.58%,-2.68%,-1.59%,0.44%,0.32%,1.24%,109,106,100,89,144,210,175,235,270,324,26.55%,53.45%,5.81%,29.62%,138.6%,465.4%,136.1%,508.8%,-20.30%,-7.76%
2016/09/30,2016/08/31,-0.82%,-0.57%,0.58%,0.44%,-0.46%,0.01%,0.01%,0.48%,0.60%,-0.30%,0.79%,1.41%,0.64%,3.17%,0.19%,2.75%,109,106,100,89,143,210,175,236,272,323,27.00%,52.97%,6.64%,31.44%,139.1%,481.0%,142.1%,528.2%,-19.68%,-6.46%
2016/10/31,2016/09/30,1.31%,-1.16%,-2.09%,0.83%,1.57%,-2.20%,-3.95%,-2.85%,-1.05%,-0.40%,-1.93%,-1.37%,-1.16%,-4.92%,-2.12%,-4.51%,110,104,98,90,146,205,168,229,269,321,27.34%,55.72%,4.58%,29.65%,134.0%,454.8%,136.3%,497.3%,-21.23%,-7.74%
2016/11/30,2016/10/31,0.83%,0.30%,-0.59%,-0.07%,2.15%,3.68%,2.72%,4.94%,3.71%,8.01%,0.90%,1.69%,0.93%,11.41%,4.59%,10.91%,111,105,98,90,149,213,173,240,279,347,29.00%,62.47%,5.53%,31.84%,144.7%,515.3%,151.3%,565.4%,-20.52%,-6.17%
2016/12/31,2016/11/30,-0.46%,2.11%,-0.56%,0.37%,-0.21%,0.86%,2.92%,1.66%,1.95%,2.83%,0.35%,0.88%,1.77%,4.68%,1.94%,4.41%,110,107,97,90,149,214,178,244,284,357,29.32%,65.67%,5.90%,33.00%,149.5%,542.5%,157.5%,596.6%,-20.24%,-5.35%
2017/01/31,2016/12/31,0.46%,0.05%,-1.18%,-0.24%,0.91%,2.73%,2.39%,0.35%,2.24%,2.34%,1.79%,1.55%,2.09%,2.35%,1.89%,1.88%,111,107,96,90,150,220,182,245,291,365,29.90%,65.03%,7.79%,35.06%,154.2%,554.5%,157.5%,612.9%,-18.81%,-3.88%
2017/02/28,2017/01/31,1.55%,-0.70%,-1.35%,-0.07%,0.52%,5.39%,2.78%,1.74%,4.22%,4.17%,1.02%,0.46%,1.51%,2.62%,3.64%,2.48%,113,106,95,90,151,232,187,250,303,381,28.57%,63.02%,8.89%,35.68%,163.5%,570.8%,154.5%,631.6%,-17.98%,-3.44%
2017/03/31,2017/02/28,-0.71%,-0.78%,0.58%,0.32%,0.08%,-0.09%,-0.14%,0.77%,0.12%,-0.32%,-0.29%,-0.40%,-1.14%,-1.02%,0.13%,-0.90%,112,105,95,90,151,232,187,251,303,379,29.59%,62.64%,8.58%,35.14%,163.8%,564.7%,151.8%,624.1%,-18.22%,-3.83%
2017/04/30,2017/03/31,0.33%,-0.54%,-0.24%,-0.02%,0.03%,1.72%,0.90%,0.73%,0.96%,1.13%,-1.79%,-0.44%,-2.18%,0.87%,1.11%,1.00%,112,105,95,90,151,236,188,253,306,384,29.20%,61.67%,6.63%,34.54%,166.7%,571.4%,151.6%,630.4%,-19.68%,-4.25%
2017/05/31,2017/04/30,-0.94%,-0.69%,0.33%,-0.54%,1.06%,0.87%,0.85%,1.21%,0.65%,1.87%,-0.74%,-1.14%,-1.53%,-3.06%,1.06%,-2.72%,111,104,95,90,152,238,190,256,308,391,31.78%,63.28%,5.84%,33.01%,169.6%,553.1%,142.1%,608.1%,-20.28%,-5.34%
2017/06/30,2017/05/31,1.99%,-0.47%,-2.20%,0.20%,1.66%,2.57%,0.24%,-1.40%,0.78%,2.90%,-1.01%,-0.47%,0.88%,4.02%,0.90%,4.16%,113,104,93,90,155,244,190,253,311,402,31.34%,63.81%,4.77%,32.38%,172.0%,580.3%,150.0%,636.5%,-21.08%,-5.79%
2017/07/31,2017/06/30,0.05%,-0.19%,0.76%,-0.91%,-0.45%,2.14%,1.87%,2.13%,1.23%,2.10%,-0.84%,-1.09%,-1.35%,-0.84%,1.93%,-0.51%,113,103,94,89,154,249,194,258,314,411,30.68%,63.76%,3.89%,30.93%,177.2%,576.9%,143.9%,630.3%,-21.75%,-6.82%
2017/08/31,2017/07/31,0.65%,-0.91%,0.25%,-0.04%,-1.07%,1.23%,-0.01%,0.05%,0.39%,-0.90%,-0.43%,-1.01%,-0.76%,-2.64%,0.26%,-2.34%,114,103,94,89,153,252,194,258,316,407,28.44%,60.27%,3.44%,29.61%,177.9%,561.0%,137.6%,611.1%,-22.09%,-7.76%
2017/09/30,2017/08/31,0.37%,-0.80%,0.03%,-0.28%,0.19%,2.65%,1.75%,1.74%,2.28%,4.21%,1.81%,2.20%,2.12%,8.74%,2.47%,8.08%,115,102,94,89,153,259,197,263,323,424,28.20%,62.77%,5.31%,32.46%,184.8%,614.5%,150.9%,673.2%,-20.68%,-5.73%
2017/10/31,2017/09/30,-0.75%,-0.54%,1.13%,-1.60%,0.26%,1.85%,2.08%,2.83%,0.35%,3.83%,-1.67%,-1.60%,-2.36%,-1.11%,2.24%,-0.63%,114,101,95,87,153,264,201,270,324,440,29.51%,66.00%,3.55%,30.34%,191.2%,610.0%,143.7%,664.7%,-22.01%,-7.24%
2017/11/30,2017/10/31,-1.23%,0.52%,0.72%,-0.14%,0.12%,2.14%,3.61%,3.87%,2.73%,4.05%,0.53%,1.31%,0.56%,4.25%,3.22%,3.86%,112,102,96,87,153,269,209,281,333,458,31.27%,69.17%,4.10%,32.05%,200.6%,637.4%,145.3%,697.2%,-21.59%,-6.03%
2017/12/31,2017/11/30,-0.20%,-0.33%,0.60%,-0.70%,0.18%,0.84%,0.48%,2.03%,0.66%,1.41%,0.25%,0.71%,0.23%,1.34%,1.10%,1.13%,112,101,96,87,154,272,210,286,335,465,31.77%,70.14%,4.36%,32.99%,203.8%,645.7%,145.3%,707.9%,-21.40%,-5.36%
2018/01/31,2017/12/31,0.67%,-2.01%,-1.49%,-3.00%,2.89%,6.73%,4.00%,3.65%,2.15%,10.10%,1.14%,2.20%,1.13%,5.89%,5.34%,5.23%,113,99,95,84,158,290,218,297,342,512,34.70%,75.86%,5.55%,35.92%,220.1%,684.7%,145.1%,755.5%,-20.50%,-3.27%
2018/02/28,2018/01/31,0.76%,-0.94%,-1.96%,-0.04%,2.04%,-2.72%,-3.97%,-5.80%,-3.27%,-2.25%,-1.46%,-1.60%,-1.24%,-4.94%,-3.65%,-4.47%,114,98,93,84,161,282,209,280,331,500,36.42%,76.69%,4.01%,33.75%,208.4%,649.7%,143.1%,713.2%,-21.66%,-4.82%
2018/03/31,2018/02/28,-0.74%,2.06%,0.51%,0.84%,-0.22%,-2.72%,-0.11%,-1.84%,-1.06%,-3.72%,0.51%,0.66%,0.93%,1.85%,-1.98%,1.66%,113,100,94,85,161,274,209,274,327,482,37.13%,74.93%,4.54%,34.63%,202.3%,662.1%,151.9%,728.3%,-21.26%,-4.19%
2018/04/30,2018/03/31,0.04%,-0.07%,-1.29%,0.62%,1.04%,0.48%,0.38%,-0.92%,0.85%,1.67%,1.37%,1.11%,0.65%,1.68%,0.43%,1.34%,113,100,92,85,163,276,210,272,330,490,38.50%,77.01%,5.97%,36.13%,203.6%,672.3%,154.2%,742.2%,-20.18%,-3.12%
2018/05/31,2018/04/30,-0.94%,-0.64%,-0.12%,2.11%,-1.31%,2.96%,3.12%,1.80%,3.46%,2.88%,0.36%,0.52%,-1.13%,5.10%,2.78%,4.95%,112,100,92,87,161,284,217,277,342,504,37.99%,76.87%,6.35%,36.83%,212.0%,710.5%,159.7%,785.1%,-19.89%,-2.62%
2018/06/30,2018/05/31,-0.36%,0.46%,0.16%,-0.74%,1.05%,0.60%,1.43%,0.70%,0.50%,0.72%,-0.76%,-0.89%,-0.97%,-0.12%,0.75%,0.15%,111,100,92,86,162,286,220,279,343,507,39.93%,77.09%,5.54%,35.61%,214.4%,711.7%,158.1%,784.0%,-20.50%,-3.49%
2018/07/31,2018/06/30,-0.11%,-0.93%,0.47%,-0.32%,0.09%,3.31%,1.75%,3.76%,2.85%,4.45%,-0.16%,-0.33%,-1.67%,-0.07%,3.27%,0.02%,111,99,93,86,162,295,224,289,353,530,40.21%,79.11%,5.37%,35.16%,224.7%,711.9%,149.7%,783.4%,-20.63%,-3.81%
2018/08/31,2018/07/31,-0.48%,-0.30%,-0.76%,0.49%,0.35%,3.93%,3.12%,2.56%,3.29%,5.06%,-1.05%,-1.12%,-0.87%,2.25%,3.55%,2.59%,111,99,92,86,163,307,230,297,365,557,41.37%,81.14%,4.27%,33.66%,236.2%,732.9%,147.3%,803.3%,-21.46%,-4.88%
2018/09/30,2018/08/31,0.12%,-0.07%,-0.09%,0.52%,-1.12%,0.52%,0.35%,-0.06%,0.49%,-1.00%,-0.09%,-0.19%,-0.78%,-2.54%,0.10%,-2.48%,111,99,92,87,161,308,231,297,367,551,39.62%,78.38%,4.17%,33.41%,236.6%,712.2%,140.9%,780.3%,-21.54%,-5.06%
2018/10/31,2018/09/30,0.22%,1.59%,1.04%,0.82%,0.52%,-8.62%,-6.21%,-5.34%,-6.53%,-9.67%,-0.01%,-0.38%,0.58%,-9.17%,-7.27%,-9.05%,111,100,93,88,162,282,217,281,343,498,40.05%,76.50%,4.15%,32.91%,212.1%,638.7%,136.6%,699.6%,-21.55%,-5.41%
2018/11/30,2018/10/31,1.25%,2.66%,0.23%,-4.44%,0.26%,3.26%,4.12%,2.19%,-2.74%,2.62%,-1.06%,-1.00%,-1.72%,-0.24%,1.99%,0.07%,113,103,93,84,162,291,226,287,333,511,38.66%,75.38%,3.06%,31.57%,218.3%,639.2%,132.1%,697.8%,-22.38%,-6.36%
2018/12/31,2018/11/30,1.29%,-0.55%,-1.03%,-1.97%,1.89%,-8.75%,-8.02%,-9.33%,-9.98%,-10.60%,-0.60%,-0.64%,-1.70%,-13.01%,-9.28%,-12.81%,114,103,92,82,166,265,208,260,300,457,39.49%,72.12%,2.43%,30.73%,188.8%,544.5%,123.9%,594.0%,-22.84%,-6.97%
2019/01/31,2018/12/31,-0.45%,0.11%,-0.81%,-0.29%,1.28%,9.31%,7.72%,8.14%,7.71%,10.62%,1.53%,2.31%,3.00%,15.61%,8.72%,14.92%,114,103,92,82,168,290,224,281,323,505,41.90%,74.38%,4.00%,33.74%,214.0%,640.6%,137.8%,702.4%,-21.66%,-4.82%
2019/02/28,2019/01/31,0.11%,-1.11%,1.23%,0.68%,-2.12%,4.11%,2.71%,4.37%,4.04%,1.80%,1.11%,1.00%,2.03%,6.46%,3.43%,6.16%,114,102,93,82,164,302,230,294,336,514,38.74%,70.34%,5.16%,35.09%,224.7%,686.3%,144.2%,754.2%,-20.79%,-3.86%
2019/03/31,2019/02/28,-0.99%,0.33%,0.77%,0.42%,-1.46%,0.44%,2.34%,2.35%,1.73%,0.11%,0.40%,1.34%,0.11%,-0.61%,1.41%,-1.02%,113,102,93,83,162,303,235,300,342,515,38.08%,69.76%,5.58%,36.89%,229.3%,678.3%,138.3%,749.0%,-20.48%,-2.58%
2019/04/30,2019/03/31,-2.25%,1.40%,1.12%,-1.00%,-0.21%,1.99%,4.35%,5.23%,2.90%,5.49%,-1.54%,-1.46%,-2.43%,1.31%,4.02%,1.74%,110,103,94,82,161,309,245,316,352,543,40.90%,75.70%,3.95%,34.90%,242.5%,691.8%,132.9%,760.1%,-21.70%,-4.00%
2019/05/31,2019/04/30,2.76%,-0.31%,0.99%,-2.07%,0.54%,-4.44%,-5.89%,-6.04%,-7.85%,-7.77%,0.21%,-1.29%,2.50%,-8.33%,-6.47%,-7.94%,113,103,95,80,162,296,231,297,324,501,37.76%,69.87%,4.17%,33.15%,220.4%,628.9%,129.5%,688.4%,-21.54%,-5.24%
2019/06/30,2019/05/31,-0.55%,-0.84%,0.45%,1.38%,-2.00%,6.50%,5.61%,7.42%,7.90%,6.65%,-2.28%,-1.79%,-4.42%,3.42%,6.83%,3.96%,112,102,96,81,159,315,244,319,350,534,35.76%,70.13%,1.80%,30.77%,242.2%,657.8%,122.9%,715.4%,-23.33%,-6.93%
2019/07/31,2019/06/30,-0.34%,1.84%,-0.11%,-0.21%,-0.56%,0.62%,2.72%,1.05%,1.18%,1.64%,-0.15%,-0.50%,0.25%,-0.75%,1.45%,-0.60%,112,104,96,81,158,317,251,322,354,543,35.48%,71.86%,1.64%,30.12%,247.2%,653.2%,118.3%,709.3%,-23.44%,-7.40%
2019/08/31,2019/07/31,-0.49%,0.31%,1.62%,-0.28%,-1.47%,-2.30%,-0.84%,-0.72%,-2.63%,-4.16%,-0.11%,-1.60%,0.94%,-6.15%,-2.11%,-5.67%,111,104,97,81,156,310,249,320,345,520,34.14%,68.68%,1.53%,28.03%,239.9%,610.5%,110.5%,659.5%,-23.52%,-8.89%
2019/09/30,2019/08/31,0.05%,1.02%,1.35%,1.56%,-0.99%,-0.00%,0.94%,2.70%,3.14%,1.40%,-1.01%,-0.21%,-0.33%,2.63%,1.76%,2.70%,112,105,99,82,154,310,251,329,356,528,32.74%,71.04%,0.51%,27.76%,245.8%,629.7%,112.5%,679.5%,-24.29%,-9.08%
2019/10/31,2019/09/30,0.73%,-1.19%,-0.94%,0.90%,0.07%,3.29%,1.01%,1.16%,2.99%,2.53%,-0.23%,1.29%,-0.98%,2.87%,2.20%,2.48%,112,104,98,83,154,320,253,333,366,541,31.88%,69.74%,0.28%,29.41%,253.4%,647.8%,113.1%,701.8%,-24.47%,-7.90%
2019/11/30,2019/10/31,0.76%,-1.13%,-1.88%,0.16%,0.72%,5.03%,2.44%,2.14%,4.16%,5.02%,1.16%,0.70%,0.81%,5.18%,3.75%,4.97%,113,103,96,83,155,336,260,340,381,568,31.82%,69.74%,1.44%,30.32%,266.7%,684.9%,115.7%,743.3%,-23.59%,-7.26%
2019/12/31,2019/11/30,0.10%,0.00%,0.40%,-0.11%,-0.07%,2.64%,2.21%,3.29%,2.85%,3.11%,-0.43%,-0.21%,-1.78%,2.41%,2.79%,2.47%,113,103,96,83,155,345,265,351,392,586,31.60%,70.53%,1.00%,30.04%,276.9%,704.3%,115.0%,763.6%,-23.92%,-7.45%
2020/01/31,2019/12/31,-1.01%,2.30%,-1.57%,-1.86%,0.23%,-0.11%,3.30%,-1.90%,-2.53%,1.50%,0.83%,0.83%,2.62%,-0.93%,0.06%,-1.18%,112,105,95,81,156,344,274,344,382,595,33.24%,73.27%,1.84%,31.12%,277.2%,694.8%,112.4%,755.6%,-23.29%,-6.69%
2020/02/29,2020/01/31,0.18%,-0.50%,-0.86%,-1.52%,1.14%,-7.14%,-7.03%,-8.11%,-8.62%,-9.16%,0.55%,0.62%,0.28%,-6.03%,-8.00%,-6.21%,112,105,94,80,157,320,255,316,349,540,34.52%,69.77%,2.39%,31.94%,247.0%,645.4%,116.2%,704.0%,-22.87%,-6.11%
2020/03/31,2020/02/29,-1.13%,-6.75%,0.39%,0.40%,-0.06%,-11.96%,-14.58%,-13.32%,-13.07%,-15.35%,5.02%,2.96%,-0.62%,-21.09%,-13.57%,-21.98%,111,98,94,80,157,282,218,274,304,457,35.96%,64.03%,7.54%,35.84%,199.9%,481.6%,97.98%,534.4%,-19.00%,-3.33%
2020/04/30,2020/03/31,1.31%,0.67%,0.80%,-0.84%,-1.18%,14.46%,11.75%,13.16%,12.78%,14.72%,-0.19%,0.31%,0.48%,15.38%,13.44%,15.28%,113,98,95,80,156,322,243,310,343,525,32.56%,64.44%,7.34%,36.26%,240.2%,570.5%,101.6%,632.0%,-19.15%,-3.03%
2020/05/31,2020/04/30,-0.40%,-0.20%,0.45%,0.31%,-3.09%,6.60%,4.63%,5.53%,6.23%,4.31%,-1.38%,-1.20%,-2.30%,4.20%,5.40%,4.56%,112,98,95,80,151,343,254,327,364,547,29.01%,60.67%,5.86%,34.63%,258.6%,601.1%,99.95%,662.8%,-20.26%,-4.19%
2020/06/30,2020/05/31,-2.55%,0.88%,-1.52%,-1.23%,3.51%,0.94%,2.67%,0.74%,1.51%,6.14%,0.40%,2.35%,2.01%,8.77%,2.43%,8.06%,109,99,94,79,156,347,261,330,369,581,36.83%,69.03%,6.28%,37.79%,267.3%,657.6%,111.2%,729.6%,-19.95%,-1.94%
2020/07/31,2020/06/30,-1.81%,-3.54%,0.51%,0.54%,1.09%,4.87%,2.69%,5.49%,5.45%,10.09%,-1.17%,1.48%,-2.58%,4.87%,5.73%,4.42%,107,96,94,80,158,364,268,348,389,639,40.80%,77.85%,5.03%,39.83%,288.3%,691.1%,108.5%,770.0%,-20.89%,-0.49%
2020/08/31,2020/07/31,-2.74%,0.16%,-2.74%,1.15%,0.74%,5.56%,6.80%,4.51%,8.81%,11.06%,-1.14%,0.67%,-3.98%,4.43%,7.38%,4.23%,104,96,92,80,159,384,287,364,424,710,45.69%,87.64%,3.83%,40.76%,317.0%,724.6%,101.9%,808.6%,-21.79%,0.00%
2020/09/30,2020/08/31,-0.74%,-0.26%,1.65%,1.83%,-2.91%,-3.51%,-3.24%,-1.95%,-1.80%,-6.38%,-0.21%,-0.09%,0.89%,-2.87%,-3.61%,-2.85%,104,95,93,82,154,370,277,357,416,665,42.53%,82.26%,3.61%,40.64%,301.9%,701.1%,103.4%,782.5%,-21.96%,-0.09%
2020/10/31,2020/09/30,-1.06%,-0.98%,0.79%,0.74%,2.44%,-3.21%,-2.75%,-1.01%,-1.16%,-1.79%,1.39%,0.71%,0.92%,3.80%,-2.11%,3.59%,102,94,94,82,158,358,270,353,411,653,47.52%,84.86%,5.06%,41.64%,293.4%,729.9%,115.0%,816.0%,-20.87%,0.00%
2020/11/30,2020/10/31,-0.83%,1.16%,-0.13%,1.07%,-0.16%,11.55%,11.43%,11.77%,15.11%,12.41%,1.22%,1.75%,3.74%,21.12%,12.26%,20.60%,102,96,94,83,158,400,300,394,473,734,48.52%,86.46%,6.33%,44.12%,341.6%,900.8%,133.0%,1009%,-19.91%,0.00%
2020/12/31,2020/11/30,-1.25%,-0.64%,-1.06%,0.96%,-1.11%,4.57%,3.78%,3.26%,6.89%,4.29%,-1.35%,-0.40%,-0.98%,8.72%,4.57%,8.84%,100,95,93,84,156,418,312,407,506,766,48.74%,85.93%,4.90%,43.54%,361.8%,989.2%,142.9%,1106%,-20.99%,-0.40%
2021/01/31,2020/12/31,-2.06%,-0.57%,0.82%,3.01%,-1.60%,-1.26%,-0.15%,0.90%,1.65%,-0.58%,5.44%,4.44%,5.01%,12.31%,-0.12%,10.98%,98,94,94,87,154,413,311,411,514,761,49.43%,87.21%,10.60%,49.92%,361.3%,1109%,169.9%,1255%,-16.69%,0.00%
