Date,fdate,ROE_AR_1,ROE_AR_2,ROE_AR_3,ROE_AR_4,ROE_AR_5,ROE_TR_1,ROE_TR_2,ROE_TR_3,ROE_TR_4,ROE_TR_5,ROE_AR_Sig,ROE_TR_Sig,ROE_AR_130,ROE_TR_130,ROE_TR_BP,ROE_TR_LO,ROE_CAR_1,ROE_CAR_2,ROE_CAR_3,ROE_CAR_4,ROE_CAR_5,ROE_CTR_1,ROE_CTR_2,ROE_CTR_3,ROE_CTR_4,ROE_CTR_5,ROE_CAR_LS,ROE_CTR_LS,ROE_CAR_SW,ROE_CTR_SW,ROE_CTR_BP,ROE_CTR_LO,ROE_CXR_LO,ROE_CTR_13,ROE_CADD,ROE_CTDD
2001/02/28,2001/01/31,2.63%,0.73%,0.93%,0.02%,3.44%,-19.09%,-7.38%,-4.39%,-9.83%,-11.23%,-17.43%,6.80%,0.21%,-6.31%,-9.48%,-8.35%,103,101,101,100,103,81,93,96,90,89,0.81%,7.87%,-17.43%,6.80%,-9.48%,-8.35%,1.13%,-6.31%,-17.43%,0.00%
2001/03/31,2001/02/28,-0.06%,1.50%,-1.07%,1.66%,-0.30%,-12.98%,-4.22%,-4.76%,-5.46%,-8.92%,-1.85%,8.78%,1.18%,-4.40%,-6.73%,-7.03%,103,102,100,102,103,70,89,91,85,81,0.57%,12.25%,-18.95%,16.18%,-15.57%,-14.79%,0.82%,-10.43%,-18.95%,0.00%
2001/04/30,2001/03/31,-3.15%,-2.39%,1.62%,-0.89%,0.46%,9.55%,5.05%,7.61%,8.04%,9.81%,9.26%,1.25%,1.47%,10.33%,8.26%,9.96%,99,100,101,101,104,77,93,98,92,89,4.20%,12.54%,-11.45%,17.63%,-8.60%,-6.31%,2.53%,-1.17%,-11.45%,0.00%
2001/05/31,2001/04/30,-0.59%,-1.31%,-0.68%,-1.31%,1.09%,-0.71%,2.58%,1.89%,0.25%,0.64%,-4.03%,-0.53%,1.59%,6.75%,1.01%,6.90%,99,98,101,99,105,77,96,100,92,89,5.95%,14.06%,-15.01%,17.01%,-7.68%,0.16%,8.58%,5.49%,-15.01%,-0.53%
2001/06/30,2001/05/31,-3.03%,0.98%,3.07%,0.52%,0.39%,-4.64%,-3.01%,-0.95%,-1.36%,-1.11%,7.06%,5.98%,-0.21%,4.95%,-1.54%,3.15%,96,99,104,100,105,73,93,99,91,88,9.57%,18.09%,-9.01%,24.00%,-9.10%,3.32%,13.68%,10.71%,-9.01%,0.00%
2001/07/31,2001/06/30,-0.06%,-1.99%,-4.51%,1.94%,0.96%,-4.29%,-1.21%,-2.76%,0.52%,-2.56%,-0.64%,6.97%,3.89%,-0.35%,-1.79%,-2.44%,96,97,99,102,106,70,92,96,92,86,10.69%,20.13%,-9.60%,32.64%,-10.73%,0.80%,12.94%,10.32%,-9.60%,0.00%
2001/08/31,2001/07/31,-0.31%,3.22%,1.37%,1.14%,-0.90%,-8.17%,-4.01%,-4.77%,-5.48%,-7.43%,1.04%,3.73%,1.01%,-2.52%,-5.97%,-3.64%,95,101,101,103,105,64,88,92,87,80,10.03%,21.02%,-8.65%,37.59%,-16.06%,-2.87%,15.58%,7.55%,-8.65%,0.00%
2001/09/30,2001/08/31,-1.81%,0.93%,-1.11%,-3.68%,1.67%,-13.15%,-8.67%,-8.60%,-12.45%,-5.98%,1.13%,6.09%,6.23%,-10.83%,-8.92%,-12.66%,94,102,99,99,107,56,80,84,76,75,13.87%,29.70%,-7.62%,45.97%,-23.54%,-15.17%,11.25%,-4.11%,-7.62%,0.00%
2001/10/31,2001/09/30,1.86%,3.73%,1.52%,4.30%,0.34%,6.21%,0.24%,0.30%,4.91%,3.45%,8.89%,-1.99%,1.64%,9.50%,2.68%,10.09%,95,105,101,104,107,59,80,84,79,78,12.14%,26.11%,0.59%,43.06%,-21.50%,-6.60%,19.50%,5.00%,0.00%,-1.99%
2001/11/30,2001/10/31,1.69%,-5.14%,-3.45%,0.80%,1.91%,9.49%,5.76%,5.35%,10.17%,7.71%,0.26%,-0.27%,-0.77%,8.64%,7.75%,8.72%,97,100,97,104,109,65,85,88,88,84,12.38%,23.87%,0.84%,42.68%,-15.41%,1.54%,20.66%,14.07%,0.00%,-2.26%
2001/12/31,2001/11/30,-0.25%,2.38%,1.37%,1.06%,-1.29%,1.76%,3.83%,2.21%,3.13%,-0.30%,0.18%,0.13%,0.61%,7.12%,1.71%,7.08%,97,102,99,105,108,66,88,90,90,83,11.22%,21.31%,1.03%,42.86%,-13.96%,8.73%,27.14%,22.19%,0.00%,-2.14%
2002/01/31,2001/12/31,-0.80%,-1.70%,-1.74%,1.25%,0.94%,-3.91%,-1.96%,-2.24%,0.41%,-1.19%,-6.43%,-2.23%,-1.09%,0.12%,-1.25%,0.79%,96,101,97,107,109,63,87,88,91,82,13.16%,24.61%,-5.47%,39.67%,-15.04%,9.59%,29.74%,22.34%,-6.43%,-4.32%
2002/02/28,2002/01/31,-1.83%,0.57%,2.24%,-0.21%,-0.76%,-6.14%,-0.88%,0.63%,-2.89%,-3.32%,1.60%,5.77%,0.50%,-2.25%,-2.10%,-3.98%,94,101,99,107,108,60,86,89,88,80,14.37%,28.11%,-3.96%,47.73%,-16.83%,5.22%,27.30%,19.59%,-4.94%,0.00%
2002/03/31,2002/02/28,-0.58%,2.79%,0.21%,1.54%,-0.38%,5.93%,6.98%,3.56%,6.37%,2.29%,2.08%,2.62%,0.44%,9.59%,4.42%,8.80%,94,104,99,108,108,63,92,92,94,81,14.59%,23.45%,-1.96%,51.61%,-13.15%,14.48%,32.88%,31.05%,-2.96%,0.00%
2002/04/30,2002/03/31,2.02%,3.69%,1.20%,1.49%,-3.12%,-5.50%,-0.78%,-3.92%,-3.93%,-8.12%,0.65%,6.08%,-0.56%,1.18%,-5.00%,-0.64%,96,108,101,110,104,60,91,88,90,75,8.70%,20.21%,-1.33%,60.83%,-17.49%,13.75%,38.66%,32.60%,-2.33%,0.00%
2002/05/31,2002/04/30,-1.44%,-1.12%,-1.21%,0.13%,-0.12%,-4.53%,-0.61%,-1.20%,-1.20%,-1.11%,3.28%,4.84%,3.54%,-0.54%,-1.20%,-1.99%,94,107,99,110,104,57,91,87,89,74,10.14%,24.33%,1.90%,68.60%,-18.48%,11.49%,37.57%,31.89%,0.00%,0.00%
2002/06/30,2002/05/31,-5.73%,3.41%,4.22%,1.25%,-4.07%,-14.93%,-4.97%,-3.93%,-5.41%,-10.41%,5.16%,6.41%,-1.55%,-5.23%,-6.92%,-7.16%,89,110,104,111,100,48,86,84,84,66,11.96%,29.96%,7.16%,79.41%,-24.12%,3.51%,37.25%,24.99%,0.00%,0.00%
2002/07/31,2002/06/30,-0.47%,-0.08%,-0.10%,-0.55%,-0.34%,-11.85%,-8.59%,-7.48%,-9.81%,-6.32%,4.50%,0.89%,4.82%,-11.63%,-7.99%,-11.90%,88,110,104,111,100,43,79,78,76,62,12.11%,37.14%,11.98%,81.01%,-30.19%,-8.80%,31.89%,10.45%,0.00%,0.00%
2002/08/31,2002/07/31,0.17%,-1.95%,-1.58%,-1.72%,0.79%,1.36%,1.11%,0.92%,-0.46%,1.01%,-1.38%,0.85%,2.04%,0.77%,0.64%,0.52%,89,108,102,109,100,43,80,78,75,63,12.81%,36.67%,10.44%,82.55%,-29.74%,-8.33%,31.73%,11.31%,-1.38%,0.00%
2002/09/30,2002/08/31,1.81%,-2.00%,-1.58%,0.22%,-0.86%,-9.67%,-10.17%,-10.37%,-9.96%,-10.10%,2.90%,6.07%,3.43%,-6.22%,-10.13%,-8.04%,90,106,100,109,100,39,71,70,68,56,9.80%,36.09%,13.64%,93.63%,-36.86%,-15.70%,34.48%,4.39%,0.00%,0.00%
2002/10/31,2002/09/30,-2.97%,-1.09%,-3.45%,2.61%,5.01%,4.71%,3.59%,2.62%,9.18%,12.05%,4.00%,-1.39%,1.56%,5.80%,7.77%,6.21%,87,105,97,112,105,41,74,72,74,63,18.56%,46.07%,18.18%,90.94%,-31.95%,-10.46%,32.39%,10.44%,0.00%,-1.39%
2002/11/30,2002/10/31,6.16%,0.16%,-0.69%,-1.32%,0.24%,13.58%,4.36%,4.12%,5.91%,7.04%,-6.38%,-13.95%,-2.41%,8.58%,6.03%,12.76%,93,105,96,110,105,46,77,75,79,68,11.54%,36.53%,10.64%,64.30%,-27.85%,0.97%,41.31%,19.91%,-6.38%,-15.15%
2002/12/31,2002/11/30,0.74%,0.41%,0.43%,-0.46%,-0.13%,-9.34%,-3.09%,-4.00%,-6.34%,-6.66%,3.66%,8.81%,4.13%,-1.54%,-5.58%,-4.19%,94,105,97,110,105,42,75,72,74,63,10.57%,40.19%,14.69%,78.77%,-31.88%,-3.26%,43.28%,18.06%,-2.95%,-7.68%
2003/01/31,2002/12/31,2.38%,0.08%,0.46%,-0.10%,-0.44%,-1.05%,-2.43%,-2.42%,-2.79%,-2.65%,-2.52%,-2.76%,0.27%,-1.20%,-2.56%,-0.37%,96,105,97,110,104,42,73,70,72,61,7.45%,37.94%,11.81%,73.83%,-33.63%,-3.62%,46.42%,16.64%,-5.39%,-10.23%
2003/02/28,2003/01/31,0.77%,-0.92%,-0.24%,1.03%,0.13%,-2.01%,-3.12%,-2.34%,-1.19%,-1.36%,1.64%,2.06%,0.68%,-1.96%,-1.81%,-2.58%,97,104,97,111,104,41,71,69,71,61,6.76%,38.84%,13.64%,77.41%,-34.83%,-6.11%,45.29%,14.35%,-3.84%,-8.38%
2003/03/31,2003/02/28,0.41%,1.15%,2.29%,0.58%,0.35%,0.81%,0.80%,2.02%,0.83%,1.23%,1.51%,0.89%,1.03%,2.60%,1.22%,2.33%,97,106,99,112,105,41,71,70,71,61,6.70%,39.42%,15.36%,78.98%,-34.03%,-3.92%,46.91%,17.32%,-2.39%,-7.57%
2003/04/30,2003/03/31,-0.86%,0.67%,-0.24%,0.65%,-0.85%,13.23%,7.93%,7.74%,9.92%,6.68%,0.36%,-1.88%,-0.43%,9.95%,8.22%,10.51%,96,106,99,112,104,47,77,76,78,65,6.71%,30.29%,15.77%,75.61%,-28.61%,6.18%,50.28%,29.00%,-2.04%,-9.31%
2003/05/31,2003/04/30,1.66%,0.05%,1.04%,-1.86%,0.18%,14.48%,6.02%,6.32%,5.34%,6.02%,-11.32%,-18.59%,-3.55%,6.54%,6.23%,12.12%,98,106,100,110,104,53,82,80,83,69,5.13%,19.26%,2.67%,42.98%,-24.16%,19.05%,59.13%,37.43%,-13.13%,-26.16%
2003/06/30,2003/05/31,-1.04%,-0.91%,0.18%,-0.97%,1.04%,1.71%,0.63%,1.45%,0.93%,2.42%,-2.21%,-3.44%,1.79%,5.29%,1.49%,6.32%,97,105,100,109,105,54,82,81,83,71,7.32%,20.12%,0.40%,38.06%,-23.03%,26.57%,66.81%,44.70%,-15.05%,-28.70%
2003/07/31,2003/06/30,0.04%,2.76%,0.49%,-0.15%,0.61%,3.75%,4.33%,2.33%,2.37%,1.89%,-1.58%,-2.59%,-0.86%,6.04%,2.46%,6.81%,97,108,100,109,106,56,86,83,85,72,7.94%,17.89%,-1.18%,34.49%,-21.14%,35.20%,74.07%,53.44%,-16.39%,-30.55%
2003/08/31,2003/07/31,1.00%,-1.03%,-0.77%,0.33%,-0.11%,5.23%,2.09%,1.89%,3.56%,1.52%,-1.03%,-1.48%,-0.87%,4.14%,2.35%,4.58%,98,107,100,109,106,59,88,85,88,73,6.74%,13.51%,-2.20%,32.50%,-19.28%,41.40%,77.96%,59.79%,-17.25%,-31.57%
2003/09/30,2003/08/31,-0.24%,-0.26%,0.26%,-0.90%,0.33%,-1.43%,-1.09%,-0.58%,-2.05%,-0.61%,-6.82%,-8.26%,-0.78%,-1.57%,-1.08%,0.91%,97,107,100,108,106,58,87,84,87,73,7.35%,14.43%,-8.87%,21.55%,-20.15%,42.68%,81.50%,57.28%,-22.89%,-37.23%
2003/10/31,2003/09/30,1.74%,-0.15%,0.19%,-0.57%,1.31%,8.48%,6.08%,6.27%,6.78%,5.14%,-2.43%,1.32%,-0.25%,10.10%,6.06%,9.71%,99,107,100,108,107,63,92,90,92,77,6.88%,10.61%,-11.09%,23.15%,-15.32%,56.53%,88.12%,73.17%,-24.77%,-36.40%
2003/11/30,2003/10/31,1.66%,-0.63%,-1.04%,-0.93%,0.98%,3.55%,1.78%,0.62%,1.52%,1.63%,-0.45%,0.32%,0.43%,3.72%,1.47%,3.63%,101,106,99,107,108,66,93,90,94,78,6.15%,8.49%,-11.49%,23.54%,-14.07%,62.21%,92.17%,79.61%,-25.11%,-36.20%
2003/12/31,2003/11/30,-5.44%,1.76%,-0.96%,0.01%,-0.44%,3.88%,6.09%,3.85%,4.38%,4.24%,3.59%,-1.27%,0.44%,2.16%,4.39%,2.54%,95,108,98,107,108,68,99,94,98,81,11.47%,8.88%,-8.32%,21.97%,-10.30%,66.32%,88.62%,83.49%,-22.42%,-37.01%
2004/01/31,2003/12/31,4.62%,-1.02%,-0.16%,-1.32%,0.42%,7.28%,2.75%,2.66%,1.69%,1.55%,-11.86%,-12.30%,-2.63%,1.47%,2.25%,5.16%,100,107,98,105,108,73,102,96,100,83,6.79%,2.64%,-19.19%,6.96%,-8.28%,74.91%,94.11%,86.19%,-31.62%,-44.76%
2004/02/29,2004/01/31,-3.11%,1.94%,0.48%,1.07%,-1.37%,-0.67%,3.54%,2.07%,2.47%,0.01%,2.53%,1.06%,1.17%,1.13%,1.48%,0.82%,97,109,98,106,107,73,106,98,102,83,8.65%,3.34%,-17.14%,8.09%,-6.92%,76.34%,92.82%,88.30%,-29.89%,-44.18%
2004/03/31,2004/02/29,-1.54%,-0.06%,-0.49%,1.09%,-0.42%,-2.10%,-0.60%,-1.42%,-0.10%,-1.57%,3.08%,2.66%,1.37%,1.86%,-1.09%,1.06%,95,109,98,108,106,71,105,97,102,81,9.86%,3.89%,-14.59%,10.97%,-7.94%,78.21%,96.97%,91.80%,-27.73%,-42.69%
2004/04/30,2004/03/31,-2.73%,0.00%,-1.67%,-0.42%,0.11%,-3.39%,-2.34%,-3.99%,-3.05%,-0.21%,3.95%,1.85%,0.91%,-3.01%,-2.03%,-3.57%,93,109,96,107,107,69,102,93,99,81,12.98%,7.19%,-11.22%,13.02%,-9.81%,71.85%,93.95%,86.02%,-24.88%,-41.63%
2004/05/31,2004/04/30,0.93%,0.77%,1.12%,-0.71%,0.37%,0.93%,1.24%,2.19%,0.75%,1.44%,2.10%,3.37%,0.30%,1.59%,1.34%,0.58%,93,110,97,106,107,69,104,95,100,82,12.34%,7.73%,-9.36%,16.84%,-8.61%,72.85%,92.48%,88.98%,-23.31%,-39.66%
2004/06/30,2004/05/31,1.05%,-0.05%,-0.13%,0.20%,-0.08%,3.84%,2.08%,2.16%,2.45%,1.24%,2.24%,3.43%,-0.62%,4.19%,1.96%,3.16%,94,110,97,107,107,72,106,97,102,83,11.06%,4.92%,-7.33%,20.85%,-6.81%,78.31%,94.79%,96.89%,-21.59%,-37.59%
2004/07/31,2004/06/30,-4.58%,-0.61%,1.23%,1.92%,-1.90%,-8.77%,-2.97%,-1.87%,-2.69%,-5.86%,4.81%,3.63%,0.22%,-6.48%,-3.87%,-7.57%,90,109,98,109,105,66,103,95,99,78,14.04%,7.98%,-2.88%,25.23%,-10.42%,64.81%,87.58%,84.14%,-17.82%,-35.33%
2004/08/31,2004/07/31,-2.50%,0.37%,0.31%,0.50%,-0.05%,-2.01%,0.96%,0.74%,0.69%,-0.31%,3.19%,2.79%,1.05%,-0.24%,0.29%,-1.08%,88,109,99,109,105,64,104,96,100,78,16.83%,9.82%,0.22%,28.71%,-10.15%,63.04%,85.01%,83.69%,-15.20%,-33.53%
2004/09/30,2004/08/31,2.60%,-0.89%,-0.00%,1.48%,-1.27%,3.75%,0.65%,1.82%,3.17%,0.41%,0.33%,2.59%,0.51%,5.92%,1.66%,5.15%,90,108,99,111,103,67,104,98,103,79,12.31%,6.15%,0.55%,32.05%,-8.67%,71.43%,91.47%,94.58%,-14.92%,-31.81%
2004/10/31,2004/09/30,0.41%,-1.16%,0.79%,0.81%,-0.79%,2.73%,0.06%,2.16%,2.36%,0.79%,2.31%,1.14%,0.79%,2.37%,1.55%,2.02%,90,107,100,112,103,69,104,100,106,79,10.96%,4.09%,2.87%,33.56%,-7.25%,74.90%,92.37%,99.18%,-12.95%,-31.02%
2004/11/30,2004/10/31,1.36%,1.36%,-0.08%,-0.16%,-0.59%,7.27%,6.00%,4.53%,5.12%,3.47%,-3.59%,-3.13%,-2.20%,7.44%,4.65%,8.38%,92,109,99,112,102,74,111,104,111,82,8.80%,0.14%,-0.82%,29.38%,-2.94%,89.56%,99.55%,114.0%,-16.08%,-33.18%
2004/12/31,2004/11/30,0.36%,0.20%,0.03%,-0.82%,0.78%,4.80%,3.58%,3.42%,2.89%,4.33%,-3.78%,-5.43%,0.56%,4.80%,3.62%,6.43%,92,109,99,111,103,77,115,108,114,85,9.26%,-0.34%,-4.57%,22.35%,0.58%,101.7%,105.2%,124.3%,-19.25%,-36.81%
2005/01/31,2004/12/31,-0.20%,0.01%,-0.17%,-0.32%,0.46%,-3.92%,-2.06%,-1.91%,-2.68%,-3.20%,2.35%,3.37%,2.45%,-2.30%,-2.69%,-3.31%,92,109,99,110,103,74,112,106,111,83,9.97%,0.39%,-2.33%,26.48%,-2.13%,95.07%,103.9%,119.1%,-17.35%,-34.68%
2005/02/28,2005/01/31,-0.98%,-0.37%,-1.62%,0.72%,0.96%,0.96%,1.65%,0.93%,2.99%,2.10%,1.88%,2.41%,0.22%,1.62%,2.06%,0.90%,91,108,98,111,104,75,114,107,114,84,12.10%,1.53%,-0.49%,29.53%,-0.11%,96.82%,101.5%,122.7%,-15.80%,-33.11%
2005/03/31,2005/02/28,-2.34%,-1.72%,0.26%,-0.19%,0.90%,-3.62%,-2.31%,-0.97%,-1.97%,-1.48%,3.01%,3.47%,1.06%,-2.08%,-1.73%,-3.12%,89,106,98,111,105,72,112,106,112,83,15.73%,3.70%,2.51%,34.03%,-1.84%,90.68%,98.72%,118.1%,-13.26%,-30.78%
2005/04/30,2005/03/31,-0.47%,0.39%,0.74%,-0.49%,0.84%,-3.69%,-2.10%,-1.36%,-3.22%,-1.65%,3.67%,3.58%,2.50%,-4.84%,-2.23%,-5.92%,88,107,99,110,106,69,109,104,109,82,17.24%,5.82%,6.28%,38.83%,-4.03%,79.40%,91.40%,107.5%,-10.07%,-28.30%
2005/05/31,2005/04/30,-0.58%,0.63%,-0.49%,0.12%,0.05%,3.66%,4.14%,3.09%,4.31%,3.93%,1.43%,1.47%,-1.36%,6.57%,3.88%,6.13%,88,108,98,110,106,72,114,108,113,85,17.98%,6.10%,7.80%,40.87%,-0.31%,90.40%,95.70%,121.1%,-8.79%,-27.25%
2005/06/30,2005/05/31,0.36%,0.35%,-0.02%,-0.38%,-0.07%,2.09%,1.33%,1.84%,1.00%,-0.26%,0.47%,0.38%,-0.43%,3.24%,0.85%,3.12%,88,108,98,110,106,73,115,110,114,85,17.48%,3.60%,8.31%,41.40%,0.54%,96.34%,100.1%,128.3%,-8.36%,-26.97%
2005/07/31,2005/06/30,0.17%,0.37%,-0.63%,0.26%,0.09%,5.26%,3.63%,2.90%,4.44%,4.93%,-0.01%,-1.59%,-1.01%,6.53%,4.20%,7.01%,88,108,98,110,106,77,119,113,119,89,17.38%,3.27%,8.30%,39.15%,4.76%,110.1%,105.8%,143.2%,-8.36%,-28.14%
2005/08/31,2005/07/31,0.57%,-0.78%,-0.91%,0.73%,0.21%,-0.91%,-1.22%,-1.39%,-0.15%,-1.56%,0.50%,0.62%,1.19%,-1.35%,-1.01%,-1.53%,89,107,97,111,106,77,118,111,119,88,16.96%,2.59%,8.84%,40.01%,3.70%,106.9%,104.7%,139.9%,-7.91%,-27.69%
2005/09/30,2005/08/31,0.36%,-0.16%,-0.41%,0.52%,0.73%,-0.65%,0.77%,0.33%,1.43%,0.56%,0.54%,0.58%,2.08%,1.16%,0.77%,0.99%,89,107,96,112,107,76,119,111,121,88,17.41%,3.83%,9.43%,40.82%,4.50%,108.9%,105.1%,142.7%,-7.41%,-27.28%
2005/10/31,2005/09/30,-2.22%,0.96%,0.69%,-0.56%,-0.21%,-4.27%,-0.21%,-0.79%,-2.31%,-2.25%,3.93%,3.98%,1.18%,-1.84%,-1.76%,-3.03%,87,108,97,111,107,73,119,111,118,86,19.77%,5.92%,13.73%,46.43%,2.66%,102.6%,102.5%,138.2%,-3.77%,-24.38%
2005/11/30,2005/10/31,-0.26%,1.26%,0.71%,-0.08%,-0.22%,4.22%,4.35%,3.80%,3.58%,4.12%,3.64%,4.02%,0.68%,6.05%,3.93%,4.84%,87,110,98,111,107,76,124,115,122,90,19.82%,5.82%,17.86%,52.32%,6.69%,112.4%,104.4%,152.6%,-0.27%,-21.34%
2005/12/31,2005/11/30,1.26%,0.35%,0.54%,-0.12%,-0.33%,1.03%,0.55%,0.54%,-0.04%,-0.52%,0.28%,-0.43%,1.51%,0.51%,0.04%,0.64%,88,110,98,111,106,77,124,115,122,89,17.91%,4.18%,18.19%,51.66%,6.73%,113.8%,105.6%,153.9%,0.00%,-21.68%
2006/01/31,2005/12/31,0.76%,0.25%,-0.72%,-0.32%,-0.33%,5.67%,3.59%,2.70%,3.32%,3.56%,-2.90%,-3.63%,-3.43%,6.63%,3.44%,7.71%,89,110,97,111,106,81,129,119,126,92,16.62%,1.98%,14.76%,46.16%,10.40%,130.2%,114.4%,170.8%,-2.90%,-24.52%
2006/02/28,2006/01/31,-1.07%,0.33%,1.02%,-0.35%,-0.28%,-0.98%,0.38%,1.27%,-0.41%,-0.12%,0.04%,-0.22%,0.23%,0.17%,0.09%,0.24%,88,111,98,110,106,80,129,120,126,92,17.53%,2.85%,14.81%,45.84%,10.50%,130.8%,114.7%,171.2%,-2.86%,-24.68%
2006/03/31,2006/02/28,-1.40%,0.07%,0.09%,0.23%,-0.81%,2.11%,1.86%,1.78%,2.25%,1.60%,0.10%,-0.36%,-1.79%,4.22%,1.90%,4.33%,87,111,99,110,105,82,132,122,129,94,18.23%,2.33%,14.93%,45.32%,12.59%,140.8%,120.0%,182.7%,-2.76%,-24.95%
2006/04/30,2006/03/31,-0.00%,0.42%,-0.22%,-0.57%,0.19%,1.55%,2.14%,1.19%,1.13%,0.01%,3.71%,2.41%,2.51%,1.60%,0.99%,0.88%,87,111,98,110,105,83,135,124,130,94,18.46%,0.75%,19.20%,48.82%,13.71%,142.9%,119.7%,187.2%,0.00%,-23.14%
2006/05/31,2006/04/30,0.35%,-0.13%,-0.56%,0.01%,-0.10%,-3.77%,-2.18%,-2.15%,-2.47%,-4.72%,3.30%,2.06%,1.05%,-4.98%,-3.11%,-5.60%,87,111,98,110,105,80,132,121,127,89,17.94%,-0.21%,23.13%,51.89%,10.17%,129.3%,114.2%,172.9%,0.00%,-21.56%
2006/06/30,2006/05/31,0.76%,0.26%,-0.77%,-0.30%,0.95%,0.86%,0.66%,-0.64%,0.08%,0.53%,2.52%,1.54%,0.53%,-0.29%,0.19%,-0.75%,87,111,97,109,106,81,133,120,127,90,18.16%,-0.54%,26.23%,54.22%,10.39%,127.6%,112.2%,172.1%,0.00%,-20.35%
2006/07/31,2006/06/30,-1.23%,0.23%,-0.59%,-0.45%,1.28%,-2.54%,0.90%,-0.10%,-0.38%,-0.59%,3.49%,3.37%,1.81%,-2.51%,-0.28%,-3.52%,86,112,96,109,107,79,134,120,127,89,21.13%,1.40%,30.64%,59.41%,10.08%,119.6%,105.3%,165.3%,0.00%,-17.67%
2006/08/31,2006/07/31,-0.86%,0.61%,-0.17%,0.62%,-0.31%,1.65%,2.29%,1.66%,2.55%,3.21%,0.50%,0.86%,-1.10%,3.17%,2.48%,2.91%,86,112,96,110,107,80,137,122,130,92,21.80%,2.98%,31.29%,60.79%,12.81%,126.0%,106.2%,173.7%,0.00%,-16.96%
2006/09/30,2006/08/31,-3.06%,-0.56%,-0.39%,-0.31%,1.29%,-0.67%,1.90%,1.85%,2.05%,3.26%,3.63%,3.46%,1.72%,2.72%,2.24%,1.68%,83,112,96,109,108,80,139,124,132,95,27.09%,7.03%,36.06%,66.34%,15.33%,129.8%,105.1%,181.1%,0.00%,-14.09%
2006/10/31,2006/09/30,0.71%,-0.22%,-0.12%,-0.01%,0.08%,5.43%,2.95%,3.47%,3.61%,4.03%,0.71%,-0.20%,0.04%,5.54%,3.69%,5.59%,84,111,96,109,108,84,143,129,137,99,26.30%,5.52%,37.03%,66.01%,19.59%,142.6%,109.0%,196.7%,0.00%,-14.26%
2006/11/30,2006/10/31,0.69%,0.58%,0.10%,-0.06%,-0.50%,3.41%,2.56%,2.20%,2.11%,1.79%,0.24%,0.08%,-0.95%,2.41%,2.16%,2.39%,84,112,96,109,108,87,147,131,140,101,24.80%,3.82%,37.36%,66.14%,22.17%,148.4%,109.5%,203.8%,0.00%,-14.20%
2006/12/31,2006/11/30,-0.81%,-0.37%,0.70%,-0.71%,-0.27%,0.59%,1.82%,2.74%,0.98%,-0.02%,1.48%,1.44%,1.27%,2.42%,1.18%,1.99%,84,112,97,108,108,87,150,135,141,101,25.47%,3.18%,39.39%,68.53%,23.61%,153.4%,111.2%,211.2%,0.00%,-12.96%
2007/01/31,2006/12/31,1.24%,0.49%,-0.47%,-0.25%,0.87%,3.13%,2.09%,1.16%,1.61%,2.90%,-1.50%,-2.24%,0.54%,2.27%,2.01%,2.94%,85,112,96,108,109,90,153,137,144,104,25.00%,2.95%,37.30%,64.76%,26.09%,160.8%,113.1%,218.3%,-1.50%,-14.91%
2007/02/28,2007/01/31,-0.22%,1.34%,0.02%,0.64%,-1.64%,-1.00%,-0.41%,-1.62%,-1.17%,-2.67%,-0.25%,-0.68%,-0.17%,-0.74%,-1.63%,-0.54%,84,114,96,109,107,89,152,134,142,101,23.22%,1.23%,36.96%,63.64%,24.04%,159.4%,115.5%,215.9%,-1.74%,-15.49%
2007/03/31,2007/02/28,-1.30%,0.03%,-0.22%,0.61%,-0.75%,-0.08%,0.74%,0.72%,1.61%,0.91%,3.97%,3.47%,1.60%,2.58%,1.00%,1.53%,83,114,96,110,106,89,153,135,144,102,23.90%,2.24%,42.40%,69.32%,25.28%,163.4%,116.6%,224.0%,0.00%,-12.55%
2007/04/30,2007/03/31,-0.16%,-0.35%,-0.58%,-0.76%,1.63%,3.21%,3.19%,3.05%,3.10%,5.53%,0.95%,0.07%,2.16%,3.54%,3.86%,3.52%,83,113,95,109,108,92,158,140,149,107,26.12%,4.62%,43.75%,69.45%,30.12%,172.6%,115.9%,235.5%,0.00%,-12.49%
2007/05/31,2007/04/30,-0.46%,-0.65%,-0.39%,0.64%,-0.39%,3.53%,2.58%,2.99%,4.18%,3.71%,4.51%,4.26%,0.27%,4.68%,3.54%,3.41%,83,113,95,109,107,95,162,144,155,111,26.20%,4.79%,50.23%,76.67%,34.73%,181.9%,115.6%,251.2%,0.00%,-8.76%
2007/06/30,2007/05/31,1.10%,-2.19%,-0.70%,0.61%,0.07%,-0.64%,-3.35%,-2.48%,-0.91%,-1.54%,1.42%,0.88%,1.57%,-0.00%,-1.77%,-0.26%,84,110,94,110,107,94,157,140,154,110,24.90%,3.85%,52.36%,78.22%,32.35%,181.2%,118.8%,251.2%,0.00%,-7.96%
2007/07/31,2007/06/30,-0.99%,-1.18%,-0.82%,0.85%,0.99%,-5.88%,-5.56%,-4.67%,-2.90%,-2.08%,2.72%,1.65%,3.66%,-3.91%,-3.46%,-4.41%,83,109,94,111,108,89,148,134,149,107,27.38%,7.80%,56.51%,81.16%,27.77%,168.8%,116.7%,237.5%,0.00%,-6.44%
2007/08/31,2007/07/31,-0.72%,0.95%,0.78%,0.02%,-0.21%,0.75%,1.53%,1.45%,1.44%,1.62%,4.82%,4.12%,0.38%,1.30%,1.50%,0.07%,82,110,94,111,108,90,151,136,151,109,28.02%,8.74%,64.05%,88.62%,29.69%,169.0%,113.6%,241.9%,0.00%,-2.59%
2007/09/30,2007/08/31,-0.83%,-0.53%,-0.36%,0.14%,-0.10%,1.15%,1.91%,2.65%,3.53%,4.87%,3.44%,1.65%,1.90%,2.99%,3.55%,2.49%,82,109,94,111,108,91,153,139,157,114,28.96%,12.78%,69.69%,91.72%,34.30%,175.7%,111.4%,252.1%,0.00%,-0.99%
2007/10/31,2007/09/30,-0.01%,1.71%,-1.15%,-0.61%,-0.08%,1.04%,2.97%,-0.23%,1.94%,3.34%,5.09%,2.86%,1.53%,3.13%,2.05%,2.27%,82,111,93,110,108,92,158,139,160,118,28.88%,15.38%,78.33%,97.21%,37.05%,181.9%,111.8%,263.1%,0.00%,0.00%
2007/11/30,2007/10/31,-0.10%,1.29%,-1.99%,0.90%,0.51%,-6.30%,-3.27%,-5.96%,-3.78%,-4.28%,6.79%,7.23%,2.83%,-4.71%,-4.49%,-6.88%,81,113,91,111,109,86,153,131,154,113,29.66%,17.71%,90.43%,111.5%,30.89%,162.5%,106.8%,246.0%,0.00%,0.00%
2007/12/31,2007/11/30,-1.11%,-1.10%,-0.60%,-0.06%,-0.73%,-2.63%,-1.67%,-2.33%,0.21%,0.15%,5.25%,4.49%,2.11%,1.38%,-0.68%,0.03%,81,111,90,111,108,84,150,127,154,113,30.15%,20.98%,100.4%,121.0%,30.00%,162.6%,108.2%,250.8%,0.00%,0.00%
2008/01/31,2007/12/31,-0.08%,0.56%,0.80%,2.07%,0.50%,-4.71%,-4.51%,-2.76%,-5.54%,-8.49%,-0.92%,-2.46%,0.49%,-7.39%,-5.98%,-6.65%,81,112,91,114,108,80,143,124,145,104,30.91%,16.40%,98.59%,115.5%,22.22%,145.2%,106.9%,224.9%,-0.92%,-2.46%
2008/02/29,2008/01/31,1.79%,-1.36%,-2.18%,0.59%,0.49%,-2.58%,-4.40%,-6.48%,-1.87%,-1.44%,-0.42%,-0.19%,0.68%,-2.48%,-3.00%,-2.42%,82,111,89,114,109,78,137,116,143,102,29.21%,17.73%,97.75%,115.1%,18.56%,139.2%,108.0%,216.8%,-1.34%,-2.65%
2008/03/31,2008/02/29,-3.39%,-1.47%,0.47%,0.75%,-0.15%,-4.80%,-3.35%,-0.17%,0.76%,-0.56%,4.69%,4.57%,-0.98%,-0.93%,-0.63%,-2.30%,79,109,90,115,109,74,133,116,144,102,33.39%,22.71%,107.0%,124.9%,17.81%,133.7%,104.6%,213.9%,0.00%,0.00%
2008/04/30,2008/03/31,-0.71%,0.68%,0.26%,0.82%,-0.16%,3.67%,5.57%,4.45%,4.32%,5.14%,3.02%,4.11%,0.39%,4.64%,4.79%,3.41%,79,110,90,116,109,77,140,121,150,107,34.12%,24.51%,113.3%,134.2%,23.46%,141.7%,101.8%,228.4%,0.00%,0.00%
2008/05/31,2008/04/30,-3.39%,-0.04%,-0.87%,-0.01%,-0.27%,-1.70%,0.83%,0.91%,2.35%,2.97%,-0.25%,0.23%,-0.97%,4.18%,1.98%,4.11%,76,110,89,116,108,75,141,122,154,110,38.31%,30.33%,112.7%,134.7%,25.90%,151.6%,106.1%,242.2%,-0.25%,0.00%
2008/06/30,2008/05/31,3.68%,-4.69%,-1.22%,-2.36%,0.48%,-16.85%,-13.81%,-8.18%,-8.40%,-6.00%,1.80%,4.03%,0.74%,-6.63%,-8.40%,-7.84%,79,104,88,113,109,63,122,112,141,103,33.88%,44.48%,116.6%,144.2%,15.32%,131.9%,107.2%,219.5%,0.00%,0.00%
2008/07/31,2008/06/30,-4.25%,2.82%,0.30%,-2.35%,2.15%,-1.06%,2.87%,0.04%,-2.05%,-0.51%,7.62%,5.03%,3.15%,4.03%,-0.54%,2.52%,75,107,88,111,111,62,125,112,138,103,42.46%,45.27%,133.1%,156.4%,14.70%,137.7%,113.5%,232.3%,0.00%,0.00%
2008/08/31,2008/07/31,-5.54%,-0.69%,-1.04%,0.20%,0.54%,-0.68%,1.54%,1.31%,2.33%,1.60%,3.59%,3.04%,-1.06%,3.73%,1.65%,2.82%,71,107,87,111,112,61,127,114,141,105,51.12%,48.58%,141.5%,164.2%,16.60%,144.4%,116.0%,244.7%,0.00%,0.00%
2008/09/30,2008/08/31,-6.19%,1.24%,1.67%,-0.31%,0.31%,-17.62%,-7.54%,-4.84%,-7.65%,-10.32%,7.81%,6.33%,2.66%,-8.54%,-8.85%,-10.44%,67,108,89,111,112,51,117,108,130,94,60.95%,59.43%,160.3%,180.9%,6.28%,118.9%,112.6%,215.3%,0.00%,0.00%
2008/10/31,2008/09/30,-1.46%,-5.94%,-1.28%,-2.55%,1.01%,-25.50%,-20.42%,-17.88%,-17.95%,-15.49%,4.58%,6.26%,2.32%,-18.33%,-17.40%,-20.21%,66,102,88,108,113,38,93,89,107,79,64.93%,75.38%,172.3%,198.5%,-12.22%,74.68%,106.6%,157.5%,0.00%,0.00%
2008/11/30,2008/10/31,-5.64%,-0.69%,1.03%,0.89%,-0.58%,-18.99%,-9.49%,-9.19%,-7.45%,-6.54%,5.51%,6.45%,-0.31%,-11.00%,-7.97%,-12.94%,62,101,89,109,113,31,85,81,99,74,73.29%,97.22%,187.3%,217.8%,-19.21%,52.08%,96.36%,129.2%,0.00%,0.00%
2008/12/31,2008/11/30,-7.85%,-0.36%,-1.65%,0.60%,2.17%,-2.80%,1.37%,0.25%,1.67%,3.84%,10.61%,8.68%,4.79%,9.27%,2.00%,6.67%,57,100,87,109,115,30,86,81,101,77,90.64%,110.3%,217.7%,245.4%,-17.59%,62.23%,105.5%,150.4%,0.00%,0.00%
2009/01/31,2008/12/31,-1.58%,0.44%,-1.18%,-2.71%,1.39%,-13.08%,-8.40%,-11.87%,-11.01%,-5.00%,-13.32%,-15.11%,0.86%,-10.37%,-8.28%,-5.84%,56,101,86,106,117,26,79,71,89,73,96.29%,127.3%,175.4%,193.2%,-24.42%,52.76%,110.5%,124.4%,-13.32%,-15.11%
2009/02/28,2009/01/31,-5.55%,-3.16%,-0.36%,-1.95%,-0.42%,-17.40%,-11.75%,-11.27%,-12.42%,-8.16%,6.36%,3.19%,1.58%,-9.59%,-10.22%,-10.55%,53,98,86,104,116,21,69,63,78,67,106.4%,148.3%,192.9%,202.6%,-32.14%,36.64%,109.9%,102.9%,-7.81%,-12.40%
2009/03/31,2009/02/28,2.66%,-1.05%,0.74%,-0.26%,1.48%,16.31%,7.97%,10.69%,8.20%,8.56%,-4.45%,-11.73%,-0.74%,7.05%,8.87%,10.57%,55,97,86,104,118,25,75,70,85,73,103.9%,129.1%,179.9%,167.1%,-26.13%,51.09%,113.4%,117.2%,-11.91%,-22.68%
2009/04/30,2009/03/31,-2.64%,-1.35%,-1.62%,1.75%,0.98%,26.64%,11.95%,14.09%,12.42%,7.22%,9.33%,-9.75%,6.75%,14.81%,10.45%,17.73%,53,95,85,106,119,31,84,80,95,78,111.3%,84.59%,206.0%,141.0%,-18.40%,77.88%,129.0%,149.4%,-3.69%,-30.22%
2009/05/31,2009/04/30,-5.77%,-0.91%,-0.72%,-1.38%,0.76%,6.54%,5.21%,5.61%,4.40%,5.32%,-1.40%,-9.25%,2.31%,4.50%,5.16%,7.27%,50,95,84,104,120,33,88,84,99,82,125.1%,82.33%,201.7%,118.7%,-14.20%,90.82%,133.8%,160.6%,-5.04%,-36.67%
2009/06/30,2009/05/31,-0.85%,-0.05%,1.61%,-0.31%,0.07%,-0.83%,-0.20%,-0.58%,-0.35%,1.15%,-3.44%,-2.27%,0.08%,2.61%,0.39%,3.29%,50,94,86,104,120,33,88,84,99,83,127.2%,85.94%,191.4%,113.8%,-13.86%,97.09%,140.6%,167.4%,-8.30%,-38.10%
2009/07/31,2009/06/30,0.86%,0.15%,-1.52%,-0.58%,0.19%,13.30%,9.24%,7.98%,8.12%,6.91%,0.11%,-0.30%,-1.58%,8.56%,7.78%,8.64%,50,95,84,104,120,38,96,90,107,89,125.7%,74.06%,191.7%,113.2%,-7.16%,114.1%,142.7%,190.3%,-8.20%,-38.29%
2009/08/31,2009/07/31,1.76%,-0.73%,-1.74%,-1.92%,0.52%,9.49%,4.98%,6.16%,3.63%,1.90%,-10.80%,-16.67%,-2.54%,-1.53%,3.49%,3.47%,51,94,83,102,121,41,101,96,111,91,122.9%,60.86%,160.2%,77.62%,-3.92%,121.6%,142.6%,185.8%,-18.12%,-48.57%
2009/09/30,2009/08/31,-2.47%,-2.05%,-0.70%,-1.02%,0.38%,7.12%,3.89%,3.78%,3.82%,4.21%,-1.32%,-5.62%,0.30%,5.39%,4.15%,7.08%,50,92,82,101,121,44,105,100,115,94,129.2%,56.18%,156.7%,67.64%,0.06%,137.2%,149.7%,201.3%,-19.20%,-51.46%
2009/10/31,2009/09/30,-2.85%,1.64%,-0.20%,0.85%,0.60%,-9.81%,-3.80%,-4.29%,-3.23%,-0.84%,5.02%,6.48%,0.47%,-3.60%,-2.59%,-5.55%,48,94,82,101,122,40,101,95,112,94,137.1%,70.20%,169.6%,78.51%,-2.53%,124.1%,142.4%,190.4%,-15.15%,-48.32%
2009/11/30,2009/10/31,0.57%,-0.73%,-0.62%,0.13%,0.39%,6.07%,4.03%,4.48%,5.37%,6.38%,2.61%,2.84%,-1.26%,3.93%,5.59%,3.08%,49,93,82,101,122,42,105,100,118,100,136.7%,70.73%,176.7%,83.57%,2.92%,131.0%,136.3%,201.8%,-12.93%,-46.85%
2009/12/31,2009/11/30,3.20%,0.42%,2.03%,-0.04%,-0.85%,7.88%,3.65%,3.17%,2.73%,2.10%,-1.33%,-1.46%,-0.98%,6.08%,2.80%,6.51%,50,93,83,101,121,46,109,103,121,102,127.1%,60.85%,173.0%,80.89%,5.80%,146.0%,145.1%,220.2%,-14.09%,-47.63%
2010/01/31,2009/12/31,-0.23%,1.99%,-0.63%,-1.48%,-0.12%,-1.92%,-0.67%,-2.11%,-4.48%,-4.05%,-2.47%,-5.36%,-0.30%,-4.05%,-3.38%,-2.44%,50,95,83,100,121,45,108,101,115,98,127.4%,57.43%,166.3%,71.19%,2.23%,140.0%,147.4%,207.2%,-16.21%,-50.44%
2010/02/28,2010/01/31,3.57%,-0.42%,-0.03%,0.08%,-0.24%,6.92%,3.79%,3.31%,3.75%,2.83%,-1.28%,-0.77%,-0.17%,3.52%,3.44%,3.75%,52,95,83,100,121,48,112,104,120,100,118.7%,51.01%,162.8%,69.87%,5.74%,149.0%,148.1%,218.0%,-17.28%,-50.82%
2010/03/31,2010/02/28,1.40%,0.97%,-0.47%,-0.00%,-0.00%,7.66%,7.83%,5.99%,6.10%,6.22%,-0.06%,0.03%,0.70%,7.50%,6.36%,7.49%,53,96,82,100,121,51,121,110,127,107,115.6%,48.83%,162.7%,69.91%,12.47%,167.7%,150.9%,241.9%,-17.32%,-50.81%
2010/04/30,2010/03/31,-0.23%,0.20%,-0.58%,-0.72%,0.64%,3.49%,2.58%,2.55%,1.75%,1.90%,-9.68%,-10.34%,-2.17%,2.01%,2.11%,5.11%,52,96,82,99,122,53,124,113,129,109,117.5%,46.45%,137.3%,52.34%,14.85%,181.4%,158.5%,248.8%,-25.32%,-55.89%
2010/05/31,2010/04/30,1.99%,1.07%,1.75%,0.22%,-0.48%,-9.46%,-6.99%,-6.49%,-8.02%,-8.38%,4.16%,4.86%,1.76%,-6.04%,-7.82%,-7.50%,53,97,83,100,121,48,115,106,119,100,112.1%,48.03%,147.2%,59.75%,5.86%,160.3%,159.3%,227.7%,-22.21%,-53.75%
2010/06/30,2010/05/31,2.86%,1.43%,-0.24%,-0.41%,0.42%,-4.42%,-5.56%,-6.48%,-6.15%,-4.64%,6.40%,7.46%,1.76%,-3.97%,-5.53%,-6.21%,55,98,83,99,122,46,109,99,112,95,107.0%,47.71%,163.0%,71.67%,0.01%,144.1%,157.5%,214.7%,-17.24%,-50.30%
2010/07/31,2010/06/30,-0.64%,0.64%,-0.04%,1.24%,-0.63%,6.07%,5.99%,6.26%,8.28%,6.89%,0.18%,0.11%,-1.42%,6.25%,7.01%,6.22%,55,99,83,100,121,49,115,105,121,102,107.0%,48.93%,163.4%,71.86%,7.02%,159.3%,155.5%,234.3%,-17.09%,-50.24%
2010/08/31,2010/07/31,-0.28%,0.49%,1.79%,-1.40%,0.94%,-6.16%,-4.19%,-3.40%,-6.56%,-4.00%,2.40%,2.24%,2.00%,-5.55%,-4.66%,-6.22%,54,99,85,99,122,46,111,101,113,97,109.5%,52.15%,169.8%,75.70%,2.02%,143.2%,151.5%,215.8%,-15.10%,-49.13%
2010/09/30,2010/08/31,4.01%,0.24%,0.11%,-0.12%,-0.75%,8.55%,7.43%,8.78%,9.67%,10.35%,0.99%,1.62%,-2.56%,12.32%,9.41%,11.84%,57,100,85,99,121,50,119,110,124,108,99.54%,54.89%,172.4%,78.54%,11.62%,172.0%,157.6%,254.7%,-14.26%,-48.31%
2010/10/31,2010/09/30,1.76%,0.87%,-0.69%,0.43%,0.07%,2.71%,3.63%,2.50%,4.17%,4.65%,0.24%,0.91%,-0.50%,4.81%,3.89%,4.54%,58,100,84,99,121,51,123,113,129,113,96.16%,57.88%,173.1%,80.16%,15.96%,184.3%,159.3%,271.7%,-14.05%,-47.84%
2010/11/30,2010/10/31,2.66%,-0.82%,-0.20%,2.55%,-1.57%,0.37%,-0.35%,0.47%,2.71%,-0.55%,4.48%,4.64%,0.35%,3.75%,0.54%,2.36%,59,100,84,102,119,51,123,114,132,112,87.86%,56.42%,185.3%,88.52%,16.58%,191.0%,164.0%,285.7%,-10.21%,-45.42%
2010/12/31,2010/11/30,-1.72%,-0.73%,-0.56%,0.51%,-1.78%,8.14%,7.56%,7.25%,7.91%,5.32%,-2.95%,-4.62%,-1.61%,6.46%,6.70%,7.85%,58,99,84,102,117,55,132,122,143,118,87.75%,52.00%,176.9%,79.81%,24.40%,213.8%,167.1%,310.6%,-12.85%,-47.94%
2011/01/31,2010/12/31,-2.32%,-1.73%,0.70%,1.17%,-0.19%,-0.58%,0.88%,2.29%,3.36%,1.69%,-1.00%,-3.10%,1.32%,0.89%,2.06%,1.82%,57,97,84,104,117,55,133,125,148,120,91.76%,55.46%,174.1%,74.23%,26.96%,219.5%,166.4%,314.3%,-13.73%,-49.56%
2011/02/28,2011/01/31,-0.15%,-0.27%,0.10%,0.57%,-0.23%,3.86%,3.14%,4.07%,3.78%,3.26%,1.31%,1.01%,-0.31%,4.42%,3.59%,4.11%,57,97,84,104,117,57,137,130,153,124,91.61%,54.54%,177.7%,75.98%,31.52%,232.7%,167.8%,332.6%,-12.60%,-49.05%
2011/03/31,2011/02/28,-0.44%,1.55%,-0.62%,0.27%,0.52%,0.56%,0.61%,0.04%,0.39%,0.61%,1.91%,1.63%,0.62%,2.27%,0.49%,1.78%,57,98,84,104,117,58,138,130,154,125,93.44%,54.62%,183.0%,78.86%,32.16%,238.6%,171.3%,342.4%,-10.93%,-48.22%
2011/04/30,2011/03/31,-0.16%,1.47%,-0.35%,-0.53%,0.38%,2.74%,3.19%,2.37%,2.09%,3.77%,3.06%,3.91%,0.42%,3.89%,2.97%,2.72%,56,100,83,104,118,59,143,133,157,129,94.48%,56.21%,191.7%,85.86%,36.08%,247.8%,170.6%,359.6%,-8.21%,-46.19%
2011/05/31,2011/04/30,-0.23%,0.95%,0.55%,-0.20%,0.03%,-1.53%,-1.02%,-1.08%,-1.67%,-1.01%,0.59%,0.14%,-0.72%,-2.35%,-1.22%,-2.39%,56,101,84,104,118,58,141,131,155,128,95.00%,57.03%,193.4%,86.12%,34.42%,239.5%,167.4%,348.8%,-7.66%,-46.11%
2011/06/30,2011/05/31,-1.95%,0.07%,0.09%,0.65%,0.45%,-4.79%,-2.06%,-1.98%,-1.37%,-1.46%,3.86%,3.54%,1.48%,-1.13%,-1.74%,-2.20%,55,101,84,104,118,55,138,129,152,126,99.70%,62.25%,204.7%,92.71%,32.08%,232.0%,166.2%,343.7%,-4.10%,-44.20%
2011/07/31,2011/06/30,-1.74%,-0.82%,-0.09%,-0.36%,1.22%,-5.01%,-3.57%,-2.88%,-2.88%,-1.08%,1.17%,0.42%,1.42%,-2.07%,-2.26%,-2.19%,54,100,84,104,120,53,133,125,148,125,105.6%,68.64%,208.3%,93.52%,29.09%,224.7%,166.4%,334.5%,-2.98%,-43.97%
2011/08/31,2011/07/31,-2.79%,1.35%,0.21%,-0.06%,0.76%,-10.74%,-5.30%,-6.76%,-6.41%,-5.03%,5.18%,5.01%,1.41%,-7.11%,-5.89%,-8.61%,53,101,84,104,121,47,126,117,139,118,112.9%,78.27%,224.3%,103.2%,21.49%,196.8%,159.1%,303.6%,0.00%,-41.16%
2011/09/30,2011/08/31,-2.05%,-0.74%,0.34%,-1.11%,0.58%,-10.11%,-7.93%,-7.23%,-8.90%,-6.81%,4.72%,4.11%,0.97%,-9.80%,-7.63%,-11.04%,52,101,84,103,121,42,116,108,126,110,118.5%,84.13%,239.6%,111.6%,12.22%,164.0%,150.3%,264.1%,0.00%,-38.74%
2011/10/31,2011/09/30,-0.44%,0.04%,0.18%,1.29%,-0.93%,11.59%,10.65%,10.87%,13.51%,10.62%,5.14%,3.89%,-0.26%,15.06%,11.39%,13.90%,51,101,84,104,120,47,129,120,143,122,117.5%,82.35%,257.0%,119.8%,25.00%,200.7%,156.6%,318.9%,0.00%,-36.36%
2011/11/30,2011/10/31,0.21%,-0.18%,-0.16%,0.51%,0.73%,-0.49%,-1.64%,-0.91%,-0.48%,0.30%,4.83%,5.48%,1.19%,0.33%,-0.35%,-1.32%,52,100,84,105,121,47,126,119,143,122,118.6%,83.80%,274.3%,131.9%,24.56%,196.7%,154.1%,320.3%,0.00%,-32.87%
2011/12/31,2011/11/30,-0.05%,0.71%,-0.47%,0.63%,0.39%,0.39%,1.55%,0.17%,1.34%,0.65%,2.42%,3.39%,0.90%,1.66%,0.85%,0.64%,51,101,84,105,122,47,128,119,144,123,119.5%,84.28%,283.3%,139.7%,25.62%,198.6%,153.5%,327.2%,0.00%,-30.60%
2012/01/31,2011/12/31,-1.18%,-0.89%,-1.86%,-0.91%,-0.43%,6.27%,4.20%,4.03%,5.04%,5.79%,-2.17%,-6.39%,-0.16%,7.36%,5.09%,9.28%,51,100,82,104,121,50,134,124,152,130,121.2%,83.40%,275.0%,124.4%,32.02%,226.3%,164.2%,358.7%,-2.17%,-35.03%
2012/02/29,2012/01/31,1.50%,0.36%,-0.06%,-1.31%,0.26%,4.97%,3.98%,4.44%,3.43%,4.77%,-2.13%,-3.75%,-1.43%,1.58%,4.25%,2.70%,52,101,82,103,121,53,139,129,157,137,118.5%,83.02%,267.0%,116.0%,37.63%,235.2%,160.1%,365.9%,-4.26%,-37.46%
2012/03/31,2012/02/29,-1.62%,0.50%,-0.06%,0.69%,0.07%,0.72%,2.53%,3.11%,3.87%,3.17%,1.25%,-0.63%,1.19%,3.27%,3.15%,3.46%,51,101,82,104,121,53,143,133,163,141,122.2%,87.50%,271.6%,114.6%,41.95%,246.8%,160.9%,381.2%,-3.06%,-37.86%
2012/04/30,2012/03/31,-0.84%,2.88%,0.45%,0.11%,0.57%,-2.58%,1.71%,-1.26%,-1.57%,-0.50%,1.98%,3.06%,1.48%,0.13%,-0.69%,-0.78%,50,104,83,104,122,52,145,132,160,140,125.3%,91.39%,279.0%,121.2%,40.97%,244.0%,160.7%,381.8%,-1.14%,-35.96%
2012/05/31,2012/04/30,1.36%,0.59%,1.01%,0.97%,-0.26%,-4.47%,-3.89%,-6.24%,-6.40%,-6.72%,-1.80%,0.86%,-0.67%,-7.76%,-6.09%,-8.02%,51,105,83,105,122,49,139,123,150,131,121.7%,87.08%,272.2%,123.1%,32.39%,216.5%,155.6%,344.4%,-2.92%,-35.41%
2012/06/30,2012/05/31,-0.88%,1.85%,0.19%,-0.62%,-0.06%,2.83%,5.04%,4.46%,3.45%,3.83%,3.49%,2.77%,0.93%,5.69%,3.98%,4.86%,51,107,84,104,122,51,146,129,155,136,123.5%,88.96%,285.1%,129.3%,37.67%,231.9%,157.9%,369.7%,0.00%,-33.62%
2012/07/31,2012/06/30,0.52%,0.51%,0.23%,0.38%,0.10%,0.30%,0.71%,0.70%,0.76%,1.11%,0.55%,-0.08%,1.34%,-0.77%,0.87%,-0.74%,51,107,84,104,122,51,148,130,157,137,122.5%,90.50%,287.3%,129.1%,38.87%,229.4%,153.7%,366.1%,0.00%,-33.67%
2012/08/31,2012/07/31,0.62%,-1.06%,-0.26%,-0.97%,0.78%,3.02%,1.04%,2.74%,1.88%,3.23%,1.33%,0.42%,-0.68%,2.67%,2.50%,2.55%,51,106,84,103,123,52,149,133,160,142,122.9%,90.90%,292.4%,130.1%,42.34%,237.8%,153.8%,378.6%,0.00%,-33.39%
2012/09/30,2012/08/31,0.63%,0.71%,-0.26%,-0.35%,-0.28%,3.55%,2.69%,2.78%,2.92%,2.12%,0.20%,-3.92%,-0.03%,2.07%,2.56%,3.24%,52,107,83,103,123,54,153,137,164,145,120.8%,88.18%,293.2%,121.0%,45.99%,248.7%,155.6%,388.5%,0.00%,-36.00%
2012/10/31,2012/09/30,-1.71%,0.17%,2.00%,0.56%,-0.73%,-3.07%,-1.66%,1.05%,-0.83%,-3.15%,5.70%,3.74%,1.74%,-1.00%,-1.70%,-2.12%,51,107,85,104,122,53,151,139,163,140,123.0%,88.03%,315.6%,129.3%,43.50%,241.3%,154.5%,383.6%,0.00%,-33.61%
2012/11/30,2012/10/31,-0.26%,-0.09%,-0.39%,-0.27%,0.02%,0.45%,0.74%,0.14%,0.43%,1.02%,2.39%,2.59%,0.20%,1.53%,0.66%,0.75%,51,107,85,103,122,53,152,139,163,142,123.6%,89.09%,325.5%,135.2%,44.45%,243.9%,154.7%,391.0%,0.00%,-31.89%
2012/12/31,2012/11/30,-0.43%,0.72%,0.63%,-0.55%,0.12%,2.11%,1.23%,3.04%,1.67%,0.27%,4.69%,1.21%,1.06%,2.75%,1.26%,2.39%,50,108,85,103,122,54,154,143,166,142,124.8%,85.60%,345.5%,138.1%,46.27%,252.1%,157.6%,404.5%,0.00%,-31.07%
2013/01/31,2012/12/31,1.64%,2.37%,-0.05%,-0.42%,-0.86%,7.09%,6.91%,5.84%,5.68%,4.73%,-1.33%,-2.91%,-0.09%,5.94%,5.53%,6.82%,51,110,85,102,121,58,164,151,176,149,119.2%,81.21%,339.5%,131.1%,54.35%,276.1%,160.9%,434.5%,-1.33%,-33.08%
2013/02/28,2013/01/31,2.18%,0.78%,0.48%,0.27%,-0.69%,2.95%,1.74%,1.46%,1.67%,0.71%,1.36%,0.95%,-0.02%,1.01%,1.30%,0.73%,52,111,86,103,120,59,167,154,179,150,113.0%,77.16%,345.5%,133.3%,56.35%,278.9%,159.4%,439.9%,0.00%,-32.45%
2013/03/31,2013/02/28,1.54%,1.23%,1.60%,-0.64%,-0.89%,5.24%,4.34%,5.20%,3.65%,3.48%,0.36%,0.78%,-0.11%,5.16%,4.00%,4.92%,53,112,87,102,119,63,174,162,185,155,107.8%,74.04%,347.1%,135.1%,62.60%,297.5%,161.8%,467.7%,0.00%,-31.92%
2013/04/30,2013/03/31,0.28%,1.45%,0.73%,-0.26%,-0.07%,0.63%,3.02%,1.80%,1.18%,1.61%,1.72%,1.79%,0.86%,1.40%,1.68%,0.86%,53,114,88,102,119,63,179,164,187,157,107.1%,75.74%,354.8%,139.4%,65.33%,300.9%,159.7%,475.7%,0.00%,-30.70%
2013/05/31,2013/04/30,1.43%,-2.39%,-1.43%,-0.21%,0.50%,5.10%,0.34%,2.04%,3.43%,2.49%,0.12%,-1.54%,-0.22%,3.60%,2.46%,4.06%,54,111,86,102,119,66,180,168,194,161,105.1%,71.16%,355.3%,135.7%,69.40%,317.2%,163.9%,496.4%,0.00%,-31.76%
2013/06/30,2013/05/31,-0.04%,1.16%,0.07%,0.85%,-1.13%,-0.21%,-0.05%,-0.90%,-0.35%,-2.46%,1.34%,1.90%,0.52%,-0.08%,-1.25%,-0.64%,54,113,86,102,118,66,180,166,193,157,102.9%,67.31%,361.4%,140.2%,67.28%,314.6%,165.5%,496.0%,0.00%,-30.47%
2013/07/31,2013/06/30,3.71%,-0.53%,-0.32%,-1.01%,-0.10%,8.75%,4.28%,5.34%,5.60%,5.39%,-0.17%,-1.35%,0.02%,7.66%,5.46%,8.06%,56,112,86,101,118,72,188,175,204,166,95.17%,61.68%,360.7%,136.9%,76.41%,348.0%,172.4%,541.6%,-0.17%,-31.40%
2013/08/31,2013/07/31,-2.12%,-1.77%,0.61%,0.21%,-0.01%,-3.28%,-3.83%,-3.57%,-3.17%,-1.98%,-0.84%,0.56%,0.64%,-1.82%,-2.84%,-1.98%,55,110,87,102,118,69,181,169,197,163,99.27%,63.79%,356.8%,138.3%,71.40%,339.1%,174.7%,530.0%,-1.01%,-31.02%
2013/09/30,2013/08/31,1.62%,-0.28%,-0.70%,0.30%,-0.38%,6.32%,2.76%,2.89%,4.82%,3.38%,-0.72%,0.42%,0.04%,6.35%,3.76%,6.23%,56,110,86,102,117,74,186,174,207,168,95.29%,58.98%,353.5%,139.3%,77.84%,366.4%,181.5%,570.0%,-1.72%,-30.73%
2013/10/31,2013/09/30,2.08%,1.24%,0.29%,-0.85%,0.05%,3.96%,4.86%,4.81%,3.27%,4.35%,4.85%,4.57%,0.40%,4.57%,4.19%,3.20%,57,111,86,101,117,77,195,182,214,175,91.34%,59.58%,375.5%,150.2%,85.29%,381.3%,178.7%,600.6%,0.00%,-27.56%
2013/11/30,2013/10/31,-1.18%,-1.04%,-0.49%,-1.04%,0.52%,2.43%,1.79%,2.73%,2.62%,3.43%,0.05%,0.39%,0.73%,5.38%,2.86%,5.26%,56,110,86,100,118,79,198,187,219,181,94.59%,61.18%,375.7%,151.2%,90.59%,406.7%,185.4%,638.3%,0.00%,-27.28%
2013/12/31,2013/11/30,0.40%,-0.94%,-0.14%,0.03%,-0.27%,2.54%,1.64%,2.67%,2.94%,2.70%,-1.76%,-3.07%,-1.24%,1.26%,2.61%,2.18%,56,109,86,100,118,81,201,192,226,186,93.28%,61.43%,367.4%,143.5%,95.56%,417.7%,184.2%,647.6%,-1.76%,-29.51%
2014/01/31,2013/12/31,3.00%,-0.20%,1.61%,-0.37%,-0.12%,0.65%,-3.47%,-3.01%,-3.53%,-3.26%,-7.60%,-9.19%,-0.83%,-4.42%,-3.13%,-1.66%,58,109,87,100,118,81,194,186,218,180,87.25%,55.12%,331.9%,121.1%,89.43%,409.1%,188.4%,614.6%,-9.22%,-35.99%
2014/02/28,2014/01/31,1.87%,-0.18%,-1.31%,0.06%,0.60%,6.01%,3.78%,3.06%,4.96%,5.46%,-1.29%,-1.46%,-0.48%,4.67%,4.67%,5.11%,59,108,86,100,118,86,202,192,229,190,84.89%,54.27%,326.3%,117.9%,98.28%,435.1%,189.6%,647.9%,-10.39%,-36.92%
2014/03/31,2014/02/28,0.78%,0.24%,-1.14%,-0.42%,1.14%,-0.15%,1.22%,1.55%,0.34%,-0.03%,2.61%,3.02%,1.89%,0.82%,0.51%,-0.08%,60,109,85,99,120,86,204,195,229,190,85.54%,54.45%,337.4%,124.4%,99.29%,434.7%,187.9%,654.1%,-8.05%,-35.02%
2014/04/30,2014/03/31,0.17%,0.15%,-0.83%,0.75%,0.52%,-0.90%,0.33%,-1.66%,0.33%,0.40%,5.95%,6.62%,2.53%,-0.83%,-0.02%,-2.82%,60,109,84,100,120,85,205,192,230,191,86.19%,56.46%,363.5%,139.3%,99.24%,419.6%,179.9%,647.8%,-2.58%,-30.72%
2014/05/31,2014/04/30,-0.07%,-0.10%,-0.01%,-0.45%,0.78%,2.29%,1.87%,1.98%,1.46%,2.68%,3.01%,3.15%,1.57%,2.01%,2.10%,1.07%,60,109,84,100,121,87,209,196,233,196,87.77%,57.08%,377.4%,146.8%,103.4%,425.2%,177.0%,662.9%,0.00%,-28.54%
2014/06/30,2014/05/31,0.35%,1.35%,-0.31%,-0.54%,-0.58%,3.04%,3.34%,2.55%,2.29%,2.26%,-0.24%,-0.49%,-1.23%,4.59%,2.50%,4.73%,60,110,84,99,121,90,216,201,239,200,86.02%,55.84%,376.3%,145.6%,108.5%,450.0%,183.2%,697.8%,-0.24%,-28.89%
2014/07/31,2014/06/30,-1.78%,-2.18%,0.32%,1.02%,0.91%,-3.79%,-3.18%,-2.70%,-1.75%,-0.93%,2.20%,2.29%,2.22%,-3.84%,-1.95%,-4.53%,59,108,84,100,122,86,209,195,235,198,91.02%,60.29%,386.8%,151.2%,104.4%,425.1%,175.9%,667.2%,0.00%,-27.26%
2014/08/31,2014/07/31,1.36%,1.24%,-0.25%,-1.30%,0.39%,5.90%,5.09%,3.63%,3.13%,4.74%,2.88%,3.01%,0.92%,5.94%,4.18%,5.04%,60,109,84,99,122,91,219,202,242,208,89.16%,58.44%,400.8%,158.8%,113.0%,451.6%,178.3%,712.8%,0.00%,-25.07%
2014/09/30,2014/08/31,-1.74%,-0.47%,2.01%,-0.04%,-0.43%,-3.47%,-2.69%,-1.50%,-2.46%,-1.60%,4.37%,3.89%,2.30%,-3.27%,-2.09%,-4.44%,59,109,86,99,122,88,213,199,236,205,91.64%,61.39%,422.6%,168.9%,108.5%,427.1%,171.7%,686.2%,0.00%,-22.16%
2014/10/31,2014/09/30,1.02%,1.52%,0.41%,-1.49%,0.46%,3.82%,3.64%,2.26%,1.64%,3.10%,7.65%,7.49%,0.21%,7.00%,2.74%,4.75%,59,110,86,97,122,92,221,204,240,211,90.56%,60.23%,462.6%,189.0%,114.2%,452.1%,177.2%,741.2%,0.00%,-16.33%
2014/11/30,2014/10/31,-0.54%,0.79%,1.32%,1.66%,-1.37%,2.54%,2.02%,1.94%,3.52%,2.40%,3.23%,3.31%,0.81%,1.94%,2.53%,0.95%,59,111,87,99,120,94,226,208,248,216,88.97%,60.01%,480.8%,198.6%,119.7%,457.4%,172.8%,757.5%,0.00%,-13.56%
2014/12/31,2014/11/30,-1.70%,0.30%,0.99%,-0.01%,-0.04%,-1.44%,0.85%,1.53%,0.09%,-0.91%,3.36%,2.24%,0.31%,2.04%,-0.03%,1.36%,58,112,88,99,120,93,228,211,249,214,92.12%,60.85%,500.3%,205.3%,119.6%,465.0%,176.6%,775.0%,0.00%,-11.62%
2015/01/31,2014/12/31,-0.52%,0.91%,-0.53%,0.37%,0.39%,-2.61%,-3.34%,-4.11%,-2.55%,-2.09%,-0.04%,-1.40%,1.25%,-2.64%,-2.75%,-2.22%,58,113,88,99,121,90,220,202,242,210,93.88%,61.70%,500.0%,201.0%,113.6%,452.4%,178.0%,751.9%,-0.04%,-12.86%
2015/02/28,2015/01/31,0.17%,-0.33%,-0.85%,0.74%,-0.53%,6.43%,5.23%,4.25%,6.07%,6.30%,-3.04%,-1.99%,-0.99%,6.35%,5.76%,6.95%,58,112,87,100,120,96,231,211,257,223,92.53%,61.49%,481.8%,195.0%,125.9%,490.8%,181.3%,805.9%,-3.08%,-14.59%
2015/03/31,2015/02/28,-1.35%,0.79%,-0.03%,-0.39%,-0.05%,-1.37%,-0.03%,-0.86%,-1.18%,-1.38%,4.70%,4.35%,1.00%,2.29%,-1.06%,0.99%,57,113,87,100,120,95,231,209,254,220,95.02%,61.47%,509.1%,207.8%,123.5%,496.6%,187.1%,826.7%,0.00%,-10.88%
2015/04/30,2015/03/31,3.62%,-1.83%,0.47%,-0.65%,0.48%,1.42%,-0.39%,0.75%,-0.76%,0.99%,0.42%,-2.95%,1.48%,-1.36%,0.40%,-0.48%,59,111,87,99,121,96,231,211,252,222,88.88%,60.77%,511.7%,198.8%,124.4%,493.7%,184.6%,814.1%,0.00%,-13.50%
2015/05/31,2015/04/30,-0.62%,0.41%,-0.16%,-1.25%,0.35%,1.69%,1.26%,1.31%,0.74%,1.55%,0.81%,0.52%,-0.34%,1.47%,1.29%,1.31%,59,111,87,98,121,98,233,213,254,225,90.72%,60.54%,516.6%,200.3%,127.3%,501.5%,184.6%,827.5%,0.00%,-13.05%
2015/06/30,2015/05/31,-0.54%,0.36%,-0.32%,-0.04%,-0.47%,-1.95%,-1.09%,-1.38%,-1.12%,-2.14%,3.54%,3.08%,1.00%,1.27%,-1.63%,0.35%,58,112,87,98,121,96,231,210,251,220,90.85%,60.24%,538.4%,209.6%,123.6%,503.6%,190.3%,839.3%,0.00%,-10.37%
2015/07/31,2015/06/30,2.71%,2.12%,2.85%,-0.84%,-1.42%,4.55%,0.68%,2.96%,1.05%,1.36%,7.34%,8.13%,2.89%,1.87%,1.67%,-0.57%,60,114,89,97,119,100,232,217,254,223,82.97%,55.13%,585.3%,234.7%,127.3%,500.2%,183.8%,856.9%,0.00%,-3.08%
2015/08/31,2015/07/31,2.41%,-0.60%,-0.74%,0.42%,0.20%,-6.23%,-5.47%,-5.66%,-5.84%,-6.41%,1.83%,0.61%,1.04%,-5.31%,-5.98%,-5.50%,61,114,89,97,119,94,220,204,239,209,78.94%,54.87%,597.9%,236.8%,113.7%,467.2%,185.1%,806.0%,0.00%,-2.49%
2015/09/30,2015/08/31,0.30%,-1.43%,0.12%,0.58%,0.33%,-3.59%,-2.70%,-2.32%,-2.38%,-3.26%,2.87%,3.79%,0.41%,-4.87%,-2.82%,-6.01%,61,112,89,98,120,90,214,200,233,202,79.00%,55.37%,617.9%,249.5%,107.7%,433.1%,176.1%,761.9%,0.00%,0.00%
2015/10/31,2015/09/30,0.66%,-0.46%,-1.27%,1.00%,0.52%,10.09%,5.75%,5.39%,8.39%,8.57%,6.20%,5.32%,2.23%,8.80%,7.68%,7.20%,62,111,88,99,120,100,226,210,253,220,78.75%,53.01%,662.4%,268.1%,123.6%,471.5%,174.7%,837.7%,0.00%,0.00%
2015/11/30,2015/10/31,1.65%,0.68%,-0.14%,0.14%,-0.66%,1.57%,1.17%,0.72%,0.74%,-0.15%,3.33%,0.06%,-0.52%,2.37%,0.55%,2.35%,63,112,88,99,119,101,229,212,255,219,74.63%,50.37%,687.7%,268.4%,124.8%,485.0%,179.7%,859.9%,0.00%,0.00%
2015/12/31,2015/11/30,0.73%,-1.04%,1.52%,0.21%,-1.15%,-0.78%,-3.58%,-0.89%,-1.10%,-3.11%,3.78%,3.60%,1.18%,-3.40%,-2.07%,-4.48%,63,111,89,99,118,100,221,210,252,213,71.34%,46.87%,717.6%,281.6%,120.2%,458.8%,173.0%,827.3%,0.00%,0.00%
2016/01/31,2015/12/31,-2.93%,-2.90%,0.90%,2.03%,-0.18%,-9.74%,-7.92%,-3.38%,-3.67%,-6.45%,3.86%,3.11%,0.55%,-8.70%,-5.64%,-9.63%,61,108,90,101,118,91,203,203,242,199,76.05%,51.71%,749.1%,293.5%,107.8%,404.9%,162.1%,746.6%,0.00%,0.00%
2016/02/29,2016/01/31,-0.64%,-0.83%,0.78%,0.42%,0.26%,-0.47%,-1.54%,-0.04%,0.10%,0.52%,2.17%,2.16%,-0.35%,1.01%,-0.05%,0.36%,61,107,90,102,118,90,200,203,243,200,77.65%,53.22%,767.5%,302.0%,107.6%,406.8%,163.2%,755.2%,0.00%,0.00%
2016/03/31,2016/02/29,2.75%,1.17%,0.47%,0.91%,-0.29%,10.63%,7.54%,6.14%,7.00%,6.93%,-0.51%,-1.71%,-0.77%,7.30%,7.08%,7.81%,63,108,91,102,118,100,215,215,260,214,72.24%,47.55%,763.1%,295.2%,122.4%,446.4%,165.1%,817.6%,-0.51%,-1.71%
2016/04/30,2016/03/31,2.32%,1.21%,1.35%,-0.60%,-0.47%,4.36%,1.51%,1.78%,-0.27%,0.45%,-0.61%,-2.14%,1.31%,2.23%,0.81%,2.87%,64,109,92,102,117,104,218,219,259,215,67.45%,41.77%,757.8%,286.7%,124.2%,462.0%,170.5%,838.1%,-1.12%,-3.81%
2016/05/31,2016/04/30,-2.25%,-0.14%,0.55%,-0.36%,0.29%,-0.74%,1.91%,2.13%,1.60%,2.13%,3.27%,3.64%,0.65%,2.44%,1.79%,1.34%,63,109,93,101,118,103,222,224,263,219,71.71%,45.84%,785.8%,300.8%,128.2%,469.6%,169.3%,860.9%,0.00%,-0.31%
2016/06/30,2016/05/31,1.75%,-0.13%,0.61%,-1.06%,0.76%,0.66%,0.15%,0.93%,-0.63%,0.56%,-0.61%,-1.38%,-0.98%,-0.79%,0.26%,-0.38%,64,109,93,100,118,104,223,226,261,220,70.02%,45.69%,780.5%,295.2%,128.8%,467.4%,167.6%,853.3%,-0.61%,-1.69%
2016/07/31,2016/06/30,-1.15%,0.87%,-0.18%,0.38%,0.12%,4.58%,4.50%,2.60%,4.07%,4.28%,0.24%,-1.60%,-0.96%,4.97%,3.96%,5.45%,63,110,93,101,119,109,233,232,272,230,72.18%,45.25%,782.6%,288.9%,137.9%,498.3%,171.5%,900.7%,-0.37%,-3.26%
2016/08/31,2016/07/31,0.49%,1.23%,-0.11%,0.32%,-0.62%,1.71%,1.55%,0.75%,0.23%,-0.54%,-1.19%,-4.03%,-1.09%,-0.29%,0.32%,0.92%,63,111,93,101,118,111,236,233,273,229,70.26%,41.99%,772.1%,273.3%,138.6%,503.9%,173.2%,897.8%,-1.55%,-7.15%
2016/09/30,2016/08/31,0.42%,0.02%,-0.57%,-0.79%,0.40%,0.93%,0.20%,-0.51%,-0.35%,0.81%,2.20%,1.44%,0.62%,2.77%,0.19%,2.34%,64,112,92,100,118,112,237,232,272,230,70.24%,41.81%,791.3%,278.6%,139.1%,518.0%,179.1%,925.5%,0.00%,-5.82%
2016/10/31,2016/09/30,-1.07%,1.07%,0.10%,-0.20%,-0.13%,-3.75%,-0.80%,-1.06%,-2.68%,-2.62%,6.97%,7.58%,3.06%,-2.91%,-2.12%,-5.18%,63,113,92,100,118,107,235,230,264,224,71.84%,43.41%,853.4%,307.3%,134.0%,486.0%,170.5%,895.7%,0.00%,0.00%
2016/11/30,2016/10/31,-2.02%,0.79%,-0.15%,1.57%,0.32%,4.05%,8.82%,3.41%,4.80%,3.52%,3.02%,1.98%,-0.26%,8.75%,4.59%,8.15%,62,114,92,102,119,112,256,238,277,232,75.86%,42.64%,882.1%,315.4%,144.7%,533.8%,180.2%,982.8%,0.00%,0.00%
2016/12/31,2016/11/30,-0.43%,-0.28%,0.95%,0.09%,-0.05%,1.66%,3.24%,2.81%,1.63%,1.20%,3.62%,3.75%,1.32%,2.78%,1.94%,1.66%,61,113,93,102,119,114,264,244,282,235,76.54%,42.00%,917.7%,331.0%,149.5%,544.3%,179.4%,1013%,0.00%,0.00%
2017/01/31,2016/12/31,0.38%,0.71%,0.10%,0.16%,-0.78%,3.03%,1.47%,1.83%,2.04%,1.83%,-3.02%,-5.75%,-1.23%,-0.82%,1.89%,0.91%,62,114,93,102,118,117,268,249,287,239,74.50%,40.29%,887.0%,306.2%,154.2%,550.1%,176.6%,1004%,-3.02%,-5.75%
2017/02/28,2017/01/31,-2.13%,0.97%,0.40%,-0.72%,0.13%,2.61%,3.91%,3.38%,2.63%,4.37%,2.75%,1.54%,1.22%,3.01%,3.64%,2.55%,60,115,94,101,118,120,278,257,295,250,78.44%,42.77%,914.2%,312.5%,163.5%,566.7%,173.6%,1037%,-0.35%,-4.30%
2017/03/31,2017/02/28,-0.44%,-0.31%,-0.22%,-0.25%,0.18%,0.46%,-1.19%,-1.22%,0.39%,0.90%,4.62%,2.35%,0.84%,1.75%,0.13%,1.05%,60,115,93,101,118,121,275,254,296,252,79.55%,43.39%,961.1%,322.2%,163.8%,573.7%,176.1%,1057%,0.00%,-2.05%
2017/04/30,2017/03/31,-1.38%,0.25%,0.36%,0.10%,-0.21%,0.09%,0.81%,1.00%,1.50%,1.19%,5.41%,3.33%,0.58%,1.73%,1.11%,0.74%,59,115,94,101,118,121,277,257,301,255,81.64%,44.96%,1019%,336.2%,166.7%,578.6%,175.1%,1077%,0.00%,0.00%
2017/05/31,2017/04/30,0.27%,0.20%,-0.10%,-0.60%,-0.22%,1.71%,-0.10%,-0.11%,1.00%,1.78%,4.69%,4.16%,0.86%,0.13%,1.06%,-1.12%,59,115,94,100,117,123,277,256,304,260,80.75%,45.06%,1071%,354.4%,169.6%,571.1%,169.1%,1079%,0.00%,0.00%
2017/06/30,2017/05/31,0.29%,0.40%,1.24%,-0.56%,-0.13%,1.00%,1.72%,2.28%,0.47%,0.20%,0.12%,-4.10%,1.36%,2.39%,0.90%,3.62%,60,116,95,100,117,124,282,262,305,260,79.99%,43.90%,1072%,335.7%,172.0%,595.4%,176.4%,1107%,0.00%,-4.10%
2017/07/31,2017/06/30,-0.89%,-0.44%,-1.60%,1.17%,0.30%,0.84%,1.88%,0.58%,2.74%,2.33%,3.30%,4.26%,1.21%,2.03%,1.93%,0.76%,59,115,93,101,118,125,287,264,313,266,82.13%,46.05%,1111%,354.3%,177.2%,600.6%,173.2%,1131%,0.00%,-0.01%
2017/08/31,2017/07/31,0.46%,-1.05%,-0.82%,-0.12%,0.50%,0.16%,-0.99%,-0.45%,-0.16%,1.20%,1.58%,2.47%,1.10%,0.36%,0.26%,-0.38%,59,114,93,101,118,125,284,262,313,269,82.20%,47.56%,1130%,365.5%,177.9%,598.0%,171.4%,1136%,0.00%,0.00%
2017/09/30,2017/08/31,-0.54%,-0.36%,-1.00%,0.28%,0.38%,2.14%,2.92%,2.86%,3.25%,1.79%,-4.16%,-7.50%,-2.07%,2.56%,2.47%,4.81%,59,114,92,101,119,128,293,270,323,274,83.88%,47.05%,1079%,330.6%,184.8%,631.5%,177.8%,1167%,-4.16%,-7.50%
2017/10/31,2017/09/30,-1.89%,0.79%,-2.21%,0.91%,0.12%,-0.03%,4.38%,0.43%,2.87%,2.31%,3.74%,5.57%,1.59%,2.33%,2.24%,0.66%,58,115,90,102,119,128,305,271,332,281,87.57%,50.49%,1123%,354.6%,191.2%,636.4%,173.4%,1197%,-0.57%,-2.35%
2017/11/30,2017/10/31,-1.91%,-0.19%,0.73%,1.17%,-0.69%,1.76%,3.47%,3.67%,4.34%,2.56%,0.23%,-1.05%,0.52%,2.27%,3.22%,2.58%,57,114,90,103,118,130,316,281,347,288,89.86%,51.69%,1126%,349.8%,200.6%,655.4%,171.7%,1226%,-0.34%,-3.37%
2017/12/31,2017/11/30,0.07%,-1.03%,0.48%,0.85%,-0.44%,1.75%,0.39%,1.28%,1.92%,0.78%,1.03%,-1.40%,1.54%,0.71%,1.10%,1.13%,57,113,91,104,117,132,317,285,353,290,88.90%,50.23%,1139%,343.5%,203.8%,663.9%,171.8%,1236%,0.00%,-4.73%
2018/01/31,2017/12/31,-0.19%,-1.77%,-0.58%,0.36%,-0.49%,4.84%,5.15%,4.62%,5.63%,5.64%,0.31%,1.72%,2.13%,5.48%,5.34%,4.96%,57,111,90,105,117,139,334,298,373,306,88.34%,51.45%,1143%,351.1%,220.1%,701.8%,170.8%,1309%,0.00%,-3.09%
2018/02/28,2018/01/31,0.38%,-0.09%,-0.92%,-0.70%,0.72%,-3.66%,-3.56%,-4.77%,-4.36%,-2.71%,0.94%,2.52%,-0.36%,-2.98%,-3.65%,-3.74%,57,111,89,104,118,134,322,284,357,298,88.99%,52.89%,1154%,362.5%,208.4%,671.9%,170.5%,1267%,0.00%,-0.64%
2018/03/31,2018/02/28,-0.36%,0.76%,0.52%,0.92%,-0.04%,-2.34%,-1.71%,-2.26%,-1.13%,-2.39%,4.44%,4.90%,1.32%,2.90%,-1.98%,1.43%,57,112,90,105,118,131,316,277,353,291,89.61%,52.81%,1210%,385.1%,202.3%,682.9%,179.7%,1307%,0.00%,0.00%
2018/04/30,2018/03/31,-0.66%,-0.42%,0.23%,0.55%,-0.24%,-0.16%,0.08%,0.83%,1.04%,0.04%,1.20%,2.49%,-0.88%,0.87%,0.43%,0.13%,56,111,90,105,117,130,316,280,357,291,90.41%,53.11%,1226%,397.2%,203.6%,683.9%,178.9%,1319%,0.00%,0.00%
2018/05/31,2018/04/30,-2.15%,-0.01%,-1.86%,-0.22%,1.00%,0.87%,2.34%,1.10%,2.33%,4.54%,-1.06%,-0.53%,-3.03%,4.94%,2.78%,5.10%,55,111,88,105,119,132,324,283,365,304,96.40%,58.74%,1212%,394.6%,212.0%,723.9%,185.4%,1389%,-1.06%,-0.53%
2018/06/30,2018/05/31,0.02%,0.67%,0.88%,0.42%,-0.88%,1.09%,1.07%,0.76%,1.03%,0.38%,3.81%,1.87%,-0.17%,1.50%,0.75%,0.94%,55,112,89,106,118,133,327,285,369,305,94.65%,57.62%,1262%,403.8%,214.4%,731.7%,185.9%,1411%,0.00%,0.00%
2018/07/31,2018/06/30,-1.22%,0.28%,0.33%,-0.78%,0.14%,1.90%,3.72%,4.20%,2.46%,3.38%,5.44%,5.19%,1.20%,3.08%,3.27%,1.53%,55,112,89,105,118,136,339,297,378,316,97.30%,59.96%,1336%,430.0%,224.7%,744.4%,180.9%,1458%,0.00%,0.00%
2018/08/31,2018/07/31,0.32%,-0.16%,0.24%,-0.98%,0.03%,2.49%,2.37%,3.56%,2.10%,5.29%,1.73%,3.00%,0.43%,6.26%,3.55%,5.36%,55,112,90,104,118,139,348,307,386,333,96.71%,64.44%,1360%,445.9%,236.2%,789.7%,186.0%,1556%,0.00%,0.00%
2018/09/30,2018/08/31,-0.60%,-1.81%,-0.23%,1.18%,-0.00%,-0.02%,-1.82%,-0.18%,1.09%,0.55%,0.71%,-0.59%,0.35%,-1.78%,0.10%,-1.61%,54,110,89,105,118,139,341,307,390,334,97.89%,65.38%,1371%,442.6%,236.6%,775.4%,181.1%,1526%,0.00%,-0.59%
2018/10/31,2018/09/30,-0.09%,1.73%,-0.37%,-0.42%,1.97%,-7.30%,-4.72%,-8.43%,-7.62%,-7.59%,2.80%,2.82%,2.87%,-9.70%,-7.27%,-10.54%,54,112,89,105,120,129,325,281,360,309,102.0%,64.90%,1412%,457.9%,212.1%,683.1%,171.9%,1368%,0.00%,0.00%
2018/11/30,2018/10/31,-0.69%,0.12%,1.89%,0.19%,-0.54%,1.43%,2.11%,3.87%,2.15%,1.16%,6.42%,6.14%,1.66%,3.03%,1.99%,1.18%,54,112,91,105,119,131,332,292,368,313,102.3%,64.44%,1509%,492.2%,218.3%,692.3%,169.7%,1413%,0.00%,0.00%
2018/12/31,2018/11/30,-2.15%,0.20%,-1.19%,0.45%,0.36%,-10.40%,-9.70%,-10.32%,-9.45%,-8.42%,8.25%,7.84%,2.16%,-9.66%,-9.28%,-12.02%,53,113,90,105,120,117,300,262,333,286,107.3%,67.71%,1642%,538.6%,188.8%,597.1%,162.3%,1267%,0.00%,0.00%
2019/01/31,2018/12/31,0.51%,0.39%,0.40%,-0.12%,-0.40%,10.80%,8.29%,9.82%,9.08%,7.83%,-6.98%,-11.55%,-2.47%,9.11%,8.72%,12.57%,53,113,90,105,119,130,325,287,363,309,105.5%,62.73%,1520%,464.9%,214.0%,684.8%,172.4%,1391%,-6.98%,-11.55%
2019/02/28,2019/01/31,1.14%,-0.81%,1.50%,-0.29%,-0.91%,4.35%,2.18%,3.65%,3.22%,3.78%,1.53%,0.76%,0.07%,6.20%,3.43%,5.97%,54,112,91,105,118,135,332,298,375,320,101.2%,61.79%,1545%,469.2%,224.7%,731.6%,179.3%,1483%,-5.55%,-10.88%
2019/03/31,2019/02/28,-2.27%,-0.22%,0.61%,0.45%,-0.40%,-0.14%,1.35%,-0.58%,1.07%,2.66%,2.01%,0.66%,0.46%,-0.79%,1.41%,-0.99%,52,112,92,105,118,135,336,296,379,329,105.0%,66.32%,1578%,472.9%,229.3%,723.4%,172.6%,1471%,-3.65%,-10.29%
2019/04/30,2019/03/31,-0.48%,-0.28%,-0.15%,-0.16%,0.06%,3.54%,3.94%,5.09%,4.18%,3.71%,2.72%,1.88%,-0.90%,2.22%,4.02%,1.65%,52,112,92,105,118,140,349,311,395,341,106.1%,66.60%,1624%,483.7%,242.5%,737.0%,166.2%,1506%,-1.03%,-8.60%
2019/05/31,2019/04/30,-0.11%,2.51%,2.54%,0.53%,-1.36%,-6.79%,-3.70%,-7.26%,-6.82%,-6.99%,-2.15%,2.00%,0.23%,-7.42%,-6.47%,-8.02%,52,114,94,106,116,130,336,289,368,317,103.5%,66.27%,1587%,495.4%,220.4%,669.8%,162.1%,1387%,-3.16%,-6.77%
2019/06/30,2019/05/31,0.42%,-1.68%,-0.31%,-0.14%,0.22%,6.90%,4.25%,6.27%,6.77%,8.13%,8.54%,5.96%,1.38%,9.01%,6.83%,7.22%,52,112,94,105,117,139,351,307,393,343,103.1%,68.31%,1731%,530.9%,242.2%,725.4%,163.1%,1521%,0.00%,-1.21%
2019/07/31,2019/06/30,0.70%,1.00%,0.74%,0.33%,-0.60%,1.02%,2.18%,1.40%,1.54%,1.19%,0.57%,2.09%,0.00%,-0.14%,1.45%,-0.76%,53,114,95,106,116,141,358,311,399,347,100.5%,68.60%,1741%,544.1%,247.2%,719.1%,157.3%,1518%,0.00%,0.00%
2019/08/31,2019/07/31,-2.25%,2.25%,1.02%,0.32%,-1.17%,-4.89%,-1.17%,-3.95%,-2.30%,-1.31%,-1.05%,1.29%,-0.90%,-4.67%,-2.11%,-5.05%,52,116,95,106,114,134,354,299,390,343,102.6%,74.64%,1722%,552.4%,239.9%,677.7%,149.7%,1443%,-1.05%,0.00%
2019/09/30,2019/08/31,-0.76%,1.83%,-1.14%,-0.44%,1.90%,1.14%,3.42%,3.65%,0.51%,1.14%,3.32%,2.19%,1.85%,1.68%,1.76%,1.02%,51,118,94,106,117,135,366,310,392,346,108.0%,74.65%,1782%,566.7%,245.8%,685.7%,147.9%,1469%,0.00%,0.00%
2019/10/31,2019/09/30,-0.55%,-0.95%,0.83%,-0.40%,-0.00%,1.81%,0.79%,2.24%,1.63%,2.90%,6.01%,2.91%,0.47%,2.69%,2.20%,1.81%,51,117,95,105,117,138,369,316,398,357,109.2%,76.56%,1896%,586.1%,253.4%,699.9%,146.9%,1511%,0.00%,0.00%
2019/11/30,2019/10/31,-0.60%,-2.08%,0.38%,0.38%,-0.36%,4.27%,1.47%,3.54%,4.27%,4.16%,6.98%,3.41%,1.46%,5.48%,3.75%,4.46%,51,115,96,106,116,144,375,328,415,371,109.7%,76.36%,2035%,609.5%,266.7%,735.5%,148.6%,1599%,0.00%,0.00%
2019/12/31,2019/11/30,0.07%,-1.00%,-0.69%,-0.45%,0.96%,2.59%,2.06%,2.54%,2.35%,3.44%,-0.68%,-1.12%,0.82%,5.19%,2.79%,5.53%,51,113,95,105,117,147,382,336,425,384,111.5%,77.86%,2020%,601.6%,276.9%,781.7%,155.4%,1687%,-0.68%,-1.12%
2020/01/31,2019/12/31,2.83%,0.54%,1.16%,-1.56%,-0.88%,3.52%,-1.00%,-0.86%,-0.82%,0.87%,-5.12%,-7.13%,-1.11%,-4.61%,0.06%,-2.47%,52,114,96,104,116,153,379,333,422,387,103.7%,73.15%,1912%,551.5%,277.2%,759.9%,149.0%,1605%,-5.76%,-8.17%
2020/02/29,2020/01/31,-1.52%,-1.96%,-2.68%,-0.22%,1.20%,-6.23%,-8.72%,-10.55%,-8.22%,-6.96%,1.30%,-4.82%,1.00%,-8.88%,-8.00%,-7.43%,51,112,93,103,118,143,346,298,387,360,109.2%,71.89%,1938%,520.1%,247.0%,696.0%,150.4%,1454%,-4.54%,-12.60%
2020/03/31,2020/02/29,-13.29%,-5.47%,-0.58%,-1.69%,1.00%,-19.90%,-20.18%,-15.82%,-14.15%,-9.75%,6.09%,-0.81%,1.49%,-19.58%,-13.57%,-19.33%,44,106,93,102,119,115,276,251,332,325,139.1%,89.32%,2062%,515.1%,199.9%,542.1%,136.0%,1149%,0.00%,-13.31%
2020/04/30,2020/03/31,0.90%,-1.37%,-2.00%,0.46%,0.95%,14.32%,11.10%,9.85%,12.77%,15.16%,-1.66%,-7.39%,2.05%,17.22%,13.44%,19.44%,45,104,91,102,120,131,306,276,375,375,139.3%,90.92%,2026%,469.6%,240.2%,667.0%,150.1%,1365%,-1.66%,-19.71%
2020/05/31,2020/04/30,1.92%,-0.94%,0.91%,0.47%,-1.82%,7.62%,2.74%,5.13%,5.60%,5.85%,-0.33%,-5.34%,-0.95%,6.42%,5.40%,8.02%,46,103,92,103,118,141,315,290,396,397,130.3%,87.53%,2019%,439.2%,258.6%,728.5%,156.7%,1459%,-1.98%,-24.00%
2020/06/30,2020/05/31,-0.27%,1.50%,-1.96%,0.04%,0.05%,2.91%,3.23%,-0.61%,2.87%,3.11%,-8.48%,-12.64%,-4.25%,0.30%,2.43%,4.09%,46,105,90,103,118,145,325,288,407,409,131.1%,87.90%,1840%,371.0%,267.3%,762.3%,160.9%,1463%,-10.29%,-33.61%
2020/07/31,2020/06/30,0.65%,1.42%,-0.61%,-0.30%,-2.01%,5.12%,6.27%,4.69%,6.37%,5.54%,-8.29%,-4.43%,-4.27%,2.47%,5.73%,3.80%,46,106,89,102,116,153,345,301,433,432,124.9%,88.69%,1679%,350.2%,288.3%,795.1%,155.9%,1502%,-17.73%,-36.55%
2020/08/31,2020/07/31,-1.91%,2.92%,-2.00%,-2.06%,-0.27%,6.26%,9.33%,4.08%,6.62%,8.70%,6.78%,6.61%,-2.56%,7.49%,7.38%,5.50%,45,109,88,100,115,162,378,314,461,469,128.6%,93.29%,1799%,379.9%,317.0%,844.4%,151.1%,1622%,-12.15%,-32.36%
2020/09/30,2020/08/31,1.84%,-0.74%,1.12%,0.31%,-1.58%,-1.62%,-4.15%,-2.69%,-3.06%,-4.44%,2.15%,1.81%,2.61%,-1.13%,-3.61%,-1.68%,46,109,89,100,113,160,362,305,447,448,120.8%,87.85%,1840%,388.6%,301.9%,828.5%,156.0%,1602%,-10.26%,-31.14%
2020/10/31,2020/09/30,-1.89%,1.72%,1.28%,2.16%,-1.31%,-3.08%,1.00%,0.24%,-1.42%,-4.03%,3.95%,4.63%,-0.44%,2.20%,-2.11%,0.81%,45,110,90,103,112,155,366,306,441,430,122.1%,86.07%,1917%,411.2%,293.4%,836.0%,163.5%,1640%,-6.72%,-27.95%
2020/11/30,2020/10/31,3.44%,1.83%,2.96%,-0.19%,-1.61%,16.79%,13.43%,13.31%,12.60%,10.74%,-5.80%,-12.39%,-4.44%,13.46%,12.26%,17.18%,46,113,92,102,110,181,415,347,497,476,110.9%,74.82%,1800%,347.9%,341.6%,996.9%,176.4%,1874%,-12.13%,-36.88%
2020/12/31,2020/11/30,-2.04%,-0.27%,0.99%,-0.66%,-1.20%,4.41%,3.87%,4.60%,4.49%,4.81%,-1.99%,-6.02%,-3.54%,6.59%,4.57%,8.39%,46,112,93,102,109,189,431,363,519,499,112.6%,75.51%,1762%,320.9%,361.8%,1089%,187.0%,2004%,-13.88%,-40.68%
2021/01/31,2020/12/31,0.47%,-1.44%,-2.43%,0.71%,-0.98%,2.04%,0.11%,-0.21%,-0.62%,-0.22%,-22.81%,-24.59%,-7.28%,0.00%,-0.12%,7.38%,46,111,91,102,108,192,431,362,516,498,109.5%,71.53%,1337%,217.4%,361.3%,1177%,208.5%,2004%,-33.52%,-55.27%
