Date,fdate,DNOA_AR_1,DNOA_AR_2,DNOA_AR_3,DNOA_AR_4,DNOA_AR_5,DNOA_TR_1,DNOA_TR_2,DNOA_TR_3,DNOA_TR_4,DNOA_TR_5,DNOA_AR_Sig,DNOA_TR_Sig,DNOA_AR_130,DNOA_TR_130,DNOA_TR_BP,DNOA_TR_LO,DNOA_CAR_1,DNOA_CAR_2,DNOA_CAR_3,DNOA_CAR_4,DNOA_CAR_5,DNOA_CTR_1,DNOA_CTR_2,DNOA_CTR_3,DNOA_CTR_4,DNOA_CTR_5,DNOA_CAR_LS,DNOA_CTR_LS,DNOA_CAR_SW,DNOA_CTR_SW,DNOA_CTR_BP,DNOA_CTR_LO,DNOA_CXR_LO,DNOA_CTR_13,DNOA_CADD,DNOA_CTDD
2001/02/28,2001/01/31,-2.47%,5.63%,1.88%,1.58%,2.33%,-17.14%,-7.32%,-6.44%,-5.50%,-11.84%,4.02%,8.53%,15.90%,-4.38%,-9.48%,-6.94%,98,106,102,102,102,83,93,94,94,88,4.80%,5.30%,4.02%,8.53%,-9.48%,-6.94%,2.54%,-4.38%,0.00%,0.00%
2001/03/31,2001/02/28,-1.67%,-1.56%,-1.24%,1.53%,4.81%,-10.16%,-6.98%,-5.93%,-5.39%,-4.38%,3.68%,3.66%,5.56%,-7.25%,-6.73%,-8.34%,96,104,101,103,107,74,86,88,89,84,11.58%,11.39%,7.84%,12.51%,-15.57%,-14.71%,0.88%,-11.31%,0.00%,0.00%
2001/04/30,2001/03/31,1.67%,-1.47%,2.00%,0.50%,-4.10%,10.99%,5.55%,8.23%,8.95%,6.30%,-4.41%,-4.84%,-7.94%,5.61%,8.26%,7.06%,98,102,103,104,103,83,91,95,97,90,5.14%,6.17%,3.08%,7.07%,-8.60%,-8.68%,-0.33%,-6.33%,-4.41%,-4.84%
2001/05/31,2001/04/30,-1.08%,-1.14%,-0.09%,-0.30%,1.91%,-0.47%,0.29%,2.59%,0.86%,2.55%,1.36%,2.87%,5.67%,9.09%,1.01%,8.22%,96,101,103,103,105,82,91,98,98,92,8.29%,9.37%,4.49%,10.14%,-7.68%,-1.17%,6.87%,2.18%,-3.11%,-2.10%
2001/06/30,2001/05/31,-0.90%,1.74%,1.66%,0.97%,2.18%,-3.24%,-1.64%,-1.30%,-1.33%,0.94%,0.56%,0.40%,-3.55%,1.38%,-1.54%,1.26%,96,103,104,104,107,80,90,96,97,93,11.63%,13.95%,5.08%,10.59%,-9.10%,0.07%,9.86%,3.59%,-2.56%,-1.71%
2001/07/31,2001/06/30,-2.07%,0.43%,-2.15%,0.19%,1.65%,-5.38%,0.70%,-1.70%,-0.88%,-1.44%,3.50%,2.97%,6.56%,-2.95%,-1.79%,-3.85%,94,103,102,105,109,75,90,95,96,91,15.79%,18.44%,8.75%,13.87%,-10.73%,-3.78%,7.60%,0.53%,0.00%,0.00%
2001/08/31,2001/07/31,-0.63%,-0.33%,0.63%,2.85%,0.97%,-9.04%,-6.36%,-5.17%,-3.58%,-5.35%,3.76%,2.65%,3.41%,-3.93%,-5.97%,-4.72%,93,103,103,108,110,68,85,90,93,87,17.65%,22.81%,12.84%,16.89%,-16.06%,-8.32%,8.94%,-3.42%,0.00%,0.00%
2001/09/30,2001/08/31,-1.09%,-3.42%,-2.59%,2.66%,2.30%,-12.71%,-10.73%,-8.01%,-5.19%,-9.15%,5.39%,2.52%,9.30%,-13.31%,-8.92%,-14.06%,92,100,100,110,112,60,76,83,88,79,21.64%,27.19%,18.93%,19.84%,-23.54%,-21.22%,3.34%,-16.27%,0.00%,0.00%
2001/10/31,2001/09/30,2.91%,3.34%,1.69%,1.37%,0.38%,4.45%,3.36%,2.30%,0.08%,3.83%,-3.31%,0.53%,-5.91%,12.42%,2.68%,12.26%,95,103,102,112,113,62,78,85,88,82,18.57%,26.39%,14.99%,20.48%,-21.50%,-11.55%,13.24%,-5.87%,-3.31%,0.00%
2001/11/30,2001/10/31,0.05%,1.67%,0.87%,-3.36%,-3.77%,8.89%,9.48%,7.81%,5.61%,5.32%,-3.86%,-2.83%,-3.93%,7.27%,7.75%,8.12%,95,105,103,108,109,68,85,91,93,86,14.05%,21.88%,10.55%,17.07%,-15.41%,-4.38%,13.66%,0.97%,-7.04%,-2.83%
2001/12/31,2001/11/30,-0.38%,-0.53%,2.06%,0.72%,1.18%,2.19%,-0.03%,2.85%,2.56%,3.13%,-1.85%,-2.40%,-0.20%,5.59%,1.71%,6.31%,94,104,105,109,110,69,85,94,95,89,15.83%,23.02%,8.51%,14.26%,-13.96%,1.66%,18.88%,6.61%,-8.76%,-5.16%
2002/01/31,2001/12/31,-1.19%,1.85%,-1.45%,-0.50%,-0.75%,-1.50%,0.18%,-2.16%,-2.19%,-2.37%,6.43%,4.68%,8.13%,4.93%,-1.25%,3.53%,93,106,103,108,109,68,86,92,93,87,16.35%,21.96%,15.49%,19.61%,-15.04%,5.25%,24.57%,11.87%,-2.89%,-0.72%
2002/02/28,2002/01/31,-1.93%,-0.46%,0.78%,2.79%,0.86%,-3.79%,-2.87%,-0.57%,-0.19%,-2.29%,1.67%,-0.48%,0.61%,-6.65%,-2.10%,-6.51%,91,106,104,111,110,66,83,91,93,85,19.60%,23.79%,17.42%,19.03%,-16.83%,-1.60%,19.08%,4.43%,-1.27%,-1.20%
2002/03/31,2002/02/28,0.46%,-0.15%,0.98%,1.88%,2.01%,5.00%,2.44%,4.88%,6.86%,6.75%,-0.34%,-0.33%,-0.48%,8.00%,4.42%,8.10%,92,105,105,113,112,69,85,96,99,90,21.45%,25.95%,17.03%,18.63%,-13.15%,6.36%,23.46%,12.78%,-1.60%,-1.53%
2002/04/30,2002/03/31,0.76%,-0.99%,0.01%,2.54%,-1.46%,-3.46%,-6.63%,-5.31%,-2.28%,-6.43%,2.54%,0.57%,2.45%,-1.97%,-5.00%,-2.14%,93,104,105,116,111,67,80,91,97,84,18.75%,22.21%,19.99%,19.30%,-17.49%,4.09%,26.99%,10.56%,0.00%,-0.98%
2002/05/31,2002/04/30,-1.08%,-1.65%,-0.10%,1.86%,-0.47%,-2.15%,-1.86%,-0.80%,0.94%,-2.34%,-0.96%,-1.41%,0.52%,-4.74%,-1.20%,-4.32%,92,103,105,119,110,65,78,90,98,82,19.48%,21.97%,18.84%,17.62%,-18.48%,-0.41%,23.03%,5.32%,-0.96%,-2.37%
2002/06/30,2002/05/31,-1.09%,0.50%,0.71%,1.02%,-0.79%,-8.36%,-6.46%,-6.20%,-6.75%,-8.45%,-0.80%,-2.01%,-4.90%,-10.92%,-6.92%,-10.32%,91,103,106,120,109,60,73,84,91,76,19.84%,21.87%,17.89%,15.25%,-24.12%,-10.68%,18.85%,-6.19%,-1.76%,-4.34%
2002/07/31,2002/06/30,-2.03%,-0.03%,0.21%,1.59%,-3.17%,-12.40%,-5.78%,-7.87%,-7.57%,-10.64%,0.41%,1.69%,0.62%,-11.89%,-7.99%,-12.39%,89,103,106,122,106,52,69,78,84,67,18.48%,24.02%,18.37%,17.19%,-30.19%,-21.75%,13.62%,-17.34%,-1.36%,-2.73%
2002/08/31,2002/07/31,-0.58%,-0.86%,-2.01%,-0.74%,1.34%,0.94%,0.00%,0.18%,1.52%,2.03%,0.63%,-0.06%,2.82%,0.04%,0.64%,0.06%,88,102,104,121,107,53,69,78,86,69,20.76%,25.38%,19.11%,17.12%,-29.74%,-21.71%,12.96%,-17.31%,-0.74%,-2.79%
2002/09/30,2002/08/31,-1.82%,-0.82%,-1.12%,-1.31%,3.78%,-11.01%,-10.72%,-9.58%,-9.26%,-9.97%,1.14%,-0.24%,2.11%,-10.64%,-10.13%,-10.57%,87,101,103,119,111,47,61,70,78,62,27.51%,26.67%,20.47%,16.84%,-36.86%,-29.99%,12.45%,-26.11%,0.00%,-3.02%
2002/10/31,2002/09/30,0.06%,1.62%,3.87%,-1.10%,1.47%,5.36%,9.06%,9.00%,4.90%,10.79%,-0.71%,2.72%,-2.86%,8.00%,7.77%,7.18%,87,103,107,118,113,50,67,77,82,69,29.30%,33.54%,19.61%,20.02%,-31.95%,-24.96%,11.80%,-20.20%,-0.71%,-0.38%
2002/11/30,2002/10/31,1.70%,-1.05%,-0.67%,0.16%,-0.71%,7.13%,5.91%,4.33%,5.97%,10.01%,1.99%,7.63%,3.74%,23.92%,6.03%,21.63%,88,102,106,118,112,53,71,80,86,76,26.20%,37.38%,21.99%,29.17%,-27.85%,-8.72%,29.24%,-1.11%,0.00%,0.00%
2002/12/31,2002/11/30,0.11%,-1.14%,0.81%,0.44%,0.36%,-5.93%,-7.03%,-3.41%,-4.71%,-7.91%,-0.14%,-2.93%,1.99%,-8.99%,-5.58%,-8.11%,88,101,107,119,112,50,66,77,82,70,26.51%,34.67%,21.82%,25.38%,-31.88%,-16.12%,25.98%,-10.00%,-0.14%,-2.93%
2003/01/31,2002/12/31,0.18%,-0.79%,0.19%,0.07%,1.54%,-2.60%,-3.12%,-2.26%,-2.47%,-1.82%,2.85%,3.20%,5.11%,3.91%,-2.56%,2.95%,88,100,107,119,114,49,64,76,80,68,28.22%,35.72%,25.29%,29.39%,-33.63%,-13.65%,32.92%,-6.48%,0.00%,0.00%
2003/02/28,2003/01/31,1.59%,-0.50%,1.15%,-1.04%,0.05%,-0.62%,-2.27%,-0.85%,-2.89%,-2.50%,1.14%,1.30%,0.62%,-2.10%,-1.81%,-2.49%,90,99,108,117,114,48,62,75,78,67,26.25%,33.16%,26.72%,31.07%,-34.83%,-15.80%,32.01%,-8.45%,0.00%,0.00%
2003/03/31,2003/02/28,0.97%,1.04%,0.90%,0.91%,1.03%,1.76%,1.58%,1.05%,0.80%,1.01%,-1.32%,-0.41%,-1.36%,1.25%,1.22%,1.37%,91,101,109,118,115,49,63,76,79,67,26.32%,32.16%,25.05%,30.54%,-34.03%,-14.65%,32.22%,-7.30%,-1.32%,-0.41%
2003/04/30,2003/03/31,-0.94%,0.52%,-0.32%,0.01%,-0.32%,8.34%,9.47%,7.11%,7.51%,9.72%,-0.37%,1.67%,-0.62%,13.24%,8.22%,12.74%,90,101,109,118,115,53,69,81,85,74,27.09%,33.99%,24.58%,32.71%,-28.61%,-3.77%,38.19%,4.97%,-1.69%,0.00%
2003/05/31,2003/04/30,0.58%,-3.00%,0.90%,0.95%,1.17%,8.08%,4.13%,5.84%,6.88%,10.54%,3.78%,7.82%,7.72%,25.69%,6.23%,23.34%,90,98,110,120,116,58,72,86,90,82,27.85%,37.29%,29.29%,43.09%,-24.16%,18.69%,61.84%,31.93%,0.00%,0.00%
2003/06/30,2003/05/31,0.77%,-0.12%,0.73%,-1.36%,-0.50%,2.74%,1.20%,2.12%,0.09%,2.06%,0.66%,0.97%,3.10%,7.56%,1.49%,7.27%,91,98,111,118,116,59,73,88,90,83,26.22%,36.35%,30.15%,44.47%,-23.03%,27.32%,71.20%,41.91%,0.00%,0.00%
2003/07/31,2003/06/30,-0.23%,0.58%,1.56%,0.90%,-1.63%,2.78%,2.00%,2.57%,2.91%,2.22%,1.83%,2.16%,2.36%,9.66%,2.46%,9.01%,91,98,112,119,114,61,75,90,93,85,24.45%,35.59%,32.53%,47.59%,-21.14%,38.80%,82.42%,55.62%,0.00%,0.00%
2003/08/31,2003/07/31,-1.04%,0.10%,-0.51%,0.42%,-0.33%,2.14%,2.32%,1.45%,3.22%,4.04%,0.63%,0.66%,0.88%,6.01%,2.35%,5.81%,90,99,112,120,114,62,76,91,96,89,25.33%,38.18%,33.36%,48.56%,-19.28%,46.86%,88.73%,64.97%,0.00%,0.00%
2003/09/30,2003/08/31,-0.42%,-0.24%,-0.01%,0.00%,0.50%,-1.47%,-1.31%,-0.80%,-0.89%,-0.55%,3.62%,4.59%,6.35%,7.51%,-1.08%,6.13%,89,98,112,120,114,61,75,90,95,88,26.48%,39.45%,38.19%,55.38%,-20.15%,55.86%,102.3%,77.35%,0.00%,0.00%
2003/10/31,2003/09/30,0.60%,-0.29%,1.37%,0.72%,0.03%,6.81%,5.36%,5.78%,6.27%,7.17%,2.24%,1.73%,3.09%,10.10%,6.06%,9.58%,90,98,113,120,114,65,79,96,101,94,25.75%,39.95%,41.29%,58.07%,-15.32%,70.80%,109.5%,95.27%,0.00%,0.00%
2003/11/30,2003/10/31,0.54%,-0.19%,-0.13%,-0.78%,1.04%,2.12%,1.27%,0.88%,1.12%,3.25%,0.89%,0.42%,1.67%,4.12%,1.47%,4.00%,90,98,113,119,115,67,80,97,102,97,26.38%,41.54%,42.54%,58.73%,-14.07%,77.62%,114.8%,103.3%,0.00%,0.00%
2003/12/31,2003/11/30,0.33%,-1.10%,-0.99%,1.53%,-2.06%,4.23%,3.53%,4.22%,5.89%,4.86%,-0.71%,1.95%,-2.18%,4.65%,4.39%,4.07%,91,97,112,121,113,70,83,101,108,102,23.36%,42.42%,41.53%,61.83%,-10.30%,84.85%,114.1%,112.8%,-0.71%,0.00%
2004/01/31,2003/12/31,-0.25%,1.27%,-0.93%,-1.56%,1.46%,2.33%,2.51%,1.61%,1.64%,4.33%,5.13%,5.80%,9.66%,14.58%,2.25%,12.83%,91,98,111,119,115,71,85,102,110,107,25.47%,45.27%,48.78%,71.22%,-8.28%,108.6%,136.7%,143.8%,0.00%,0.00%
2004/02/29,2004/01/31,0.54%,-1.43%,0.85%,0.34%,-0.15%,1.61%,-0.01%,2.59%,1.82%,1.86%,-1.83%,-1.04%,-1.81%,-0.27%,1.48%,0.04%,91,97,112,120,114,72,85,105,112,109,24.59%,45.63%,46.07%,69.45%,-6.92%,108.7%,133.3%,143.1%,-1.83%,-1.04%
2004/03/31,2004/02/29,0.53%,-0.35%,0.13%,-0.40%,-0.42%,-0.27%,-1.26%,-1.19%,-1.31%,-1.24%,-0.76%,-0.22%,-1.26%,-0.20%,-1.09%,-0.14%,92,96,112,119,114,72,84,104,111,107,23.41%,44.22%,44.95%,69.07%,-7.94%,108.4%,135.5%,142.6%,-2.58%,-1.26%
2004/04/30,2004/03/31,-0.18%,0.17%,-0.65%,-0.16%,-2.92%,-1.89%,-0.99%,-2.20%,-2.30%,-3.91%,1.36%,1.24%,-0.22%,-3.15%,-2.03%,-3.52%,91,96,111,119,111,71,83,101,108,103,20.03%,41.29%,46.92%,71.17%,-9.81%,101.0%,132.0%,135.0%,-1.25%,-0.03%
2004/05/31,2004/04/30,0.02%,0.48%,0.31%,0.26%,-0.15%,1.20%,1.38%,1.63%,1.28%,0.49%,0.07%,-0.31%,-0.93%,-0.82%,1.34%,-0.72%,91,97,112,119,110,72,85,103,110,104,19.82%,40.30%,47.02%,70.64%,-8.61%,99.57%,127.2%,133.1%,-1.18%,-0.34%
2004/06/30,2004/05/31,-0.81%,0.40%,-0.13%,0.13%,0.87%,1.31%,2.18%,1.75%,2.05%,3.38%,-1.03%,-0.95%,-2.63%,1.34%,1.96%,1.63%,91,97,111,120,111,73,86,105,112,107,21.84%,43.21%,45.50%,69.01%,-6.81%,102.8%,126.5%,136.2%,-2.21%,-1.29%
2004/07/31,2004/06/30,-1.23%,-0.66%,1.73%,-0.10%,-1.29%,-5.94%,-3.29%,-3.13%,-3.07%,-6.11%,-0.49%,1.05%,-2.67%,-6.67%,-3.87%,-6.98%,90,97,113,119,110,68,84,102,108,101,21.76%,42.97%,44.79%,70.78%,-10.42%,88.66%,119.4%,120.4%,-2.68%,-0.26%
2004/08/31,2004/07/31,0.97%,0.72%,0.61%,-0.70%,-1.76%,0.54%,1.00%,0.72%,-0.26%,-1.65%,-0.52%,0.24%,-1.48%,-1.70%,0.29%,-1.77%,90,97,114,119,108,69,84,102,108,99,18.43%,39.85%,44.04%,71.20%,-10.15%,85.32%,114.9%,116.7%,-3.19%,-0.02%
2004/09/30,2004/08/31,1.59%,-0.37%,-1.04%,0.63%,-0.55%,4.24%,1.19%,1.11%,1.69%,0.99%,-0.61%,-1.62%,-0.17%,2.61%,1.66%,3.09%,92,97,113,119,107,72,85,103,110,100,15.89%,35.31%,43.16%,68.42%,-8.67%,91.05%,118.0%,122.4%,-3.78%,-1.64%
2004/10/31,2004/09/30,-0.61%,0.93%,0.60%,-0.79%,-0.08%,1.05%,2.27%,2.01%,0.66%,2.04%,-0.69%,-0.96%,-1.15%,0.73%,1.55%,1.01%,91,98,114,118,107,72,87,106,111,102,16.51%,36.65%,42.18%,66.80%,-7.25%,92.99%,116.8%,124.0%,-4.44%,-2.58%
2004/11/30,2004/10/31,0.33%,-0.64%,0.44%,0.40%,-1.38%,5.94%,3.65%,5.08%,4.54%,4.91%,0.05%,-0.29%,0.79%,9.72%,4.65%,9.80%,92,97,114,119,106,77,91,111,116,107,14.52%,35.24%,42.25%,66.32%,-2.94%,111.9%,128.0%,145.7%,-4.39%,-2.87%
2004/12/31,2004/11/30,0.82%,1.03%,1.25%,-0.89%,-2.27%,4.28%,4.15%,4.58%,3.00%,1.92%,0.89%,1.99%,3.37%,8.97%,3.62%,8.37%,92,98,115,118,103,80,94,116,119,109,10.97%,32.05%,43.52%,69.63%,0.58%,129.6%,138.8%,167.8%,-3.54%,-0.93%
2005/01/31,2004/12/31,-0.33%,-0.92%,0.86%,-0.52%,1.14%,-3.59%,-3.14%,-1.56%,-3.44%,-1.94%,0.44%,0.62%,0.45%,-3.90%,-2.69%,-4.08%,92,97,116,117,105,77,91,114,115,107,12.61%,34.24%,44.15%,70.68%,-2.13%,120.3%,135.5%,157.3%,-3.11%,-0.31%
2005/02/28,2005/01/31,-0.31%,-1.47%,-0.68%,0.54%,3.33%,1.20%,0.36%,1.56%,2.33%,5.13%,-0.41%,-0.18%,-1.11%,0.70%,2.06%,0.76%,92,96,116,118,108,78,92,116,118,112,16.71%,39.53%,43.56%,70.37%,-0.11%,121.9%,132.4%,159.1%,-3.51%,-0.50%
2005/03/31,2005/02/28,0.34%,-0.85%,0.04%,0.90%,-0.72%,-1.62%,-2.54%,-1.35%,-1.01%,-2.40%,-0.04%,0.32%,-1.05%,-3.55%,-1.73%,-3.65%,92,95,116,119,107,77,89,114,117,110,15.47%,38.44%,43.49%,70.92%,-1.84%,113.8%,128.0%,149.9%,-3.56%,-0.18%
2005/04/30,2005/03/31,0.59%,0.55%,0.77%,0.47%,-1.34%,-1.87%,-2.36%,-1.13%,-2.45%,-3.96%,0.05%,0.46%,-0.07%,-6.21%,-2.23%,-6.34%,93,96,117,120,106,75,87,113,114,105,13.24%,35.54%,43.56%,71.71%,-4.03%,100.3%,118.6%,134.4%,-3.51%,0.00%
2005/05/31,2005/04/30,0.32%,0.19%,-0.46%,0.81%,-0.69%,4.16%,4.16%,3.10%,4.80%,3.55%,-0.53%,-1.20%,-2.44%,4.01%,3.88%,4.37%,93,96,116,120,105,78,91,117,119,109,12.09%,34.72%,42.80%,69.64%,-0.31%,109.0%,119.7%,143.8%,-4.02%,-1.20%
2005/06/30,2005/05/31,0.64%,-0.23%,-1.33%,0.29%,0.36%,1.09%,0.50%,0.37%,0.95%,1.51%,0.01%,-0.29%,-0.29%,3.47%,0.85%,3.56%,94,96,115,121,106,79,91,117,120,111,11.77%,35.29%,42.81%,69.14%,0.54%,116.5%,125.6%,152.3%,-4.01%,-1.50%
2005/07/31,2005/06/30,0.29%,0.36%,0.06%,-0.06%,-0.33%,4.88%,4.33%,3.82%,4.17%,4.02%,0.35%,-0.53%,-0.35%,6.67%,4.20%,6.83%,94,96,115,121,105,83,95,121,125,115,11.09%,34.12%,43.31%,68.24%,4.76%,131.2%,131.5%,169.1%,-3.68%,-2.02%
2005/08/31,2005/07/31,-0.82%,-0.94%,-0.67%,0.06%,2.36%,-2.10%,-1.84%,-1.57%,-1.05%,1.35%,1.51%,1.60%,1.88%,-0.14%,-1.01%,-0.62%,93,95,114,121,108,81,94,120,124,117,14.62%,38.76%,45.47%,70.93%,3.70%,129.8%,132.5%,168.7%,-2.23%,-0.45%
2005/09/30,2005/08/31,0.43%,-0.36%,0.54%,0.32%,0.76%,0.62%,0.24%,0.95%,0.90%,1.16%,0.98%,0.83%,2.05%,1.62%,0.77%,1.37%,93,95,114,121,109,82,94,121,125,118,15.01%,39.50%,46.90%,72.35%,4.50%,133.0%,133.9%,173.1%,-1.26%,0.00%
2005/10/31,2005/09/30,0.92%,1.49%,0.09%,-0.35%,-2.39%,-1.19%,0.09%,-1.80%,-2.17%,-3.94%,0.20%,0.21%,-1.38%,-4.17%,-1.76%,-4.24%,94,96,115,121,106,81,94,118,122,113,11.20%,35.67%,47.19%,72.70%,2.66%,123.1%,128.1%,161.7%,-1.07%,0.00%
2005/11/30,2005/10/31,0.96%,0.44%,-0.04%,-0.29%,0.15%,4.64%,3.73%,3.94%,3.55%,4.01%,-0.41%,-0.86%,-1.45%,2.88%,3.93%,3.13%,95,97,115,120,106,85,97,123,127,118,10.30%,34.82%,46.58%,71.23%,6.69%,130.1%,126.3%,169.2%,-1.48%,-0.86%
2005/12/31,2005/11/30,0.24%,-0.08%,1.01%,-0.24%,-0.44%,0.06%,-0.05%,0.98%,-0.29%,-0.35%,-0.02%,0.35%,1.65%,1.67%,0.04%,1.56%,95,96,116,120,106,85,97,124,126,118,9.56%,34.27%,46.55%,71.83%,6.73%,133.7%,129.7%,173.7%,-1.50%,-0.51%
2006/01/31,2005/12/31,-1.14%,-0.98%,-0.55%,-0.71%,2.34%,4.85%,1.66%,2.66%,3.65%,5.80%,0.85%,0.98%,-0.56%,9.27%,3.44%,8.98%,94,95,115,119,108,89,99,128,131,124,13.36%,35.55%,47.79%,73.52%,10.40%,154.7%,142.4%,199.1%,-0.67%,0.00%
2006/02/28,2006/01/31,0.28%,0.02%,-0.04%,0.77%,-1.11%,0.27%,0.31%,-0.04%,0.82%,-1.07%,1.55%,2.04%,1.59%,1.93%,0.09%,1.32%,95,96,115,120,107,89,99,128,132,123,11.80%,33.73%,50.08%,77.06%,10.50%,158.0%,145.4%,204.9%,0.00%,0.00%
2006/03/31,2006/02/28,-1.25%,-0.44%,0.27%,-0.34%,0.52%,1.57%,1.30%,1.80%,1.90%,3.06%,1.55%,1.43%,0.21%,5.87%,1.90%,5.45%,93,95,115,120,107,90,100,130,135,127,13.78%,35.72%,52.40%,79.60%,12.59%,172.1%,154.1%,222.8%,0.00%,0.00%
2006/04/30,2006/03/31,-0.94%,0.36%,0.97%,0.65%,-2.04%,-0.22%,1.03%,2.47%,1.56%,-0.54%,0.17%,0.15%,-0.39%,0.20%,0.99%,0.15%,93,95,116,121,105,90,102,133,137,126,12.52%,35.28%,52.66%,79.87%,13.71%,172.5%,152.0%,223.4%,0.00%,0.00%
2006/05/31,2006/04/30,-0.72%,-0.06%,-0.17%,0.49%,-0.47%,-4.65%,-2.71%,-2.73%,-2.44%,-3.70%,-0.20%,-0.52%,-1.30%,-6.01%,-3.11%,-5.85%,92,95,116,121,105,86,99,130,133,121,12.80%,36.56%,52.36%,78.94%,10.17%,156.5%,145.1%,204.0%,-0.20%,-0.52%
2006/06/30,2006/05/31,0.19%,0.54%,-0.25%,-0.25%,0.40%,0.17%,0.52%,-0.21%,-0.05%,0.58%,0.42%,0.52%,-0.48%,-0.52%,0.19%,-0.68%,92,96,116,121,105,86,99,129,133,122,13.04%,37.11%,53.00%,79.87%,10.39%,154.8%,143.0%,202.4%,0.00%,-0.00%
2006/07/31,2006/06/30,-0.59%,0.31%,-0.64%,0.11%,1.56%,-1.69%,-0.22%,-0.86%,0.38%,0.98%,0.31%,0.94%,-0.62%,-3.04%,-0.28%,-3.33%,91,96,115,121,107,85,99,128,134,123,15.47%,40.78%,53.48%,81.56%,10.08%,146.3%,135.5%,193.2%,0.00%,0.00%
2006/08/31,2006/07/31,-0.01%,-0.48%,-0.54%,0.62%,1.01%,2.60%,2.07%,1.82%,2.95%,2.92%,0.13%,0.04%,-1.45%,1.92%,2.48%,1.91%,91,96,115,122,108,87,101,130,138,127,16.65%,41.23%,53.68%,81.64%,12.81%,151.0%,134.2%,198.8%,0.00%,0.00%
2006/09/30,2006/08/31,-0.39%,1.09%,0.55%,-0.75%,-0.64%,1.68%,3.26%,2.90%,1.59%,1.46%,-0.55%,-0.28%,-1.09%,0.49%,2.24%,0.58%,91,97,115,121,107,88,104,134,140,129,16.35%,40.93%,52.83%,81.14%,15.33%,152.5%,130.3%,200.3%,-0.55%,-0.28%
2006/10/31,2006/09/30,0.03%,-0.46%,-0.18%,-0.21%,1.07%,3.71%,3.27%,3.29%,3.42%,5.21%,-0.77%,-0.12%,-0.86%,5.35%,3.69%,5.38%,91,96,115,121,108,92,108,139,145,135,17.55%,43.05%,51.65%,80.93%,19.59%,166.1%,134.2%,216.4%,-1.32%,-0.39%
2006/11/30,2006/10/31,0.24%,-1.38%,-0.57%,0.13%,1.75%,2.22%,0.76%,1.74%,2.23%,4.26%,-0.21%,0.34%,-0.51%,3.16%,2.16%,3.05%,91,95,114,121,110,94,109,141,148,141,19.33%,45.98%,51.34%,81.54%,22.17%,174.2%,136.3%,226.3%,-1.52%,-0.05%
2006/12/31,2006/11/30,0.49%,-0.09%,0.02%,0.10%,-1.80%,0.75%,0.95%,1.77%,1.96%,0.28%,0.41%,0.94%,0.22%,2.39%,1.18%,2.11%,92,95,114,121,108,94,110,144,151,142,16.59%,45.29%,51.97%,83.25%,23.61%,180.0%,138.5%,234.1%,-1.12%,0.00%
2007/01/31,2006/12/31,0.73%,-0.08%,0.15%,0.04%,0.18%,2.68%,1.63%,1.97%,1.84%,1.92%,2.24%,2.44%,2.97%,5.04%,2.01%,4.31%,92,95,115,121,108,97,111,146,154,144,15.96%,44.20%,55.38%,87.72%,26.09%,192.0%,144.0%,251.0%,0.00%,0.00%
2007/02/28,2007/01/31,-0.68%,-0.60%,0.67%,1.01%,-1.00%,-1.82%,-2.12%,-1.18%,-0.42%,-2.56%,0.08%,0.54%,0.25%,0.21%,-1.63%,0.05%,92,94,115,122,107,95,109,145,153,141,15.58%,43.12%,55.50%,88.73%,24.04%,192.2%,148.1%,251.7%,0.00%,0.00%
2007/03/31,2007/02/28,-0.53%,-0.54%,-0.16%,0.30%,0.52%,0.74%,0.08%,0.98%,1.71%,2.03%,-0.19%,-0.69%,-1.45%,-0.75%,1.00%,-0.55%,91,94,115,123,108,96,109,146,155,144,16.80%,44.97%,55.21%,87.42%,25.28%,190.6%,144.2%,249.1%,-0.19%,-0.69%
2007/04/30,2007/03/31,-0.48%,-0.35%,-0.12%,1.09%,0.68%,3.53%,3.58%,3.62%,4.16%,4.63%,0.16%,0.31%,0.64%,2.72%,3.86%,2.62%,91,93,115,124,109,99,113,151,162,150,18.15%,46.55%,55.46%,88.01%,30.12%,198.2%,141.2%,258.6%,-0.03%,-0.38%
2007/05/31,2007/04/30,-0.91%,-0.75%,0.26%,0.64%,0.45%,2.79%,2.61%,3.87%,4.45%,4.34%,-1.83%,-1.62%,-3.59%,0.81%,3.54%,1.29%,90,93,115,125,109,102,116,157,169,157,19.75%,48.83%,52.62%,84.96%,34.73%,202.1%,135.8%,261.5%,-1.85%,-2.00%
2007/06/30,2007/05/31,-0.68%,0.07%,-1.33%,-0.77%,2.08%,-2.15%,-1.40%,-2.71%,-2.01%,-0.40%,-0.03%,0.45%,0.20%,-0.71%,-1.77%,-0.85%,89,93,114,124,111,100,114,153,166,156,23.05%,51.43%,52.57%,85.80%,32.35%,199.5%,138.0%,258.9%,-1.88%,-1.55%
2007/07/31,2007/06/30,-0.31%,-0.74%,0.07%,0.62%,1.82%,-4.20%,-3.64%,-4.11%,-2.78%,-2.43%,-0.67%,-0.22%,0.48%,-5.80%,-3.46%,-5.74%,89,92,114,124,113,96,110,147,161,152,25.66%,54.11%,51.56%,85.40%,27.77%,182.3%,132.5%,238.1%,-2.54%,-1.77%
2007/08/31,2007/07/31,-0.03%,0.67%,0.40%,0.09%,-0.50%,1.30%,1.77%,1.63%,1.86%,0.62%,-3.11%,-2.06%,-5.01%,-3.09%,1.50%,-2.48%,89,93,114,125,113,97,112,149,164,153,25.07%,53.07%,46.85%,81.57%,29.69%,175.3%,123.3%,227.6%,-5.57%,-3.79%
2007/09/30,2007/08/31,1.77%,0.25%,-1.01%,-0.76%,-1.08%,5.36%,2.91%,2.58%,2.95%,4.92%,-0.88%,-1.26%,-0.38%,1.18%,3.55%,1.56%,91,93,113,124,112,102,115,153,169,161,21.51%,52.39%,45.55%,79.29%,34.30%,179.6%,118.8%,231.5%,-6.40%,-5.00%
2007/10/31,2007/09/30,-0.31%,-0.84%,-0.13%,3.13%,-3.00%,2.51%,0.53%,1.26%,5.54%,1.31%,0.29%,-0.74%,-1.29%,0.09%,2.05%,0.31%,90,92,113,127,108,105,116,155,178,163,18.23%,50.56%,45.98%,77.97%,37.05%,180.5%,115.0%,231.8%,-6.12%,-5.70%
2007/11/30,2007/10/31,-0.27%,0.43%,0.24%,-0.24%,0.35%,-5.02%,-3.53%,-4.51%,-5.26%,-4.77%,-0.28%,-0.45%,-3.29%,-10.69%,-4.49%,-10.55%,90,93,113,127,109,99,112,148,169,155,18.96%,50.95%,45.57%,77.17%,30.89%,150.9%,102.0%,196.3%,-6.38%,-6.12%
2007/12/31,2007/11/30,-1.82%,-0.59%,-0.57%,0.36%,-0.46%,-1.06%,-1.33%,-2.31%,0.10%,1.31%,-0.03%,-0.88%,-1.52%,-2.34%,-0.68%,-2.07%,89,92,113,128,108,98,111,144,169,157,20.58%,54.52%,45.53%,75.61%,30.00%,145.7%,99.20%,189.4%,-6.41%,-6.95%
2008/01/31,2007/12/31,0.32%,1.37%,-1.27%,-0.42%,3.35%,-6.56%,-4.29%,-5.96%,-6.83%,-7.13%,2.42%,2.33%,2.93%,-3.39%,-5.98%,-4.09%,89,93,111,127,112,92,106,136,158,146,24.23%,53.64%,49.05%,79.69%,22.22%,135.6%,103.0%,179.6%,-4.15%,-4.79%
2008/02/29,2008/01/31,-1.73%,-0.49%,-0.79%,0.85%,0.94%,-3.57%,-3.70%,-4.20%,-2.60%,-0.87%,2.50%,1.95%,2.44%,-1.46%,-3.00%,-2.05%,87,93,110,128,113,89,102,130,153,145,27.54%,57.79%,52.78%,83.21%,18.56%,130.8%,104.9%,175.5%,-1.75%,-2.93%
2008/03/31,2008/02/29,-2.14%,1.06%,1.22%,-0.12%,-2.20%,-1.78%,0.18%,-0.46%,-0.90%,-1.27%,1.04%,0.73%,-3.58%,-3.58%,-0.63%,-3.80%,85,94,112,128,110,87,102,130,152,143,27.47%,58.58%,54.37%,84.54%,17.81%,122.1%,98.41%,165.6%,-0.73%,-2.22%
2008/04/30,2008/03/31,1.02%,-1.26%,0.26%,-0.18%,2.86%,4.94%,2.87%,5.04%,4.69%,7.89%,-1.15%,-1.13%,-2.34%,1.34%,4.79%,1.67%,86,93,112,128,114,91,105,136,159,154,29.81%,63.26%,52.60%,82.47%,23.46%,125.8%,92.22%,169.2%,-1.87%,-3.32%
2008/05/31,2008/04/30,-0.47%,-0.56%,-0.42%,-0.11%,-0.53%,3.24%,1.23%,1.15%,2.38%,2.98%,0.75%,0.41%,-0.20%,3.91%,1.98%,3.79%,86,92,112,128,113,94,106,138,163,159,29.74%,62.83%,53.74%,83.21%,25.90%,134.3%,95.70%,179.7%,-1.13%,-2.93%
2008/06/30,2008/05/31,-3.09%,-1.22%,-1.00%,-0.07%,0.32%,-10.12%,-8.97%,-8.32%,-8.89%,-5.68%,1.25%,-0.85%,0.20%,-10.63%,-8.40%,-10.38%,83,91,110,128,113,85,97,126,149,150,34.15%,70.06%,55.66%,81.64%,15.32%,110.0%,91.82%,150.0%,0.00%,-3.75%
2008/07/31,2008/06/30,0.42%,3.34%,0.67%,1.54%,-5.14%,-0.53%,3.37%,-0.72%,1.19%,-7.18%,-1.80%,-0.32%,-5.06%,-0.79%,-0.54%,-0.69%,84,94,111,130,107,84,100,125,150,139,26.69%,58.75%,52.85%,81.06%,14.70%,108.6%,91.54%,148.0%,-1.80%,-4.07%
2008/08/31,2008/07/31,-1.25%,-0.74%,0.32%,-0.65%,1.38%,0.84%,1.56%,2.60%,1.47%,1.26%,1.06%,2.37%,-1.73%,4.70%,1.65%,3.99%,83,93,111,129,109,85,102,129,153,141,30.02%,59.42%,54.48%,85.35%,16.60%,116.9%,96.02%,159.7%,-0.76%,-1.79%
2008/09/30,2008/08/31,0.19%,1.33%,3.01%,-3.12%,-2.62%,-9.78%,-5.43%,-6.08%,-12.81%,-13.99%,-2.19%,-0.69%,-5.18%,-13.45%,-8.85%,-13.25%,83,95,115,125,106,77,96,121,133,121,26.37%,52.71%,51.10%,84.08%,6.28%,88.15%,87.39%,124.7%,-2.93%,-2.47%
2008/10/31,2008/09/30,-1.73%,-1.37%,-1.11%,-1.25%,1.37%,-20.54%,-16.01%,-16.39%,-18.55%,-17.63%,1.35%,-0.37%,-1.08%,-24.33%,-17.40%,-24.22%,81,93,114,123,108,61,81,101,108,100,30.29%,57.15%,53.13%,83.40%,-12.22%,42.58%,74.62%,70.05%,-1.62%,-2.82%
2008/11/30,2008/10/31,-3.43%,1.17%,0.53%,-1.35%,0.88%,-11.56%,-7.62%,-7.48%,-8.94%,-5.15%,1.72%,-0.40%,-3.10%,-16.86%,-7.97%,-16.74%,79,94,114,121,109,54,75,93,99,95,35.91%,67.22%,55.76%,82.66%,-19.21%,18.72%,59.31%,41.38%,0.00%,-3.22%
2008/12/31,2008/11/30,1.58%,-1.02%,0.39%,1.89%,0.21%,3.78%,0.69%,2.46%,3.92%,0.09%,-2.58%,-2.01%,-5.92%,0.11%,2.00%,0.71%,80,93,115,124,109,56,75,96,102,95,34.05%,61.04%,51.73%,78.98%,-17.59%,19.56%,57.25%,41.54%,-2.58%,-5.16%
2009/01/31,2008/12/31,2.59%,-0.73%,-3.58%,-1.61%,4.72%,-6.01%,-9.90%,-10.05%,-8.24%,-4.09%,7.52%,6.89%,16.92%,4.94%,-8.28%,2.87%,82,93,111,122,114,53,68,86,94,91,36.91%,64.13%,63.14%,91.32%,-24.42%,22.99%,74.79%,48.53%,0.00%,0.00%
2009/02/28,2009/01/31,-0.80%,-1.63%,-0.24%,-0.94%,-2.17%,-9.61%,-11.16%,-9.44%,-10.91%,-9.71%,-1.40%,-0.19%,-4.00%,-12.34%,-10.22%,-12.28%,81,91,110,121,111,48,60,78,84,82,35.04%,63.96%,60.86%,90.96%,-32.14%,7.89%,71.20%,30.20%,-1.40%,-0.19%
2009/03/31,2009/02/28,1.80%,2.15%,0.06%,0.59%,-0.56%,10.17%,11.09%,7.01%,9.40%,7.98%,0.18%,3.29%,2.00%,17.58%,8.87%,16.59%,83,93,110,121,111,52,67,83,92,88,31.86%,60.37%,61.15%,97.25%,-26.13%,25.79%,84.42%,53.09%,-1.22%,0.00%
2009/04/30,2009/03/31,3.24%,-0.11%,0.88%,-0.84%,0.44%,15.12%,12.77%,6.60%,9.64%,10.59%,-5.40%,8.08%,-1.29%,32.25%,10.45%,29.83%,85,93,111,120,111,60,75,89,100,98,28.17%,53.11%,52.45%,113.2%,-18.40%,63.31%,120.1%,102.5%,-6.55%,0.00%
2009/05/31,2009/04/30,0.69%,-0.73%,-0.14%,-1.72%,0.85%,6.41%,4.67%,4.00%,4.44%,7.50%,0.40%,5.59%,3.85%,16.29%,5.16%,14.62%,86,92,111,118,112,64,79,92,105,105,28.38%,54.77%,53.07%,125.1%,-14.20%,87.18%,141.0%,135.5%,-6.17%,0.00%
2009/06/30,2009/05/31,1.17%,0.40%,0.43%,0.00%,-2.00%,0.82%,1.58%,0.30%,0.51%,-2.34%,4.02%,2.52%,6.50%,6.82%,0.39%,6.06%,87,93,112,118,110,65,80,93,105,103,24.32%,49.89%,59.23%,130.8%,-13.86%,98.53%,154.6%,151.5%,-2.40%,0.00%
2009/07/31,2009/06/30,-2.57%,-0.58%,1.43%,-0.23%,0.37%,7.62%,6.82%,8.42%,6.57%,10.39%,-0.03%,1.60%,-1.92%,10.25%,7.78%,9.77%,85,92,113,118,110,70,85,101,112,113,27.97%,54.04%,59.18%,134.5%,-7.16%,117.9%,159.7%,177.3%,-2.43%,0.00%
2009/08/31,2009/07/31,-1.84%,1.27%,-0.89%,-0.02%,-1.74%,4.70%,3.17%,3.07%,2.85%,4.40%,7.76%,11.60%,11.15%,18.93%,3.49%,15.45%,83,93,112,118,108,73,88,104,116,118,28.10%,53.58%,71.53%,161.7%,-3.92%,151.6%,190.8%,229.8%,0.00%,0.00%
2009/09/30,2009/08/31,0.72%,-1.79%,0.27%,0.12%,-1.34%,6.02%,3.16%,3.33%,4.60%,5.14%,0.52%,4.27%,1.48%,13.32%,4.15%,12.04%,84,92,113,118,107,77,91,107,121,124,25.46%,52.23%,72.42%,172.8%,0.06%,181.9%,213.7%,273.7%,0.00%,0.00%
2009/10/31,2009/09/30,-0.16%,1.80%,0.15%,-0.52%,0.10%,-2.87%,-1.79%,-2.12%,-3.64%,-3.80%,-1.27%,-2.98%,-2.84%,-10.02%,-2.59%,-9.13%,84,93,113,117,107,75,89,105,117,120,25.78%,50.81%,70.24%,164.7%,-2.53%,156.2%,193.2%,236.3%,-1.27%,-2.98%
2009/11/30,2009/10/31,-1.64%,-0.03%,1.06%,1.00%,-0.80%,4.72%,5.45%,6.00%,6.55%,4.88%,-1.11%,-1.09%,-3.54%,1.65%,5.59%,1.97%,82,93,114,119,106,79,94,111,124,126,26.83%,51.05%,68.35%,161.8%,2.92%,161.2%,182.6%,241.8%,-2.36%,-4.04%
2009/12/31,2009/11/30,-0.77%,0.28%,0.68%,0.14%,0.42%,2.10%,3.29%,3.20%,1.83%,4.24%,0.64%,-0.00%,-0.09%,7.47%,2.80%,7.47%,82,94,115,119,107,80,97,115,126,131,28.34%,54.29%,69.42%,161.8%,5.80%,180.7%,195.8%,267.3%,-1.74%,-4.04%
2010/01/31,2009/12/31,-0.09%,-0.97%,-0.30%,0.60%,-0.78%,-3.94%,-4.08%,-3.04%,-2.05%,-3.26%,2.17%,3.87%,2.58%,1.82%,-3.38%,0.66%,82,93,114,120,106,77,93,111,124,127,27.46%,55.34%,73.09%,171.9%,2.23%,182.6%,207.8%,274.0%,0.00%,-0.33%
2010/02/28,2010/01/31,-0.09%,0.53%,-0.05%,-1.27%,1.42%,2.90%,4.21%,3.36%,2.52%,4.14%,1.37%,0.40%,2.18%,4.82%,3.44%,4.70%,81,93,114,118,107,79,97,115,127,132,29.40%,57.27%,75.46%,173.0%,5.74%,195.9%,211.6%,292.1%,0.00%,0.00%
2010/03/31,2010/02/28,-0.52%,0.37%,-0.68%,2.53%,-0.90%,5.67%,6.94%,5.64%,8.36%,5.58%,1.20%,1.08%,1.70%,8.61%,6.36%,8.28%,81,94,113,121,106,84,104,121,138,139,28.91%,57.14%,77.57%,176.0%,12.47%,220.4%,217.6%,325.8%,0.00%,0.00%
2010/04/30,2010/03/31,0.49%,-0.31%,-0.54%,1.44%,-1.00%,1.24%,2.04%,1.99%,3.81%,2.53%,6.06%,6.97%,8.81%,14.39%,2.11%,12.30%,81,93,113,123,105,85,106,124,143,143,26.99%,59.17%,88.34%,195.2%,14.85%,259.8%,250.0%,387.1%,0.00%,0.00%
2010/05/31,2010/04/30,0.22%,0.20%,0.57%,0.98%,0.46%,-7.73%,-8.45%,-7.19%,-7.88%,-7.83%,-0.43%,-1.06%,-1.37%,-10.17%,-7.82%,-9.86%,82,93,113,124,106,78,97,115,132,132,27.30%,59.01%,87.54%,192.1%,5.86%,224.3%,242.9%,337.5%,-0.43%,-1.06%
2010/06/30,2010/05/31,0.83%,0.23%,-0.03%,0.34%,-0.96%,-4.20%,-5.73%,-6.21%,-5.36%,-8.15%,-2.00%,-2.78%,-4.21%,-11.22%,-5.53%,-10.38%,82,94,113,124,105,75,92,108,125,121,25.03%,52.73%,83.79%,183.9%,0.01%,190.7%,226.2%,288.4%,-2.42%,-3.81%
2010/07/31,2010/06/30,-0.77%,-0.48%,1.71%,0.69%,-1.32%,6.97%,6.39%,8.15%,6.74%,6.23%,-0.86%,-0.66%,-2.65%,5.27%,7.01%,5.46%,82,93,115,125,103,80,97,117,133,128,24.34%,51.60%,82.21%,182.1%,7.02%,206.5%,221.2%,308.9%,-3.25%,-4.45%
2010/08/31,2010/07/31,1.25%,-0.03%,-0.18%,0.45%,1.54%,-3.76%,-4.71%,-5.39%,-4.51%,-6.10%,0.01%,-0.38%,0.35%,-7.26%,-4.66%,-7.15%,83,93,115,126,105,77,93,110,127,121,24.70%,48.04%,82.23%,181.0%,2.02%,184.6%,213.2%,279.2%,-3.24%,-4.81%
2010/09/30,2010/08/31,-0.89%,0.69%,-0.34%,0.42%,-1.26%,10.69%,8.98%,9.00%,8.85%,11.01%,0.92%,0.37%,-2.69%,11.64%,9.41%,11.53%,82,94,115,126,104,86,101,120,138,134,24.24%,48.51%,83.91%,182.0%,11.62%,217.4%,219.9%,323.3%,-2.35%,-4.46%
2010/10/31,2010/09/30,-0.83%,0.12%,0.10%,1.37%,-0.30%,4.05%,3.74%,3.48%,4.32%,4.08%,0.95%,0.05%,0.45%,4.60%,3.89%,4.58%,81,94,115,128,103,89,105,124,144,139,24.90%,48.56%,85.66%,182.2%,15.96%,232.0%,222.1%,342.8%,-1.42%,-4.41%
2010/11/30,2010/10/31,0.34%,-0.53%,0.75%,-0.26%,-1.07%,1.22%,0.16%,0.73%,-0.01%,0.72%,-0.06%,-0.62%,-2.25%,0.39%,0.54%,0.57%,82,93,116,128,102,90,105,125,144,140,23.14%,47.81%,85.55%,180.4%,16.58%,233.9%,222.2%,344.5%,-1.48%,-5.01%
2010/12/31,2010/11/30,-1.57%,-0.40%,-0.87%,-1.10%,0.66%,5.25%,7.04%,7.36%,6.46%,8.33%,-0.53%,1.21%,0.45%,10.97%,6.70%,10.61%,80,93,115,126,103,95,113,135,153,152,25.88%,52.37%,84.57%,183.8%,24.40%,269.3%,234.8%,393.3%,-2.00%,-3.86%
2011/01/31,2010/12/31,1.48%,0.62%,-1.06%,-0.05%,-1.35%,3.26%,2.52%,1.69%,1.53%,0.30%,1.22%,2.92%,2.34%,4.60%,2.06%,3.72%,81,94,114,126,102,98,115,137,156,152,22.32%,47.85%,86.81%,192.1%,26.96%,283.1%,240.4%,416.0%,-0.81%,-1.05%
2011/02/28,2011/01/31,1.52%,-0.63%,-0.09%,-0.11%,-0.37%,4.69%,2.98%,3.40%,3.41%,3.72%,0.12%,0.93%,0.05%,5.43%,3.59%,5.15%,83,93,113,126,101,102,119,141,161,158,20.00%,46.42%,87.04%,194.8%,31.52%,302.8%,245.7%,444.0%,-0.69%,-0.14%
2011/03/31,2011/02/28,-0.06%,-0.25%,-0.36%,1.41%,1.95%,0.71%,-0.33%,-0.24%,1.27%,1.60%,-0.15%,-0.74%,-1.19%,0.12%,0.49%,0.34%,83,93,113,128,103,103,118,141,163,161,22.41%,47.72%,86.76%,192.6%,32.16%,304.2%,245.2%,444.6%,-0.84%,-0.88%
2011/04/30,2011/03/31,-0.65%,-0.52%,0.88%,1.17%,-1.60%,3.02%,2.15%,3.15%,3.76%,1.99%,-0.14%,-0.63%,-1.80%,0.74%,2.97%,0.93%,82,92,114,129,102,106,121,146,169,164,21.25%,46.19%,86.51%,190.8%,36.08%,307.9%,238.2%,448.7%,-0.97%,-1.51%
2011/05/31,2011/04/30,-0.22%,-0.60%,0.58%,0.59%,0.12%,-1.07%,-2.07%,-0.92%,-0.95%,-1.28%,0.30%,0.27%,-1.15%,-2.53%,-1.22%,-2.61%,82,92,115,130,102,105,118,144,168,162,21.66%,45.88%,87.06%,191.5%,34.42%,297.3%,233.5%,434.8%,-0.68%,-1.24%
2011/06/30,2011/05/31,0.05%,0.57%,0.26%,0.16%,0.47%,-1.84%,-1.52%,-1.61%,-1.87%,-1.97%,-0.13%,0.22%,-1.38%,-3.37%,-1.74%,-3.44%,82,92,115,130,102,103,117,142,165,159,22.17%,45.70%,86.81%,192.2%,32.08%,283.6%,227.8%,416.7%,-0.81%,-1.02%
2011/07/31,2011/06/30,2.37%,0.35%,0.04%,-0.05%,-1.54%,-0.12%,-2.15%,-2.52%,-2.58%,-4.16%,-0.33%,0.20%,0.21%,-2.19%,-2.26%,-2.25%,84,93,115,130,101,103,114,138,160,152,17.39%,39.82%,86.20%,192.8%,29.09%,275.0%,227.8%,405.4%,-1.13%,-0.83%
2011/08/31,2011/07/31,-0.05%,-0.18%,1.10%,0.88%,-0.40%,-6.31%,-6.41%,-5.01%,-5.42%,-7.31%,0.31%,0.49%,-2.36%,-10.18%,-5.89%,-10.33%,84,92,116,131,100,97,107,131,152,141,16.98%,38.42%,86.78%,194.2%,21.49%,236.2%,213.2%,353.9%,-0.83%,-0.34%
2011/09/30,2011/08/31,0.93%,-1.19%,1.05%,-0.26%,-2.76%,-7.17%,-8.49%,-6.38%,-7.12%,-11.86%,0.90%,1.30%,-1.78%,-11.22%,-7.63%,-11.61%,85,91,118,131,97,90,98,123,141,124,12.66%,31.93%,88.47%,198.0%,12.22%,197.2%,200.8%,303.0%,0.00%,0.00%
2011/10/31,2011/09/30,-1.69%,1.72%,-1.21%,0.73%,0.15%,10.17%,13.19%,10.03%,11.31%,14.29%,-3.04%,-2.48%,-5.36%,10.57%,11.39%,11.32%,83,93,116,132,98,99,111,135,157,142,14.73%,37.37%,82.74%,190.6%,25.00%,230.8%,200.6%,345.6%,-3.04%,-2.48%
2011/11/30,2011/10/31,-0.80%,1.73%,1.31%,0.52%,-2.06%,-1.33%,1.03%,0.52%,-0.19%,-3.60%,0.32%,-1.17%,-1.70%,-4.19%,-0.35%,-3.84%,83,95,118,133,96,97,112,136,156,137,13.29%,34.26%,83.33%,187.2%,24.56%,218.1%,190.1%,326.9%,-2.73%,-3.63%
2011/12/31,2011/11/30,0.03%,0.03%,0.40%,1.21%,-0.82%,0.19%,0.24%,0.92%,2.06%,-0.14%,0.38%,0.75%,-0.10%,0.14%,0.85%,-0.09%,83,95,118,134,95,98,112,137,160,137,12.32%,33.81%,84.02%,189.4%,25.62%,217.8%,187.4%,327.5%,-2.36%,-2.91%
2012/01/31,2011/12/31,1.39%,-1.97%,-1.71%,-0.92%,-0.70%,7.84%,3.58%,4.55%,4.63%,6.03%,-0.04%,1.36%,1.15%,11.80%,5.09%,11.39%,84,93,116,133,94,105,116,144,167,145,9.97%,31.39%,83.94%,193.3%,32.02%,254.1%,205.5%,377.9%,-2.40%,-1.59%
2012/02/29,2012/01/31,3.61%,-1.51%,-0.04%,-0.88%,-1.09%,7.05%,2.47%,3.89%,4.31%,4.06%,1.37%,2.24%,1.03%,5.47%,4.25%,4.80%,87,91,116,132,93,113,119,149,174,151,4.81%,27.45%,86.46%,199.9%,37.63%,271.0%,207.1%,404.1%,-1.07%,0.00%
2012/03/31,2012/02/29,1.61%,0.00%,-0.21%,0.62%,-0.97%,4.08%,2.98%,2.23%,3.86%,2.48%,0.64%,0.95%,0.04%,2.93%,3.15%,2.64%,88,91,116,133,92,117,123,152,181,154,2.10%,25.41%,87.65%,202.7%,41.95%,280.8%,205.6%,418.8%,-0.44%,0.00%
2012/04/30,2012/03/31,0.81%,1.10%,0.69%,0.24%,0.66%,-0.66%,-0.23%,-1.03%,-1.10%,-0.35%,0.39%,0.30%,0.82%,-1.47%,-0.69%,-1.56%,89,92,117,133,93,117,122,151,179,154,1.96%,25.80%,88.39%,203.6%,40.97%,274.9%,202.9%,411.2%,-0.04%,0.00%
2012/05/31,2012/04/30,0.57%,1.00%,0.77%,-0.19%,0.26%,-5.60%,-5.18%,-5.84%,-6.99%,-6.43%,1.24%,1.07%,1.59%,-7.24%,-6.09%,-7.56%,89,93,117,133,93,110,116,142,166,144,1.64%,24.75%,90.73%,206.9%,32.39%,246.5%,198.4%,374.2%,0.00%,0.00%
2012/06/30,2012/05/31,-1.84%,-0.47%,-0.57%,1.59%,0.94%,2.18%,3.08%,3.40%,5.46%,5.07%,0.13%,0.19%,-1.15%,4.05%,3.98%,3.99%,88,93,117,135,94,112,119,147,176,151,4.47%,28.36%,90.97%,207.4%,37.67%,260.4%,198.5%,393.4%,0.00%,0.00%
2012/07/31,2012/06/30,1.95%,-0.07%,0.49%,0.13%,-1.13%,1.65%,0.25%,1.19%,1.10%,0.02%,-0.57%,-0.02%,0.50%,-0.91%,0.87%,-0.90%,89,93,117,135,93,114,120,149,178,151,1.26%,26.26%,89.89%,207.4%,38.87%,257.1%,193.2%,388.9%,-0.57%,-0.02%
2012/08/31,2012/07/31,2.03%,-0.28%,-0.51%,-0.55%,-0.54%,4.60%,2.57%,1.78%,2.00%,2.36%,-0.67%,-0.33%,-1.35%,2.97%,2.50%,3.07%,91,92,117,134,92,120,123,151,181,155,-1.35%,23.42%,88.62%,206.3%,42.34%,268.1%,194.8%,403.4%,-1.24%,-0.36%
2012/09/30,2012/08/31,-0.81%,-0.18%,-0.58%,0.43%,0.38%,1.97%,2.31%,2.01%,3.14%,3.33%,0.05%,2.14%,-0.38%,5.93%,2.56%,5.29%,90,92,116,135,93,122,126,154,187,160,-0.18%,25.10%,88.71%,212.9%,45.99%,287.5%,202.9%,433.2%,-1.18%,0.00%
2012/10/31,2012/09/30,-1.98%,1.09%,0.94%,-0.48%,1.30%,-4.51%,-1.05%,-1.19%,-1.65%,-0.14%,-2.67%,-1.44%,-3.38%,-3.80%,-1.70%,-3.37%,89,93,117,134,94,116,124,152,184,160,3.09%,30.57%,83.67%,208.4%,43.50%,274.4%,197.8%,412.9%,-3.83%,-1.44%
2012/11/30,2012/10/31,-0.21%,-0.05%,0.43%,-0.43%,-0.38%,0.97%,0.79%,1.27%,0.27%,0.18%,-0.06%,-0.74%,-1.19%,-0.62%,0.66%,-0.40%,89,93,118,134,94,118,125,154,184,160,2.90%,29.55%,83.56%,206.1%,44.45%,272.9%,194.6%,409.7%,-3.88%,-2.17%
2012/12/31,2012/11/30,0.12%,0.46%,0.09%,-0.11%,0.28%,0.29%,2.08%,1.58%,0.81%,2.38%,-1.83%,-0.44%,-3.18%,1.92%,1.26%,2.05%,89,94,118,134,94,118,128,157,186,164,3.08%,32.25%,80.19%,204.8%,46.27%,280.6%,197.0%,419.5%,-5.65%,-2.59%
2013/01/31,2012/12/31,-2.72%,0.83%,0.33%,0.76%,-0.10%,2.74%,6.15%,5.99%,6.51%,5.99%,0.63%,0.51%,1.27%,7.64%,5.53%,7.48%,86,94,118,135,94,121,136,166,198,174,5.77%,36.55%,81.33%,206.4%,54.35%,309.1%,202.8%,459.2%,-5.05%,-2.09%
2013/02/28,2013/01/31,-0.49%,-0.45%,0.32%,0.45%,0.15%,0.69%,0.65%,1.56%,1.77%,1.58%,-0.32%,-0.12%,-0.81%,0.39%,1.30%,0.42%,86,94,119,135,94,122,137,169,201,176,6.45%,37.75%,80.75%,206.0%,56.35%,310.8%,200.2%,461.4%,-5.36%,-2.21%
2013/03/31,2013/02/28,-0.15%,-0.26%,0.19%,-0.27%,0.47%,4.09%,3.85%,4.02%,3.60%,4.84%,-0.82%,-0.78%,-1.38%,3.51%,4.00%,3.74%,86,94,119,135,94,127,142,176,208,185,7.11%,38.79%,79.26%,203.6%,62.60%,326.2%,199.4%,481.1%,-6.13%,-2.98%
2013/04/30,2013/03/31,0.48%,0.32%,0.33%,-0.77%,1.49%,1.96%,1.16%,1.77%,1.00%,3.33%,-0.53%,-1.28%,-1.08%,-1.53%,1.68%,-1.15%,86,94,119,134,96,129,144,179,211,191,8.18%,40.69%,78.31%,199.7%,65.33%,321.3%,190.9%,472.2%,-6.63%,-4.21%
2013/05/31,2013/04/30,0.19%,0.84%,-1.30%,-0.94%,-0.31%,1.86%,3.48%,2.26%,1.91%,3.16%,1.23%,2.27%,0.57%,6.76%,2.46%,6.08%,86,95,118,132,95,132,149,183,215,197,7.64%,42.52%,80.49%,206.5%,69.40%,346.9%,201.5%,510.9%,-5.49%,-2.04%
2013/06/30,2013/05/31,-0.68%,-0.18%,0.41%,-0.02%,0.08%,-1.81%,-1.14%,-0.70%,-1.26%,-1.43%,-0.11%,-0.31%,-0.19%,-1.10%,-1.25%,-1.01%,86,95,118,132,95,129,147,182,212,194,8.45%,43.06%,80.30%,205.6%,67.28%,342.4%,202.2%,504.1%,-5.59%,-2.35%
2013/07/31,2013/06/30,1.09%,-0.41%,-0.70%,0.28%,-1.68%,6.66%,5.40%,4.81%,5.61%,4.77%,1.66%,2.64%,1.13%,9.70%,5.46%,8.91%,87,94,117,133,94,138,155,190,224,204,5.45%,40.35%,83.30%,213.6%,76.41%,381.8%,212.6%,562.7%,-4.02%,0.00%
2013/08/31,2013/07/31,0.91%,-0.45%,-0.87%,-0.79%,0.79%,-0.95%,-2.98%,-3.65%,-3.53%,-2.79%,-0.04%,-0.57%,0.92%,-2.85%,-2.84%,-2.68%,87,94,116,132,95,137,150,183,216,198,5.32%,37.77%,83.22%,211.8%,71.40%,368.9%,213.1%,543.8%,-4.06%,-0.57%
2013/09/30,2013/08/31,0.81%,-0.80%,-0.52%,-0.02%,0.51%,5.69%,3.73%,2.86%,3.32%,4.42%,0.20%,-0.87%,0.78%,5.32%,3.76%,5.58%,88,93,116,132,95,145,156,189,223,207,5.00%,36.03%,83.58%,209.1%,77.84%,395.1%,218.8%,578.1%,-3.87%,-1.43%
2013/10/31,2013/09/30,-0.58%,-0.05%,0.73%,-0.77%,1.45%,2.63%,3.80%,4.98%,3.70%,6.01%,-0.77%,-0.97%,-2.83%,1.03%,4.19%,1.32%,88,93,117,131,96,148,162,198,231,219,7.13%,40.63%,82.17%,206.1%,85.29%,401.6%,209.7%,585.1%,-4.61%,-2.39%
2013/11/30,2013/10/31,-1.21%,-0.70%,0.07%,0.58%,-1.14%,2.31%,2.55%,2.86%,3.63%,2.35%,0.26%,0.05%,-0.28%,3.72%,2.86%,3.70%,87,92,117,131,95,152,166,204,240,224,7.20%,40.68%,82.63%,206.3%,90.59%,420.2%,212.3%,610.6%,-4.37%,-2.34%
2013/12/31,2013/11/30,-0.42%,0.33%,-0.29%,-0.38%,-0.61%,2.29%,3.19%,2.57%,2.34%,2.42%,-0.58%,-0.41%,-0.38%,2.88%,2.61%,3.00%,86,93,116,131,95,155,171,209,245,230,7.00%,40.87%,81.58%,205.0%,95.56%,435.8%,213.5%,631.0%,-4.92%,-2.74%
2014/01/31,2013/12/31,1.42%,-1.81%,0.10%,1.48%,0.93%,-1.43%,-4.86%,-3.23%,-2.13%,-3.39%,3.10%,3.12%,6.69%,3.88%,-3.13%,2.95%,87,91,116,133,96,153,163,202,240,222,6.47%,38.10%,87.20%,214.6%,89.43%,451.6%,232.6%,659.4%,-1.98%,0.00%
2014/02/28,2014/01/31,0.85%,0.98%,-0.45%,-0.13%,-0.66%,5.74%,5.47%,3.99%,4.48%,4.38%,-0.03%,-0.42%,0.55%,4.98%,4.67%,5.10%,88,92,116,133,95,162,172,210,251,232,4.87%,36.22%,87.15%,213.3%,98.28%,479.7%,234.0%,697.2%,-2.00%,-0.42%
2014/03/31,2014/02/28,-1.00%,0.26%,1.16%,0.91%,-1.95%,-2.07%,0.56%,0.60%,1.56%,0.23%,0.33%,0.85%,0.18%,0.36%,0.51%,0.11%,87,92,117,134,93,158,173,211,255,232,3.88%,39.35%,87.76%,215.9%,99.29%,480.3%,232.7%,700.1%,-1.68%,0.00%
2014/04/30,2014/03/31,0.29%,0.01%,1.44%,0.46%,-0.84%,-1.72%,0.90%,-0.17%,0.44%,-0.85%,-0.77%,-0.54%,-1.59%,-4.85%,-0.02%,-4.68%,87,92,119,135,92,156,174,211,256,230,2.71%,40.56%,86.32%,214.2%,99.24%,453.2%,217.2%,661.3%,-2.44%,-0.54%
2014/05/31,2014/04/30,1.73%,-0.13%,0.75%,-0.63%,-0.01%,2.55%,2.20%,2.34%,1.62%,2.05%,-0.19%,-0.02%,-0.47%,-0.02%,2.10%,-0.01%,89,92,120,134,92,160,178,216,260,235,0.93%,39.85%,85.96%,214.1%,103.4%,453.1%,210.5%,661.1%,-2.63%,-0.57%
2014/06/30,2014/05/31,-1.12%,0.43%,-0.24%,-0.25%,-0.21%,3.32%,2.95%,1.98%,2.07%,3.01%,-0.87%,-0.28%,-1.42%,4.53%,2.50%,4.62%,88,92,119,133,92,165,183,220,265,242,1.85%,39.41%,84.33%,213.2%,108.5%,478.6%,217.0%,695.7%,-3.48%,-0.85%
2014/07/31,2014/06/30,1.80%,-0.18%,-0.83%,0.04%,1.84%,-2.49%,-2.38%,-2.27%,-1.53%,-1.16%,0.83%,1.13%,1.48%,-3.81%,-1.95%,-4.15%,90,92,119,133,94,161,179,215,261,239,1.88%,41.27%,85.86%,216.8%,104.4%,454.6%,210.1%,665.3%,-2.68%,0.00%
2014/08/31,2014/07/31,-0.42%,0.31%,0.20%,-0.04%,-0.67%,4.48%,4.26%,3.77%,4.46%,3.99%,-1.47%,-1.75%,-1.73%,2.66%,4.18%,3.19%,89,93,119,133,93,168,187,223,273,249,1.62%,40.58%,83.12%,211.2%,113.0%,472.3%,207.0%,685.7%,-4.11%,-1.75%
2014/09/30,2014/08/31,-0.53%,-0.62%,-0.66%,1.78%,-0.29%,-3.12%,-1.98%,-1.98%,-1.16%,-3.16%,-0.90%,-0.92%,-1.38%,-6.57%,-2.09%,-6.29%,89,92,118,136,93,163,183,219,270,241,1.87%,40.52%,81.47%,208.4%,108.5%,436.3%,194.1%,634.1%,-4.97%,-2.65%
2014/10/31,2014/09/30,-0.41%,0.37%,-0.08%,0.67%,0.19%,2.56%,2.75%,2.26%,3.30%,2.83%,-1.31%,-0.67%,-5.46%,1.05%,2.74%,1.25%,88,92,118,137,93,167,188,224,279,248,2.49%,40.90%,79.10%,206.3%,114.2%,443.0%,189.7%,641.8%,-6.22%,-3.30%
2014/11/30,2014/10/31,0.01%,0.66%,0.01%,0.73%,-1.69%,3.94%,3.08%,2.50%,2.46%,0.19%,0.89%,1.68%,-0.54%,0.41%,2.53%,-0.09%,88,93,118,138,92,174,194,229,286,248,0.75%,35.62%,80.70%,211.5%,119.7%,442.5%,182.1%,644.8%,-5.38%,-1.68%
2014/12/31,2014/11/30,-1.03%,0.69%,0.16%,0.24%,-0.09%,-2.03%,0.25%,0.26%,0.34%,0.38%,0.81%,-0.24%,-1.58%,0.51%,-0.03%,0.58%,87,94,118,138,92,170,194,230,287,249,1.70%,38.89%,82.16%,210.7%,119.6%,445.6%,183.8%,648.7%,-4.62%,-1.91%
2015/01/31,2014/12/31,1.50%,-0.45%,-0.66%,0.47%,1.12%,-0.07%,-3.33%,-3.61%,-2.74%,-3.16%,1.14%,1.01%,1.61%,-2.20%,-2.75%,-2.50%,89,93,117,139,93,170,188,222,279,241,1.31%,34.59%,84.23%,213.9%,113.6%,432.0%,184.5%,632.2%,-3.53%,-0.92%
2015/02/28,2015/01/31,0.01%,0.76%,-0.11%,-0.79%,-1.10%,7.76%,6.59%,5.32%,4.98%,4.86%,-2.55%,-0.77%,-0.52%,6.15%,5.76%,6.38%,89,94,117,138,92,183,200,234,293,253,0.19%,30.68%,79.53%,211.5%,125.9%,465.9%,186.3%,677.2%,-5.99%,-1.68%
2015/03/31,2015/02/28,0.29%,-0.21%,-0.29%,-0.59%,0.70%,-0.39%,-1.01%,-1.30%,-1.64%,-0.46%,-2.60%,-3.00%,-3.60%,-2.69%,-1.06%,-1.79%,89,94,117,137,92,182,198,231,288,252,0.60%,30.59%,74.86%,202.1%,123.5%,455.7%,184.2%,656.3%,-8.44%,-4.63%
2015/04/30,2015/03/31,1.19%,-0.41%,-0.40%,-0.20%,0.74%,0.40%,0.22%,0.08%,0.51%,0.76%,-0.09%,2.42%,1.57%,2.95%,0.40%,2.22%,90,93,116,136,93,183,199,231,289,254,0.15%,31.05%,74.70%,209.4%,124.4%,468.1%,189.4%,678.6%,-8.52%,-2.32%
2015/05/31,2015/04/30,-0.17%,0.55%,0.70%,-0.38%,-1.39%,1.98%,2.04%,1.70%,0.81%,0.32%,-1.28%,-1.80%,-1.66%,-0.32%,1.29%,0.22%,90,94,117,136,92,187,203,235,292,254,-1.08%,28.87%,72.46%,203.9%,127.3%,469.4%,186.3%,676.1%,-9.69%,-4.08%
2015/06/30,2015/05/31,-0.26%,-0.24%,0.07%,-0.69%,-0.15%,-1.11%,-1.66%,-1.66%,-1.47%,-2.12%,0.04%,-0.63%,-1.62%,-1.78%,-1.63%,-1.59%,90,94,117,135,91,185,199,231,287,249,-0.97%,27.57%,72.53%,202.0%,123.6%,460.3%,186.4%,662.3%,-9.66%,-4.68%
2015/07/31,2015/06/30,-4.70%,2.21%,1.18%,0.97%,-0.41%,-0.08%,2.69%,2.37%,2.14%,0.65%,-0.48%,-1.79%,-2.47%,-6.12%,1.67%,-5.58%,86,96,119,136,91,185,205,236,294,251,3.28%,28.51%,71.70%,196.5%,127.3%,429.0%,165.6%,615.6%,-10.09%,-6.39%
2015/08/31,2015/07/31,0.90%,1.03%,0.33%,-0.71%,-0.65%,-6.73%,-5.43%,-5.77%,-5.87%,-6.41%,1.12%,2.48%,0.07%,-2.91%,-5.98%,-3.66%,86,97,119,135,90,172,194,223,276,235,1.68%,28.92%,73.63%,203.9%,113.7%,409.7%,171.8%,594.8%,-9.08%,-4.07%
2015/09/30,2015/08/31,-0.67%,0.67%,-0.28%,-0.27%,0.95%,-5.33%,-2.39%,-2.64%,-2.22%,-2.03%,1.85%,1.39%,-0.29%,-6.21%,-2.82%,-6.63%,86,97,119,135,91,163,189,217,270,230,3.32%,33.19%,76.84%,208.1%,107.7%,375.9%,161.5%,551.7%,-7.40%,-2.73%
2015/10/31,2015/09/30,-1.32%,-0.01%,1.65%,-1.15%,1.05%,7.12%,7.41%,8.60%,5.27%,9.37%,0.14%,0.21%,-1.82%,5.30%,7.68%,5.23%,85,97,121,133,92,175,203,235,284,251,5.77%,36.18%,77.10%,208.8%,123.6%,400.8%,155.1%,586.2%,-7.27%,-2.53%
2015/11/30,2015/10/31,-1.22%,-0.60%,-0.18%,0.44%,1.31%,0.02%,0.03%,0.48%,1.45%,0.69%,-0.03%,0.87%,-2.29%,1.99%,0.55%,1.73%,84,97,120,134,93,175,203,237,288,253,8.44%,37.10%,77.04%,211.5%,124.8%,409.5%,158.1%,599.8%,-7.30%,-1.68%
2015/12/31,2015/11/30,-0.01%,-1.73%,0.13%,0.05%,0.87%,-2.18%,-3.59%,-1.76%,-1.56%,-1.30%,-1.47%,-2.27%,-1.98%,-7.05%,-2.07%,-6.37%,84,95,121,134,94,171,196,232,284,250,9.40%,38.31%,74.43%,204.4%,120.2%,377.0%,147.0%,550.5%,-8.66%,-3.91%
2016/01/31,2015/12/31,0.61%,-0.44%,0.02%,0.04%,-0.34%,-6.35%,-5.92%,-5.05%,-5.60%,-5.39%,0.52%,-0.17%,-2.34%,-10.94%,-5.64%,-10.89%,84,95,121,134,94,160,184,221,268,236,8.35%,39.64%,75.34%,203.9%,107.8%,325.1%,134.0%,479.3%,-8.19%,-4.08%
2016/02/29,2016/01/31,-0.33%,0.59%,0.52%,-0.08%,0.16%,-0.12%,0.53%,-0.17%,-0.69%,0.35%,-0.24%,-0.44%,-1.33%,-0.51%,-0.05%,-0.37%,84,95,121,134,94,160,185,220,266,237,8.88%,40.30%,74.92%,202.5%,107.6%,323.5%,133.3%,476.4%,-8.41%,-4.50%
2016/03/31,2016/02/29,-0.32%,0.36%,1.76%,0.57%,0.32%,6.80%,6.87%,7.13%,7.05%,8.00%,1.93%,3.95%,1.85%,12.42%,7.08%,11.24%,83,96,123,135,94,171,198,236,285,256,9.58%,41.98%,78.29%,214.5%,122.4%,371.1%,143.0%,548.0%,-6.64%,-0.72%
2016/04/30,2016/03/31,1.91%,0.19%,-0.39%,0.83%,-2.63%,2.99%,0.27%,-0.28%,1.47%,-0.65%,-0.28%,1.83%,1.79%,6.00%,0.81%,5.45%,85,96,123,136,92,176,198,235,289,255,4.60%,36.81%,77.79%,220.2%,124.2%,396.8%,154.2%,586.9%,-6.90%,0.00%
2016/05/31,2016/04/30,-0.31%,0.65%,-0.27%,-0.15%,-0.50%,1.24%,2.72%,1.82%,1.60%,1.18%,-2.49%,-2.17%,-3.26%,-1.37%,1.79%,-0.72%,85,96,123,136,91,178,204,240,294,258,4.41%,36.73%,73.37%,213.3%,128.2%,393.2%,147.9%,577.5%,-9.22%,-2.17%
2016/06/30,2016/05/31,0.97%,-1.34%,-0.48%,0.70%,1.92%,0.87%,-1.01%,0.19%,0.71%,1.12%,2.06%,4.10%,1.83%,4.54%,0.26%,3.31%,86,95,122,137,93,179,202,240,296,260,5.40%,37.07%,76.95%,226.1%,128.8%,409.6%,155.4%,608.3%,-7.34%,0.00%
2016/07/31,2016/06/30,-1.29%,0.93%,0.60%,0.52%,-0.01%,3.14%,4.88%,3.60%,3.89%,4.21%,-0.27%,1.44%,-1.23%,7.00%,3.96%,6.57%,85,96,123,137,93,185,211,249,307,271,6.74%,38.54%,76.47%,230.8%,137.9%,443.0%,162.1%,657.9%,-7.59%,0.00%
2016/08/31,2016/07/31,-0.53%,0.37%,-0.02%,-0.07%,0.58%,-0.08%,0.55%,-0.16%,0.36%,1.18%,-0.11%,2.01%,0.00%,4.41%,0.32%,3.81%,84,96,123,137,94,185,213,248,309,275,7.92%,40.29%,76.27%,237.5%,138.6%,463.7%,171.2%,691.3%,-7.70%,0.00%
2016/09/30,2016/08/31,1.30%,-1.10%,-0.44%,0.06%,-0.42%,1.71%,-0.61%,-0.32%,0.19%,0.13%,1.14%,2.70%,0.55%,4.60%,0.19%,3.79%,85,95,122,137,93,188,211,247,309,275,6.06%,38.07%,78.27%,246.6%,139.1%,485.1%,181.0%,727.7%,-6.65%,0.00%
2016/10/31,2016/09/30,-1.10%,0.63%,0.56%,0.22%,-0.76%,-3.69%,-1.85%,-1.01%,-1.56%,-3.13%,-2.30%,-1.26%,-3.33%,-7.80%,-2.12%,-7.42%,84,96,123,138,93,181,207,245,304,266,6.42%,38.86%,74.17%,242.2%,134.0%,441.7%,166.1%,663.2%,-8.80%,-1.26%
2016/11/30,2016/10/31,-0.26%,0.66%,0.61%,1.10%,-0.54%,3.86%,3.49%,5.56%,5.04%,4.86%,-1.77%,1.55%,-3.76%,8.77%,4.59%,8.30%,84,96,124,139,92,188,215,259,320,279,6.12%,40.24%,71.08%,247.5%,144.7%,486.7%,176.0%,730.1%,-10.42%,0.00%
2016/12/31,2016/11/30,0.08%,0.19%,0.30%,0.22%,-0.56%,1.36%,1.93%,2.09%,2.64%,1.09%,-1.06%,0.09%,-1.19%,1.30%,1.94%,1.27%,84,97,124,139,92,191,219,264,328,282,5.44%,39.85%,69.28%,247.8%,149.5%,494.1%,174.1%,740.8%,-11.36%,0.00%
2017/01/31,2016/12/31,-0.30%,0.92%,-0.12%,-0.81%,-0.54%,2.22%,2.87%,1.30%,1.12%,1.79%,1.93%,2.18%,2.28%,4.47%,1.89%,3.81%,84,98,124,138,91,195,225,267,332,287,5.19%,39.26%,72.55%,255.4%,154.2%,516.8%,179.4%,778.4%,-9.65%,0.00%
2017/02/28,2017/01/31,-2.03%,1.23%,1.05%,-0.14%,-1.26%,1.89%,4.90%,4.18%,3.56%,2.68%,-2.39%,-2.26%,-3.02%,-0.58%,3.64%,0.10%,82,99,125,138,90,199,236,279,344,295,6.01%,40.36%,68.42%,247.4%,163.5%,517.4%,169.5%,773.3%,-11.81%,-2.26%
2017/03/31,2017/02/28,-0.19%,0.68%,-0.51%,-0.28%,-0.57%,0.35%,1.13%,-0.73%,-0.39%,0.05%,-0.72%,-0.72%,-2.48%,-0.78%,0.13%,-0.57%,82,99,124,138,89,199,239,277,342,295,5.61%,39.94%,67.21%,244.8%,163.8%,513.9%,167.6%,766.5%,-12.44%,-2.97%
2017/04/30,2017/03/31,-0.32%,0.39%,0.42%,-0.38%,-0.91%,0.85%,1.80%,1.31%,0.71%,0.30%,-0.95%,-0.09%,-2.82%,0.15%,1.11%,0.17%,82,100,125,137,89,201,243,280,345,296,4.98%,39.19%,65.63%,244.5%,166.7%,515.0%,165.1%,767.7%,-13.27%,-3.05%
2017/05/31,2017/04/30,1.12%,-0.35%,0.44%,-1.36%,-0.72%,2.08%,1.70%,1.03%,-0.27%,0.55%,-1.83%,-2.97%,-3.95%,-5.58%,1.06%,-4.69%,83,99,126,135,88,205,247,283,344,298,3.06%,37.05%,62.60%,234.3%,169.6%,486.1%,149.9%,719.3%,-14.86%,-5.94%
2017/06/30,2017/05/31,0.89%,-0.56%,0.35%,0.64%,-0.28%,1.36%,-0.08%,1.28%,1.90%,0.32%,-0.52%,2.48%,0.65%,6.80%,0.90%,6.06%,83,99,126,136,88,208,247,287,350,299,1.85%,35.62%,61.76%,242.6%,172.0%,521.6%,162.8%,775.1%,-15.30%,-3.60%
2017/07/31,2017/06/30,0.05%,0.09%,-1.01%,0.56%,0.05%,1.98%,2.10%,1.19%,2.57%,1.76%,-0.57%,-1.29%,-0.96%,-1.36%,1.93%,-0.98%,83,99,125,137,88,212,252,290,359,304,1.85%,35.33%,60.83%,238.2%,177.2%,515.6%,155.1%,763.1%,-15.78%,-4.84%
2017/08/31,2017/07/31,0.46%,0.82%,-0.70%,-1.13%,-0.16%,1.08%,1.43%,-0.29%,-1.14%,-0.31%,-0.14%,-1.74%,-0.49%,-3.37%,0.26%,-2.85%,84,100,124,135,88,214,256,289,355,303,1.22%,33.44%,60.60%,232.3%,177.9%,498.0%,147.2%,734.0%,-15.90%,-6.50%
2017/09/30,2017/08/31,0.41%,-0.84%,0.70%,-0.19%,-0.25%,2.00%,0.73%,3.73%,3.20%,2.87%,1.98%,0.64%,2.67%,8.20%,2.47%,8.01%,84,99,125,135,87,219,258,300,367,312,0.56%,34.59%,63.78%,234.4%,184.8%,545.9%,160.9%,802.4%,-14.24%,-5.90%
2017/10/31,2017/09/30,2.00%,0.21%,0.07%,-1.61%,-1.92%,3.91%,2.75%,2.78%,1.29%,-0.66%,-1.19%,-2.97%,-1.63%,-3.64%,2.24%,-2.75%,86,99,125,133,86,227,265,308,371,310,-3.38%,28.43%,61.84%,224.5%,191.2%,528.1%,147.9%,769.5%,-15.26%,-8.69%
2017/11/30,2017/10/31,0.11%,0.29%,0.29%,-0.30%,-1.25%,3.37%,3.44%,3.61%,3.08%,1.98%,1.08%,1.15%,1.11%,4.03%,3.22%,3.68%,86,99,125,133,85,235,274,320,383,316,-4.70%,26.66%,63.59%,228.2%,200.6%,551.3%,149.0%,804.5%,-14.34%,-7.64%
2017/12/31,2017/11/30,-0.77%,-0.94%,0.24%,0.74%,0.39%,0.76%,0.12%,1.28%,1.82%,1.80%,0.74%,1.90%,1.99%,3.90%,1.10%,3.33%,85,98,125,134,85,237,274,324,390,321,-3.60%,27.96%,64.79%,234.5%,203.8%,572.9%,154.6%,839.8%,-13.71%,-5.89%
2018/01/31,2017/12/31,1.42%,-2.05%,0.07%,-0.74%,-0.92%,8.07%,3.78%,5.97%,5.01%,4.12%,2.04%,2.08%,2.17%,3.86%,5.34%,3.24%,86,96,126,133,84,256,285,343,409,335,-5.85%,22.91%,68.16%,241.4%,220.1%,594.7%,149.2%,876.1%,-11.95%,-3.93%
2018/02/28,2018/01/31,1.87%,0.40%,-0.40%,-1.00%,-1.09%,-2.05%,-2.52%,-3.93%,-4.75%,-5.34%,0.07%,-0.77%,-1.22%,-5.94%,-3.65%,-5.71%,88,97,125,131,83,251,277,329,390,317,-8.65%,18.86%,68.28%,238.8%,208.4%,555.1%,144.1%,818.1%,-11.89%,-4.67%
2018/03/31,2018/02/28,1.81%,-0.02%,0.87%,-0.75%,0.70%,-0.72%,-2.33%,-2.04%,-2.79%,-0.75%,-1.48%,-1.02%,-2.39%,-0.68%,-1.98%,-0.38%,90,97,126,130,84,249,271,323,379,314,-9.66%,18.83%,65.78%,235.3%,202.3%,552.6%,148.0%,811.9%,-13.19%,-5.64%
2018/04/30,2018/03/31,0.37%,-0.17%,-0.27%,0.08%,0.31%,0.66%,0.23%,0.05%,0.67%,0.94%,0.38%,0.29%,-0.16%,0.77%,0.43%,0.68%,90,97,126,130,84,250,272,323,382,317,-9.71%,19.16%,66.41%,236.3%,203.6%,557.0%,148.6%,818.9%,-12.86%,-5.37%
2018/05/31,2018/04/30,-2.05%,0.73%,-0.25%,0.32%,-0.86%,2.64%,3.53%,1.75%,3.16%,2.78%,0.58%,0.23%,-0.32%,5.04%,2.78%,4.97%,88,97,125,131,83,257,281,329,394,326,-8.64%,19.32%,67.38%,237.1%,212.0%,589.7%,154.1%,865.2%,-12.35%,-5.14%
2018/06/30,2018/05/31,0.50%,0.07%,1.39%,-0.76%,-1.01%,1.67%,0.62%,1.44%,-0.07%,0.36%,0.26%,3.17%,-1.51%,4.46%,0.75%,3.51%,89,97,127,130,83,261,283,333,393,327,-10.02%,17.75%,67.82%,247.8%,214.4%,613.9%,161.1%,908.2%,-12.12%,-2.14%
2018/07/31,2018/06/30,-0.15%,0.62%,-0.51%,0.56%,-1.76%,3.10%,3.85%,2.92%,4.06%,1.71%,-1.71%,-1.87%,-4.00%,-1.84%,3.27%,-1.28%,88,98,127,131,81,269,294,343,409,333,-11.47%,16.11%,64.95%,241.3%,224.7%,604.7%,149.2%,889.6%,-13.63%,-3.97%
2018/08/31,2018/07/31,1.31%,0.74%,-1.02%,-0.02%,-2.02%,6.14%,3.89%,2.36%,3.87%,1.80%,-1.84%,-1.86%,-1.34%,1.57%,3.55%,2.13%,90,99,125,131,79,286,305,351,425,339,-14.41%,11.08%,61.91%,234.9%,236.2%,619.7%,145.6%,905.1%,-15.22%,-5.76%
2018/09/30,2018/08/31,-0.80%,0.55%,-0.82%,-0.13%,0.87%,-0.22%,0.69%,-0.73%,0.09%,0.94%,1.30%,1.42%,-0.10%,-1.34%,0.10%,-1.77%,89,99,124,130,80,285,307,349,425,342,-12.98%,12.36%,64.01%,239.6%,236.6%,607.0%,141.0%,891.6%,-14.12%,-4.43%
2018/10/31,2018/09/30,-1.16%,1.20%,1.22%,1.61%,0.47%,-11.86%,-5.31%,-6.49%,-6.57%,-7.49%,1.04%,1.93%,0.28%,-9.64%,-7.27%,-10.22%,88,100,126,132,81,251,291,326,398,317,-11.56%,17.27%,65.72%,246.2%,212.1%,534.7%,133.9%,796.0%,-13.22%,-2.58%
2018/11/30,2018/10/31,2.04%,0.73%,1.05%,-2.57%,0.38%,3.79%,2.59%,2.97%,-0.67%,2.38%,-1.79%,-1.67%,-4.34%,-2.58%,1.99%,-2.08%,90,101,127,129,81,261,299,336,395,324,-13.02%,15.62%,62.76%,240.4%,218.3%,521.5%,124.4%,772.9%,-14.78%,-4.21%
2018/12/31,2018/11/30,0.40%,-1.21%,0.44%,0.50%,-0.16%,-9.97%,-9.35%,-8.61%,-9.71%,-8.90%,-1.86%,-1.57%,-4.27%,-15.53%,-9.28%,-15.06%,90,100,128,130,81,235,271,307,357,295,-13.51%,16.86%,59.74%,235.1%,188.8%,427.9%,111.4%,637.3%,-16.36%,-5.71%
2019/01/31,2018/12/31,2.77%,-0.63%,-0.10%,0.06%,-1.60%,12.26%,7.90%,8.17%,10.04%,6.06%,1.16%,1.44%,2.80%,17.16%,8.72%,16.73%,93,99,128,130,79,264,292,332,392,313,-17.29%,9.61%,61.59%,239.9%,214.0%,516.3%,128.4%,763.9%,-15.39%,-4.35%
2019/02/28,2019/01/31,-3.48%,-0.23%,0.67%,0.23%,1.20%,1.98%,3.05%,3.31%,3.64%,5.07%,-0.88%,-1.05%,-1.64%,3.76%,3.43%,4.07%,89,99,128,130,80,269,301,343,407,329,-13.43%,12.99%,60.17%,236.3%,224.7%,541.4%,129.8%,796.3%,-16.13%,-5.36%
2019/03/31,2019/02/28,-0.51%,-1.25%,-0.04%,0.07%,1.48%,2.39%,0.11%,1.59%,1.11%,2.63%,1.66%,2.74%,1.79%,2.24%,1.41%,1.42%,89,98,128,130,82,275,301,348,411,338,-11.70%,13.26%,62.83%,245.6%,229.3%,550.5%,129.9%,816.5%,-14.74%,-2.77%
2019/04/30,2019/03/31,0.84%,-0.13%,-0.50%,-0.11%,-0.84%,5.14%,4.03%,3.71%,4.37%,2.44%,-1.86%,-1.39%,-3.67%,0.62%,4.02%,1.04%,90,98,128,130,81,290,313,361,429,346,-13.18%,10.20%,59.81%,240.7%,242.5%,557.2%,123.0%,822.1%,-16.32%,-4.12%
2019/05/31,2019/04/30,0.29%,0.39%,1.87%,1.02%,-2.79%,-6.91%,-5.74%,-5.20%,-6.25%,-8.78%,0.70%,0.04%,2.55%,-8.66%,-6.47%,-8.67%,90,98,130,131,79,270,295,342,402,316,-15.86%,8.14%,60.93%,240.9%,220.4%,500.3%,118.1%,742.3%,-15.73%,-4.08%
2019/06/30,2019/05/31,-1.59%,0.10%,-0.81%,0.21%,1.02%,6.70%,7.11%,5.84%,7.11%,7.71%,-0.26%,-0.20%,-4.81%,3.90%,6.83%,3.96%,88,98,129,132,79,288,316,362,431,340,-13.66%,9.23%,60.51%,240.2%,242.2%,524.0%,111.8%,775.1%,-15.95%,-4.27%
2019/07/31,2019/06/30,0.24%,0.39%,1.76%,-1.73%,1.03%,1.32%,1.65%,2.87%,-0.01%,2.09%,-0.42%,-1.66%,-0.81%,-2.84%,1.45%,-2.35%,89,99,131,129,80,291,322,373,431,347,-12.98%,10.07%,59.84%,234.6%,247.2%,509.4%,103.8%,750.3%,-16.30%,-5.86%
2019/08/31,2019/07/31,1.09%,-0.14%,0.09%,-0.36%,-0.40%,-1.10%,-2.87%,-2.35%,-2.22%,-1.59%,0.12%,-0.73%,-0.11%,-6.54%,-2.11%,-6.32%,90,98,131,129,80,288,312,364,421,341,-14.28%,9.53%,60.03%,232.1%,239.9%,470.9%,95.22%,694.7%,-16.21%,-6.55%
2019/09/30,2019/08/31,-0.52%,-0.21%,0.42%,0.42%,3.37%,-0.36%,1.13%,2.63%,2.37%,2.48%,-0.41%,0.87%,0.43%,3.32%,1.76%,3.06%,89,98,132,129,83,287,316,374,431,350,-10.95%,12.65%,59.37%,235.0%,245.8%,488.4%,97.78%,721.1%,-16.55%,-5.74%
2019/10/31,2019/09/30,-0.58%,0.67%,0.49%,-0.86%,-0.20%,1.86%,3.00%,2.34%,1.50%,2.23%,-0.78%,0.44%,-4.09%,0.29%,2.20%,0.16%,89,99,133,128,82,293,325,382,438,358,-10.61%,13.07%,58.12%,236.5%,253.4%,489.3%,93.74%,723.4%,-17.20%,-5.32%
2019/11/30,2019/10/31,0.98%,-0.08%,0.77%,-1.90%,-0.36%,5.44%,4.04%,4.10%,2.33%,3.66%,-2.31%,-2.26%,-4.62%,0.98%,3.75%,1.66%,89,99,134,126,82,309,339,398,448,371,-11.81%,11.05%,54.48%,228.9%,266.7%,499.1%,89.69%,731.5%,-19.11%,-7.47%
2019/12/31,2019/11/30,-0.45%,-0.43%,-0.12%,-0.54%,1.58%,1.87%,2.67%,2.50%,2.56%,4.10%,-1.35%,-1.82%,-0.35%,3.59%,2.79%,4.14%,89,98,133,125,83,314,348,408,459,386,-10.02%,13.53%,52.39%,222.9%,276.9%,523.8%,92.23%,761.4%,-20.20%,-9.15%
2020/01/31,2019/12/31,-1.03%,0.07%,1.40%,-1.26%,-1.30%,0.38%,-0.75%,1.89%,-0.87%,-0.44%,0.62%,-0.08%,3.27%,-0.39%,0.06%,-0.37%,88,98,135,124,82,315,345,416,455,384,-10.26%,12.59%,53.33%,222.6%,277.2%,521.5%,91.41%,758.0%,-19.71%,-9.23%
2020/02/29,2020/01/31,-1.07%,-0.25%,0.62%,0.71%,-1.63%,-7.10%,-8.51%,-7.60%,-7.52%,-9.11%,-0.51%,-0.66%,-1.69%,-7.79%,-8.00%,-7.59%,87,98,136,124,81,293,316,384,421,349,-10.76%,10.34%,52.55%,220.5%,247.0%,474.4%,92.21%,691.2%,-20.12%,-9.82%
2020/03/31,2020/02/29,-6.25%,-1.04%,-2.82%,-1.14%,2.20%,-15.44%,-15.73%,-16.22%,-12.57%,-8.79%,1.67%,-0.87%,-5.69%,-23.99%,-13.57%,-23.73%,82,97,132,123,83,248,266,322,368,319,-3.23%,17.68%,55.10%,217.7%,199.9%,338.1%,72.68%,501.4%,-18.78%,-10.61%
2020/04/30,2020/03/31,1.26%,-0.91%,-0.30%,0.05%,1.40%,14.30%,12.39%,12.70%,12.40%,15.92%,0.66%,2.41%,3.97%,23.41%,13.44%,22.68%,83,96,132,123,84,283,299,363,414,369,-3.09%,19.57%,56.13%,225.4%,240.2%,437.4%,88.65%,642.1%,-18.25%,-8.45%
2020/05/31,2020/04/30,1.30%,-1.02%,0.85%,-0.90%,-2.52%,8.00%,4.62%,6.46%,4.21%,5.20%,-3.18%,-2.48%,-3.52%,5.35%,5.40%,6.09%,84,95,133,122,82,306,313,386,431,389,-6.78%,16.22%,51.17%,217.3%,258.6%,470.1%,89.94%,681.8%,-20.85%,-10.72%
2020/06/30,2020/05/31,-2.24%,-1.37%,-0.01%,-1.43%,3.77%,2.00%,1.50%,1.78%,0.67%,6.36%,3.77%,3.50%,6.53%,12.73%,2.43%,11.68%,82,94,133,120,85,312,317,393,434,413,-1.18%,21.30%,56.87%,228.4%,267.3%,536.8%,107.5%,781.3%,-17.86%,-7.59%
2020/07/31,2020/06/30,-0.26%,-0.26%,-2.63%,-1.44%,1.88%,5.97%,6.84%,4.45%,4.01%,8.42%,0.54%,-1.36%,1.89%,3.81%,5.73%,4.21%,82,94,130,119,87,331,339,411,452,448,0.94%,24.27%,57.72%,223.9%,288.3%,563.6%,104.4%,814.9%,-17.41%,-8.85%
2020/08/31,2020/07/31,-1.90%,-1.22%,-0.52%,-1.73%,2.06%,6.91%,8.19%,6.84%,5.11%,10.49%,-0.66%,-1.63%,-4.42%,3.09%,7.38%,3.58%,80,93,129,116,88,354,367,439,475,495,4.94%,28.72%,56.67%,218.7%,317.0%,587.4%,96.62%,843.2%,-17.96%,-10.34%
2020/09/30,2020/08/31,-0.12%,-1.53%,0.41%,-0.75%,1.55%,-3.19%,-4.81%,-2.37%,-4.17%,-2.71%,-1.36%,-2.73%,0.14%,-5.25%,-3.61%,-4.43%,80,91,129,116,90,342,349,428,455,482,6.69%,29.35%,54.55%,209.9%,301.9%,556.9%,95.01%,793.6%,-19.07%,-12.79%
2020/10/31,2020/09/30,0.64%,0.12%,0.47%,0.47%,-1.21%,-2.60%,-2.13%,-1.99%,-2.09%,-1.14%,-0.71%,0.76%,-3.60%,0.62%,-2.11%,0.39%,81,91,130,116,89,333,342,420,445,476,4.72%,31.24%,53.45%,212.3%,293.4%,559.5%,99.89%,799.2%,-19.65%,-12.12%
2020/11/30,2020/10/31,-2.83%,3.42%,0.58%,-0.53%,0.88%,11.37%,15.91%,10.35%,11.11%,15.94%,-0.47%,3.06%,1.71%,26.71%,12.26%,25.79%,78,94,131,116,89,371,396,463,495,552,8.60%,37.23%,52.73%,221.9%,341.6%,729.5%,126.9%,1039%,-20.02%,-9.43%
2020/12/31,2020/11/30,-3.71%,-0.16%,2.08%,-0.51%,-2.99%,3.16%,5.07%,6.10%,3.56%,4.56%,-0.40%,-1.77%,-1.49%,9.42%,4.57%,9.95%,75,94,134,115,87,383,416,491,513,577,9.38%,39.16%,52.12%,216.2%,361.8%,812.1%,139.1%,1147%,-20.34%,-11.03%
2021/01/31,2020/12/31,0.70%,-1.07%,-2.51%,-0.51%,0.03%,0.54%,-0.73%,-2.03%,-0.23%,2.80%,5.53%,7.46%,11.36%,21.57%,-0.12%,19.33%,76,93,130,114,87,385,413,481,511,593,8.64%,42.30%,60.54%,239.8%,361.3%,988.4%,185.6%,1416%,-15.93%,-4.40%
