Date,fdate,ROAG_AR_1,ROAG_AR_2,ROAG_AR_3,ROAG_AR_4,ROAG_AR_5,ROAG_TR_1,ROAG_TR_2,ROAG_TR_3,ROAG_TR_4,ROAG_TR_5,ROAG_AR_Sig,ROAG_TR_Sig,ROAG_AR_130,ROAG_TR_130,ROAG_TR_BP,ROAG_TR_LO,ROAG_CAR_1,ROAG_CAR_2,ROAG_CAR_3,ROAG_CAR_4,ROAG_CAR_5,ROAG_CTR_1,ROAG_CTR_2,ROAG_CTR_3,ROAG_CTR_4,ROAG_CTR_5,ROAG_CAR_LS,ROAG_CTR_LS,ROAG_CAR_SW,ROAG_CTR_SW,ROAG_CTR_BP,ROAG_CTR_LO,ROAG_CXR_LO,ROAG_CTR_13,ROAG_CADD,ROAG_CTDD
2001/02/28,2001/01/31,0.29%,1.75%,0.83%,2.59%,1.71%,-11.70%,-10.09%,-6.08%,-9.01%,-10.65%,-0.85%,-3.44%,15.86%,-14.06%,-9.48%,-13.03%,100,102,101,103,102,88,90,94,91,89,1.42%,1.05%,-0.85%,-3.44%,-9.48%,-13.03%,-3.55%,-14.06%,-0.85%,-3.44%
2001/03/31,2001/02/28,0.32%,1.36%,0.55%,0.20%,-1.04%,-8.19%,-5.82%,-5.33%,-6.46%,-8.60%,1.20%,2.36%,4.85%,-6.41%,-6.73%,-7.12%,101,103,101,103,101,81,85,89,85,82,0.04%,0.63%,0.34%,-1.16%,-15.57%,-19.22%,-3.93%,-19.57%,0.00%,-1.16%
2001/04/30,2001/03/31,-2.68%,-1.71%,0.23%,0.75%,1.26%,6.77%,6.74%,7.11%,9.65%,9.81%,-1.16%,-2.04%,-5.83%,7.26%,8.26%,7.87%,98,101,102,104,102,87,90,95,93,90,3.98%,3.69%,-0.83%,-3.18%,-8.60%,-12.86%,-4.30%,-13.73%,-1.16%,-3.18%
2001/05/31,2001/04/30,-0.34%,-0.59%,-0.14%,0.52%,-0.94%,0.86%,0.65%,1.74%,1.29%,0.34%,1.38%,1.98%,5.25%,8.14%,1.01%,7.54%,98,101,101,104,101,87,91,97,95,90,3.36%,3.15%,0.54%,-1.27%,-7.68%,-6.29%,1.96%,-6.72%,0.00%,-1.27%
2001/06/30,2001/05/31,-0.79%,1.24%,0.15%,2.04%,0.05%,-0.44%,-0.82%,-2.84%,-1.30%,-2.25%,-1.18%,-1.80%,-6.37%,-0.46%,-1.54%,0.08%,97,102,102,106,101,87,90,94,93,88,4.23%,1.28%,-0.64%,-3.05%,-9.10%,-6.21%,3.61%,-7.14%,-1.18%,-3.05%
2001/07/31,2001/06/30,1.93%,0.30%,-1.47%,1.00%,-4.08%,-3.63%,-1.53%,-2.01%,0.60%,-5.33%,0.03%,0.97%,5.82%,-3.58%,-1.79%,-3.87%,99,102,100,107,97,84,89,92,94,83,-2.03%,-0.44%,-0.61%,-2.10%,-10.73%,-9.84%,1.46%,-10.46%,-1.15%,-2.10%
2001/08/31,2001/07/31,-0.93%,1.87%,1.10%,0.53%,-0.51%,-9.46%,-4.59%,-4.84%,-5.99%,-7.26%,-3.08%,-4.72%,-2.53%,-9.18%,-5.97%,-7.77%,98,104,101,108,96,76,85,88,88,77,-1.62%,1.75%,-3.68%,-6.72%,-16.06%,-16.84%,-0.37%,-18.69%,-4.20%,-6.72%
2001/09/30,2001/08/31,-0.38%,-1.96%,0.29%,-1.15%,0.73%,-12.84%,-7.67%,-6.49%,-12.19%,-8.30%,2.79%,3.62%,6.46%,-12.20%,-8.92%,-13.29%,97,102,102,107,97,66,78,82,77,71,-0.53%,6.37%,-0.99%,-3.35%,-23.54%,-27.89%,-4.72%,-28.61%,-1.53%,-3.35%
2001/10/31,2001/09/30,4.72%,0.76%,1.05%,0.93%,5.82%,9.60%,1.39%,0.11%,2.45%,5.38%,3.44%,3.12%,-2.56%,13.47%,2.68%,12.53%,102,103,103,108,103,72,79,82,79,75,0.57%,1.88%,2.41%,-0.32%,-21.50%,-18.86%,4.67%,-18.99%,0.00%,-0.32%
2001/11/30,2001/10/31,1.41%,-0.51%,1.20%,-1.43%,-2.22%,10.40%,5.82%,9.18%,8.79%,5.75%,-1.31%,-1.53%,-0.90%,8.07%,7.75%,8.53%,103,102,104,106,100,80,84,90,86,79,-3.09%,-2.85%,1.07%,-1.85%,-15.41%,-11.94%,5.48%,-12.45%,-1.31%,-1.85%
2001/12/31,2001/11/30,-4.42%,1.07%,1.55%,0.76%,-0.24%,-0.90%,2.53%,1.46%,2.52%,1.29%,-0.03%,0.30%,0.67%,7.61%,1.71%,7.52%,99,104,105,107,100,79,86,91,89,80,0.97%,-0.73%,1.04%,-1.56%,-13.96%,-5.32%,11.61%,-5.79%,-1.35%,-1.56%
2002/01/31,2001/12/31,4.08%,-0.18%,-0.91%,0.52%,-1.54%,0.96%,-0.33%,-1.96%,-1.01%,-2.82%,0.56%,1.28%,5.10%,3.93%,-1.25%,3.55%,103,103,104,107,99,80,86,89,88,78,-4.71%,-4.48%,1.60%,-0.30%,-15.04%,-1.96%,16.97%,-2.09%,-0.79%,-0.30%
2002/02/28,2002/01/31,-4.73%,0.13%,2.19%,0.43%,-0.71%,-9.82%,-1.36%,0.48%,-1.87%,-3.49%,0.94%,1.73%,-0.28%,-5.13%,-2.10%,-5.65%,98,104,107,108,98,72,85,90,86,75,-0.89%,1.57%,2.56%,1.43%,-16.83%,-7.49%,12.82%,-7.11%,0.00%,0.00%
2002/03/31,2002/02/28,1.43%,1.62%,1.15%,-0.52%,-0.18%,8.20%,5.10%,3.65%,3.43%,4.14%,-0.95%,-0.26%,-0.68%,8.64%,4.42%,8.72%,99,105,108,107,98,78,89,93,89,78,-2.49%,-2.56%,1.59%,1.16%,-13.15%,0.57%,17.67%,0.92%,-0.95%,-0.26%
2002/04/30,2002/03/31,0.02%,1.55%,-2.08%,1.03%,0.18%,-7.20%,-3.64%,-6.32%,-3.48%,-5.86%,-1.56%,0.29%,0.10%,-0.58%,-5.00%,-0.67%,99,107,106,108,98,72,86,87,86,74,-2.33%,-1.25%,0.01%,1.45%,-17.49%,-0.10%,22.77%,0.33%,-2.49%,0.00%
2002/05/31,2002/04/30,0.51%,-0.18%,0.08%,-1.65%,-0.38%,-2.19%,-1.00%,0.32%,-2.27%,-1.81%,0.96%,1.62%,2.72%,-2.04%,-1.20%,-2.52%,100,107,106,107,98,71,85,87,84,72,-3.20%,-0.86%,0.97%,3.10%,-18.48%,-2.62%,21.15%,-1.71%,-1.55%,0.00%
2002/06/30,2002/05/31,-0.87%,0.95%,-1.22%,2.88%,-4.10%,-9.72%,-6.57%,-6.85%,-4.31%,-12.24%,2.20%,2.89%,-2.73%,-7.35%,-6.92%,-8.21%,99,108,105,110,94,64,79,81,80,63,-6.33%,-3.36%,3.19%,6.08%,-24.12%,-10.62%,19.58%,-8.93%,0.00%,0.00%
2002/07/31,2002/06/30,-1.92%,0.12%,-0.98%,-0.65%,2.86%,-10.74%,-7.53%,-7.04%,-8.10%,-8.47%,2.36%,1.92%,1.77%,-12.90%,-7.99%,-13.48%,97,108,104,109,96,57,73,76,74,58,-1.85%,-1.17%,5.62%,8.11%,-30.19%,-22.66%,13.02%,-20.68%,0.00%,0.00%
2002/08/31,2002/07/31,-0.96%,-1.70%,-0.09%,-0.60%,-0.50%,0.07%,0.22%,1.88%,0.70%,-0.93%,-1.87%,-2.81%,1.01%,-2.29%,0.64%,-1.45%,96,106,103,108,96,57,73,77,74,57,-1.40%,-2.16%,3.65%,5.08%,-29.74%,-23.78%,10.66%,-22.50%,-1.87%,-2.81%
2002/09/30,2002/08/31,-2.08%,-1.91%,0.29%,-0.52%,0.66%,-12.47%,-9.76%,-8.70%,-9.58%,-12.52%,0.92%,1.34%,2.50%,-9.36%,-10.13%,-9.77%,94,104,104,108,96,50,66,70,67,50,1.31%,-2.21%,4.60%,6.48%,-36.86%,-31.23%,11.06%,-29.76%,-0.97%,-1.51%
2002/10/31,2002/09/30,2.52%,3.32%,-0.08%,1.17%,-0.95%,9.49%,8.73%,6.31%,7.43%,7.62%,0.81%,-0.58%,-1.62%,6.01%,7.77%,6.18%,97,107,104,109,96,55,72,75,72,54,-2.20%,-4.03%,5.46%,5.86%,-31.95%,-26.97%,9.30%,-25.54%,-0.16%,-2.08%
2002/11/30,2002/10/31,3.01%,-0.80%,-1.90%,-1.51%,4.95%,10.22%,4.36%,3.82%,5.62%,12.13%,-2.41%,-3.39%,0.24%,15.72%,6.03%,16.74%,100,106,102,107,100,60,75,78,76,61,-0.30%,-2.20%,2.91%,2.26%,-27.85%,-14.75%,21.01%,-13.83%,-2.57%,-5.41%
2002/12/31,2002/11/30,-0.28%,-0.68%,0.17%,1.03%,-0.43%,-6.44%,-5.03%,-3.56%,-4.94%,-10.74%,-0.27%,0.63%,2.37%,-6.43%,-5.58%,-6.61%,99,106,102,109,100,56,71,75,72,54,-0.46%,-6.41%,2.63%,2.90%,-31.88%,-20.39%,19.76%,-19.37%,-2.83%,-4.82%
2003/01/31,2002/12/31,0.48%,-0.76%,0.13%,-0.48%,2.27%,-2.24%,-3.23%,-2.09%,-3.10%,-0.95%,2.29%,3.24%,4.58%,3.77%,-2.56%,2.80%,100,105,102,108,102,55,69,73,70,54,1.33%,-5.21%,4.99%,6.23%,-33.63%,-18.16%,26.18%,-16.33%,-0.60%,-1.73%
2003/02/28,2003/01/31,-0.66%,-0.87%,-0.01%,0.14%,3.92%,-2.85%,-2.52%,-2.08%,-1.64%,1.26%,-0.76%,-0.50%,-0.18%,-2.87%,-1.81%,-2.72%,99,104,102,108,106,54,67,72,69,54,5.97%,-1.31%,4.19%,5.71%,-34.83%,-20.39%,25.03%,-18.73%,-1.35%,-2.22%
2003/03/31,2003/02/28,-0.34%,2.47%,0.04%,0.04%,0.66%,0.07%,2.47%,0.34%,0.48%,1.30%,0.11%,0.41%,0.17%,2.10%,1.22%,1.97%,99,107,102,108,107,54,69,72,69,55,7.02%,-0.10%,4.31%,6.15%,-34.03%,-18.82%,25.97%,-17.03%,-1.25%,-1.82%
2003/04/30,2003/03/31,1.63%,0.95%,-0.51%,-0.65%,-2.73%,12.69%,7.77%,8.03%,7.28%,7.88%,0.97%,-0.62%,-0.08%,11.44%,8.22%,11.63%,100,108,101,108,104,60,74,78,74,59,2.36%,-4.90%,5.31%,5.48%,-28.61%,-9.38%,30.26%,-7.54%,-0.29%,-2.43%
2003/05/31,2003/04/30,-0.55%,0.93%,-2.72%,0.35%,1.05%,8.46%,4.97%,4.72%,6.68%,9.85%,3.20%,1.83%,4.54%,18.22%,6.23%,17.67%,100,109,99,108,105,66,78,82,79,65,4.00%,-3.58%,8.68%,7.41%,-24.16%,6.63%,45.16%,9.31%,0.00%,-0.64%
2003/06/30,2003/05/31,0.42%,0.25%,-0.18%,-0.44%,-0.13%,2.29%,1.47%,1.18%,1.38%,2.30%,-1.67%,-2.07%,1.71%,5.87%,1.49%,6.49%,100,109,99,107,105,67,79,82,81,67,3.42%,-3.57%,6.87%,5.19%,-23.03%,13.55%,52.43%,15.72%,-1.67%,-2.70%
2003/07/31,2003/06/30,-0.45%,0.55%,2.65%,-0.32%,-1.18%,1.74%,0.69%,4.48%,2.92%,2.46%,-1.11%,-0.72%,1.14%,9.47%,2.46%,9.68%,100,110,101,107,104,68,80,86,83,68,2.66%,-2.88%,5.68%,4.43%,-21.14%,24.55%,63.43%,26.68%,-2.76%,-3.40%
2003/08/31,2003/07/31,-0.77%,0.61%,-1.08%,-0.82%,1.33%,1.67%,2.24%,1.46%,2.78%,5.02%,1.88%,2.32%,2.20%,8.45%,2.35%,7.75%,99,110,100,106,105,69,82,87,85,72,4.83%,0.38%,7.67%,6.86%,-19.28%,34.20%,72.25%,37.38%,-0.93%,-1.16%
2003/09/30,2003/08/31,-0.77%,0.75%,-0.54%,0.04%,-0.91%,-1.79%,-0.31%,-1.41%,-0.91%,-1.92%,-0.89%,-1.19%,2.69%,2.48%,-1.08%,2.84%,98,111,100,106,104,68,81,86,84,70,4.68%,0.25%,6.72%,5.58%,-20.15%,38.01%,79.00%,40.78%,-1.81%,-2.34%
2003/10/31,2003/09/30,0.48%,-0.28%,-0.15%,1.76%,1.38%,7.86%,4.27%,6.18%,6.51%,8.10%,0.27%,0.48%,3.03%,10.66%,6.06%,10.52%,99,111,99,108,105,74,85,92,90,76,5.63%,0.49%,7.00%,6.09%,-15.32%,52.52%,86.98%,55.79%,-1.54%,-1.87%
2003/11/30,2003/10/31,0.15%,-0.00%,-0.87%,-0.19%,2.04%,2.52%,1.13%,0.78%,1.22%,3.88%,1.23%,1.42%,3.14%,6.37%,1.47%,5.95%,99,111,99,108,108,75,86,92,91,79,7.61%,1.86%,8.32%,7.60%,-14.07%,61.59%,95.34%,65.72%,-0.33%,-0.47%
2003/12/31,2003/11/30,-1.12%,1.55%,-1.06%,0.22%,-4.50%,4.89%,5.96%,3.50%,3.97%,2.36%,1.89%,1.63%,-0.75%,4.35%,4.39%,3.86%,98,112,97,108,103,79,91,95,95,81,3.98%,-0.73%,10.37%,9.36%,-10.30%,67.83%,94.32%,72.93%,0.00%,0.00%
2004/01/31,2003/12/31,0.81%,0.34%,-0.88%,-0.24%,-0.12%,3.54%,2.16%,1.35%,2.62%,2.74%,-1.01%,-1.26%,5.71%,9.70%,2.25%,10.08%,99,113,97,108,103,82,93,97,97,83,3.01%,-1.52%,9.25%,7.98%,-8.28%,84.75%,109.5%,89.72%,-1.01%,-1.26%
2004/02/29,2004/01/31,-1.44%,1.16%,-0.44%,0.54%,-1.75%,0.47%,2.59%,1.07%,1.86%,-0.04%,-0.53%,0.14%,-1.54%,0.47%,1.48%,0.42%,97,114,96,108,101,82,95,98,99,83,2.69%,-2.03%,8.67%,8.13%,-6.92%,85.53%,107.3%,90.60%,-1.54%,-1.12%
2004/03/31,2004/02/29,-0.89%,0.16%,-0.50%,0.52%,0.13%,-1.75%,-0.73%,-1.60%,-0.47%,-1.04%,0.07%,0.57%,-0.97%,-0.16%,-1.09%,-0.32%,96,114,96,109,101,81,95,96,98,82,3.73%,-1.33%,8.74%,8.74%,-7.94%,84.93%,108.9%,90.30%,-1.47%,-0.56%
2004/04/30,2004/03/31,0.02%,-1.45%,0.44%,0.29%,-2.45%,-1.59%,-2.32%,-1.02%,-1.97%,-3.69%,-1.75%,-1.29%,-3.24%,-5.61%,-2.03%,-5.23%,96,113,96,109,98,80,92,95,96,79,1.17%,-3.40%,6.83%,7.34%,-9.81%,75.26%,102.2%,79.62%,-3.20%,-1.84%
2004/05/31,2004/04/30,0.10%,0.47%,-0.27%,0.17%,1.17%,0.78%,1.13%,0.97%,1.36%,2.49%,1.03%,1.75%,0.24%,1.79%,1.34%,1.26%,96,113,96,110,100,80,93,96,98,81,2.25%,-1.74%,7.93%,9.22%,-8.61%,77.48%,102.1%,82.83%,-2.21%,-0.13%
2004/06/30,2004/05/31,0.29%,0.36%,0.21%,0.13%,-1.28%,3.04%,2.23%,1.60%,2.10%,1.58%,0.43%,1.12%,-1.92%,3.41%,1.96%,3.08%,97,114,96,110,98,83,96,98,100,82,0.65%,-3.18%,8.40%,10.45%,-6.81%,82.94%,104.3%,89.07%,-1.79%,0.00%
2004/07/31,2004/06/30,-2.75%,2.38%,-0.02%,-0.73%,-1.58%,-6.79%,-1.29%,-2.65%,-4.82%,-7.80%,-0.00%,-0.49%,-2.25%,-9.22%,-3.87%,-9.08%,94,116,96,109,97,77,94,95,95,76,1.83%,-4.16%,8.39%,9.91%,-10.42%,66.33%,93.70%,71.63%,-1.79%,-0.49%
2004/08/31,2004/07/31,-1.19%,0.36%,0.74%,0.25%,-1.13%,-1.27%,0.83%,1.01%,0.14%,-1.37%,2.06%,1.73%,-0.53%,-2.06%,0.29%,-2.58%,93,117,97,109,96,76,95,96,95,75,1.89%,-4.25%,10.63%,11.81%,-10.15%,62.04%,88.13%,68.10%,0.00%,0.00%
2004/09/30,2004/08/31,-1.30%,1.45%,0.37%,-2.16%,1.46%,0.50%,2.36%,2.27%,-0.47%,4.58%,-0.75%,-1.04%,-0.48%,3.21%,1.66%,3.52%,92,118,97,107,97,76,97,98,95,78,4.70%,-0.34%,9.79%,10.65%,-8.67%,67.74%,91.64%,73.49%,-0.75%,-1.04%
2004/10/31,2004/09/30,-0.65%,-0.67%,0.58%,0.55%,0.34%,0.95%,0.65%,2.11%,1.96%,2.56%,0.88%,0.92%,-0.35%,2.11%,1.55%,1.83%,91,118,98,107,97,77,98,100,97,80,5.74%,1.27%,10.76%,11.67%,-7.25%,70.82%,92.19%,77.15%,0.00%,-0.13%
2004/11/30,2004/10/31,2.91%,1.42%,-0.27%,-1.60%,-1.89%,7.97%,5.14%,4.22%,3.22%,4.96%,-0.12%,0.45%,0.43%,11.48%,4.65%,11.35%,94,119,97,106,96,83,103,105,100,84,0.67%,-1.77%,10.63%,12.17%,-2.94%,90.20%,105.1%,97.49%,-0.12%,0.00%
2004/12/31,2004/11/30,0.65%,0.18%,0.79%,-0.59%,-0.50%,4.56%,4.03%,3.90%,2.65%,4.12%,1.29%,2.05%,4.13%,10.74%,3.62%,10.12%,94,119,98,105,95,87,107,109,102,88,-0.48%,-2.21%,12.05%,14.47%,0.58%,109.5%,118.4%,118.7%,0.00%,0.00%
2005/01/31,2004/12/31,-2.52%,0.49%,0.14%,-0.17%,0.96%,-5.02%,-2.32%,-2.23%,-2.62%,-2.91%,0.15%,-0.21%,1.12%,-4.69%,-2.69%,-4.63%,92,120,98,105,96,83,105,106,100,85,2.99%,-0.15%,12.22%,14.23%,-2.13%,99.76%,114.1%,108.4%,0.00%,-0.21%
2005/02/28,2005/01/31,-1.02%,-0.71%,-1.73%,2.00%,0.72%,1.21%,1.08%,0.58%,3.63%,2.62%,-0.40%,-0.50%,-1.09%,0.48%,2.06%,0.63%,91,119,97,107,97,84,106,107,103,88,4.79%,1.26%,11.77%,13.66%,-0.11%,101.0%,111.1%,109.4%,-0.40%,-0.70%
2005/03/31,2005/02/28,-0.07%,-0.66%,0.28%,0.26%,0.02%,-2.35%,-1.90%,-1.10%,-1.60%,-2.64%,0.07%,-0.53%,-0.90%,-4.30%,-1.73%,-4.14%,91,118,97,107,97,82,104,106,102,85,4.88%,0.97%,11.85%,13.06%,-1.84%,92.69%,106.0%,100.4%,-0.34%,-1.24%
2005/04/30,2005/03/31,2.52%,-0.50%,-1.28%,0.63%,2.63%,-1.25%,-2.42%,-3.26%,-1.70%,-1.63%,0.75%,0.64%,0.97%,-6.65%,-2.23%,-6.84%,93,118,96,108,99,81,101,102,100,84,5.00%,0.59%,12.69%,13.78%,-4.03%,79.50%,96.49%,87.09%,0.00%,-0.60%
2005/05/31,2005/04/30,-0.62%,-0.37%,0.07%,0.47%,0.13%,4.39%,2.90%,3.99%,3.90%,5.49%,0.63%,0.89%,-2.71%,5.58%,3.88%,5.31%,93,117,96,108,99,84,104,106,104,88,5.79%,1.69%,13.40%,14.79%,-0.31%,89.04%,99.31%,97.53%,0.00%,0.00%
2005/06/30,2005/05/31,-0.57%,0.29%,-0.64%,0.43%,-0.33%,1.23%,1.54%,0.12%,0.77%,0.87%,0.69%,1.96%,0.23%,5.32%,0.85%,4.73%,92,118,95,109,99,85,106,106,105,89,6.04%,1.32%,14.18%,17.04%,0.54%,97.98%,107.0%,108.0%,0.00%,0.00%
2005/07/31,2005/06/30,-1.74%,0.43%,0.48%,0.05%,0.11%,3.18%,3.53%,4.15%,5.01%,5.03%,-0.62%,-2.63%,-1.81%,5.85%,4.20%,6.64%,90,118,96,109,99,88,109,111,110,94,8.00%,3.21%,13.48%,13.97%,4.76%,111.1%,112.1%,120.2%,-0.62%,-2.63%
2005/08/31,2005/07/31,1.37%,0.20%,-0.91%,-0.22%,1.06%,0.34%,-0.42%,-1.69%,-1.66%,-0.62%,-0.41%,0.03%,1.05%,-1.23%,-1.01%,-1.24%,92,118,95,109,100,88,109,109,108,93,7.66%,2.22%,13.01%,14.00%,3.70%,108.5%,111.6%,117.5%,-1.03%,-2.60%
2005/09/30,2005/08/31,1.15%,-0.18%,0.44%,-0.44%,1.65%,1.31%,0.53%,1.12%,0.09%,1.41%,-1.21%,-1.01%,0.77%,-0.19%,0.77%,0.11%,93,118,95,108,102,89,110,110,108,94,8.20%,2.32%,11.64%,12.85%,4.50%,108.7%,110.2%,117.1%,-2.23%,-3.58%
2005/10/31,2005/09/30,-0.39%,0.40%,-3.07%,1.49%,0.71%,-2.63%,-0.82%,-4.14%,-0.75%,-1.24%,0.32%,0.23%,-1.79%,-5.00%,-1.76%,-5.07%,92,119,92,110,103,87,109,106,107,93,9.39%,3.73%,11.99%,13.11%,2.66%,98.15%,103.2%,106.2%,-1.92%,-3.36%
2005/11/30,2005/10/31,-0.04%,0.66%,-0.20%,-0.29%,0.86%,4.24%,3.85%,3.08%,3.85%,4.89%,0.55%,-0.29%,-1.02%,3.54%,3.93%,3.63%,92,120,92,109,104,91,113,109,111,98,10.37%,4.40%,12.60%,12.78%,6.69%,105.3%,102.6%,113.5%,-1.38%,-3.64%
2005/12/31,2005/11/30,0.46%,0.54%,-0.04%,-0.78%,0.44%,0.53%,0.69%,-0.01%,-0.95%,0.19%,0.49%,0.61%,2.49%,1.89%,0.04%,1.71%,93,120,92,109,104,91,114,109,110,98,10.35%,4.05%,13.16%,13.47%,6.73%,108.8%,106.0%,117.6%,-0.90%,-3.05%
2006/01/31,2005/12/31,0.39%,1.65%,-1.19%,-1.15%,-2.37%,2.69%,3.77%,2.58%,3.57%,4.76%,-0.98%,-1.00%,-1.74%,9.26%,3.44%,9.56%,93,122,91,107,102,94,118,112,114,103,7.31%,6.21%,12.05%,12.33%,10.40%,128.8%,118.7%,137.7%,-1.87%,-4.02%
2006/02/28,2006/01/31,0.92%,-0.48%,-0.17%,0.87%,-0.75%,0.89%,-0.27%,-0.05%,1.09%,-1.09%,-0.22%,-0.02%,-0.11%,0.16%,0.09%,0.17%,94,122,91,108,101,95,118,112,116,102,5.52%,4.10%,11.80%,12.32%,10.50%,129.2%,118.8%,138.1%,-2.09%,-4.04%
2006/03/31,2006/02/28,0.35%,0.25%,-0.20%,-0.86%,-0.47%,2.61%,1.34%,2.13%,1.20%,3.63%,0.77%,0.53%,-0.83%,5.61%,1.90%,5.45%,94,122,91,107,100,97,119,114,117,105,4.65%,5.16%,12.66%,12.91%,12.59%,141.7%,126.6%,151.4%,-1.33%,-3.53%
2006/04/30,2006/03/31,1.97%,-0.65%,0.21%,-0.74%,0.87%,2.26%,1.06%,1.55%,-0.11%,1.49%,2.32%,2.31%,3.28%,3.85%,0.99%,3.16%,96,121,91,107,101,99,120,116,117,107,3.50%,4.35%,15.28%,15.52%,13.71%,149.3%,131.5%,161.1%,0.00%,-1.30%
2006/05/31,2006/04/30,-1.01%,-0.10%,-0.36%,0.09%,0.29%,-4.11%,-1.88%,-3.26%,-3.66%,-4.10%,-0.33%,-0.68%,-1.84%,-7.55%,-3.11%,-7.34%,95,121,90,107,101,95,118,112,113,102,4.85%,4.36%,14.90%,14.73%,10.17%,131.0%,121.7%,141.4%,-0.33%,-1.97%
2006/06/30,2006/05/31,-0.04%,0.18%,0.35%,0.21%,-0.85%,0.25%,0.33%,0.30%,0.19%,-0.60%,0.61%,0.86%,-1.25%,-1.42%,0.19%,-1.68%,95,121,91,107,101,95,119,112,113,102,4.00%,3.48%,15.60%,15.71%,10.39%,127.1%,117.6%,138.0%,0.00%,-1.13%
2006/07/31,2006/06/30,-0.09%,0.58%,1.48%,-0.92%,-1.43%,-1.71%,0.80%,1.41%,-1.65%,-2.55%,-1.55%,-1.29%,-1.58%,-5.37%,-0.28%,-4.98%,95,122,92,106,99,94,120,114,111,99,2.60%,2.60%,13.80%,14.22%,10.08%,115.8%,107.3%,125.2%,-1.55%,-2.41%
2006/08/31,2006/07/31,1.18%,-0.46%,-0.64%,0.62%,0.85%,2.95%,1.55%,2.02%,3.19%,3.36%,-1.36%,-1.30%,-2.43%,1.74%,2.48%,2.13%,96,121,91,107,100,96,121,116,114,103,2.26%,3.02%,12.25%,12.74%,12.81%,120.4%,106.6%,129.1%,-2.89%,-3.68%
2006/09/30,2006/08/31,1.66%,-0.17%,-0.52%,-0.28%,0.74%,3.56%,2.12%,2.01%,2.01%,2.47%,0.15%,0.11%,-0.79%,0.53%,2.24%,0.49%,98,121,91,106,101,100,124,119,117,105,1.32%,1.90%,12.42%,12.86%,15.33%,121.5%,103.0%,130.3%,-2.74%,-3.58%
2006/10/31,2006/09/30,-0.15%,0.83%,0.08%,-0.72%,-0.35%,3.91%,4.17%,3.67%,2.89%,4.04%,0.92%,1.54%,-1.12%,5.47%,3.69%,5.01%,98,122,91,106,100,104,129,123,120,109,1.12%,2.03%,13.46%,14.60%,19.59%,132.6%,105.7%,142.9%,-1.85%,-2.09%
2006/11/30,2006/10/31,-0.38%,-0.05%,0.60%,-0.86%,0.68%,1.78%,2.03%,2.79%,1.28%,3.11%,-0.86%,-1.52%,-1.66%,1.62%,2.16%,2.08%,97,122,92,105,101,106,132,126,122,113,2.19%,3.39%,12.48%,12.86%,22.17%,137.4%,105.5%,146.9%,-2.69%,-3.57%
2006/12/31,2006/11/30,-0.24%,-1.71%,0.55%,0.98%,-0.53%,0.37%,0.12%,2.11%,1.94%,1.16%,1.45%,1.65%,1.43%,3.46%,1.18%,2.97%,97,120,92,106,101,106,132,129,124,114,1.90%,4.20%,14.11%,14.72%,23.61%,144.5%,109.2%,155.4%,-1.29%,-1.98%
2007/01/31,2006/12/31,0.36%,0.32%,0.85%,0.04%,-0.90%,2.23%,2.16%,2.45%,1.77%,1.24%,0.89%,1.18%,2.28%,4.67%,2.01%,4.32%,97,120,93,106,100,108,135,132,126,115,0.62%,3.16%,15.12%,16.08%,26.09%,155.0%,114.0%,167.4%,-0.41%,-0.82%
2007/02/28,2007/01/31,1.07%,-0.55%,0.63%,-1.19%,0.38%,-1.14%,-2.24%,-0.85%,-2.05%,-1.29%,-0.37%,-0.81%,0.83%,-0.12%,-1.63%,0.13%,98,120,94,104,100,107,132,131,124,114,-0.08%,3.01%,14.69%,15.14%,24.04%,155.4%,117.8%,167.1%,-0.78%,-1.62%
2007/03/31,2007/02/28,-1.48%,-0.30%,0.08%,0.16%,-0.01%,0.97%,0.85%,1.14%,1.01%,1.13%,0.88%,0.80%,-0.73%,0.30%,1.00%,0.06%,97,119,94,105,100,108,133,133,125,115,1.39%,3.18%,15.70%,16.06%,25.28%,155.5%,115.7%,167.9%,0.00%,-0.84%
2007/04/30,2007/03/31,0.54%,0.96%,-0.90%,-0.30%,0.78%,5.35%,4.17%,2.93%,3.75%,4.09%,0.49%,0.80%,0.40%,3.05%,3.86%,2.81%,98,120,93,104,101,114,138,136,130,120,1.63%,1.88%,16.27%,16.99%,30.12%,162.7%,113.5%,176.0%,0.00%,-0.05%
2007/05/31,2007/04/30,0.77%,-0.52%,-0.29%,-0.16%,0.31%,4.53%,3.14%,3.09%,3.73%,3.85%,-1.09%,-0.50%,-4.36%,0.82%,3.54%,0.97%,98,120,92,104,101,119,143,141,134,125,1.16%,1.18%,15.00%,16.40%,34.73%,165.3%,108.0%,178.3%,-1.09%,-0.55%
2007/06/30,2007/05/31,-0.24%,-0.50%,-0.34%,-0.34%,0.74%,-1.64%,-2.01%,-2.40%,-1.68%,-0.82%,0.57%,0.85%,1.62%,0.67%,-1.77%,0.41%,98,119,92,104,102,117,140,137,132,123,2.15%,2.01%,15.66%,17.39%,32.35%,166.4%,112.5%,180.2%,-0.53%,0.00%
2007/07/31,2007/06/30,0.45%,0.19%,-1.17%,0.86%,0.76%,-3.76%,-3.37%,-4.49%,-3.11%,-2.59%,1.57%,1.74%,3.38%,-3.35%,-3.46%,-3.87%,99,119,91,105,103,113,135,131,128,120,2.47%,3.21%,17.47%,19.43%,27.77%,156.0%,111.6%,170.8%,0.00%,0.00%
2007/08/31,2007/07/31,0.00%,0.26%,0.67%,0.33%,-0.69%,1.02%,1.61%,1.55%,1.70%,1.17%,1.89%,2.31%,-2.98%,-1.52%,1.50%,-2.22%,99,120,92,105,102,114,137,133,130,122,1.76%,3.36%,19.69%,22.19%,29.69%,150.4%,103.8%,166.7%,0.00%,0.00%
2007/09/30,2007/08/31,1.84%,-0.83%,1.25%,-0.74%,-1.26%,5.40%,1.35%,3.38%,3.87%,4.27%,0.44%,1.15%,0.17%,2.16%,3.55%,1.82%,100,119,93,104,101,120,139,138,135,127,-1.39%,2.19%,20.22%,23.60%,34.30%,154.9%,100.2%,172.4%,0.00%,0.00%
2007/10/31,2007/09/30,-1.79%,0.54%,-0.78%,-0.93%,1.39%,2.04%,1.77%,1.29%,1.09%,4.91%,-0.58%,0.58%,-2.30%,1.39%,2.05%,1.22%,99,119,92,103,102,123,142,139,137,133,1.75%,5.12%,19.53%,24.32%,37.05%,158.0%,98.57%,176.2%,-0.58%,0.00%
2007/11/30,2007/10/31,1.74%,0.93%,0.51%,0.25%,-2.15%,-3.84%,-4.07%,-4.05%,-4.13%,-6.43%,-0.44%,-0.24%,-3.96%,-11.70%,-4.49%,-11.63%,100,120,93,104,100,118,136,134,131,125,-2.20%,2.41%,19.00%,24.02%,30.89%,128.0%,84.40%,143.9%,-1.01%,-0.24%
2007/12/31,2007/11/30,-0.93%,-1.74%,-0.29%,-0.32%,0.19%,-0.38%,-1.51%,-0.85%,-0.88%,0.53%,0.75%,1.16%,-1.08%,-0.96%,-0.68%,-1.31%,99,118,92,103,100,117,134,133,130,125,-1.10%,3.33%,19.90%,25.46%,30.00%,125.0%,83.24%,141.6%,-0.27%,0.00%
2008/01/31,2007/12/31,1.44%,-0.05%,0.64%,2.56%,0.12%,-6.66%,-6.19%,-4.33%,-4.58%,-8.68%,2.36%,1.99%,3.50%,-3.50%,-5.98%,-4.09%,101,118,93,106,100,110,126,127,124,114,-2.42%,1.25%,22.72%,27.95%,22.22%,115.8%,86.70%,133.1%,0.00%,0.00%
2008/02/29,2008/01/31,-0.04%,0.38%,-0.42%,0.42%,-1.39%,-2.40%,-1.97%,-3.79%,-2.57%,-3.92%,-0.63%,-0.47%,0.06%,-3.33%,-3.00%,-3.19%,101,119,93,106,99,107,123,122,121,110,-3.74%,-0.29%,21.94%,27.34%,18.56%,109.0%,86.35%,125.4%,-0.63%,-0.47%
2008/03/31,2008/02/29,-3.53%,-0.90%,0.19%,1.27%,0.06%,-2.42%,-1.76%,-0.47%,0.31%,-0.13%,1.97%,1.40%,-2.88%,-2.77%,-0.63%,-3.19%,97,118,93,108,99,104,121,121,121,110,-0.28%,1.99%,24.34%,29.13%,17.81%,102.3%,81.59%,119.1%,0.00%,0.00%
2008/04/30,2008/03/31,1.39%,0.80%,1.14%,0.28%,-1.53%,5.45%,5.10%,4.51%,4.98%,4.20%,1.27%,1.42%,-0.04%,3.43%,4.79%,3.00%,98,119,94,108,97,110,127,127,127,114,-3.20%,0.72%,25.92%,30.96%,23.46%,108.4%,78.34%,126.6%,0.00%,0.00%
2008/05/31,2008/04/30,-0.83%,-0.26%,0.81%,-0.93%,-0.76%,3.05%,0.97%,3.61%,1.08%,2.55%,0.69%,1.32%,-1.27%,3.81%,1.98%,3.41%,98,118,94,107,97,113,128,132,128,117,-3.13%,0.22%,26.79%,32.70%,25.90%,115.5%,80.90%,135.3%,0.00%,0.00%
2008/06/30,2008/05/31,-1.73%,0.59%,-0.89%,-2.42%,-2.07%,-14.48%,-6.89%,-8.93%,-7.81%,-8.29%,-0.03%,1.46%,-1.17%,-8.88%,-8.40%,-9.32%,96,119,94,104,95,97,119,120,118,108,-3.46%,6.42%,26.75%,34.63%,15.32%,95.41%,79.24%,114.4%,-0.03%,0.00%
2008/07/31,2008/06/30,0.52%,-0.57%,0.35%,1.01%,1.41%,2.49%,-1.56%,-1.33%,0.16%,0.02%,0.71%,0.87%,-3.33%,0.07%,-0.54%,-0.19%,96,118,94,105,96,99,118,118,119,108,-2.59%,3.79%,27.65%,35.81%,14.70%,95.04%,79.87%,114.5%,0.00%,0.00%
2008/08/31,2008/07/31,-4.43%,0.42%,1.00%,-0.33%,-0.99%,-0.34%,1.78%,1.76%,2.18%,1.42%,1.10%,1.30%,-2.26%,3.48%,1.65%,3.09%,92,119,95,105,95,99,120,120,121,109,0.76%,5.62%,29.06%,37.57%,16.60%,101.1%,82.47%,122.0%,0.00%,0.00%
2008/09/30,2008/08/31,-4.05%,0.19%,1.07%,-0.21%,1.25%,-15.15%,-6.99%,-7.15%,-9.60%,-9.25%,-0.29%,0.32%,-3.89%,-12.36%,-8.85%,-12.46%,88,119,96,105,96,84,111,112,110,99,6.10%,11.85%,28.68%,38.01%,6.28%,76.03%,75.88%,94.57%,-0.29%,0.00%
2008/10/31,2008/09/30,-0.84%,-0.71%,-1.81%,1.49%,-3.98%,-22.80%,-17.96%,-16.74%,-15.38%,-19.07%,-0.07%,-0.29%,-3.08%,-23.83%,-17.40%,-23.74%,88,118,94,106,92,65,91,93,93,80,2.77%,16.03%,28.59%,37.61%,-12.22%,34.23%,64.73%,48.20%,-0.36%,-0.29%
2008/11/30,2008/10/31,-2.97%,-2.25%,-1.04%,2.73%,-0.85%,-14.01%,-12.18%,-8.92%,-3.66%,-7.96%,3.32%,3.80%,-1.93%,-13.59%,-7.97%,-14.73%,85,116,93,109,91,56,80,85,89,74,4.95%,23.04%,32.85%,42.83%,-19.21%,14.46%,53.59%,28.06%,0.00%,0.00%
2008/12/31,2008/11/30,-5.45%,0.54%,1.37%,0.16%,-0.61%,-0.51%,3.11%,2.40%,1.49%,0.65%,-0.62%,-1.05%,-6.64%,-1.65%,2.00%,-1.34%,80,116,95,109,91,56,83,87,91,74,10.03%,24.45%,32.03%,41.33%,-17.59%,12.93%,48.46%,25.94%,-0.62%,-1.05%
2009/01/31,2008/12/31,-0.86%,0.34%,0.58%,-1.59%,-1.02%,-10.59%,-7.73%,-6.16%,-10.26%,-10.59%,0.50%,1.50%,10.93%,0.50%,-8.28%,0.05%,80,117,95,108,90,50,76,81,81,66,9.85%,24.46%,32.68%,43.45%,-24.42%,12.99%,60.84%,26.58%,-0.13%,0.00%
2009/02/28,2009/01/31,-0.33%,-0.50%,-1.01%,-1.59%,-2.27%,-11.82%,-10.15%,-8.35%,-12.02%,-12.59%,1.38%,2.10%,-3.27%,-11.78%,-10.22%,-12.42%,80,116,94,106,88,44,69,75,72,58,7.72%,23.51%,34.51%,46.47%,-32.14%,-1.04%,57.31%,11.66%,0.00%,0.00%
2009/03/31,2009/02/28,3.95%,1.31%,0.63%,-0.69%,1.67%,13.78%,10.59%,9.02%,7.65%,7.94%,-3.00%,-4.62%,-0.33%,10.11%,8.87%,11.49%,83,118,95,105,89,50,76,81,77,63,5.27%,16.30%,30.47%,39.70%,-26.13%,10.34%,61.44%,22.95%,-3.00%,-4.62%
2009/04/30,2009/03/31,-1.63%,-0.82%,-3.60%,-1.26%,11.38%,14.38%,15.11%,8.57%,8.89%,10.38%,3.97%,1.24%,5.19%,24.28%,10.45%,23.91%,81,117,91,104,100,57,87,88,84,69,18.96%,11.65%,35.65%,41.43%,-18.40%,36.71%,83.16%,52.80%,0.00%,-3.44%
2009/05/31,2009/04/30,2.44%,-1.69%,-0.83%,-0.60%,1.20%,9.02%,5.18%,3.91%,4.47%,6.97%,0.87%,-1.55%,4.16%,10.44%,5.16%,10.91%,83,115,91,103,101,62,92,92,88,74,17.48%,9.36%,36.83%,39.23%,-14.20%,51.63%,93.69%,68.75%,0.00%,-4.94%
2009/06/30,2009/05/31,-2.60%,1.55%,0.93%,-0.08%,-0.18%,-2.27%,0.93%,1.25%,0.67%,0.02%,-1.16%,-3.55%,1.42%,1.02%,0.39%,2.08%,81,116,91,103,101,61,93,93,88,74,20.33%,11.87%,35.24%,34.29%,-13.86%,54.79%,96.98%,70.48%,-1.16%,-8.31%
2009/07/31,2009/06/30,0.53%,0.57%,0.09%,-1.05%,-3.37%,7.23%,8.54%,7.90%,7.04%,8.44%,0.63%,0.64%,-1.47%,9.33%,7.78%,9.14%,82,117,91,102,97,65,101,100,94,80,15.64%,13.21%,36.09%,35.15%,-7.16%,68.94%,99.66%,86.38%,-0.54%,-7.73%
2009/08/31,2009/07/31,0.55%,-1.99%,0.21%,-0.60%,-1.70%,2.95%,3.24%,4.04%,2.39%,6.12%,-0.80%,-0.92%,2.89%,8.96%,3.49%,9.23%,82,115,92,102,96,67,104,104,97,85,13.04%,16.80%,35.00%,33.90%,-3.92%,84.53%,111.1%,103.1%,-1.34%,-8.58%
2009/09/30,2009/08/31,-0.82%,1.15%,-0.46%,-1.75%,-0.44%,4.76%,4.98%,3.89%,2.93%,4.95%,0.34%,0.84%,0.28%,8.15%,4.15%,7.90%,81,116,91,100,95,70,109,108,100,89,13.46%,17.02%,35.46%,35.02%,0.06%,99.11%,119.0%,119.6%,-1.00%,-7.81%
2009/10/31,2009/09/30,0.04%,1.35%,0.88%,0.03%,-1.34%,-3.62%,-0.46%,-2.94%,-2.92%,-4.71%,-2.12%,-1.87%,-4.17%,-9.24%,-2.59%,-8.68%,81,118,92,100,94,68,109,105,97,85,11.91%,15.75%,32.58%,32.50%,-2.53%,81.82%,105.7%,99.33%,-3.10%,-9.54%
2009/11/30,2009/10/31,-3.78%,-0.61%,1.19%,1.63%,-0.18%,3.93%,4.93%,6.06%,6.51%,5.95%,0.51%,0.29%,-4.26%,0.13%,5.59%,0.04%,78,117,93,101,94,70,114,112,103,90,15.94%,18.08%,33.26%,32.89%,2.92%,81.90%,94.29%,99.59%,-2.61%,-9.27%
2009/12/31,2009/11/30,-0.53%,-0.32%,0.28%,0.18%,1.90%,1.09%,2.85%,3.20%,3.26%,3.94%,-0.90%,-0.79%,0.29%,6.34%,2.80%,6.58%,78,117,93,102,96,71,117,115,106,94,18.76%,21.44%,32.07%,31.84%,5.80%,93.86%,101.6%,112.2%,-3.48%,-9.98%
2010/01/31,2009/12/31,-0.53%,0.08%,-1.32%,0.47%,-0.66%,-4.15%,-2.89%,-4.43%,-2.32%,-3.06%,-1.37%,-1.54%,1.04%,-0.20%,-3.38%,0.26%,77,117,92,102,95,68,114,110,104,91,18.60%,22.77%,30.25%,29.82%,2.23%,94.37%,109.0%,111.8%,-4.81%,-11.37%
2010/02/28,2010/01/31,0.36%,0.45%,-0.52%,-0.35%,0.74%,3.67%,4.04%,2.98%,2.65%,4.42%,0.82%,0.45%,1.52%,4.04%,3.44%,3.91%,78,117,92,102,96,71,118,113,107,95,19.05%,23.69%,31.32%,30.40%,5.74%,102.0%,109.9%,120.4%,-4.03%,-10.97%
2010/03/31,2010/02/28,0.84%,-0.59%,-0.53%,1.07%,1.26%,8.94%,5.19%,5.65%,7.34%,7.76%,1.07%,0.71%,2.20%,8.85%,6.36%,8.63%,78,116,91,103,97,77,124,120,114,102,19.54%,22.23%,32.72%,31.32%,12.47%,119.4%,114.7%,139.9%,-3.00%,-10.34%
2010/04/30,2010/03/31,0.53%,1.47%,-1.08%,-0.26%,-0.14%,2.25%,2.24%,1.42%,2.69%,2.31%,0.59%,1.06%,6.52%,12.05%,2.11%,11.73%,79,118,90,103,97,79,127,121,117,105,18.74%,22.30%,33.50%,32.71%,14.85%,145.1%,135.4%,168.8%,-2.43%,-9.39%
2010/05/31,2010/04/30,2.55%,-0.41%,0.01%,1.06%,0.64%,-9.67%,-8.02%,-7.47%,-6.92%,-8.97%,1.77%,1.55%,0.78%,-7.70%,-7.82%,-8.16%,81,118,90,104,97,71,117,112,109,95,16.47%,23.15%,35.87%,34.77%,5.86%,125.1%,134.6%,148.1%,-0.70%,-7.99%
2010/06/30,2010/05/31,-0.98%,-0.49%,1.79%,0.62%,-0.40%,-7.31%,-5.92%,-3.57%,-5.64%,-6.74%,-1.60%,-1.74%,-2.85%,-10.03%,-5.53%,-9.51%,80,117,92,104,97,66,110,108,103,89,17.14%,23.86%,33.70%,32.42%,0.01%,103.7%,125.2%,123.2%,-2.29%,-9.59%
2010/07/31,2010/06/30,0.12%,-0.45%,1.07%,-0.18%,0.31%,7.74%,6.50%,6.94%,6.75%,7.92%,-0.17%,-0.29%,-2.41%,5.14%,7.01%,5.23%,80,117,93,104,97,71,117,116,110,96,17.36%,24.07%,33.47%,32.04%,7.02%,114.4%,121.2%,134.7%,-2.46%,-9.85%
2010/08/31,2010/07/31,1.60%,0.25%,1.14%,0.39%,-0.82%,-4.29%,-4.77%,-3.49%,-5.19%,-5.57%,-1.15%,-0.77%,0.08%,-7.47%,-4.66%,-7.24%,81,117,94,105,96,68,112,112,104,90,14.51%,22.49%,31.94%,31.03%,2.02%,98.85%,115.5%,117.1%,-3.57%,-10.54%
2010/09/30,2010/08/31,-0.72%,0.53%,-0.07%,-0.22%,-0.28%,9.34%,10.09%,8.55%,8.93%,11.48%,2.02%,2.72%,-1.17%,12.80%,9.41%,11.99%,81,117,94,104,96,74,123,121,114,101,15.01%,25.11%,34.61%,34.58%,11.62%,122.7%,121.1%,144.9%,-1.62%,-8.11%
2010/10/31,2010/09/30,-0.95%,-0.56%,0.94%,-0.13%,1.71%,3.21%,3.85%,3.88%,3.56%,5.51%,0.90%,1.02%,0.84%,5.34%,3.89%,5.04%,80,117,95,104,98,77,128,126,118,106,18.08%,27.99%,35.82%,35.95%,15.96%,133.9%,123.6%,158.0%,-0.74%,-7.18%
2010/11/30,2010/10/31,0.18%,0.57%,-0.11%,-1.31%,2.26%,0.65%,1.23%,0.19%,-0.61%,2.41%,1.53%,1.70%,-0.36%,2.97%,0.54%,2.46%,80,117,95,103,100,77,129,126,117,109,20.54%,30.24%,37.90%,38.27%,16.58%,139.7%,127.9%,165.7%,0.00%,-5.60%
2010/12/31,2010/11/30,0.79%,-0.94%,0.28%,-1.13%,-3.27%,9.22%,5.17%,6.60%,7.12%,8.04%,-0.57%,-1.62%,1.00%,9.56%,6.70%,10.05%,81,116,95,102,97,84,136,135,125,118,15.65%,28.69%,37.11%,36.03%,24.40%,163.7%,135.6%,191.1%,-0.57%,-7.12%
2011/01/31,2010/12/31,-0.91%,-0.16%,0.30%,-0.22%,1.07%,1.03%,1.45%,2.21%,1.81%,3.85%,1.33%,1.01%,4.49%,5.15%,2.06%,4.85%,80,116,95,101,98,85,138,138,128,122,17.93%,32.31%,38.94%,37.40%,26.96%,176.5%,142.1%,206.1%,0.00%,-6.19%
2011/02/28,2011/01/31,-1.54%,0.40%,1.35%,-0.68%,-1.29%,2.53%,3.59%,4.23%,3.12%,3.32%,0.09%,-0.78%,-0.85%,2.95%,3.59%,3.18%,79,117,96,101,96,87,143,143,132,126,18.22%,33.35%,39.06%,36.34%,31.52%,185.3%,141.1%,215.1%,0.00%,-6.92%
2011/03/31,2011/02/28,1.16%,-0.19%,-0.80%,0.95%,1.52%,1.84%,0.51%,-0.02%,0.80%,0.02%,1.68%,1.89%,0.88%,2.65%,0.49%,2.08%,80,116,96,102,98,89,144,143,133,126,18.65%,30.93%,41.40%,38.92%,32.16%,191.3%,145.0%,223.5%,0.00%,-5.15%
2011/04/30,2011/03/31,-1.89%,-0.35%,0.94%,0.97%,-0.64%,1.51%,3.08%,3.72%,3.30%,1.99%,-0.10%,-0.50%,-1.79%,0.50%,2.97%,0.65%,78,116,97,103,97,90,148,149,137,129,20.14%,31.55%,41.25%,38.23%,36.08%,193.2%,139.3%,225.1%,-0.10%,-5.62%
2011/05/31,2011/04/30,-0.25%,0.44%,0.68%,0.95%,-1.82%,-1.45%,-0.50%,-0.42%,-0.87%,-3.69%,0.46%,0.39%,-0.33%,-2.15%,-1.22%,-2.26%,78,117,97,104,96,89,147,148,136,124,18.25%,28.61%,41.91%,38.76%,34.42%,186.5%,136.8%,218.1%,0.00%,-5.26%
2011/06/30,2011/05/31,0.29%,0.67%,-0.22%,-0.04%,1.65%,-1.94%,-1.34%,-2.38%,-1.73%,-1.29%,0.27%,0.12%,-0.40%,-2.90%,-1.74%,-2.94%,78,117,97,104,97,87,145,145,134,123,19.86%,29.44%,42.29%,38.93%,32.08%,178.1%,134.0%,208.9%,0.00%,-5.15%
2011/07/31,2011/06/30,-0.67%,0.58%,-0.09%,0.80%,-0.97%,-3.19%,-2.08%,-2.79%,-1.32%,-4.56%,1.30%,1.23%,1.09%,-2.54%,-2.26%,-2.91%,78,118,97,104,96,84,142,140,132,117,19.49%,27.67%,44.13%,40.63%,29.09%,170.0%,132.5%,201.0%,0.00%,-3.98%
2011/08/31,2011/07/31,-0.37%,0.14%,1.49%,0.28%,-0.55%,-6.78%,-6.11%,-5.04%,-5.24%,-9.55%,1.42%,0.99%,-1.71%,-10.80%,-5.89%,-11.10%,78,118,98,105,96,79,134,133,125,106,19.28%,24.14%,46.18%,42.03%,21.49%,140.1%,120.3%,168.5%,0.00%,-3.03%
2011/09/30,2011/08/31,-2.21%,-0.11%,1.65%,-0.58%,-4.12%,-11.42%,-7.08%,-5.32%,-8.38%,-13.62%,0.55%,0.19%,-1.67%,-11.83%,-7.63%,-11.88%,76,118,100,104,92,70,124,126,114,91,16.99%,21.41%,46.99%,42.29%,12.22%,111.5%,111.0%,136.8%,0.00%,-2.85%
2011/10/31,2011/09/30,0.51%,-0.25%,-0.82%,-0.05%,2.47%,14.43%,9.98%,11.12%,10.85%,16.85%,3.26%,3.39%,-1.67%,13.54%,11.39%,12.53%,76,118,99,104,94,80,136,140,127,107,19.28%,24.35%,51.78%,47.11%,25.00%,138.0%,113.4%,168.8%,0.00%,0.00%
2011/11/30,2011/10/31,-0.28%,0.47%,0.80%,0.14%,0.40%,-1.09%,0.07%,-0.26%,-0.43%,-1.05%,1.18%,2.36%,-0.99%,-1.58%,-0.35%,-2.29%,76,118,100,104,94,79,137,140,126,106,20.09%,24.41%,53.57%,50.58%,24.56%,132.6%,109.2%,164.6%,0.00%,0.00%
2011/12/31,2011/11/30,-0.19%,0.63%,1.27%,-0.40%,0.23%,0.28%,0.98%,1.75%,0.37%,0.60%,1.06%,1.71%,0.79%,1.79%,0.85%,1.28%,76,119,101,104,95,79,138,142,127,106,20.59%,24.80%,55.20%,53.16%,25.62%,135.6%,110.1%,169.3%,0.00%,0.00%
2012/01/31,2011/12/31,-2.37%,-0.64%,-1.07%,-1.20%,1.13%,2.51%,6.44%,4.30%,4.43%,8.51%,0.05%,0.40%,2.03%,11.30%,5.09%,11.18%,74,118,100,103,96,81,147,149,132,115,24.82%,32.29%,55.28%,53.77%,32.02%,161.9%,122.9%,199.8%,0.00%,0.00%
2012/02/29,2012/01/31,-1.02%,-1.10%,-0.17%,-0.69%,2.92%,3.81%,3.21%,3.76%,3.97%,7.54%,0.70%,1.05%,1.62%,5.01%,4.25%,4.70%,73,117,100,102,98,84,151,154,138,124,29.73%,37.22%,56.36%,55.38%,37.63%,174.2%,123.9%,214.8%,0.00%,0.00%
2012/03/31,2012/02/29,-2.54%,-1.00%,1.17%,1.58%,0.30%,0.77%,1.93%,3.96%,4.54%,3.31%,0.05%,-1.07%,0.96%,3.64%,3.15%,3.96%,71,116,101,103,99,85,154,160,144,128,33.41%,40.71%,56.45%,53.72%,41.95%,185.1%,125.8%,226.2%,0.00%,-1.07%
2012/04/30,2012/03/31,0.54%,0.33%,0.98%,0.72%,0.86%,-0.45%,-0.56%,-0.55%,-0.62%,-2.04%,0.36%,0.17%,0.95%,-1.40%,-0.69%,-1.45%,72,116,102,104,100,85,154,159,143,126,33.83%,38.48%,57.00%,53.99%,40.97%,180.9%,124.1%,221.7%,0.00%,-0.90%
2012/05/31,2012/04/30,-1.67%,0.91%,0.11%,0.87%,0.64%,-8.25%,-4.67%,-6.40%,-5.73%,-8.97%,-0.37%,-0.06%,0.93%,-7.80%,-6.09%,-7.78%,71,117,102,105,100,78,146,149,135,114,36.92%,37.48%,56.42%,53.89%,32.39%,159.0%,120.2%,196.6%,-0.37%,-0.96%
2012/06/30,2012/05/31,-1.28%,0.84%,1.19%,-1.08%,-1.00%,3.65%,4.50%,4.81%,3.06%,2.79%,2.43%,2.58%,-0.39%,4.88%,3.98%,4.11%,70,118,103,104,99,80,153,156,139,117,37.30%,36.30%,60.23%,57.85%,37.67%,169.7%,120.5%,211.1%,0.00%,0.00%
2012/07/31,2012/06/30,-0.26%,-0.17%,0.70%,0.91%,-1.58%,-1.04%,1.11%,1.60%,1.33%,-1.85%,-0.55%,-0.98%,-0.38%,-2.96%,0.87%,-2.67%,70,118,104,105,98,80,155,159,141,115,35.50%,35.20%,59.35%,56.30%,38.87%,162.5%,112.7%,201.8%,-0.55%,-0.98%
2012/08/31,2012/07/31,-0.01%,-0.71%,-1.07%,1.28%,0.89%,4.15%,1.68%,1.08%,4.08%,3.79%,1.68%,2.20%,-0.73%,3.77%,2.50%,3.11%,70,117,103,106,98,83,157,161,147,120,36.73%,34.72%,62.02%,59.73%,42.34%,170.7%,114.0%,213.2%,0.00%,0.00%
2012/09/30,2012/08/31,-1.74%,0.20%,-0.08%,0.45%,-0.83%,1.12%,2.76%,2.51%,3.13%,2.53%,-0.43%,0.79%,-1.12%,4.73%,2.56%,4.50%,68,117,103,107,98,84,162,165,151,123,37.97%,36.62%,61.32%,60.99%,45.99%,182.8%,118.2%,228.0%,-0.43%,0.00%
2012/10/31,2012/09/30,0.34%,-0.44%,-0.03%,0.88%,0.94%,-1.38%,-1.82%,-1.94%,-1.70%,-0.67%,-0.10%,0.24%,-1.94%,-2.14%,-1.70%,-2.21%,69,117,103,108,99,83,159,161,149,122,38.81%,37.60%,61.16%,61.38%,43.50%,176.6%,117.1%,221.0%,-0.53%,0.00%
2012/11/30,2012/10/31,-1.62%,-0.43%,0.59%,0.28%,-0.33%,-0.92%,0.21%,1.50%,1.30%,0.57%,-1.25%,-0.78%,-2.29%,-0.29%,0.66%,-0.05%,67,116,104,108,98,82,159,164,150,123,40.61%,39.65%,59.15%,60.12%,44.45%,176.4%,115.5%,220.1%,-1.77%,-0.78%
2012/12/31,2012/11/30,0.92%,-0.28%,1.20%,-0.75%,0.02%,2.38%,1.25%,1.47%,0.23%,2.31%,1.15%,0.66%,-1.65%,2.94%,1.26%,2.74%,68,116,105,107,98,84,161,166,151,125,39.34%,39.56%,60.98%,61.18%,46.27%,184.0%,118.7%,229.5%,-0.65%,-0.12%
2013/01/31,2012/12/31,0.63%,0.68%,0.46%,-2.18%,1.09%,6.17%,6.52%,5.71%,3.35%,7.38%,0.92%,1.26%,2.36%,9.66%,5.53%,9.29%,68,117,105,105,99,89,171,176,156,135,39.99%,41.25%,62.45%,63.21%,54.35%,210.4%,126.9%,261.4%,0.00%,0.00%
2013/02/28,2013/01/31,1.36%,0.50%,0.07%,-0.78%,-0.39%,2.25%,1.84%,1.27%,0.48%,1.07%,-0.54%,-0.30%,-0.92%,0.43%,1.30%,0.52%,69,117,105,104,99,91,175,178,157,136,37.53%,39.58%,61.58%,62.73%,56.35%,212.0%,125.2%,262.9%,-0.54%,-0.30%
2013/03/31,2013/02/28,1.29%,-0.22%,0.58%,-0.98%,-0.17%,5.12%,3.85%,4.46%,3.12%,4.30%,2.15%,1.32%,1.73%,6.43%,4.00%,6.04%,70,117,106,103,99,96,181,186,162,142,35.53%,38.44%,65.05%,64.89%,62.60%,230.8%,129.7%,286.3%,0.00%,0.00%
2013/04/30,2013/03/31,1.31%,0.05%,1.00%,-0.18%,-1.14%,2.00%,1.90%,2.67%,1.01%,0.07%,-0.26%,-0.01%,-0.38%,0.11%,1.68%,0.11%,71,117,107,103,98,98,185,191,163,142,32.22%,35.78%,64.62%,64.88%,65.33%,231.2%,126.2%,286.7%,-0.26%,-0.01%
2013/05/31,2013/04/30,-0.24%,-0.30%,-0.22%,-0.14%,-1.19%,5.45%,2.46%,1.59%,2.29%,3.14%,-0.89%,0.13%,-0.94%,5.97%,2.46%,5.93%,71,117,107,103,96,103,189,194,167,147,30.96%,32.64%,63.16%,65.09%,69.40%,250.9%,134.0%,309.8%,-1.14%,0.00%
2013/06/30,2013/05/31,-0.19%,-0.70%,-0.08%,0.96%,-0.77%,-1.13%,-1.83%,-1.28%,-0.36%,-1.75%,-0.14%,0.17%,0.50%,0.09%,-1.25%,0.04%,71,116,107,104,96,102,186,191,166,144,30.20%,31.81%,62.94%,65.38%,67.28%,251.0%,137.0%,310.2%,-1.28%,0.00%
2013/07/31,2013/06/30,0.30%,0.76%,-0.87%,-0.48%,-0.69%,7.02%,6.52%,4.67%,4.64%,6.25%,0.39%,1.39%,0.38%,8.52%,5.46%,8.10%,71,117,106,103,95,109,198,200,174,153,28.91%,30.80%,63.58%,67.67%,76.41%,279.4%,143.3%,345.1%,-0.89%,0.00%
2013/08/31,2013/07/31,2.59%,0.36%,-1.32%,-0.22%,-0.05%,-1.24%,-1.92%,-4.14%,-2.50%,-3.41%,-1.60%,-2.25%,0.87%,-2.55%,-2.84%,-1.88%,73,117,104,103,95,107,194,192,170,148,25.51%,27.96%,60.96%,63.89%,71.40%,272.3%,145.6%,333.8%,-2.48%,-2.25%
2013/09/30,2013/08/31,0.07%,-0.45%,0.20%,-0.52%,0.84%,4.77%,3.18%,3.84%,3.19%,6.00%,0.81%,1.16%,0.76%,6.50%,3.76%,6.15%,73,117,105,102,96,113,200,199,175,157,26.47%,29.53%,62.27%,65.80%,77.84%,295.2%,151.5%,362.0%,-1.68%,-1.12%
2013/10/31,2013/09/30,-2.11%,-0.08%,-0.34%,1.17%,0.02%,2.22%,4.15%,4.39%,4.86%,3.56%,-0.04%,0.19%,-2.03%,1.99%,4.19%,1.93%,71,117,104,104,96,115,209,208,184,162,29.15%,31.27%,62.20%,66.11%,85.29%,302.9%,145.8%,371.1%,-1.73%,-0.93%
2013/11/30,2013/10/31,-0.10%,-0.18%,-0.53%,0.21%,-2.01%,3.80%,2.94%,2.54%,3.00%,2.07%,0.53%,0.02%,0.68%,4.21%,2.86%,4.21%,71,117,104,104,94,119,215,214,189,166,26.68%,29.00%,63.06%,66.14%,90.59%,319.8%,149.2%,391.0%,-1.20%,-0.92%
2013/12/31,2013/11/30,-0.16%,-0.78%,-0.54%,0.49%,0.10%,3.09%,1.69%,2.31%,3.46%,2.96%,-0.42%,-0.64%,0.12%,2.80%,2.61%,2.99%,71,116,103,104,94,123,218,218,196,170,27.02%,28.83%,62.38%,65.08%,95.56%,332.4%,150.1%,404.7%,-1.62%,-1.55%
2014/01/31,2013/12/31,-0.09%,-0.49%,-0.07%,0.62%,2.22%,-4.03%,-3.47%,-3.39%,-3.00%,-1.34%,0.67%,2.05%,5.24%,3.62%,-3.13%,3.01%,71,115,103,105,96,118,211,211,190,168,29.94%,32.29%,63.47%,68.47%,89.43%,345.4%,165.5%,423.0%,-0.96%,0.00%
2014/02/28,2014/01/31,-0.10%,0.15%,0.68%,-0.66%,0.17%,5.13%,4.33%,4.90%,4.35%,5.26%,0.87%,0.85%,0.71%,5.22%,4.67%,4.97%,71,115,104,104,96,124,220,221,198,177,30.29%,32.46%,64.90%,69.90%,98.28%,367.5%,166.3%,450.3%,-0.09%,0.00%
2014/03/31,2014/02/28,-0.30%,0.88%,-0.52%,0.47%,-0.06%,-1.12%,1.11%,0.52%,0.59%,0.10%,-0.52%,-0.36%,-0.70%,-0.72%,0.51%,-0.61%,71,116,103,105,96,123,222,223,199,177,30.60%,34.08%,64.05%,69.28%,99.29%,364.6%,163.3%,446.4%,-0.61%,-0.36%
2014/04/30,2014/03/31,0.03%,1.03%,-0.19%,-0.71%,1.69%,-2.07%,0.64%,0.34%,-0.41%,-0.29%,0.09%,-0.35%,-0.43%,-5.07%,-0.02%,-4.97%,71,117,103,104,98,120,224,223,198,177,32.77%,36.46%,64.19%,68.69%,99.24%,341.6%,150.3%,418.6%,-0.52%,-0.71%
2014/05/31,2014/04/30,0.76%,-0.57%,0.00%,-0.07%,1.60%,2.23%,1.52%,2.14%,2.19%,2.71%,-0.50%,-1.05%,-0.99%,-1.66%,2.10%,-1.34%,71,117,103,104,99,123,227,228,203,181,33.88%,37.10%,63.38%,66.92%,103.4%,335.6%,141.6%,410.1%,-1.01%,-1.75%
2014/06/30,2014/05/31,-1.06%,0.65%,-0.60%,-0.65%,-0.04%,2.89%,2.59%,1.59%,2.16%,4.29%,1.27%,1.10%,0.12%,5.68%,2.50%,5.35%,71,118,102,103,99,127,233,232,207,189,35.25%,39.03%,65.45%,68.76%,108.5%,358.9%,148.5%,439.0%,0.00%,-0.67%
2014/07/31,2014/06/30,1.06%,0.39%,-1.06%,0.20%,2.01%,-2.70%,-0.61%,-2.56%,-2.41%,-2.46%,0.90%,0.97%,1.66%,-4.13%,-1.95%,-4.42%,71,118,101,103,101,123,232,226,202,185,36.54%,39.37%,66.94%,70.39%,104.4%,338.6%,142.4%,416.7%,0.00%,0.00%
2014/08/31,2014/07/31,0.97%,-0.32%,-0.60%,0.17%,0.52%,5.48%,4.04%,3.20%,4.34%,5.22%,0.27%,0.71%,0.78%,6.29%,4.18%,6.08%,72,118,101,104,102,130,241,233,211,194,35.91%,39.01%,67.39%,71.59%,113.0%,365.3%,147.0%,449.3%,0.00%,0.00%
2014/09/30,2014/08/31,-0.82%,0.41%,-0.81%,-0.36%,1.64%,-1.95%,-1.41%,-2.80%,-2.35%,-1.91%,-0.17%,-1.11%,-0.77%,-6.44%,-2.09%,-6.11%,72,118,100,103,104,127,238,226,206,191,39.26%,39.06%,67.10%,69.69%,108.5%,336.9%,137.1%,413.9%,-0.17%,-1.11%
2014/10/31,2014/09/30,-2.95%,2.34%,1.25%,-0.83%,-1.17%,0.87%,3.84%,3.48%,1.65%,2.94%,3.14%,2.30%,-4.06%,1.37%,2.74%,0.68%,69,121,101,102,102,128,247,234,209,196,41.74%,41.95%,72.35%,73.59%,114.2%,339.8%,132.2%,420.9%,0.00%,0.00%
2014/11/30,2014/10/31,-0.14%,-0.67%,0.72%,0.70%,-0.26%,1.99%,1.47%,3.17%,3.24%,2.58%,0.08%,-0.40%,-1.05%,-0.64%,2.53%,-0.53%,69,120,102,103,102,131,251,242,216,201,41.57%,42.77%,72.49%,72.90%,119.7%,337.5%,125.1%,417.5%,0.00%,-0.40%
2014/12/31,2014/11/30,-0.94%,0.17%,-0.01%,0.39%,0.31%,-0.46%,0.40%,-0.11%,-0.26%,0.14%,1.26%,-0.70%,-0.82%,0.60%,-0.03%,0.81%,69,120,102,104,102,130,251,241,215,201,43.34%,43.63%,74.67%,71.69%,119.6%,341.1%,127.0%,420.7%,0.00%,-1.10%
2015/01/31,2014/12/31,0.90%,1.22%,0.21%,-1.32%,1.70%,-2.92%,-1.98%,-3.51%,-3.58%,-1.25%,-0.32%,0.18%,0.40%,-3.08%,-2.75%,-3.13%,69,122,102,102,104,127,247,233,208,199,44.50%,46.03%,74.11%,72.00%,113.6%,327.3%,126.1%,404.6%,-0.32%,-0.91%
2015/02/28,2015/01/31,0.67%,-0.84%,-0.25%,0.62%,-1.83%,6.70%,4.67%,5.31%,6.33%,6.76%,-1.23%,-0.63%,0.19%,6.42%,5.76%,6.61%,70,121,102,103,102,135,258,245,221,212,40.88%,46.12%,71.98%,70.92%,125.9%,355.5%,128.0%,437.0%,-1.54%,-1.54%
2015/03/31,2015/02/28,-0.62%,-0.44%,-0.42%,0.81%,-0.25%,-0.86%,-1.87%,-1.19%,-0.45%,-0.56%,0.21%,-0.19%,-2.69%,-1.86%,-1.06%,-1.81%,69,120,101,104,102,134,253,242,220,211,41.39%,46.57%,72.33%,70.60%,123.5%,347.3%,126.3%,427.0%,-1.34%,-1.72%
2015/04/30,2015/03/31,3.15%,0.76%,0.21%,-1.36%,-0.28%,1.97%,2.40%,0.14%,-1.08%,-0.97%,-0.73%,0.01%,0.83%,0.95%,0.40%,0.94%,72,121,102,102,102,137,259,243,218,209,36.55%,42.26%,71.08%,70.62%,124.4%,351.5%,127.5%,432.0%,-2.06%,-1.71%
2015/05/31,2015/04/30,-1.13%,0.56%,-1.55%,0.42%,-0.10%,0.06%,0.76%,0.65%,2.17%,2.27%,0.31%,-0.21%,0.01%,0.58%,1.29%,0.64%,71,122,100,103,102,137,261,244,222,214,37.96%,45.40%,71.60%,70.27%,127.3%,354.4%,126.1%,435.1%,-1.76%,-1.91%
2015/06/30,2015/05/31,-0.12%,0.22%,-1.22%,-0.26%,0.52%,-0.50%,-1.17%,-2.72%,-1.86%,-0.69%,-0.18%,-0.55%,-1.78%,-1.71%,-1.63%,-1.55%,71,122,99,102,102,136,258,238,218,212,38.84%,45.12%,71.29%,69.33%,123.6%,347.4%,126.3%,425.9%,-1.94%,-2.45%
2015/07/31,2015/06/30,-0.83%,1.74%,3.01%,-2.24%,0.04%,-0.75%,1.15%,4.87%,1.39%,0.18%,-0.97%,1.86%,-2.44%,-4.16%,1.67%,-4.72%,70,124,102,100,102,135,261,249,221,213,40.04%,46.47%,69.63%,72.48%,127.3%,326.3%,111.8%,404.1%,-2.89%,-0.64%
2015/08/31,2015/07/31,-0.52%,-0.72%,0.78%,0.32%,0.25%,-6.53%,-6.29%,-5.01%,-6.15%,-6.09%,0.43%,-0.90%,-0.30%,-4.48%,-5.98%,-4.21%,70,123,103,100,102,126,245,237,208,200,41.12%,47.13%,70.36%,70.94%,113.7%,308.3%,115.6%,381.5%,-2.47%,-1.53%
2015/09/30,2015/08/31,0.15%,0.06%,0.66%,-0.52%,0.40%,-4.32%,-1.92%,-2.22%,-3.25%,-3.59%,-1.40%,-0.88%,-1.60%,-7.67%,-2.82%,-7.40%,70,123,103,100,103,121,240,232,201,193,41.47%,48.19%,67.97%,69.44%,107.7%,278.1%,105.7%,344.6%,-3.84%,-2.39%
2015/10/31,2015/09/30,1.59%,-0.32%,-0.28%,-0.12%,1.50%,10.24%,6.30%,6.48%,7.77%,9.62%,0.36%,0.00%,-1.73%,4.85%,7.68%,4.85%,71,123,103,100,104,133,255,247,216,211,41.34%,47.28%,68.57%,69.44%,123.6%,296.4%,99.88%,366.2%,-3.49%,-2.39%
2015/11/30,2015/10/31,0.14%,-0.05%,-0.28%,-0.21%,1.07%,0.54%,0.08%,0.52%,0.33%,2.14%,-0.17%,1.10%,-1.57%,3.08%,0.55%,2.75%,71,123,103,100,105,134,255,248,217,216,42.66%,49.63%,68.28%,71.30%,124.8%,307.3%,104.3%,380.5%,-3.66%,-1.32%
2015/12/31,2015/11/30,-0.83%,-0.33%,1.21%,0.64%,-1.87%,-3.78%,-2.01%,-0.76%,-1.39%,-3.18%,-0.56%,0.16%,-0.01%,-4.62%,-2.07%,-4.67%,70,122,104,100,104,129,250,246,214,209,41.18%,50.53%,67.33%,71.58%,120.2%,288.3%,98.96%,358.3%,-4.20%,-1.16%
2016/01/31,2015/12/31,1.41%,0.76%,-0.41%,-0.10%,-1.49%,-5.89%,-4.46%,-4.59%,-5.77%,-8.27%,-2.00%,-1.64%,-5.07%,-12.88%,-5.64%,-12.39%,71,123,103,100,102,121,239,235,202,192,37.09%,46.94%,63.98%,68.77%,107.8%,240.2%,85.54%,299.3%,-6.12%,-2.77%
2016/02/29,2016/01/31,-0.82%,0.66%,0.29%,0.93%,-0.97%,-0.19%,0.68%,-0.62%,0.28%,-0.73%,0.33%,0.61%,-3.84%,-2.30%,-0.05%,-2.49%,71,124,104,101,101,121,241,233,202,190,36.89%,46.16%,64.52%,69.80%,107.6%,231.7%,81.03%,290.1%,-5.81%,-2.18%
2016/03/31,2016/02/29,1.42%,-0.56%,1.91%,0.67%,-0.53%,9.03%,5.96%,7.04%,7.29%,7.18%,0.90%,-1.40%,1.66%,9.00%,7.08%,9.42%,72,124,106,102,100,132,255,250,217,204,34.23%,43.46%,66.00%,67.43%,122.4%,263.0%,85.25%,325.2%,-4.96%,-3.55%
2016/04/30,2016/03/31,2.09%,1.20%,-0.39%,-1.62%,1.31%,3.02%,2.05%,-0.52%,-0.98%,2.48%,-2.52%,-4.34%,1.17%,2.93%,0.81%,4.23%,73,125,105,100,102,136,260,248,215,209,33.18%,42.70%,61.82%,60.16%,124.2%,278.4%,91.58%,337.6%,-7.36%,-7.73%
2016/05/31,2016/04/30,-0.87%,0.11%,0.08%,0.23%,-0.37%,1.01%,1.71%,2.09%,2.21%,1.40%,-1.33%,-0.93%,-3.30%,-1.89%,1.79%,-1.61%,73,125,105,100,101,137,265,253,220,212,33.84%,43.25%,59.67%,58.67%,128.2%,272.3%,85.06%,329.4%,-8.59%,-8.59%
2016/06/30,2016/05/31,-1.78%,1.66%,0.27%,-0.33%,-0.14%,-2.16%,1.46%,0.44%,0.05%,0.25%,-0.33%,-1.92%,0.65%,0.26%,0.26%,0.83%,71,127,106,100,101,134,269,255,220,212,36.03%,46.71%,59.14%,55.63%,128.8%,275.4%,86.12%,330.5%,-8.89%,-10.35%
2016/07/31,2016/06/30,-0.93%,-0.26%,1.57%,0.41%,-0.55%,4.74%,2.53%,4.76%,4.57%,4.17%,1.47%,1.83%,1.24%,8.74%,3.96%,8.19%,71,127,107,100,101,141,275,267,230,221,36.55%,45.87%,61.47%,58.47%,137.9%,306.1%,93.98%,368.1%,-7.56%,-8.71%
2016/08/31,2016/07/31,1.56%,-0.99%,-0.00%,0.42%,0.05%,1.84%,-0.48%,0.40%,0.17%,0.47%,-0.84%,-0.29%,-0.61%,2.43%,0.32%,2.51%,72,126,107,101,101,143,274,268,230,222,34.50%,43.88%,60.12%,58.01%,138.6%,316.3%,98.25%,379.5%,-8.33%,-8.97%
2016/09/30,2016/08/31,1.52%,-0.81%,-0.48%,-0.06%,0.06%,1.77%,-0.83%,-0.24%,0.50%,0.78%,0.55%,0.38%,0.97%,3.89%,0.19%,3.78%,73,125,107,101,101,146,272,267,231,224,32.55%,42.45%,61.00%,58.61%,139.1%,332.0%,105.4%,398.1%,-7.83%,-8.63%
2016/10/31,2016/09/30,0.16%,0.29%,-0.93%,0.68%,-0.09%,-2.20%,-0.96%,-2.69%,-2.11%,-2.97%,0.25%,-0.04%,-1.24%,-7.39%,-2.12%,-7.38%,73,125,106,101,101,143,269,260,227,217,32.21%,41.35%,61.40%,58.54%,134.0%,300.2%,94.56%,361.3%,-7.60%,-8.67%
2016/11/30,2016/10/31,-0.75%,-0.31%,0.56%,1.78%,-0.11%,4.53%,5.58%,4.43%,3.80%,4.59%,0.35%,-0.11%,-1.56%,7.79%,4.59%,7.82%,73,125,106,103,101,149,284,271,235,227,33.05%,41.43%,61.98%,58.37%,144.7%,331.4%,100.8%,397.2%,-7.27%,-8.76%
2016/12/31,2016/11/30,-0.72%,1.12%,0.92%,-0.12%,-1.08%,1.21%,2.81%,2.82%,1.54%,0.95%,-0.63%,-1.24%,-1.19%,0.39%,1.94%,0.76%,72,126,107,103,99,151,292,279,239,229,32.56%,41.06%,60.96%,56.40%,149.5%,334.7%,98.47%,399.2%,-7.85%,-9.90%
2017/01/31,2016/12/31,-0.03%,-0.03%,-0.35%,0.34%,-0.87%,2.97%,1.26%,0.90%,2.75%,1.26%,-0.71%,-0.64%,0.11%,1.57%,1.89%,1.76%,72,126,107,103,99,155,296,282,245,232,31.45%,38.66%,59.80%,55.40%,154.2%,342.4%,98.23%,407.0%,-8.51%,-10.48%
2017/02/28,2017/01/31,-0.78%,0.77%,1.26%,-0.96%,-0.29%,4.00%,3.62%,4.12%,3.04%,3.82%,0.41%,0.39%,-1.40%,0.76%,3.64%,0.65%,71,127,108,102,98,161,307,293,253,241,32.09%,38.41%,60.46%,56.00%,163.5%,345.3%,92.29%,410.9%,-8.14%,-10.13%
2017/03/31,2017/02/28,-0.71%,-0.73%,-0.11%,0.12%,0.65%,0.14%,-0.43%,-0.02%,-0.05%,1.40%,2.40%,1.64%,0.23%,1.49%,0.13%,1.00%,71,126,108,103,99,162,305,293,253,245,33.89%,40.14%,64.31%,58.56%,163.8%,349.7%,93.96%,418.5%,-5.93%,-8.65%
2017/04/30,2017/03/31,-1.44%,-1.34%,0.63%,0.50%,0.18%,-0.15%,-0.01%,1.65%,1.57%,1.47%,1.68%,0.40%,-0.90%,0.55%,1.11%,0.43%,70,124,109,103,99,161,305,298,257,248,36.07%,42.40%,67.08%,59.20%,166.7%,351.7%,92.64%,421.3%,-4.35%,-8.29%
2017/05/31,2017/04/30,-1.69%,-0.52%,-0.17%,0.03%,0.35%,-1.20%,1.05%,0.66%,1.50%,1.89%,0.54%,0.57%,-1.10%,-2.12%,1.06%,-2.29%,69,124,109,103,100,159,308,300,260,253,38.84%,46.80%,67.98%,60.11%,169.6%,341.3%,86.18%,410.3%,-3.83%,-7.76%
2017/06/30,2017/05/31,0.26%,0.60%,0.81%,0.23%,-1.58%,2.29%,1.08%,1.35%,0.82%,-0.28%,0.90%,1.10%,0.27%,3.10%,0.90%,2.77%,69,124,110,103,98,163,312,304,263,252,36.29%,43.03%,69.49%,61.86%,172.0%,353.5%,89.66%,426.1%,-2.97%,-6.75%
2017/07/31,2017/06/30,1.02%,-1.31%,-0.78%,0.76%,0.97%,2.36%,0.90%,1.78%,2.65%,2.21%,0.91%,0.63%,0.50%,0.28%,1.93%,0.09%,70,123,109,104,99,167,315,309,270,258,36.23%,42.81%,71.03%,62.88%,177.2%,353.9%,86.17%,427.5%,-2.09%,-6.17%
2017/08/31,2017/07/31,-0.10%,0.86%,-1.36%,0.28%,0.02%,-0.84%,1.42%,-0.20%,0.56%,-0.79%,1.61%,1.51%,1.97%,-0.55%,0.26%,-1.00%,69,124,107,104,99,166,319,309,271,256,36.40%,42.89%,73.79%,65.35%,177.9%,349.4%,83.83%,424.6%,-0.51%,-4.75%
2017/09/30,2017/08/31,-1.42%,0.42%,-0.67%,-0.14%,1.55%,3.17%,2.64%,2.24%,1.54%,4.85%,1.62%,1.28%,2.76%,8.96%,2.47%,8.58%,69,124,107,104,100,171,327,316,275,268,40.44%,45.28%,76.61%,67.46%,184.8%,387.9%,95.07%,471.7%,0.00%,-3.53%
2017/10/31,2017/09/30,-0.28%,-0.07%,-0.79%,0.39%,-0.65%,1.47%,2.04%,2.23%,2.77%,1.57%,1.57%,2.36%,1.60%,1.45%,2.24%,0.74%,68,124,106,105,100,173,334,323,283,272,39.93%,45.42%,79.39%,71.41%,191.2%,391.5%,92.15%,480.0%,0.00%,-1.25%
2017/11/30,2017/10/31,-0.87%,0.39%,-0.47%,0.36%,-0.58%,2.75%,3.48%,2.89%,3.53%,2.99%,-2.39%,-2.92%,-1.84%,0.98%,3.22%,1.86%,68,125,105,105,99,178,346,332,293,280,40.33%,45.77%,75.11%,66.40%,200.6%,400.7%,89.52%,485.7%,-2.39%,-4.14%
2017/12/31,2017/11/30,-0.69%,0.67%,-0.93%,0.12%,0.45%,0.67%,1.82%,0.48%,1.10%,1.51%,-0.51%,-1.98%,1.12%,1.25%,1.10%,1.84%,67,126,104,105,100,179,352,334,296,285,41.94%,46.99%,74.21%,63.10%,203.8%,409.9%,90.93%,492.9%,-2.89%,-6.04%
2018/01/31,2017/12/31,-2.77%,-0.81%,-0.01%,0.01%,-0.17%,3.79%,4.83%,7.11%,5.39%,4.50%,0.26%,0.20%,0.99%,2.85%,5.34%,2.79%,65,125,104,105,99,186,369,357,312,297,45.63%,48.03%,74.66%,63.43%,220.1%,424.1%,86.07%,509.9%,-2.63%,-5.85%
2018/02/28,2018/01/31,2.86%,0.98%,-0.36%,-1.17%,-1.00%,-1.42%,-2.89%,-3.69%,-4.53%,-4.61%,-0.15%,0.36%,-0.21%,-3.90%,-3.65%,-4.01%,67,126,104,104,98,183,358,344,298,284,40.00%,43.31%,74.41%,64.03%,208.4%,403.1%,85.40%,486.1%,-2.77%,-5.51%
2018/03/31,2018/02/28,-1.64%,0.65%,1.58%,-0.42%,1.37%,-2.68%,-2.37%,-1.28%,-2.64%,-0.38%,-0.95%,-2.20%,-1.47%,-0.43%,-1.98%,0.23%,66,127,106,104,100,179,350,340,290,283,44.21%,46.61%,72.76%,60.43%,202.3%,404.3%,89.50%,483.6%,-3.70%,-7.58%
2018/04/30,2018/03/31,-1.13%,0.75%,0.16%,-0.99%,1.05%,-0.39%,0.85%,0.65%,-0.51%,1.71%,-0.66%,-0.76%,0.90%,2.46%,0.43%,2.69%,65,128,106,103,101,178,353,342,288,288,47.36%,49.68%,71.62%,59.20%,203.6%,417.9%,93.79%,498.0%,-4.33%,-8.29%
2018/05/31,2018/04/30,-2.89%,0.27%,-1.10%,0.13%,1.00%,2.13%,2.88%,1.81%,3.00%,3.80%,0.37%,1.07%,-0.41%,6.56%,2.78%,6.24%,64,128,105,103,102,182,363,348,297,298,53.08%,52.18%,72.25%,60.90%,212.0%,450.2%,100.5%,537.2%,-3.98%,-7.31%
2018/06/30,2018/05/31,1.95%,0.60%,1.07%,-0.78%,-1.64%,3.24%,0.84%,1.91%,-0.07%,-0.71%,-1.10%,-1.29%,-2.46%,0.01%,0.75%,0.40%,65,129,106,102,100,188,366,355,297,296,47.58%,46.16%,70.36%,58.82%,214.4%,452.4%,99.78%,537.2%,-5.03%,-8.51%
2018/07/31,2018/06/30,-0.11%,0.51%,0.55%,-0.52%,-1.47%,2.73%,4.27%,3.77%,2.94%,1.45%,0.72%,0.06%,-1.47%,-0.46%,3.27%,-0.48%,65,129,106,101,99,193,382,368,306,301,45.58%,44.29%,71.59%,58.91%,224.7%,449.7%,92.28%,534.3%,-4.35%,-8.46%
2018/08/31,2018/07/31,-0.14%,-0.03%,-0.33%,0.27%,-1.53%,4.01%,3.54%,3.40%,3.62%,3.39%,-1.34%,0.18%,-0.98%,4.19%,3.55%,4.13%,65,129,106,102,97,200,395,381,317,311,43.56%,43.40%,69.28%,59.19%,236.2%,472.4%,93.40%,560.9%,-5.63%,-8.29%
2018/09/30,2018/08/31,1.08%,-0.30%,-0.84%,0.34%,-0.16%,1.25%,-0.32%,-0.59%,0.53%,0.28%,1.39%,2.53%,1.15%,1.54%,0.10%,0.78%,65,129,105,102,97,203,394,379,318,312,41.79%,42.00%,71.63%,63.23%,236.6%,476.9%,94.71%,571.1%,-4.33%,-5.97%
2018/10/31,2018/09/30,-0.72%,0.23%,2.26%,0.98%,-0.06%,-9.89%,-5.52%,-4.55%,-8.09%,-9.71%,0.09%,0.19%,-0.07%,-10.64%,-7.27%,-10.70%,65,129,107,103,97,183,372,361,293,281,42.73%,42.25%,71.79%,63.53%,212.1%,415.2%,88.03%,499.7%,-4.24%,-5.79%
2018/11/30,2018/10/31,1.62%,2.13%,0.59%,-1.10%,-0.89%,3.61%,3.89%,2.41%,0.89%,0.87%,0.64%,0.34%,-2.48%,-1.05%,1.99%,-1.15%,66,132,108,102,96,189,387,370,295,284,39.16%,38.36%,72.89%,64.09%,218.3%,409.3%,82.12%,493.3%,-3.62%,-5.47%
2018/12/31,2018/11/30,-0.07%,-1.93%,-1.83%,1.26%,3.04%,-9.34%,-9.50%,-9.26%,-9.19%,-9.29%,1.63%,1.90%,-2.17%,-12.48%,-9.28%,-13.05%,66,129,106,103,99,172,350,336,268,258,43.49%,38.43%,75.71%,67.20%,188.8%,342.8%,75.25%,419.3%,-2.05%,-3.68%
2019/01/31,2018/12/31,-0.56%,1.07%,0.93%,-1.20%,-0.16%,9.19%,8.88%,8.38%,7.82%,10.60%,0.99%,0.64%,3.69%,16.93%,8.72%,16.73%,65,131,107,102,99,188,381,364,289,285,44.06%,40.38%,77.45%,68.27%,214.0%,416.9%,89.29%,507.2%,-1.08%,-3.06%
2019/02/28,2019/01/31,-0.66%,-1.28%,-0.50%,1.91%,-2.45%,3.76%,2.06%,3.25%,4.81%,2.40%,0.54%,0.28%,0.09%,5.77%,3.43%,5.69%,65,129,107,104,97,195,389,376,303,292,41.47%,38.47%,78.42%,68.74%,224.7%,446.3%,93.56%,542.2%,-0.54%,-2.79%
2019/03/31,2019/02/28,-0.27%,-0.06%,0.48%,-0.31%,-0.47%,0.35%,1.12%,1.01%,2.18%,0.39%,-1.13%,-2.09%,-0.30%,-2.55%,1.41%,-1.93%,65,129,107,103,96,195,393,380,310,293,41.18%,38.53%,76.40%,65.22%,229.3%,435.8%,87.12%,525.8%,-1.66%,-4.82%
2019/04/30,2019/03/31,-0.40%,-0.49%,-0.95%,0.58%,-0.56%,3.61%,3.55%,3.20%,4.88%,3.30%,1.04%,0.03%,-0.98%,1.83%,4.02%,1.82%,65,128,106,104,96,202,407,392,325,302,40.95%,38.10%,78.24%,65.27%,242.5%,445.5%,83.01%,537.3%,-0.64%,-4.79%
2019/05/31,2019/04/30,-0.30%,-0.15%,1.44%,0.54%,-0.44%,-8.48%,-7.91%,-5.65%,-6.04%,-6.38%,-2.34%,-0.83%,-0.22%,-9.45%,-6.47%,-9.20%,64,128,108,105,95,185,375,370,305,283,40.76%,40.99%,74.06%,63.90%,220.4%,395.3%,78.02%,477.1%,-2.97%,-5.58%
2019/06/30,2019/05/31,-0.64%,-0.08%,-0.33%,0.14%,-0.80%,7.48%,5.92%,6.29%,7.24%,7.65%,-1.27%,-2.29%,-5.11%,2.12%,6.83%,2.80%,64,128,107,105,94,199,397,393,327,305,40.54%,41.23%,71.85%,60.15%,242.2%,409.2%,70.85%,489.3%,-4.20%,-7.74%
2019/07/31,2019/06/30,0.39%,0.66%,-0.22%,1.11%,-1.70%,1.22%,1.38%,1.43%,2.10%,0.56%,0.89%,1.21%,0.70%,-0.09%,1.45%,-0.45%,64,129,107,106,93,201,403,398,334,306,37.60%,40.31%,73.37%,62.08%,247.2%,406.9%,67.60%,488.7%,-3.35%,-6.63%
2019/08/31,2019/07/31,0.15%,1.67%,0.64%,-0.90%,-1.27%,-4.16%,-1.49%,-2.62%,-2.11%,-1.37%,1.64%,1.47%,0.61%,-4.68%,-2.11%,-5.13%,64,131,108,105,92,193,397,388,327,302,35.64%,44.23%,76.21%,64.47%,239.9%,380.9%,62.54%,461.2%,-1.77%,-5.25%
2019/09/30,2019/08/31,-1.07%,1.63%,1.38%,-0.35%,0.39%,0.90%,1.74%,2.38%,1.79%,0.88%,-0.34%,-1.00%,0.48%,1.35%,1.76%,1.65%,64,133,109,105,92,195,404,397,333,305,37.62%,44.20%,75.61%,62.83%,245.8%,388.9%,62.37%,468.8%,-2.10%,-6.20%
2019/10/31,2019/09/30,-2.16%,-0.64%,0.78%,-0.43%,0.23%,0.63%,1.50%,2.86%,1.97%,2.53%,-0.57%,-1.20%,-3.66%,0.03%,2.20%,0.38%,62,132,110,104,92,196,410,409,339,313,40.91%,46.95%,74.61%,60.88%,253.4%,390.8%,59.43%,468.9%,-2.66%,-7.32%
2019/11/30,2019/10/31,1.78%,-1.90%,0.57%,-1.51%,1.06%,7.19%,2.20%,4.32%,2.72%,4.57%,0.23%,1.20%,-2.81%,3.79%,3.75%,3.43%,63,130,111,103,93,210,419,426,349,327,39.90%,43.09%,75.01%,62.81%,266.7%,407.6%,58.91%,490.4%,-2.44%,-6.21%
2019/12/31,2019/11/30,-0.72%,0.78%,-0.29%,0.30%,-0.42%,2.44%,3.57%,2.76%,2.99%,1.85%,0.98%,0.05%,2.91%,7.03%,2.79%,7.01%,63,131,110,103,93,215,434,438,359,333,40.32%,42.25%,76.73%,62.89%,276.9%,443.2%,65.61%,531.9%,-1.48%,-6.16%
2020/01/31,2019/12/31,0.20%,0.18%,-0.45%,0.07%,-2.27%,0.50%,0.37%,-1.26%,1.02%,-0.95%,1.74%,1.50%,4.37%,0.67%,0.06%,0.22%,63,131,110,103,91,216,435,432,363,330,36.85%,40.19%,79.80%,65.33%,277.2%,444.3%,65.87%,536.1%,0.00%,-4.76%
2020/02/29,2020/01/31,0.90%,-1.78%,-0.38%,0.81%,-0.78%,-7.33%,-9.02%,-7.96%,-7.74%,-7.51%,-0.61%,-0.27%,-0.68%,-6.56%,-8.00%,-6.48%,64,129,109,104,90,200,396,398,335,305,34.54%,39.95%,78.71%,64.88%,247.0%,409.1%,68.40%,494.4%,-0.61%,-5.02%
2020/03/31,2020/02/29,-2.80%,-3.47%,-0.24%,0.20%,-5.02%,-16.32%,-17.92%,-12.33%,-10.55%,-16.31%,-0.74%,0.27%,-6.27%,-22.87%,-13.57%,-22.96%,62,124,109,104,85,168,325,349,299,255,31.55%,39.96%,77.39%,65.32%,199.9%,292.2%,52.60%,358.4%,-1.34%,-4.76%
2020/04/30,2020/03/31,-1.13%,-2.50%,0.72%,0.83%,1.74%,13.12%,10.63%,13.85%,13.92%,14.87%,-3.77%,-4.05%,0.08%,18.00%,13.44%,19.22%,61,121,110,105,87,190,360,397,341,293,35.33%,42.42%,70.70%,58.63%,240.2%,367.6%,61.42%,441.0%,-5.06%,-8.62%
2020/05/31,2020/04/30,-0.35%,0.67%,-2.56%,-0.10%,-0.08%,6.61%,4.83%,3.89%,6.18%,6.92%,0.13%,1.38%,-1.40%,8.45%,5.40%,8.04%,61,122,107,105,87,202,377,413,362,314,35.70%,42.86%,70.92%,60.82%,258.6%,405.2%,65.68%,486.7%,-4.94%,-7.35%
2020/06/30,2020/05/31,-0.26%,-0.65%,-2.49%,2.40%,-0.65%,2.85%,1.52%,-0.11%,5.05%,2.60%,-1.28%,-1.90%,2.67%,8.81%,2.43%,9.38%,61,121,104,107,86,208,383,412,380,322,35.17%,42.51%,68.73%,57.76%,267.3%,452.5%,77.18%,538.4%,-6.16%,-9.12%
2020/07/31,2020/06/30,-3.76%,0.93%,-1.17%,-2.07%,0.52%,3.51%,5.91%,4.01%,6.01%,7.45%,2.81%,1.93%,4.48%,6.87%,5.73%,6.29%,58,122,103,105,87,215,405,429,403,346,40.96%,48.12%,73.47%,60.81%,288.3%,487.3%,78.18%,582.2%,-3.52%,-7.36%
2020/08/31,2020/07/31,1.10%,-2.07%,-1.80%,0.78%,-1.34%,9.01%,5.38%,4.44%,9.16%,8.60%,-3.83%,-3.13%,-7.72%,1.00%,7.38%,1.94%,59,120,101,106,86,235,427,448,440,375,37.52%,47.51%,66.82%,55.78%,317.0%,498.7%,68.48%,589.0%,-7.22%,-10.26%
2020/09/30,2020/08/31,1.16%,-0.15%,-1.95%,0.38%,-0.67%,-3.06%,-3.92%,-4.76%,-2.52%,-3.60%,-0.36%,-0.18%,1.17%,-2.92%,-3.61%,-2.86%,60,120,99,106,85,228,410,427,429,362,35.00%,46.71%,66.22%,55.50%,301.9%,481.5%,69.75%,568.9%,-7.55%,-10.42%
2020/10/31,2020/09/30,-1.18%,1.40%,0.66%,-0.17%,-0.52%,-0.67%,-0.44%,-3.04%,-2.99%,-2.85%,0.38%,-1.05%,-2.84%,0.05%,-2.11%,0.36%,59,121,100,106,85,226,409,414,416,352,35.90%,43.51%,66.86%,53.87%,293.4%,483.6%,73.95%,569.2%,-7.20%,-11.36%
2020/11/30,2020/10/31,5.84%,0.85%,-1.82%,-0.72%,0.82%,21.57%,13.75%,9.61%,9.78%,14.17%,-2.39%,-0.34%,-0.53%,23.34%,12.26%,23.44%,63,122,98,105,85,275,465,453,457,401,29.07%,32.88%,62.87%,53.34%,341.6%,620.4%,93.40%,725.4%,-9.41%,-11.67%
2020/12/31,2020/11/30,0.27%,-1.08%,-0.37%,-0.89%,-0.35%,7.48%,3.74%,3.74%,3.88%,6.04%,-2.65%,-3.79%,-2.40%,7.60%,4.57%,8.73%,63,121,98,104,85,295,482,470,475,426,28.27%,30.96%,58.55%,47.53%,361.8%,683.4%,101.5%,788.1%,-11.82%,-15.01%
2021/01/31,2020/12/31,-4.93%,-0.13%,1.13%,1.56%,-1.96%,-2.77%,0.12%,-0.26%,0.56%,1.06%,1.91%,4.00%,8.68%,29.46%,-0.12%,28.26%,60,121,99,106,83,287,483,469,477,430,32.08%,35.97%,61.58%,53.42%,361.3%,904.7%,158.6%,1050%,-10.13%,-11.62%
