Date,fdate,CAPES_AR_1,CAPES_AR_2,CAPES_AR_3,CAPES_AR_4,CAPES_AR_5,CAPES_TR_1,CAPES_TR_2,CAPES_TR_3,CAPES_TR_4,CAPES_TR_5,CAPES_AR_Sig,CAPES_TR_Sig,CAPES_AR_130,CAPES_TR_130,CAPES_TR_BP,CAPES_TR_LO,CAPES_CAR_1,CAPES_CAR_2,CAPES_CAR_3,CAPES_CAR_4,CAPES_CAR_5,CAPES_CTR_1,CAPES_CTR_2,CAPES_CTR_3,CAPES_CTR_4,CAPES_CTR_5,CAPES_CAR_LS,CAPES_CTR_LS,CAPES_CAR_SW,CAPES_CTR_SW,CAPES_CTR_BP,CAPES_CTR_LO,CAPES_CXR_LO,CAPES_CTR_13,CAPES_CADD,CAPES_CTDD
2001/02/28,2001/01/31,1.51%,2.12%,1.50%,1.27%,6.46%,-13.32%,-3.90%,-11.03%,-5.20%,-4.53%,12.35%,8.59%,19.89%,-1.75%,-9.48%,-4.32%,102,102,102,101,106,87,96,89,95,95,4.95%,8.79%,12.35%,8.59%,-9.48%,-4.32%,5.15%,-1.75%,0.00%,0.00%
2001/03/31,2001/02/28,-0.61%,0.91%,2.98%,-0.92%,2.23%,-9.48%,-3.96%,-2.73%,-6.32%,-4.43%,4.33%,2.84%,5.88%,-5.66%,-6.73%,-6.51%,101,103,105,100,109,78,92,87,89,91,7.94%,14.28%,17.22%,11.67%,-15.57%,-10.55%,5.38%,-7.31%,0.00%,0.00%
2001/04/30,2001/03/31,0.44%,-0.57%,-0.33%,-0.56%,-1.41%,10.20%,6.70%,6.68%,5.75%,8.38%,-5.80%,-5.08%,-7.75%,4.62%,8.26%,6.15%,101,102,104,100,107,86,98,92,94,99,5.94%,12.20%,10.43%,6.00%,-8.60%,-5.05%,3.16%,-3.02%,-5.80%,-5.08%
2001/05/31,2001/04/30,-0.08%,-0.46%,-0.83%,-0.06%,0.46%,-0.23%,2.04%,2.17%,1.33%,4.93%,4.03%,4.58%,7.82%,10.92%,1.01%,9.55%,101,102,103,100,108,86,100,94,95,104,6.51%,17.99%,14.88%,10.85%,-7.68%,4.01%,11.97%,7.57%,-2.00%,-0.74%
2001/06/30,2001/05/31,1.38%,1.06%,1.16%,-0.03%,-1.75%,-1.13%,-1.76%,-1.08%,-2.24%,-3.47%,0.03%,-0.15%,-3.56%,0.92%,-1.54%,0.97%,103,103,105,100,106,85,99,93,93,100,3.18%,15.24%,14.91%,10.68%,-9.10%,5.02%,14.78%,8.56%,-1.98%,-0.89%
2001/07/31,2001/06/30,-0.71%,-1.87%,-1.10%,3.26%,0.99%,-3.90%,-1.26%,-1.01%,2.73%,0.01%,5.02%,5.20%,8.03%,0.64%,-1.79%,-0.92%,102,101,103,103,107,82,97,92,96,100,4.94%,19.74%,20.68%,16.43%,-10.73%,4.05%,15.78%,9.25%,0.00%,0.00%
2001/08/31,2001/07/31,-0.91%,1.45%,2.28%,0.40%,4.85%,-8.56%,-4.36%,-3.81%,-5.17%,-2.69%,4.01%,3.07%,4.08%,-2.09%,-5.97%,-3.01%,101,103,106,103,112,75,93,89,91,97,10.98%,26.77%,25.52%,20.01%,-16.06%,0.92%,19.21%,6.97%,0.00%,0.00%
2001/09/30,2001/08/31,-2.58%,0.93%,0.83%,-0.43%,1.14%,-11.17%,-7.24%,-8.03%,-5.56%,-13.85%,4.54%,2.29%,6.86%,-12.32%,-8.92%,-13.01%,98,104,107,103,113,67,86,82,86,84,15.11%,23.37%,31.21%,22.76%,-23.54%,-12.21%,14.32%,-6.21%,0.00%,0.00%
2001/10/31,2001/09/30,1.52%,2.60%,2.08%,2.60%,2.90%,4.23%,1.22%,1.68%,1.54%,5.24%,-3.65%,-1.85%,-6.70%,7.22%,2.68%,7.77%,100,106,109,106,117,69,88,83,87,88,16.70%,24.63%,26.42%,20.49%,-21.50%,-5.39%,20.15%,0.56%,-3.65%,-1.85%
2001/11/30,2001/10/31,2.04%,-1.59%,-4.71%,1.57%,-4.16%,9.86%,6.85%,3.49%,8.72%,9.33%,-2.54%,-0.63%,-3.42%,7.45%,7.75%,7.64%,102,105,104,107,112,76,94,86,94,97,9.46%,23.98%,23.21%,19.73%,-15.41%,1.84%,20.02%,8.05%,-6.10%,-2.47%
2001/12/31,2001/11/30,-0.63%,1.13%,3.39%,-2.78%,-0.05%,0.71%,2.11%,4.47%,-1.03%,4.46%,0.94%,1.87%,0.88%,7.50%,1.71%,6.94%,101,106,107,104,112,77,95,90,94,101,10.09%,28.62%,24.37%,21.97%,-13.96%,8.90%,26.29%,16.15%,-5.22%,-0.64%
2002/01/31,2001/12/31,1.61%,-1.01%,-1.66%,-0.68%,1.19%,-0.70%,-1.57%,-2.21%,-1.11%,0.54%,6.92%,7.79%,8.97%,8.55%,-1.25%,6.21%,103,105,105,104,113,76,94,88,92,101,9.63%,30.21%,32.97%,31.48%,-15.04%,15.67%,35.72%,26.09%,0.00%,0.00%
2002/02/28,2002/01/31,-1.33%,1.43%,1.18%,0.74%,0.73%,-4.34%,-0.39%,-0.60%,-0.96%,-2.29%,2.39%,1.92%,1.60%,-3.52%,-2.10%,-4.10%,102,106,107,104,114,73,94,87,92,99,11.89%,32.87%,36.15%,34.00%,-16.83%,10.93%,33.01%,21.65%,0.00%,0.00%
2002/03/31,2002/02/28,-0.47%,0.03%,2.76%,1.19%,3.00%,3.56%,4.43%,5.30%,3.93%,11.13%,2.70%,3.57%,2.31%,11.38%,4.42%,10.31%,101,106,110,106,117,76,98,92,95,110,15.78%,42.93%,39.83%,38.79%,-13.15%,22.37%,40.85%,35.49%,0.00%,0.00%
2002/04/30,2002/03/31,0.20%,-0.62%,1.38%,-0.74%,-0.16%,-6.28%,-5.30%,-2.75%,-4.90%,-4.88%,6.93%,7.16%,6.25%,4.37%,-5.00%,2.22%,101,106,111,105,117,71,93,89,91,105,15.36%,44.92%,49.52%,48.73%,-17.49%,25.08%,51.01%,41.41%,0.00%,0.00%
2002/05/31,2002/04/30,-0.68%,0.76%,-0.77%,-1.82%,0.38%,-2.21%,-0.06%,-0.60%,-2.23%,0.00%,3.16%,3.65%,4.12%,0.00%,-1.20%,-1.09%,101,106,110,103,118,69,93,89,88,105,16.59%,48.13%,54.24%,54.16%,-18.48%,23.72%,51.17%,41.41%,0.00%,0.00%
2002/06/30,2002/05/31,1.28%,-0.45%,0.98%,-2.43%,1.51%,-6.52%,-7.16%,-5.73%,-9.14%,-8.47%,0.22%,-0.75%,-3.03%,-8.78%,-6.92%,-8.56%,102,106,111,100,119,65,86,84,80,96,16.85%,45.24%,54.58%,53.01%,-24.12%,13.13%,48.70%,28.99%,0.00%,-0.75%
2002/07/31,2002/06/30,-0.74%,0.36%,-0.23%,-1.02%,1.67%,-8.56%,-7.68%,-6.91%,-7.83%,-11.71%,2.43%,2.44%,3.40%,-9.91%,-7.99%,-10.64%,101,106,111,99,121,59,79,78,74,85,19.67%,40.66%,58.33%,56.75%,-30.19%,1.09%,44.76%,16.21%,0.00%,0.00%
2002/08/31,2002/07/31,0.24%,-2.97%,-1.15%,0.31%,0.81%,0.74%,-0.99%,0.78%,2.35%,3.05%,1.81%,3.06%,3.62%,2.90%,0.64%,1.98%,101,103,110,100,122,60,79,79,76,87,20.35%,43.92%,61.20%,61.54%,-29.74%,3.09%,46.70%,19.58%,0.00%,0.00%
2002/09/30,2002/08/31,1.81%,-2.11%,-3.65%,-1.29%,-0.13%,-8.96%,-10.22%,-11.46%,-9.62%,-14.08%,-1.49%,-2.85%,0.07%,-11.85%,-10.13%,-10.99%,103,101,106,98,122,54,70,70,69,75,18.01%,36.56%,58.80%,56.93%,-36.86%,-8.24%,45.43%,5.41%,-1.49%,-2.85%
2002/10/31,2002/09/30,2.20%,3.19%,-0.27%,0.67%,-3.70%,9.89%,8.40%,5.56%,5.78%,5.50%,-2.80%,-1.12%,-4.02%,4.69%,7.77%,5.02%,105,104,106,99,118,60,76,73,73,79,11.05%,30.56%,54.35%,55.17%,-31.95%,-3.63%,41.44%,10.35%,-4.24%,-3.94%
2002/11/30,2002/10/31,-2.50%,-0.30%,-0.27%,3.30%,7.21%,5.32%,5.38%,3.74%,9.15%,15.38%,6.68%,11.43%,7.25%,25.49%,6.03%,22.06%,103,104,105,102,126,63,81,76,79,91,21.83%,43.70%,64.67%,72.90%,-27.85%,17.63%,64.12%,38.48%,0.00%,0.00%
2002/12/31,2002/11/30,-1.01%,0.99%,0.53%,0.07%,0.59%,-7.88%,-4.15%,-3.69%,-4.41%,-7.19%,0.82%,0.48%,2.10%,-6.04%,-5.58%,-6.18%,102,105,106,102,127,58,77,73,76,85,23.78%,44.69%,66.03%,73.73%,-31.88%,10.35%,63.13%,30.12%,0.00%,0.00%
2003/01/31,2002/12/31,-0.87%,0.40%,0.70%,0.20%,0.91%,-3.31%,-2.30%,-1.84%,-2.20%,-2.86%,3.68%,3.86%,5.48%,4.17%,-2.56%,3.01%,101,105,107,103,128,56,75,72,74,82,25.98%,45.35%,72.13%,80.43%,-33.63%,13.68%,72.22%,35.54%,0.00%,0.00%
2003/02/28,2003/01/31,1.11%,-0.34%,0.04%,-0.88%,-0.18%,-0.74%,-2.31%,-1.97%,-2.76%,-3.24%,0.55%,-0.06%,0.28%,-3.07%,-1.81%,-3.05%,102,105,107,102,128,56,74,71,72,80,24.35%,41.71%,73.08%,80.32%,-34.83%,10.21%,70.08%,31.38%,0.00%,-0.06%
2003/03/31,2003/02/28,1.15%,0.77%,0.16%,1.50%,0.82%,1.93%,0.94%,-0.06%,1.50%,0.94%,0.46%,0.77%,0.61%,2.74%,1.22%,2.51%,103,106,107,103,129,57,74,71,73,80,23.94%,40.31%,73.88%,81.70%,-34.03%,12.97%,72.27%,34.97%,0.00%,0.00%
2003/04/30,2003/03/31,-0.61%,-0.71%,1.61%,-0.35%,0.41%,7.87%,7.81%,8.93%,7.70%,10.84%,1.99%,3.35%,1.57%,14.05%,8.22%,13.05%,103,105,108,103,129,61,80,77,79,89,25.21%,44.47%,77.34%,87.78%,-28.61%,27.71%,80.59%,53.94%,0.00%,0.00%
2003/05/31,2003/04/30,-2.32%,1.21%,-0.22%,1.60%,1.92%,5.29%,8.09%,4.70%,6.83%,9.20%,3.68%,5.63%,6.34%,21.40%,6.23%,19.71%,100,106,108,104,132,64,87,81,84,97,30.52%,50.12%,83.86%,98.36%,-24.16%,52.88%,104.9%,86.88%,0.00%,0.00%
2003/06/30,2003/05/31,-1.18%,-0.15%,1.17%,-0.21%,2.22%,0.48%,1.55%,2.36%,1.32%,4.23%,5.90%,7.53%,7.70%,13.10%,1.49%,10.84%,99,106,109,104,135,65,88,82,85,101,34.96%,55.76%,94.72%,113.3%,-23.03%,69.46%,124.1%,111.4%,0.00%,0.00%
2003/07/31,2003/06/30,1.76%,0.19%,1.13%,-1.88%,0.66%,4.12%,2.65%,2.10%,-0.13%,1.89%,2.84%,2.37%,3.20%,9.79%,2.46%,9.08%,101,106,111,102,136,67,90,84,85,103,33.48%,52.29%,100.3%,118.3%,-21.14%,84.85%,138.9%,132.1%,0.00%,0.00%
2003/08/31,2003/07/31,1.26%,-0.26%,-1.91%,-0.15%,-1.32%,3.63%,2.74%,0.00%,3.06%,1.63%,-0.56%,0.15%,-0.19%,5.52%,2.35%,5.47%,102,106,109,102,134,70,93,84,88,105,30.03%,49.26%,99.15%,118.7%,-19.28%,94.97%,146.4%,144.9%,-0.56%,0.00%
2003/09/30,2003/08/31,-1.14%,-0.88%,0.92%,-0.00%,2.46%,-2.09%,-1.74%,-0.08%,-0.93%,1.14%,4.86%,5.70%,7.56%,8.64%,-1.08%,6.93%,101,105,110,102,137,68,91,84,87,106,34.72%,54.08%,108.8%,131.1%,-20.15%,108.5%,166.1%,166.0%,0.00%,0.00%
2003/10/31,2003/09/30,1.88%,1.00%,-0.28%,-0.01%,-2.85%,6.84%,6.90%,5.34%,6.17%,3.06%,0.07%,1.86%,1.40%,10.07%,6.06%,9.51%,103,106,109,102,133,73,97,89,92,109,28.34%,48.26%,109.0%,135.4%,-15.32%,128.3%,175.3%,192.8%,0.00%,0.00%
2003/11/30,2003/10/31,-0.05%,0.11%,-0.26%,0.14%,-0.45%,1.18%,2.10%,0.71%,2.23%,1.04%,1.43%,2.43%,2.04%,5.72%,1.47%,4.99%,103,106,109,102,133,74,100,89,94,111,27.82%,48.05%,112.0%,141.1%,-14.07%,139.7%,185.0%,209.5%,0.00%,0.00%
2003/12/31,2003/11/30,-1.80%,-0.88%,-0.16%,1.50%,0.30%,2.66%,3.43%,4.77%,6.28%,7.21%,3.62%,4.39%,1.93%,7.27%,4.39%,5.95%,101,105,109,104,133,76,103,93,100,119,30.51%,54.78%,119.6%,151.7%,-10.30%,153.9%,189.4%,232.0%,0.00%,0.00%
2004/01/31,2003/12/31,-1.20%,-1.30%,1.48%,0.94%,0.81%,0.89%,1.32%,3.49%,3.78%,2.89%,2.79%,5.55%,7.29%,13.97%,2.25%,12.31%,100,104,110,105,134,76,104,97,104,122,33.13%,57.87%,125.8%,165.7%,-8.28%,185.2%,218.6%,278.4%,0.00%,0.00%
2004/02/29,2004/01/31,-0.64%,1.26%,-0.95%,0.94%,-1.25%,0.53%,2.68%,0.70%,2.57%,1.04%,1.34%,3.06%,1.14%,3.91%,1.48%,2.99%,99,105,109,106,133,77,107,97,107,123,32.32%,58.67%,128.8%,173.8%,-6.92%,193.7%,223.4%,293.2%,0.00%,0.00%
2004/03/31,2004/02/29,0.37%,0.45%,0.36%,-0.99%,-1.65%,-0.67%,-0.33%,-0.96%,-1.79%,-2.85%,1.51%,2.51%,0.80%,2.54%,-1.09%,1.79%,99,106,110,105,130,76,107,96,105,120,29.65%,55.22%,132.2%,180.7%,-7.94%,199.0%,232.7%,303.2%,0.00%,0.00%
2004/04/30,2004/03/31,-0.97%,-0.55%,-1.16%,0.01%,1.21%,-1.88%,-2.66%,-2.95%,-1.92%,0.20%,5.51%,3.75%,4.27%,0.04%,-2.03%,-1.09%,98,105,109,105,132,75,104,94,103,120,32.47%,58.45%,145.0%,191.2%,-9.81%,195.7%,235.8%,303.4%,0.00%,0.00%
2004/05/31,2004/04/30,1.14%,-0.25%,-0.18%,-0.26%,0.57%,2.30%,0.97%,1.18%,0.60%,1.09%,-1.16%,-1.23%,-1.70%,-1.43%,1.34%,-1.06%,100,105,108,104,133,77,105,95,103,121,31.72%,56.54%,142.2%,187.6%,-8.61%,192.6%,227.8%,297.6%,-1.16%,-1.23%
2004/06/30,2004/05/31,-0.12%,-0.82%,0.49%,0.39%,0.86%,1.79%,1.52%,2.57%,2.18%,2.10%,0.29%,1.26%,-1.30%,3.31%,1.96%,2.93%,99,104,109,105,134,78,106,97,106,124,33.00%,57.04%,142.9%,191.3%,-6.81%,201.2%,231.0%,310.7%,-0.87%,0.00%
2004/07/31,2004/06/30,-0.70%,1.08%,1.62%,-0.33%,-2.81%,-6.36%,-2.59%,-1.62%,-3.66%,-3.84%,0.92%,2.33%,-2.07%,-5.68%,-3.87%,-6.38%,99,105,111,104,130,73,104,96,102,119,30.20%,60.99%,145.1%,198.0%,-10.42%,182.0%,222.6%,287.4%,0.00%,0.00%
2004/08/31,2004/07/31,-0.47%,0.45%,0.39%,0.53%,0.27%,-0.97%,0.63%,0.95%,0.87%,1.00%,-0.50%,-0.39%,-1.65%,-2.39%,0.29%,-2.27%,98,106,111,105,130,72,104,96,103,120,31.16%,64.16%,143.9%,196.9%,-10.15%,175.6%,214.4%,278.2%,-0.50%,-0.39%
2004/09/30,2004/08/31,-1.09%,0.96%,0.11%,-0.02%,0.09%,1.41%,2.65%,1.66%,1.25%,0.54%,-0.24%,0.01%,0.47%,4.18%,1.66%,4.18%,97,107,111,105,131,73,107,98,104,121,32.71%,62.74%,143.3%,196.9%,-8.67%,187.1%,222.3%,294.0%,-0.74%,-0.38%
2004/10/31,2004/09/30,-0.33%,0.83%,0.22%,-1.08%,0.35%,1.34%,2.23%,1.63%,0.53%,1.79%,-0.49%,-0.86%,-0.62%,1.01%,1.55%,1.27%,97,107,111,104,131,74,110,100,104,123,33.61%,63.47%,142.1%,194.3%,-7.25%,190.7%,221.4%,297.9%,-1.22%,-1.24%
2004/11/30,2004/10/31,-0.93%,-0.36%,0.42%,0.24%,1.32%,4.01%,4.73%,4.59%,5.40%,4.97%,2.03%,4.39%,2.78%,13.65%,4.65%,12.33%,96,107,112,104,133,77,115,104,110,129,36.62%,65.04%,147.0%,207.3%,-2.94%,226.5%,246.1%,352.2%,0.00%,0.00%
2004/12/31,2004/11/30,-0.04%,0.37%,-0.49%,-0.15%,0.51%,3.66%,3.57%,3.24%,3.67%,4.11%,1.61%,2.27%,4.00%,9.09%,3.62%,8.41%,96,108,111,104,133,80,119,108,114,135,37.38%,65.78%,151.0%,214.2%,0.58%,254.0%,262.6%,393.4%,0.00%,0.00%
2005/01/31,2004/12/31,0.37%,-0.23%,0.08%,-0.40%,0.22%,-3.68%,-2.12%,-2.49%,-2.86%,-2.05%,0.65%,1.74%,0.73%,-2.89%,-2.69%,-3.41%,96,107,111,104,134,77,116,105,111,132,37.17%,68.48%,152.7%,219.7%,-2.13%,241.9%,260.0%,379.1%,0.00%,0.00%
2005/02/28,2005/01/31,-0.81%,-0.30%,-1.72%,-0.28%,5.14%,0.21%,1.80%,0.57%,2.35%,6.93%,-0.96%,-0.59%,-1.67%,-0.13%,2.06%,0.05%,95,107,110,103,141,77,118,106,113,141,45.33%,79.81%,150.2%,217.8%,-0.11%,242.1%,252.8%,378.5%,-0.96%,-0.59%
2005/03/31,2005/02/28,1.18%,-0.55%,0.31%,-0.80%,-0.85%,-2.01%,-1.89%,-0.85%,-1.94%,-1.93%,0.91%,1.98%,-0.20%,-2.06%,-1.73%,-2.65%,97,106,110,102,139,76,116,105,111,138,42.38%,79.96%,152.5%,224.1%,-1.84%,233.0%,249.5%,368.6%,-0.07%,0.00%
2005/04/30,2005/03/31,0.98%,-0.43%,0.32%,1.06%,-0.64%,-2.52%,-3.03%,-1.24%,-1.64%,-2.29%,-0.40%,-0.12%,-0.54%,-6.66%,-2.23%,-6.63%,98,106,110,104,138,74,113,103,109,135,40.08%,80.37%,151.5%,223.7%,-4.03%,211.0%,234.2%,337.4%,-0.46%,-0.12%
2005/05/31,2005/04/30,1.17%,-0.16%,-0.27%,-0.12%,-1.35%,6.02%,3.48%,3.31%,3.45%,1.89%,-1.61%,-1.82%,-2.91%,3.80%,3.88%,4.35%,99,106,110,103,137,78,117,107,113,138,36.55%,72.92%,147.5%,217.8%,-0.31%,224.5%,235.7%,354.0%,-2.06%,-1.94%
2005/06/30,2005/05/31,-0.75%,-0.01%,0.12%,-0.72%,1.80%,-0.81%,1.33%,1.26%,0.51%,3.12%,-0.18%,0.45%,-0.34%,3.86%,0.85%,3.73%,98,106,110,103,139,78,118,108,114,142,40.03%,79.71%,147.0%,219.2%,0.54%,236.6%,245.4%,371.6%,-2.23%,-1.50%
2005/07/31,2005/06/30,0.17%,1.24%,-0.50%,-1.31%,0.19%,5.66%,5.03%,3.04%,2.67%,3.69%,0.51%,0.62%,0.17%,7.69%,4.20%,7.50%,98,107,109,101,139,82,124,111,117,147,40.06%,76.17%,148.3%,221.2%,4.76%,261.8%,256.8%,407.8%,-1.74%,-0.89%
2005/08/31,2005/07/31,1.27%,-1.10%,-1.51%,0.60%,1.31%,-0.89%,-1.76%,-2.14%,-0.17%,0.83%,0.83%,1.35%,1.46%,0.02%,-1.01%,-0.39%,99,106,108,102,141,81,122,109,117,148,40.12%,79.20%,150.3%,225.5%,3.70%,260.4%,259.0%,407.9%,-0.92%,0.00%
2005/09/30,2005/08/31,0.12%,0.24%,-0.56%,0.66%,1.63%,0.01%,1.04%,-0.16%,1.34%,2.52%,-0.35%,-0.29%,1.14%,0.59%,0.77%,0.68%,99,106,107,103,143,81,123,109,118,152,42.24%,83.70%,149.5%,224.6%,4.50%,262.9%,258.7%,410.9%,-1.27%,-0.29%
2005/10/31,2005/09/30,0.44%,0.60%,1.24%,-0.46%,-3.53%,-1.85%,-1.12%,-0.30%,-1.93%,-4.82%,-0.68%,-0.64%,-2.02%,-4.62%,-1.76%,-4.43%,100,107,109,102,138,80,122,109,116,145,36.60%,78.25%,147.7%,222.5%,2.66%,246.8%,249.1%,387.3%,-1.95%,-0.93%
2005/11/30,2005/10/31,0.58%,0.16%,1.17%,0.77%,-2.33%,5.10%,3.71%,4.21%,4.43%,1.18%,-0.50%,-1.14%,-1.46%,2.67%,3.93%,3.01%,100,107,110,103,135,84,126,113,121,146,32.64%,71.27%,146.5%,218.8%,6.69%,257.3%,245.9%,400.3%,-2.44%,-2.06%
2005/12/31,2005/11/30,-0.87%,0.14%,-0.17%,0.23%,1.82%,-1.13%,0.21%,-0.20%,0.25%,2.12%,1.84%,2.35%,2.61%,2.58%,0.04%,1.87%,100,107,110,103,138,83,127,113,121,150,36.20%,76.84%,151.0%,226.3%,6.73%,263.9%,252.3%,413.2%,-0.65%,0.00%
2006/01/31,2005/12/31,-2.04%,-0.63%,-1.00%,-0.99%,5.93%,2.30%,3.10%,2.69%,2.60%,8.44%,-0.95%,-0.76%,-1.29%,8.24%,3.44%,8.47%,98,106,109,102,146,85,130,116,124,162,47.07%,87.69%,148.7%,223.8%,10.40%,294.8%,270.0%,455.5%,-1.59%,-0.76%
2006/02/28,2006/01/31,-0.51%,0.51%,0.61%,0.56%,-1.34%,-0.38%,0.58%,0.88%,0.58%,-1.39%,1.12%,1.22%,1.46%,1.69%,0.09%,1.32%,97,107,109,103,144,85,131,117,125,160,45.84%,85.81%,151.4%,227.8%,10.50%,300.0%,274.6%,464.9%,-0.49%,0.00%
2006/03/31,2006/02/28,-0.46%,-0.03%,-0.53%,-0.52%,0.49%,2.25%,1.64%,1.65%,2.12%,1.91%,1.35%,1.87%,-0.14%,6.19%,1.90%,5.63%,97,107,109,102,145,86,133,119,128,163,47.23%,85.19%,154.8%,233.9%,12.59%,322.5%,288.6%,499.9%,0.00%,0.00%
2006/04/30,2006/03/31,0.22%,-0.41%,0.56%,-0.22%,-0.48%,-0.31%,0.78%,2.12%,1.45%,1.55%,1.86%,2.79%,1.62%,2.57%,0.99%,1.73%,97,106,109,102,144,86,134,121,130,166,46.19%,88.62%,159.6%,243.2%,13.71%,329.8%,291.5%,515.3%,0.00%,0.00%
2006/05/31,2006/04/30,0.18%,0.06%,-0.67%,0.34%,-0.81%,-4.98%,-2.52%,-2.71%,-2.42%,-2.57%,1.38%,3.01%,0.26%,-3.23%,-3.11%,-4.13%,97,107,109,102,143,82,131,118,127,161,44.74%,93.18%,163.1%,253.6%,10.17%,312.1%,287.4%,495.4%,0.00%,0.00%
2006/06/30,2006/05/31,0.90%,-0.25%,-0.17%,-0.88%,0.85%,0.51%,-0.22%,-0.03%,-0.54%,1.33%,0.10%,0.43%,-0.74%,-0.64%,0.19%,-0.77%,98,106,108,101,144,82,131,118,126,163,44.67%,94.78%,163.4%,255.1%,10.39%,308.9%,283.7%,491.6%,0.00%,0.00%
2006/07/31,2006/06/30,-0.30%,-0.50%,-0.66%,-0.22%,2.95%,-3.19%,-0.51%,-0.44%,0.00%,4.18%,0.70%,2.76%,-0.10%,-1.87%,-0.28%,-2.70%,98,106,108,101,148,80,130,118,126,170,49.38%,109.1%,165.3%,264.9%,10.08%,297.8%,274.4%,480.5%,0.00%,0.00%
2006/08/31,2006/07/31,1.10%,-0.23%,-0.66%,1.03%,-0.63%,4.42%,2.24%,1.60%,3.04%,0.78%,-1.16%,-1.09%,-2.10%,1.49%,2.48%,1.82%,99,105,107,102,147,83,133,119,130,172,46.80%,101.5%,162.2%,260.9%,12.81%,305.1%,271.9%,489.1%,-1.16%,-1.09%
2006/09/30,2006/08/31,0.48%,0.23%,0.47%,-0.85%,-0.79%,2.36%,2.42%,2.70%,1.37%,1.97%,1.08%,1.72%,0.31%,2.03%,2.24%,1.52%,99,106,107,101,146,85,136,123,131,175,44.93%,100.7%,165.0%,267.1%,15.33%,311.2%,269.3%,501.1%,-0.10%,0.00%
2006/10/31,2006/09/30,-0.04%,0.14%,-0.77%,-0.39%,1.20%,4.09%,3.58%,2.95%,3.43%,4.54%,-0.61%,-1.18%,-0.88%,4.67%,3.69%,5.02%,99,106,107,101,148,89,141,126,136,183,46.73%,101.6%,163.4%,262.8%,19.59%,331.9%,274.2%,529.2%,-0.70%,-1.18%
2006/11/30,2006/10/31,0.76%,-0.39%,-1.04%,-0.05%,0.55%,2.85%,1.68%,1.30%,2.31%,2.82%,0.27%,0.76%,-0.63%,2.97%,2.16%,2.74%,100,105,105,101,149,91,143,128,139,188,46.42%,101.6%,164.1%,265.5%,22.17%,343.7%,276.4%,547.9%,-0.43%,-0.43%
2006/12/31,2006/11/30,-0.00%,0.68%,-0.74%,0.59%,-2.18%,-0.56%,1.87%,1.37%,2.42%,1.18%,1.06%,3.26%,0.52%,3.56%,1.18%,2.58%,100,106,105,102,145,91,146,130,142,190,43.22%,105.1%,166.9%,277.4%,23.61%,355.1%,281.6%,570.9%,0.00%,0.00%
2007/01/31,2006/12/31,0.42%,-0.13%,0.34%,1.00%,-0.40%,2.62%,1.59%,1.95%,2.81%,1.26%,3.42%,3.59%,3.82%,5.96%,2.01%,4.89%,100,106,105,103,145,93,148,132,146,193,42.04%,102.3%,176.0%,291.0%,26.09%,377.4%,292.6%,610.9%,0.00%,0.00%
2007/02/28,2007/01/31,-0.93%,0.42%,0.07%,-0.14%,-0.21%,-1.88%,-1.14%,-1.55%,-1.49%,-2.32%,1.31%,1.78%,1.55%,1.74%,-1.63%,1.21%,99,106,105,102,144,91,147,130,144,188,43.07%,101.4%,179.6%,297.9%,24.04%,383.1%,303.7%,623.3%,0.00%,0.00%
2007/03/31,2007/02/28,-0.49%,-0.50%,-0.27%,0.00%,0.96%,1.46%,0.38%,0.54%,1.01%,2.01%,0.45%,-0.79%,-0.92%,-0.76%,1.00%,-0.52%,99,106,105,102,146,93,147,131,146,192,45.15%,102.5%,180.9%,294.8%,25.28%,380.6%,297.6%,617.8%,0.00%,-0.79%
2007/04/30,2007/03/31,-0.33%,-0.96%,-0.01%,0.57%,1.97%,3.77%,2.79%,3.27%,4.36%,5.76%,0.76%,0.34%,1.38%,2.89%,3.86%,2.78%,99,105,105,103,149,96,151,135,152,203,48.48%,106.5%,183.1%,296.1%,30.12%,394.0%,293.3%,638.5%,0.00%,-0.45%
2007/05/31,2007/04/30,-0.46%,-0.66%,-0.02%,0.52%,0.49%,3.48%,2.75%,3.24%,4.34%,4.42%,0.06%,-0.33%,-2.24%,1.54%,3.54%,1.64%,98,104,105,103,149,99,156,140,159,212,49.90%,108.5%,183.2%,294.8%,34.73%,402.1%,285.8%,649.9%,0.00%,-0.77%
2007/06/30,2007/05/31,-0.70%,-0.11%,-0.91%,0.06%,1.24%,-1.37%,-1.53%,-2.54%,-1.73%,-1.71%,1.38%,0.44%,1.15%,-0.75%,-1.77%,-0.88%,97,104,104,104,151,98,153,136,156,208,52.82%,107.7%,187.2%,296.6%,32.35%,397.7%,289.2%,644.3%,0.00%,-0.34%
2007/07/31,2007/06/30,0.73%,-0.42%,-1.24%,2.20%,0.08%,-1.29%,-3.90%,-5.12%,-2.97%,-4.55%,1.22%,-1.28%,2.09%,-6.36%,-3.46%,-5.98%,98,104,103,106,151,97,147,129,151,199,51.83%,101.0%,190.7%,291.5%,27.77%,367.9%,279.4%,596.9%,0.00%,-1.61%
2007/08/31,2007/07/31,-0.04%,1.34%,-0.55%,-0.15%,-0.13%,2.38%,2.47%,0.25%,1.03%,0.39%,-3.31%,-5.19%,-5.36%,-6.10%,1.50%,-4.54%,98,105,102,106,151,99,151,129,153,200,51.68%,96.97%,181.0%,271.2%,29.69%,346.7%,256.5%,554.4%,-3.31%,-6.71%
2007/09/30,2007/08/31,1.13%,-0.24%,0.35%,-1.72%,-1.38%,6.16%,1.98%,2.94%,1.99%,3.90%,-1.71%,-3.83%,-1.45%,-1.31%,3.55%,-0.16%,99,105,102,104,149,105,154,133,156,208,47.88%,92.53%,176.2%,257.0%,34.30%,346.0%,243.3%,545.9%,-4.97%,-10.28%
2007/10/31,2007/09/30,0.51%,-0.26%,0.23%,-0.56%,-1.99%,5.13%,0.54%,1.38%,0.97%,0.56%,1.65%,-1.80%,-0.15%,-0.86%,2.05%,-0.32%,100,105,103,103,146,111,155,135,157,209,44.19%,83.73%,180.8%,250.6%,37.05%,344.5%,235.1%,540.3%,-3.40%,-11.90%
2007/11/30,2007/10/31,-0.84%,0.88%,2.04%,-1.28%,0.20%,-5.28%,-3.25%,-2.62%,-6.73%,-4.80%,-1.59%,-2.92%,-3.88%,-12.47%,-4.49%,-11.60%,99,105,105,102,147,105,150,131,147,199,45.68%,84.61%,176.3%,240.3%,30.89%,293.0%,211.3%,460.4%,-4.93%,-14.47%
2007/12/31,2007/11/30,-0.15%,-0.33%,-0.83%,-1.55%,-0.61%,1.03%,-1.68%,-1.61%,-2.78%,0.82%,2.16%,-0.10%,0.34%,-1.98%,-0.68%,-1.95%,99,105,104,100,146,106,147,129,143,200,45.01%,84.22%,182.3%,240.0%,30.00%,285.3%,207.4%,449.3%,-2.88%,-14.55%
2008/01/31,2007/12/31,1.70%,-0.07%,1.60%,-0.77%,1.83%,-9.40%,-4.16%,-2.60%,-6.31%,-5.63%,0.59%,6.64%,1.43%,0.18%,-5.98%,-1.81%,100,105,105,100,148,96,141,126,134,189,45.20%,91.17%,184.0%,262.6%,22.22%,278.3%,220.2%,450.3%,-2.31%,-8.88%
2008/02/29,2008/01/31,-1.46%,1.23%,-1.09%,1.10%,-0.20%,-3.25%,-2.01%,-4.56%,-2.96%,-1.95%,3.68%,2.04%,3.92%,-0.97%,-3.00%,-1.58%,99,106,104,101,148,93,138,120,130,185,47.04%,93.64%,194.4%,270.0%,18.56%,272.4%,224.7%,445.0%,0.00%,-7.02%
2008/03/31,2008/02/29,1.54%,1.57%,0.66%,-1.63%,-4.76%,1.49%,0.80%,-0.55%,-2.87%,-4.73%,-0.55%,-1.29%,-3.97%,-4.45%,-0.63%,-4.07%,100,108,105,99,141,94,139,120,126,177,37.78%,81.59%,192.8%,265.2%,17.81%,257.2%,213.6%,420.7%,-0.55%,-8.22%
2008/04/30,2008/03/31,-0.27%,-0.73%,1.21%,0.74%,1.42%,5.11%,2.54%,5.65%,5.06%,6.51%,-1.37%,-2.71%,-2.69%,-0.50%,4.79%,0.32%,100,107,106,100,143,99,143,126,132,188,40.10%,84.13%,188.8%,255.3%,23.46%,258.3%,199.5%,418.2%,-1.91%,-10.71%
2008/05/31,2008/04/30,-0.78%,0.84%,-1.57%,0.30%,-0.73%,3.38%,2.54%,0.25%,2.09%,0.55%,1.27%,-1.11%,-0.11%,1.98%,1.98%,2.31%,99,108,105,100,142,102,146,127,135,189,40.16%,78.92%,192.5%,251.4%,25.90%,266.6%,200.5%,428.4%,-0.67%,-11.70%
2008/06/30,2008/05/31,-2.47%,-0.60%,-2.79%,-0.05%,3.27%,-8.06%,-6.94%,-10.26%,-10.29%,-6.72%,2.09%,-3.84%,0.81%,-13.08%,-8.40%,-11.92%,97,107,102,100,147,94,136,114,121,176,48.21%,81.33%,198.6%,237.9%,15.32%,222.9%,189.9%,359.3%,0.00%,-15.09%
2008/07/31,2008/06/30,2.19%,0.14%,0.51%,2.33%,-5.57%,-1.15%,0.31%,-0.15%,2.86%,-5.07%,-4.64%,0.25%,-6.82%,0.59%,-0.54%,0.51%,99,108,102,102,138,93,137,113,125,167,36.72%,74.22%,184.7%,238.7%,14.70%,224.6%,193.0%,362.0%,-4.64%,-14.88%
2008/08/31,2008/07/31,0.02%,-0.01%,-1.18%,-1.00%,1.20%,1.66%,2.00%,1.13%,1.53%,1.59%,0.43%,2.84%,-2.89%,4.29%,1.65%,3.44%,99,108,101,101,140,95,139,115,127,170,38.33%,74.10%,185.9%,248.3%,16.60%,235.7%,198.2%,381.8%,-4.23%,-12.46%
2008/09/30,2008/08/31,2.36%,-0.25%,1.46%,-3.81%,-1.73%,-9.93%,-6.43%,-7.02%,-12.20%,-9.79%,-6.34%,-4.19%,-8.12%,-15.46%,-8.85%,-14.20%,101,107,103,97,138,85,130,107,111,153,32.68%,74.35%,167.8%,233.7%,6.28%,188.0%,182.2%,307.3%,-10.30%,-16.13%
2008/10/31,2008/09/30,2.12%,-2.69%,-4.13%,-3.19%,2.79%,-15.76%,-16.11%,-20.35%,-20.86%,-15.36%,-2.32%,-4.54%,-3.16%,-26.27%,-17.40%,-24.91%,104,104,98,94,141,72,109,85,88,130,33.56%,75.04%,161.6%,218.6%,-12.22%,116.3%,161.1%,200.3%,-12.38%,-19.93%
2008/11/30,2008/10/31,-1.80%,0.36%,-0.58%,1.57%,2.08%,-8.44%,-7.57%,-10.38%,-6.22%,-6.06%,-3.76%,-6.30%,-6.94%,-21.00%,-7.97%,-19.11%,102,105,98,96,144,66,101,76,83,122,38.74%,79.22%,151.8%,198.5%,-19.21%,74.96%,132.0%,137.3%,-15.67%,-24.98%
2008/12/31,2008/11/30,-0.92%,0.08%,-0.50%,3.32%,1.02%,0.72%,1.92%,1.96%,3.95%,2.77%,-4.69%,-1.40%,-5.89%,2.35%,2.00%,2.77%,101,105,97,99,146,66,103,78,86,125,41.44%,82.89%,140.0%,194.3%,-17.59%,79.81%,133.8%,142.8%,-19.63%,-26.03%
2009/01/31,2008/12/31,0.09%,-1.55%,-1.21%,0.17%,8.22%,-7.30%,-10.06%,-10.34%,-6.39%,-2.25%,9.39%,7.74%,17.75%,4.81%,-8.28%,2.49%,101,103,96,99,158,61,93,70,80,123,52.94%,92.11%,162.5%,217.1%,-24.42%,84.30%,159.0%,154.5%,-12.08%,-20.30%
2009/02/28,2009/01/31,2.17%,-0.20%,-3.13%,-4.50%,-6.32%,-6.47%,-9.65%,-12.70%,-12.96%,-17.79%,-3.24%,-4.86%,-5.41%,-17.00%,-10.22%,-15.54%,103,103,93,95,148,57,84,61,70,101,39.97%,70.37%,154.0%,201.7%,-32.14%,55.66%,145.2%,111.3%,-14.93%,-24.18%
2009/03/31,2009/02/28,2.20%,0.58%,-1.39%,0.45%,0.55%,9.44%,8.26%,8.94%,8.18%,12.44%,3.84%,9.64%,5.89%,23.62%,8.87%,20.73%,105,104,92,95,149,63,91,66,76,113,37.66%,75.48%,163.7%,230.8%,-26.13%,87.92%,174.3%,161.2%,-11.66%,-16.87%
2009/04/30,2009/03/31,1.65%,0.64%,-0.59%,-0.89%,2.64%,9.37%,10.45%,13.65%,7.41%,22.93%,8.62%,20.13%,9.12%,40.81%,10.45%,34.77%,107,104,91,94,153,69,100,75,81,139,39.02%,99.28%,186.5%,297.4%,-18.40%,153.3%,240.9%,267.7%,-4.05%,-0.14%
2009/05/31,2009/04/30,-1.18%,-0.80%,-1.59%,1.16%,4.13%,3.57%,4.12%,5.00%,7.12%,12.09%,5.97%,10.51%,8.90%,21.75%,5.16%,18.59%,106,104,90,95,159,71,104,79,87,156,46.40%,116.2%,203.6%,339.2%,-14.20%,200.3%,286.8%,347.7%,0.00%,0.00%
2009/06/30,2009/05/31,0.25%,-0.06%,-0.75%,1.47%,-0.75%,1.22%,0.00%,-0.99%,1.36%,-1.41%,2.96%,2.64%,5.71%,6.87%,0.39%,6.08%,106,103,89,97,158,72,104,78,88,154,44.94%,110.6%,212.6%,350.8%,-13.86%,218.6%,308.8%,378.5%,0.00%,0.00%
2009/07/31,2009/06/30,-0.39%,-0.12%,-0.44%,0.18%,-0.98%,7.10%,7.77%,9.87%,6.96%,8.46%,0.81%,3.67%,-0.68%,12.35%,7.78%,11.24%,106,103,89,97,156,77,112,86,94,167,44.09%,113.4%,215.1%,367.3%,-7.16%,254.4%,322.9%,437.6%,0.00%,0.00%
2009/08/31,2009/07/31,-0.84%,-1.60%,-0.28%,0.26%,2.68%,1.54%,4.34%,4.90%,2.84%,8.02%,12.84%,18.38%,15.65%,26.11%,3.49%,20.59%,105,102,88,97,160,78,117,90,97,180,49.16%,127.2%,255.6%,453.2%,-3.92%,327.4%,395.3%,577.9%,0.00%,0.00%
2009/09/30,2009/08/31,0.04%,-0.73%,-0.46%,-0.09%,-1.75%,4.53%,3.48%,4.93%,4.17%,3.10%,1.89%,4.56%,2.20%,11.98%,4.15%,10.61%,105,101,88,97,158,82,121,95,101,186,46.49%,124.0%,262.3%,478.4%,0.06%,372.8%,427.3%,659.1%,0.00%,0.00%
2009/10/31,2009/09/30,1.13%,0.37%,0.12%,-0.66%,2.14%,-1.38%,-3.39%,-4.07%,-2.87%,-0.00%,1.32%,-0.34%,-0.88%,-7.46%,-2.59%,-7.36%,106,101,88,97,161,81,117,91,98,186,47.97%,127.1%,267.1%,476.5%,-2.53%,338.0%,402.1%,602.4%,0.00%,-0.34%
2009/11/30,2009/10/31,0.23%,0.03%,-0.34%,1.10%,-2.35%,5.98%,4.92%,5.83%,6.14%,4.37%,-1.91%,-1.80%,-4.93%,-0.03%,5.59%,0.51%,106,101,88,98,157,85,123,96,104,194,44.16%,123.4%,260.0%,466.1%,2.92%,340.2%,376.6%,602.2%,-1.91%,-2.13%
2009/12/31,2009/11/30,0.46%,0.28%,-0.40%,-0.26%,0.33%,3.61%,2.62%,3.49%,1.08%,4.38%,1.56%,1.72%,1.68%,8.46%,2.80%,7.94%,107,102,87,97,158,89,126,99,105,202,43.98%,125.1%,265.7%,475.8%,5.80%,375.2%,401.1%,661.6%,-0.38%,-0.45%
2010/01/31,2009/12/31,-1.62%,0.01%,0.03%,0.68%,-0.21%,-4.98%,-2.70%,-3.12%,-2.08%,-3.48%,5.20%,8.06%,5.81%,6.97%,-3.38%,4.56%,105,102,87,98,157,84,123,96,103,195,46.01%,128.5%,284.7%,522.2%,2.23%,396.8%,440.9%,714.8%,0.00%,0.00%
2010/02/28,2010/01/31,-0.35%,0.68%,-0.16%,0.01%,-0.24%,2.84%,3.97%,4.13%,3.00%,3.19%,-0.26%,-0.98%,0.30%,2.73%,3.44%,3.03%,105,102,87,98,157,87,128,100,106,202,46.17%,129.3%,283.7%,516.1%,5.74%,411.8%,438.6%,737.0%,-0.26%,-0.98%
2010/03/31,2010/02/28,0.53%,-0.76%,0.94%,-0.26%,0.39%,6.75%,5.57%,7.61%,5.71%,6.73%,4.15%,4.56%,4.92%,12.39%,6.36%,11.02%,105,102,88,98,158,92,135,108,112,215,45.96%,129.3%,299.6%,544.2%,12.47%,468.2%,463.7%,840.7%,0.00%,0.00%
2010/04/30,2010/03/31,0.38%,-0.37%,-0.85%,-2.10%,3.96%,2.38%,2.17%,1.60%,1.21%,3.20%,7.96%,9.34%,11.59%,17.47%,2.11%,14.67%,106,101,87,96,164,95,138,110,114,222,51.18%,131.1%,331.4%,604.4%,14.85%,551.6%,534.5%,1005%,0.00%,0.00%
2010/05/31,2010/04/30,0.57%,0.10%,0.66%,0.63%,0.14%,-7.62%,-7.38%,-8.23%,-7.82%,-8.43%,-1.34%,-2.03%,-1.93%,-10.78%,-7.82%,-10.17%,106,101,88,96,164,87,128,101,105,203,50.54%,129.3%,325.6%,590.1%,5.86%,485.4%,519.6%,886.0%,-1.34%,-2.03%
2010/06/30,2010/05/31,0.09%,0.09%,0.52%,1.37%,-0.81%,-5.26%,-5.78%,-6.22%,-4.31%,-5.96%,-4.16%,-4.50%,-5.61%,-12.25%,-5.53%,-10.90%,106,101,88,98,163,83,120,94,100,191,49.18%,127.7%,307.9%,559.0%,0.01%,421.5%,486.3%,765.1%,-5.44%,-6.44%
2010/07/31,2010/06/30,-0.52%,0.30%,-0.13%,0.59%,1.20%,7.24%,6.57%,5.95%,8.03%,8.02%,1.46%,0.53%,-0.20%,6.45%,7.01%,6.29%,106,102,88,98,165,89,128,100,108,207,51.74%,129.4%,313.9%,562.5%,7.02%,454.3%,482.1%,820.9%,-4.06%,-5.94%
2010/08/31,2010/07/31,1.56%,-0.48%,-0.06%,0.71%,0.20%,-3.68%,-5.63%,-5.22%,-5.04%,-3.34%,-0.50%,-0.66%,-0.41%,-7.56%,-4.66%,-7.36%,107,101,88,99,165,86,121,95,103,200,49.68%,130.2%,311.8%,558.1%,2.02%,413.5%,466.5%,751.4%,-4.54%,-6.56%
2010/09/30,2010/08/31,-2.14%,0.28%,2.09%,-1.52%,1.33%,9.90%,9.31%,9.39%,9.78%,8.24%,1.14%,0.14%,-1.65%,11.17%,9.41%,11.13%,105,101,90,97,167,94,132,104,113,216,54.87%,126.4%,316.5%,559.1%,11.62%,470.7%,476.2%,846.5%,-3.45%,-6.43%
2010/10/31,2010/09/30,0.50%,0.26%,-0.46%,-0.53%,1.32%,5.40%,3.61%,2.23%,3.73%,4.37%,1.25%,0.75%,0.68%,4.79%,3.89%,4.57%,106,102,90,97,169,99,137,106,117,226,56.14%,124.1%,321.7%,564.0%,15.96%,496.8%,480.1%,891.8%,-2.24%,-5.73%
2010/11/30,2010/10/31,-0.81%,0.80%,0.29%,-1.30%,1.48%,0.51%,1.74%,0.58%,-0.86%,-0.05%,0.31%,-0.50%,-1.01%,1.20%,0.54%,1.35%,105,103,90,96,172,100,139,107,116,226,59.73%,122.9%,323.0%,560.7%,16.58%,504.8%,484.8%,903.7%,-1.94%,-6.20%
2010/12/31,2010/11/30,-1.98%,-0.97%,-0.25%,-1.07%,1.02%,5.04%,6.66%,7.18%,7.56%,8.59%,0.89%,2.90%,0.79%,11.22%,6.70%,10.35%,103,102,90,95,174,105,149,114,125,245,64.52%,130.8%,326.8%,579.9%,24.40%,567.4%,506.2%,1016%,-1.07%,-3.48%
2011/01/31,2010/12/31,-0.27%,-0.47%,1.08%,-0.97%,1.24%,1.25%,1.11%,3.29%,0.94%,4.59%,4.90%,6.87%,6.05%,8.67%,2.06%,6.61%,102,101,91,94,176,106,150,118,126,256,67.01%,138.5%,347.7%,626.6%,26.96%,611.5%,533.7%,1113%,0.00%,0.00%
2011/02/28,2011/01/31,-0.17%,-0.39%,-0.72%,-0.25%,2.96%,3.38%,3.24%,2.98%,3.29%,5.85%,0.90%,1.89%,0.61%,6.13%,3.59%,5.56%,102,101,90,93,181,109,155,121,130,271,72.24%,144.3%,351.7%,640.3%,31.52%,651.1%,546.2%,1187%,0.00%,0.00%
2011/03/31,2011/02/28,-0.73%,-0.34%,0.82%,1.74%,1.52%,0.48%,-0.38%,0.33%,2.07%,0.67%,-0.80%,-1.87%,-1.32%,-0.40%,0.49%,0.16%,101,100,91,95,184,110,155,122,133,273,76.11%,144.8%,348.1%,626.5%,32.16%,652.3%,544.1%,1182%,-0.80%,-1.87%
2011/04/30,2011/03/31,-0.86%,0.56%,0.95%,-0.21%,-0.02%,2.97%,2.57%,3.40%,3.16%,2.82%,-0.78%,-1.42%,-2.53%,-0.41%,2.97%,0.01%,101,101,92,95,184,113,158,126,137,281,77.59%,144.5%,344.6%,616.2%,36.08%,652.4%,525.1%,1177%,-1.57%,-3.26%
2011/05/31,2011/04/30,0.62%,0.08%,0.75%,0.14%,-1.40%,-0.27%,-1.47%,-0.93%,-1.47%,-2.56%,-1.00%,-1.20%,-1.62%,-3.13%,-1.22%,-2.78%,101,101,92,95,181,113,156,125,135,273,74.01%,138.9%,340.2%,607.6%,34.42%,631.5%,515.4%,1137%,-2.55%,-4.41%
2011/06/30,2011/05/31,0.64%,0.26%,0.09%,0.42%,-0.10%,-1.39%,-1.65%,-1.97%,-2.00%,-1.85%,0.10%,0.48%,-0.71%,-2.49%,-1.74%,-2.63%,102,101,92,95,181,111,154,122,132,268,72.72%,137.8%,340.7%,611.0%,32.08%,612.3%,509.9%,1106%,-2.45%,-3.96%
2011/07/31,2011/06/30,2.86%,0.16%,-0.15%,-1.86%,-1.34%,0.21%,-2.42%,-2.86%,-4.57%,-3.12%,0.93%,1.06%,1.72%,-1.16%,-2.26%,-1.47%,105,101,92,94,179,112,150,119,126,260,65.47%,129.9%,344.8%,618.5%,29.09%,601.8%,514.7%,1092%,-1.54%,-2.94%
2011/08/31,2011/07/31,1.79%,0.39%,0.43%,1.00%,-2.70%,-4.79%,-5.92%,-6.16%,-5.54%,-7.76%,-2.54%,-3.34%,-3.75%,-12.63%,-5.89%,-11.63%,107,102,93,95,174,106,141,112,119,240,58.04%,123.1%,333.4%,594.6%,21.49%,520.2%,479.5%,941.8%,-4.05%,-6.18%
2011/09/30,2011/08/31,1.11%,-0.03%,-0.70%,-0.53%,-1.30%,-6.95%,-7.52%,-8.34%,-8.06%,-7.59%,-1.95%,-2.03%,-3.35%,-12.95%,-7.63%,-12.34%,108,102,92,94,172,99,130,102,110,222,54.24%,121.6%,325.0%,580.5%,12.22%,443.7%,452.2%,806.9%,-5.92%,-8.08%
2011/10/31,2011/09/30,-1.57%,1.17%,-0.22%,-1.01%,1.89%,10.23%,12.38%,11.40%,11.04%,12.26%,-2.03%,-1.24%,-4.88%,10.66%,11.39%,11.04%,106,103,92,93,175,109,147,114,122,249,59.56%,126.1%,316.4%,572.0%,25.00%,503.7%,450.2%,903.6%,-7.83%,-9.22%
2011/11/30,2011/10/31,-0.50%,0.91%,0.50%,1.63%,-1.34%,-1.17%,0.27%,-0.55%,1.02%,-2.60%,0.34%,-0.81%,-0.94%,-3.10%,-0.35%,-2.86%,106,104,92,95,172,108,147,113,123,242,58.21%,122.9%,317.8%,566.6%,24.56%,486.4%,436.4%,872.5%,-7.51%,-9.96%
2011/12/31,2011/11/30,-0.24%,-0.38%,1.19%,2.02%,-1.00%,-0.22%,0.20%,1.85%,2.89%,-0.11%,0.78%,2.01%,-0.05%,1.16%,0.85%,0.56%,105,104,93,97,171,108,147,115,127,242,57.00%,123.1%,321.1%,580.0%,25.62%,489.7%,434.9%,883.8%,-6.79%,-8.15%
2012/01/31,2011/12/31,-1.09%,-0.19%,-1.05%,-1.79%,-0.47%,5.25%,5.62%,4.77%,3.38%,6.89%,4.16%,6.58%,5.32%,16.78%,5.09%,14.81%,104,103,92,95,170,113,156,121,131,259,57.97%,126.8%,338.6%,624.7%,32.02%,577.0%,486.8%,1049%,-2.92%,-2.11%
2012/02/29,2012/01/31,1.93%,-0.18%,-1.39%,-2.10%,-0.84%,5.68%,3.71%,3.13%,3.50%,5.29%,1.47%,1.70%,1.59%,5.21%,4.25%,4.70%,106,103,91,93,168,120,161,125,135,272,53.60%,125.9%,345.0%,637.0%,37.63%,608.9%,489.5%,1109%,-1.49%,-0.45%
2012/03/31,2012/02/29,1.47%,0.22%,0.11%,-0.49%,-2.05%,4.02%,3.03%,3.11%,2.67%,1.86%,0.34%,1.06%,1.07%,4.34%,3.15%,4.02%,108,103,91,92,165,124,166,129,139,278,48.20%,121.0%,346.5%,644.8%,41.95%,637.4%,494.7%,1161%,-1.16%,0.00%
2012/04/30,2012/03/31,1.21%,1.05%,0.77%,-0.10%,-1.14%,0.01%,-0.26%,-0.89%,-1.73%,-2.13%,0.57%,-0.15%,1.22%,-1.30%,-0.69%,-1.25%,109,104,92,92,163,124,166,127,137,272,44.73%,116.3%,349.0%,643.7%,40.97%,628.1%,491.3%,1145%,-0.60%,-0.15%
2012/05/31,2012/04/30,-0.33%,0.32%,1.45%,1.99%,-0.94%,-6.17%,-5.46%,-5.62%,-6.02%,-8.39%,1.73%,-0.51%,2.27%,-7.92%,-6.09%,-7.77%,109,105,93,94,162,117,157,120,128,249,43.85%,111.5%,356.8%,639.9%,32.39%,571.6%,481.4%,1046%,0.00%,-0.66%
2012/06/30,2012/05/31,-0.88%,-0.36%,1.57%,1.06%,-0.48%,2.95%,3.33%,5.19%,5.18%,4.42%,-2.49%,-2.32%,-3.07%,1.94%,3.98%,2.63%,108,104,95,95,161,120,162,126,135,260,44.44%,114.6%,345.4%,622.8%,37.67%,589.3%,473.6%,1069%,-2.49%,-2.96%
2012/07/31,2012/06/30,0.16%,0.80%,0.34%,-0.14%,-0.55%,0.85%,1.26%,0.89%,0.90%,-0.75%,0.46%,-0.21%,1.03%,-1.30%,0.87%,-1.23%,108,105,95,95,160,121,164,128,136,258,43.41%,111.2%,347.5%,621.2%,38.87%,580.8%,461.5%,1053%,-2.05%,-3.17%
2012/08/31,2012/07/31,1.30%,-0.23%,-1.38%,-0.84%,-0.06%,3.53%,2.33%,0.88%,2.26%,4.04%,-1.77%,-0.30%,-2.34%,2.88%,2.50%,2.97%,109,105,94,94,160,125,168,129,139,268,41.47%,112.2%,339.6%,619.1%,42.34%,601.0%,464.1%,1087%,-3.78%,-3.46%
2012/09/30,2012/08/31,-1.04%,-0.87%,0.84%,0.84%,1.11%,1.24%,1.94%,3.42%,3.89%,4.49%,0.60%,2.73%,0.48%,6.51%,2.56%,5.69%,108,104,95,95,162,127,171,133,145,280,44.52%,119.1%,342.2%,638.7%,45.99%,640.9%,481.8%,1164%,-3.20%,-0.82%
2012/10/31,2012/09/30,-1.27%,-0.29%,0.88%,1.08%,2.71%,-3.89%,-1.99%,-0.46%,-0.10%,1.07%,-0.24%,2.53%,-1.20%,-0.06%,-1.70%,-0.82%,107,104,95,96,166,122,168,133,145,283,50.26%,130.0%,341.1%,657.4%,43.50%,634.9%,486.9%,1163%,-3.44%,0.00%
2012/11/30,2012/10/31,0.75%,-0.08%,-0.69%,-0.59%,-0.94%,1.87%,0.71%,0.11%,-0.10%,-0.37%,0.81%,0.88%,-0.41%,0.83%,0.66%,0.57%,108,104,95,95,164,124,169,133,145,282,47.72%,124.8%,344.7%,664.1%,44.45%,639.0%,486.4%,1174%,-2.65%,0.00%
2012/12/31,2012/11/30,-0.18%,0.17%,0.03%,-0.36%,1.85%,-0.42%,1.44%,1.55%,2.18%,3.89%,-1.04%,1.94%,-2.59%,3.91%,1.26%,3.33%,107,104,95,95,167,124,171,135,148,293,50.71%,134.5%,340.1%,678.9%,46.27%,663.7%,498.6%,1223%,-3.66%,0.00%
2013/01/31,2012/12/31,-1.56%,0.24%,1.18%,-0.76%,3.58%,3.53%,5.85%,6.63%,5.58%,9.95%,3.64%,4.48%,4.30%,11.69%,5.53%,10.34%,106,104,96,94,173,128,181,144,156,322,58.45%,149.6%,356.1%,713.8%,54.35%,742.6%,527.4%,1378%,-0.16%,0.00%
2013/02/28,2013/01/31,-0.60%,0.26%,0.41%,0.22%,0.16%,0.74%,1.49%,1.59%,1.40%,1.46%,1.35%,1.65%,1.03%,2.46%,1.30%,1.97%,105,104,96,95,174,129,184,146,158,327,59.65%,151.4%,362.3%,727.2%,56.35%,759.2%,531.6%,1415%,0.00%,0.00%
2013/03/31,2013/02/28,-1.60%,-0.24%,1.40%,1.11%,-0.06%,2.62%,3.90%,5.04%,5.25%,3.92%,0.57%,1.04%,0.14%,5.31%,4.00%,5.00%,103,104,98,96,174,133,191,153,166,340,62.11%,154.7%,364.9%,735.8%,62.60%,802.2%,537.9%,1495%,0.00%,0.00%
2013/04/30,2013/03/31,0.14%,0.84%,0.61%,0.13%,-1.31%,1.49%,2.23%,1.91%,1.49%,0.80%,-0.30%,-0.61%,-0.46%,-0.66%,1.68%,-0.48%,104,105,98,96,171,135,195,156,169,343,59.77%,152.9%,363.5%,730.7%,65.33%,797.9%,524.2%,1484%,-0.30%,-0.61%
2013/05/31,2013/04/30,0.22%,-0.78%,-0.38%,-0.77%,-0.02%,2.04%,1.92%,2.19%,3.95%,3.29%,1.08%,2.90%,0.99%,7.67%,2.46%,6.81%,104,104,98,95,171,137,199,160,176,354,59.38%,156.1%,368.5%,754.8%,69.40%,859.0%,551.3%,1606%,0.00%,0.00%
2013/06/30,2013/05/31,-0.38%,0.11%,0.41%,-0.47%,-0.16%,-1.68%,-1.02%,-0.64%,-1.58%,-1.38%,0.57%,0.91%,0.50%,-0.02%,-1.25%,-0.29%,103,104,98,95,171,135,197,159,173,349,59.73%,156.8%,371.2%,762.6%,67.28%,856.2%,557.5%,1606%,0.00%,0.00%
2013/07/31,2013/06/30,-0.52%,-1.36%,0.49%,0.45%,0.39%,4.44%,4.86%,5.75%,7.22%,6.23%,1.12%,3.19%,1.34%,10.96%,5.46%,10.00%,103,103,99,95,172,141,207,168,185,371,61.18%,161.4%,376.5%,790.1%,76.41%,951.8%,587.4%,1793%,0.00%,0.00%
2013/08/31,2013/07/31,-0.01%,-0.22%,-1.15%,1.22%,-0.27%,-1.36%,-2.90%,-3.88%,-2.95%,-3.77%,1.54%,1.27%,2.87%,-0.25%,-2.84%,-0.63%,103,103,98,96,171,139,201,161,180,357,60.76%,155.1%,383.8%,801.4%,71.40%,945.1%,602.6%,1788%,0.00%,0.00%
2013/09/30,2013/08/31,0.58%,0.18%,-0.75%,0.17%,-1.57%,4.77%,3.92%,3.34%,3.76%,2.16%,-0.08%,0.52%,0.63%,6.85%,3.76%,6.70%,103,103,97,96,169,146,209,167,187,365,57.31%,148.5%,383.4%,806.1%,77.84%,1015%,623.2%,1917%,-0.08%,0.00%
2013/10/31,2013/09/30,0.74%,-0.45%,0.67%,-0.56%,-0.44%,4.19%,3.84%,4.48%,4.21%,4.35%,1.55%,2.23%,-0.35%,3.91%,4.19%,3.24%,104,102,98,96,168,152,217,174,194,380,55.44%,148.8%,390.9%,826.3%,85.29%,1051%,616.3%,1996%,0.00%,0.00%
2013/11/30,2013/10/31,-0.51%,-0.97%,-0.84%,0.06%,1.94%,2.37%,2.23%,2.17%,3.66%,5.37%,1.47%,1.67%,1.04%,5.24%,2.86%,4.74%,104,101,97,96,171,155,221,178,201,401,59.25%,156.3%,398.1%,841.8%,90.59%,1106%,629.8%,2106%,0.00%,0.00%
2013/12/31,2013/11/30,-0.19%,-0.13%,-0.33%,-0.48%,0.09%,2.63%,2.72%,2.50%,2.30%,3.02%,0.79%,1.34%,0.41%,3.79%,2.61%,3.38%,104,101,96,95,171,159,227,182,206,413,59.69%,157.3%,402.1%,854.4%,95.56%,1147%,635.4%,2189%,0.00%,0.00%
2014/01/31,2013/12/31,-0.34%,0.30%,-0.00%,1.86%,-0.11%,-3.04%,-3.05%,-3.33%,-2.15%,-4.59%,2.26%,1.87%,6.25%,3.23%,-3.13%,2.67%,103,102,96,97,171,155,220,176,202,394,60.05%,153.3%,413.4%,872.2%,89.43%,1180%,678.1%,2263%,0.00%,0.00%
2014/02/28,2014/01/31,0.76%,0.06%,-0.37%,-0.67%,0.34%,5.41%,4.61%,4.44%,3.67%,5.27%,0.23%,-0.07%,0.87%,5.31%,4.67%,5.33%,104,102,96,96,172,163,231,184,209,415,59.37%,153.0%,414.6%,871.6%,98.28%,1248%,683.2%,2389%,0.00%,-0.07%
2014/03/31,2014/02/28,-1.22%,1.42%,0.38%,1.08%,-1.20%,-3.08%,1.66%,1.01%,2.60%,0.90%,0.77%,3.39%,0.15%,1.70%,0.51%,0.68%,103,103,96,98,170,158,234,186,215,419,59.41%,163.0%,418.5%,904.6%,99.29%,1257%,684.6%,2431%,0.00%,0.00%
2014/04/30,2014/03/31,-0.96%,-0.08%,1.32%,0.74%,1.47%,-2.24%,0.63%,0.39%,0.25%,1.62%,2.07%,2.72%,0.57%,-2.52%,-0.02%,-3.33%,102,103,98,98,172,154,236,187,215,425,63.28%,173.2%,429.3%,931.8%,99.24%,1212%,658.6%,2367%,0.00%,0.00%
2014/05/31,2014/04/30,0.59%,0.84%,-0.11%,0.33%,-1.93%,2.75%,2.59%,2.19%,1.41%,0.51%,-1.00%,-0.95%,-1.22%,-1.16%,2.10%,-0.87%,102,104,98,99,169,159,242,191,218,427,59.17%,167.1%,424.0%,922.0%,103.4%,1201%,636.1%,2339%,-1.00%,-0.95%
2014/06/30,2014/05/31,-0.31%,0.03%,0.53%,-1.21%,-0.23%,2.83%,2.75%,2.26%,2.25%,2.14%,-2.03%,-2.71%,-2.53%,2.66%,2.50%,3.47%,102,104,98,97,168,163,249,195,223,437,59.29%,165.2%,413.3%,894.3%,108.5%,1246%,643.3%,2404%,-3.01%,-3.64%
2014/07/31,2014/06/30,-0.17%,0.65%,-1.09%,1.03%,1.15%,-2.36%,-1.42%,-2.65%,-2.23%,-0.74%,3.03%,3.92%,3.79%,-1.02%,-1.95%,-2.19%,102,105,97,98,170,159,245,190,218,433,61.39%,169.5%,428.9%,933.3%,104.4%,1216%,641.5%,2378%,-0.08%,0.00%
2014/08/31,2014/07/31,0.72%,0.10%,-0.88%,-0.00%,-0.86%,5.19%,4.58%,2.78%,4.01%,3.61%,-0.66%,-0.61%,-0.62%,4.13%,4.18%,4.31%,103,105,96,98,169,168,256,195,227,449,58.85%,165.2%,425.4%,927.0%,113.0%,1273%,642.4%,2480%,-0.74%,-0.61%
2014/09/30,2014/08/31,-1.14%,0.28%,0.13%,1.78%,-0.66%,-2.19%,-1.90%,-1.68%,-1.72%,-3.23%,0.75%,0.34%,-0.33%,-5.77%,-2.09%,-5.88%,101,105,96,100,168,164,251,192,223,435,59.60%,162.5%,429.3%,930.5%,108.5%,1192%,614.3%,2331%,0.00%,-0.27%
2014/10/31,2014/09/30,-0.13%,-0.02%,1.02%,0.30%,0.14%,3.27%,2.81%,2.11%,2.77%,2.13%,-0.98%,-1.97%,-4.97%,0.82%,2.74%,1.41%,101,105,97,100,168,169,259,196,229,444,60.03%,159.5%,424.1%,910.2%,114.2%,1210%,604.8%,2351%,-0.98%,-2.23%
2014/11/30,2014/10/31,-0.61%,0.35%,1.16%,-0.41%,0.96%,3.56%,2.78%,2.66%,0.79%,1.97%,1.85%,0.71%,0.32%,0.22%,2.53%,0.01%,101,105,98,100,170,175,266,201,231,453,62.54%,155.4%,433.8%,917.4%,119.7%,1211%,587.0%,2357%,0.00%,-1.54%
2014/12/31,2014/11/30,0.34%,0.76%,-0.67%,-0.25%,-0.36%,-0.94%,0.71%,-0.27%,0.62%,0.54%,-0.49%,1.39%,-1.90%,3.05%,-0.03%,2.63%,101,106,98,100,169,174,268,201,232,455,61.40%,159.1%,431.2%,931.5%,119.6%,1245%,605.3%,2432%,-0.49%,-0.17%
2015/01/31,2014/12/31,-0.37%,1.49%,-1.22%,0.47%,1.46%,-2.05%,-1.67%,-3.65%,-3.89%,-3.93%,0.98%,-1.38%,1.65%,-3.48%,-2.75%,-3.06%,101,108,97,100,171,170,263,193,223,437,64.36%,154.3%,436.4%,917.3%,113.6%,1204%,603.1%,2344%,0.00%,-1.55%
2015/02/28,2015/01/31,-0.49%,-0.69%,0.69%,-0.48%,0.93%,6.36%,5.43%,5.54%,4.69%,7.48%,0.53%,0.33%,1.72%,7.09%,5.76%,6.99%,100,107,97,100,173,181,277,204,234,470,66.70%,157.1%,439.3%,920.6%,125.9%,1295%,611.7%,2517%,0.00%,-1.23%
2015/03/31,2015/02/28,-0.52%,-0.09%,-0.51%,0.58%,1.00%,-1.40%,-1.05%,-1.43%,-0.13%,-0.79%,0.48%,0.02%,-1.55%,0.00%,-1.06%,-0.00%,100,107,97,100,175,178,275,201,233,466,69.22%,158.7%,441.9%,920.8%,123.5%,1295%,619.3%,2517%,0.00%,-1.21%
2015/04/30,2015/03/31,0.80%,-0.44%,0.32%,0.18%,-1.54%,0.28%,0.04%,0.02%,1.37%,0.47%,-0.36%,4.15%,1.63%,4.08%,0.40%,2.83%,100,106,97,100,172,179,275,201,237,468,65.27%,159.2%,439.9%,963.1%,124.4%,1335%,636.8%,2624%,-0.36%,0.00%
2015/05/31,2015/04/30,-0.40%,-0.46%,-0.63%,0.49%,1.18%,1.23%,1.30%,1.16%,1.10%,2.15%,-0.60%,-2.75%,-1.53%,-1.41%,1.29%,-0.58%,100,106,96,101,174,181,278,203,239,478,67.89%,161.6%,436.7%,933.9%,127.3%,1326%,623.0%,2585%,-0.96%,-2.75%
2015/06/30,2015/05/31,-0.30%,-0.61%,0.09%,-0.10%,0.07%,-1.59%,-1.99%,-1.49%,-1.33%,-1.70%,0.23%,-0.62%,-1.55%,-1.33%,-1.63%,-1.14%,100,105,96,101,174,178,273,200,236,470,68.50%,161.3%,437.9%,927.5%,123.6%,1310%,626.5%,2550%,-0.73%,-3.35%
2015/07/31,2015/06/30,0.01%,-0.84%,0.70%,0.90%,0.19%,2.94%,1.47%,1.82%,-0.14%,1.18%,0.68%,-3.69%,-0.71%,-6.84%,1.67%,-5.73%,100,104,97,102,175,183,277,204,236,476,68.80%,156.7%,441.6%,889.5%,127.3%,1229%,572.7%,2368%,-0.05%,-6.92%
2015/08/31,2015/07/31,1.08%,0.49%,0.39%,-1.85%,-1.16%,-6.18%,-5.77%,-5.19%,-6.37%,-6.67%,0.48%,4.68%,-0.11%,-0.67%,-5.98%,-2.07%,101,105,98,100,172,172,261,193,221,444,65.02%,155.4%,444.2%,935.9%,113.7%,1202%,599.1%,2352%,0.00%,-2.56%
2015/09/30,2015/08/31,1.45%,0.15%,-0.88%,-0.27%,-2.88%,-2.02%,-2.43%,-3.19%,-3.23%,-5.36%,-0.62%,-1.55%,-1.53%,-7.77%,-2.82%,-7.31%,102,105,97,100,168,169,254,187,214,420,57.88%,146.9%,440.8%,919.8%,107.7%,1106%,567.7%,2162%,-0.62%,-4.08%
2015/10/31,2015/09/30,0.76%,0.49%,-0.82%,0.14%,-0.76%,8.52%,7.90%,6.05%,7.23%,8.27%,-0.39%,0.82%,-2.13%,5.36%,7.68%,5.11%,103,106,96,100,166,183,274,199,229,455,55.48%,146.3%,438.7%,928.1%,123.6%,1168%,550.6%,2283%,-1.00%,-3.29%
2015/11/30,2015/10/31,0.40%,-0.57%,0.18%,0.04%,-0.80%,0.86%,0.01%,0.48%,0.81%,-0.04%,-1.52%,-0.58%,-3.07%,2.72%,0.55%,2.89%,103,105,96,100,165,185,274,200,231,455,53.61%,144.0%,430.5%,922.2%,124.8%,1205%,565.8%,2347%,-2.51%,-3.85%
2015/12/31,2015/11/30,-1.33%,0.17%,0.26%,1.31%,-0.33%,-2.30%,-1.84%,-1.79%,-1.68%,-3.55%,0.93%,-0.18%,0.19%,-5.16%,-2.07%,-5.10%,102,105,96,101,164,180,269,196,227,439,55.15%,141.0%,435.5%,920.3%,120.2%,1138%,545.6%,2221%,-1.60%,-4.02%
2016/01/31,2015/12/31,0.69%,0.23%,0.55%,-1.03%,-4.45%,-5.57%,-5.34%,-4.01%,-6.14%,-11.48%,-0.99%,-0.54%,-3.65%,-11.85%,-5.64%,-11.69%,103,105,97,100,157,170,255,188,213,388,47.17%,126.7%,430.2%,914.8%,107.8%,993.5%,506.6%,1946%,-2.57%,-4.54%
2016/02/29,2016/01/31,-1.20%,2.53%,0.27%,0.20%,-1.30%,-1.22%,2.23%,-0.29%,-0.22%,-0.81%,0.13%,0.58%,-1.10%,0.23%,-0.05%,0.06%,102,108,97,100,155,168,261,188,213,385,47.02%,127.7%,430.8%,920.7%,107.6%,994.1%,507.3%,1951%,-2.45%,-3.99%
2016/03/31,2016/02/29,1.15%,0.72%,0.13%,0.02%,-1.10%,7.56%,7.12%,5.99%,6.94%,8.35%,1.47%,4.13%,2.63%,13.89%,7.08%,12.65%,103,109,97,100,153,181,279,199,227,417,43.71%,129.5%,438.6%,962.9%,122.4%,1133%,541.1%,2236%,-1.02%,-0.02%
2016/04/30,2016/03/31,-0.93%,-0.79%,1.00%,1.80%,3.32%,-1.13%,0.21%,1.85%,3.23%,4.81%,-0.88%,1.74%,1.13%,5.37%,0.81%,4.85%,102,108,98,102,158,179,280,203,235,437,49.81%,143.1%,433.9%,981.4%,124.2%,1192%,566.9%,2361%,-1.89%,0.00%
2016/05/31,2016/04/30,0.31%,-0.59%,0.40%,-0.23%,-0.94%,2.66%,1.15%,1.90%,1.28%,0.51%,-1.66%,-3.73%,-2.95%,-2.83%,1.79%,-1.71%,102,107,99,102,157,184,283,206,238,440,47.94%,137.9%,425.1%,941.0%,128.2%,1170%,543.6%,2292%,-3.51%,-3.73%
2016/06/30,2016/05/31,-0.74%,2.50%,0.29%,-0.26%,-2.10%,-0.21%,2.24%,0.29%,-0.33%,-3.03%,2.64%,3.56%,1.63%,3.23%,0.26%,2.16%,101,110,99,102,154,183,289,207,237,426,45.94%,131.2%,438.9%,978.1%,128.8%,1198%,555.8%,2369%,-0.96%,-0.30%
2016/07/31,2016/06/30,0.43%,0.39%,-0.91%,0.45%,0.84%,4.41%,3.99%,2.32%,4.24%,6.89%,1.35%,1.91%,0.61%,8.14%,3.96%,7.57%,102,110,98,102,155,191,301,212,247,456,46.53%,136.9%,446.2%,998.6%,137.9%,1296%,579.5%,2570%,0.00%,0.00%
2016/08/31,2016/07/31,1.07%,-0.16%,-1.03%,-0.93%,1.44%,0.49%,-0.02%,-0.38%,0.39%,3.71%,-0.47%,1.50%,-0.68%,3.01%,0.32%,2.57%,103,110,97,101,157,192,301,211,248,473,47.07%,144.5%,443.6%,1015%,138.6%,1332%,594.8%,2650%,-0.47%,0.00%
2016/09/30,2016/08/31,0.32%,-0.06%,-0.43%,-0.71%,0.05%,0.73%,0.09%,-0.27%,-0.31%,0.86%,0.25%,1.84%,0.08%,4.32%,0.19%,3.76%,103,110,97,100,157,194,301,210,247,477,46.66%,144.8%,445.0%,1036%,139.1%,1386%,619.6%,2769%,-0.22%,0.00%
2016/10/31,2016/09/30,-0.16%,-0.67%,1.25%,-0.47%,2.57%,-2.77%,-2.52%,-0.85%,-1.93%,-0.53%,-0.54%,-0.05%,-1.64%,-7.26%,-2.12%,-7.25%,103,109,98,100,161,188,294,209,242,474,50.66%,150.3%,442.1%,1035%,134.0%,1278%,582.7%,2561%,-0.76%,-0.05%
2016/11/30,2016/10/31,-1.17%,1.23%,1.68%,1.29%,-0.58%,1.23%,4.34%,6.15%,7.88%,10.18%,1.27%,3.82%,-1.59%,10.57%,4.59%,9.43%,102,111,99,101,160,191,306,221,261,522,51.55%,172.7%,449.0%,1078%,144.7%,1408%,615.7%,2842%,0.00%,0.00%
2016/12/31,2016/11/30,-0.53%,1.02%,-0.02%,0.42%,-0.94%,0.40%,2.55%,2.24%,3.21%,2.37%,2.05%,3.62%,1.13%,4.03%,1.94%,2.95%,101,112,99,102,159,191,314,226,270,535,50.94%,178.1%,460.2%,1121%,149.5%,1452%,622.9%,2961%,0.00%,0.00%
2017/01/31,2016/12/31,1.14%,-0.92%,-0.00%,-0.90%,-0.64%,4.08%,1.24%,1.34%,0.06%,1.07%,0.56%,0.77%,1.20%,3.05%,1.89%,2.81%,102,111,99,101,158,199,318,229,270,540,48.26%,169.7%,463.4%,1131%,154.2%,1496%,629.6%,3054%,0.00%,0.00%
2017/02/28,2017/01/31,-1.17%,-0.30%,0.84%,1.23%,0.42%,3.22%,3.48%,3.76%,4.24%,4.17%,-1.20%,-1.35%,-1.48%,0.75%,3.64%,1.15%,101,111,100,102,158,206,329,238,281,563,50.62%,172.3%,456.6%,1114%,163.5%,1514%,611.5%,3078%,-1.20%,-1.35%
2017/03/31,2017/02/28,0.43%,-0.22%,-0.09%,-0.65%,-0.55%,1.76%,-0.06%,-0.80%,-1.29%,-0.35%,-0.28%,-0.77%,-1.40%,0.07%,0.13%,0.30%,102,110,100,101,158,209,329,236,278,561,49.15%,166.6%,455.0%,1105%,163.8%,1519%,612.7%,3080%,-1.48%,-2.11%
2017/04/30,2017/03/31,0.35%,0.29%,0.02%,-0.79%,-1.61%,2.17%,1.44%,0.69%,-0.21%,-0.39%,-1.42%,-2.36%,-3.30%,-1.53%,1.11%,-0.82%,102,111,100,100,155,214,334,238,277,559,46.22%,159.7%,447.1%,1076%,166.7%,1506%,598.9%,3031%,-2.89%,-4.42%
2017/05/31,2017/04/30,0.04%,-0.42%,0.18%,-0.62%,-0.71%,2.74%,0.93%,0.78%,-0.87%,-0.68%,-0.32%,-1.49%,-2.09%,-3.64%,1.06%,-3.19%,102,110,100,100,154,220,337,240,275,555,45.12%,150.8%,445.4%,1059%,169.6%,1455%,569.2%,2917%,-3.19%,-5.85%
2017/06/30,2017/05/31,-0.88%,-0.31%,-0.26%,2.18%,2.85%,-0.74%,0.32%,0.53%,3.76%,4.99%,-0.61%,-0.08%,0.75%,4.01%,0.90%,4.03%,101,110,100,102,158,218,338,241,285,583,50.54%,165.2%,442.0%,1058%,172.0%,1517%,590.2%,3038%,-3.79%,-5.93%
2017/07/31,2017/06/30,0.59%,-1.09%,1.13%,-0.92%,1.20%,2.70%,1.13%,2.79%,0.95%,2.92%,-0.84%,-1.22%,-1.65%,-1.58%,1.93%,-1.22%,102,109,101,101,160,224,342,248,288,600,51.47%,165.8%,437.5%,1043%,177.2%,1498%,568.4%,2988%,-4.60%,-7.07%
2017/08/31,2017/07/31,-0.24%,0.27%,-0.69%,0.15%,0.34%,0.73%,1.10%,-0.58%,-0.49%,-0.78%,-1.28%,-2.02%,-1.16%,-3.20%,0.26%,-2.59%,101,109,100,101,161,226,346,246,286,595,52.33%,161.8%,430.6%,1020%,177.9%,1456%,549.4%,2890%,-5.82%,-8.94%
2017/09/30,2017/08/31,-0.41%,0.41%,0.45%,-0.38%,0.28%,0.56%,2.50%,3.43%,4.13%,6.17%,1.78%,3.85%,2.32%,10.47%,2.47%,9.31%,101,109,101,101,161,227,354,255,298,632,53.38%,176.4%,440.1%,1064%,184.8%,1601%,593.8%,3203%,-4.14%,-5.44%
2017/10/31,2017/09/30,2.29%,-1.15%,-1.50%,-1.20%,-1.07%,4.45%,1.51%,0.88%,1.45%,0.99%,0.11%,-0.34%,-0.07%,-0.44%,2.24%,-0.33%,103,108,99,100,160,237,359,257,303,638,48.22%,166.9%,440.7%,1060%,191.2%,1596%,576.0%,3188%,-4.03%,-5.76%
2017/11/30,2017/10/31,-0.69%,0.53%,0.25%,-0.04%,-0.32%,2.71%,3.81%,3.06%,3.38%,3.40%,0.46%,0.55%,0.97%,3.88%,3.22%,3.71%,103,109,100,100,159,243,373,265,313,660,48.78%,168.7%,443.1%,1066%,200.6%,1658%,579.3%,3316%,-3.60%,-5.25%
2017/12/31,2017/11/30,-0.64%,-0.14%,0.79%,-0.38%,1.70%,0.70%,1.09%,1.84%,0.61%,2.82%,0.72%,0.92%,1.82%,2.88%,1.10%,2.60%,102,109,100,99,162,245,377,270,315,678,52.25%,174.4%,447.0%,1077%,203.8%,1704%,589.5%,3414%,-2.90%,-4.38%
2018/01/31,2017/12/31,1.13%,-2.31%,0.46%,-1.37%,-1.03%,7.49%,3.94%,5.36%,4.05%,4.78%,0.69%,0.64%,1.84%,4.30%,5.34%,4.11%,103,106,101,98,160,263,392,284,327,711,48.96%,167.0%,450.8%,1084%,220.1%,1778%,581.0%,3565%,-2.24%,-3.76%
2018/02/28,2018/01/31,1.11%,-0.13%,-1.16%,-0.81%,-0.21%,-2.41%,-3.43%,-4.47%,-5.01%,-4.64%,-0.09%,-0.83%,-0.40%,-4.84%,-3.65%,-4.59%,104,106,100,97,160,257,379,271,311,678,47.00%,161.0%,450.3%,1074%,208.4%,1692%,574.6%,3388%,-2.32%,-4.56%
2018/03/31,2018/02/28,1.39%,0.26%,0.33%,-1.25%,0.57%,-1.48%,-2.31%,-1.76%,-3.09%,-0.40%,0.25%,1.43%,-0.62%,2.23%,-1.98%,1.80%,106,106,100,96,161,253,370,267,301,675,45.79%,163.8%,451.7%,1091%,202.3%,1724%,600.1%,3465%,-2.08%,-3.19%
2018/04/30,2018/03/31,0.97%,-1.67%,-0.10%,-0.01%,1.84%,1.09%,-1.33%,0.44%,0.91%,2.59%,0.69%,0.97%,-0.42%,0.99%,0.43%,0.70%,107,104,100,96,164,256,365,268,304,692,47.06%,167.8%,455.5%,1103%,203.6%,1737%,602.0%,3501%,-1.40%,-2.25%
2018/05/31,2018/04/30,0.74%,1.68%,-1.26%,-2.09%,-3.01%,4.32%,4.44%,0.66%,0.93%,1.17%,-0.53%,-2.00%,-1.70%,4.35%,2.78%,4.95%,108,106,99,94,159,267,381,270,307,701,41.55%,159.3%,452.6%,1079%,212.0%,1828%,617.3%,3658%,-1.92%,-4.21%
2018/06/30,2018/05/31,0.48%,-1.00%,0.77%,0.08%,-0.15%,1.75%,-0.14%,0.93%,-0.13%,0.82%,0.50%,0.76%,-1.48%,1.47%,0.75%,1.24%,108,105,99,94,158,272,381,272,307,706,40.66%,156.9%,455.3%,1088%,214.4%,1852%,620.8%,3713%,-1.43%,-3.48%
2018/07/31,2018/06/30,-2.05%,0.70%,1.01%,0.81%,1.11%,1.29%,3.97%,4.18%,4.51%,4.66%,-0.93%,0.01%,-2.95%,-0.21%,3.27%,-0.21%,106,106,100,95,160,275,396,283,320,739,45.10%,165.6%,450.1%,1088%,224.7%,1848%,595.6%,3705%,-2.35%,-3.47%
2018/08/31,2018/07/31,-0.02%,0.03%,-0.41%,-0.22%,-1.49%,5.55%,4.31%,1.71%,1.78%,1.51%,-1.35%,-4.48%,-0.86%,0.55%,3.55%,1.89%,106,106,100,95,158,290,413,288,326,750,42.97%,154.9%,442.7%,1035%,236.2%,1885%,584.1%,3726%,-3.67%,-7.80%
2018/09/30,2018/08/31,-0.88%,0.26%,0.21%,0.72%,-0.38%,0.07%,0.36%,0.14%,0.11%,-1.33%,-0.21%,-0.90%,-0.67%,-2.57%,0.10%,-2.30%,105,106,100,95,157,291,414,289,327,740,43.69%,151.3%,441.5%,1024%,236.6%,1839%,567.6%,3627%,-3.88%,-8.64%
2018/10/31,2018/09/30,1.49%,1.36%,-0.57%,0.16%,1.14%,-9.04%,-5.73%,-5.88%,-6.59%,-8.98%,-0.59%,1.22%,-0.14%,-10.06%,-7.27%,-10.43%,106,108,100,95,159,264,391,272,305,674,43.18%,151.5%,438.3%,1038%,212.1%,1637%,546.5%,3252%,-4.45%,-7.52%
2018/11/30,2018/10/31,-1.21%,0.06%,2.42%,0.79%,-1.85%,0.42%,2.02%,4.26%,2.99%,0.53%,-3.90%,-3.37%,-5.95%,-3.91%,1.99%,-2.90%,105,108,102,96,156,266,399,283,314,678,42.27%,151.7%,417.3%,999.7%,218.3%,1586%,514.9%,3121%,-8.18%,-10.63%
2018/12/31,2018/11/30,0.84%,-0.15%,-1.84%,0.36%,0.99%,-8.08%,-8.98%,-10.16%,-10.32%,-11.94%,-2.95%,-3.82%,-5.80%,-17.91%,-9.28%,-16.77%,106,107,100,96,158,244,363,255,282,597,42.48%,142.0%,402.1%,957.7%,188.8%,1304%,468.8%,2544%,-10.88%,-14.05%
2019/01/31,2018/12/31,1.30%,-0.80%,0.22%,-2.11%,1.92%,9.62%,6.98%,8.96%,8.04%,15.00%,3.92%,6.90%,5.68%,22.42%,8.72%,20.34%,107,107,100,94,161,268,388,277,304,686,43.36%,155.0%,421.7%,1031%,214.0%,1589%,534.9%,3137%,-7.39%,-8.11%
2019/02/28,2019/01/31,-1.08%,0.45%,-0.02%,0.66%,-2.42%,3.92%,3.78%,2.51%,3.48%,1.64%,1.94%,1.18%,0.98%,6.35%,3.43%,6.00%,106,107,100,95,157,278,403,284,315,697,41.43%,149.2%,431.8%,1044%,224.7%,1691%,551.2%,3342%,-5.60%,-7.03%
2019/03/31,2019/02/28,0.31%,-0.28%,-0.16%,-0.68%,-0.73%,3.52%,1.57%,0.15%,-0.68%,-1.65%,-2.16%,-5.72%,-1.81%,-4.83%,1.41%,-3.12%,107,107,100,94,156,288,409,285,313,686,39.96%,136.3%,420.3%,978.6%,229.3%,1635%,521.8%,3176%,-7.64%,-12.35%
2019/04/30,2019/03/31,2.14%,0.42%,-2.25%,-2.63%,-2.87%,5.51%,4.24%,2.64%,2.66%,1.89%,-3.03%,-1.30%,-4.41%,0.94%,4.02%,1.33%,109,107,98,92,151,304,426,292,321,699,32.95%,127.8%,404.6%,964.5%,242.5%,1658%,505.1%,3207%,-10.44%,-13.49%
2019/05/31,2019/04/30,0.26%,-1.41%,1.53%,1.22%,1.84%,-5.71%,-7.09%,-6.23%,-7.12%,-7.03%,-0.97%,-4.14%,1.06%,-11.94%,-6.47%,-10.70%,109,106,100,93,154,286,396,274,298,650,35.05%,124.8%,399.7%,920.5%,220.4%,1470%,479.5%,2812%,-11.30%,-17.07%
2019/06/30,2019/05/31,-0.77%,0.52%,0.06%,-0.96%,2.68%,6.96%,7.27%,6.21%,5.99%,10.76%,-3.23%,-2.81%,-6.55%,3.06%,6.83%,3.91%,108,106,100,92,158,306,425,291,316,720,39.72%,133.3%,383.6%,891.8%,242.2%,1531%,462.6%,2901%,-14.17%,-19.40%
2019/07/31,2019/06/30,0.07%,0.05%,0.78%,0.11%,-1.35%,1.57%,1.56%,1.71%,1.21%,-0.95%,-0.34%,-0.99%,-0.43%,-2.14%,1.45%,-1.85%,108,106,100,92,156,311,432,296,320,713,37.74%,127.4%,381.9%,882.0%,247.2%,1501%,444.0%,2837%,-14.46%,-20.19%
2019/08/31,2019/07/31,-0.87%,0.61%,1.04%,0.09%,-1.27%,-0.98%,-0.87%,-3.53%,-4.16%,-7.22%,2.70%,-1.08%,2.76%,-5.49%,-2.11%,-5.17%,107,107,101,92,154,308,428,286,307,661,37.20%,113.2%,394.9%,871.4%,239.9%,1418%,427.4%,2675%,-12.15%,-21.06%
2019/09/30,2019/08/31,0.29%,2.49%,-0.48%,-0.50%,0.24%,-1.11%,3.31%,3.59%,3.15%,5.12%,0.86%,6.69%,1.27%,7.03%,1.76%,5.02%,108,110,101,92,154,305,442,296,316,695,37.13%,126.5%,399.2%,936.4%,245.8%,1495%,444.6%,2870%,-11.39%,-15.78%
2019/10/31,2019/09/30,-1.08%,-0.01%,0.40%,1.55%,-0.56%,1.97%,2.10%,1.81%,3.20%,1.67%,-1.35%,-1.72%,-4.59%,-1.62%,2.20%,-1.10%,107,110,101,93,153,311,451,301,326,707,37.84%,125.8%,392.5%,918.5%,253.4%,1477%,426.7%,2822%,-12.59%,-17.23%
2019/11/30,2019/10/31,-0.84%,-0.58%,0.61%,0.50%,1.26%,3.92%,3.15%,3.96%,3.86%,6.64%,-1.36%,-1.24%,-4.45%,1.70%,3.75%,2.07%,106,109,102,94,155,323,465,313,339,754,40.74%,132.0%,385.8%,905.9%,266.7%,1510%,417.8%,2872%,-13.77%,-18.26%
2019/12/31,2019/11/30,0.19%,0.74%,-0.83%,-0.60%,-0.01%,2.33%,3.33%,2.72%,2.78%,4.69%,1.70%,3.52%,2.22%,8.07%,2.79%,7.01%,106,110,101,93,155,330,481,322,349,789,40.45%,137.5%,394.1%,941.3%,276.9%,1622%,439.6%,3112%,-12.30%,-15.38%
2020/01/31,2019/12/31,0.22%,-0.74%,-1.19%,-0.66%,0.01%,3.25%,-1.08%,-2.94%,-2.44%,-4.50%,2.69%,-0.35%,4.83%,-0.19%,0.06%,-0.09%,106,109,100,93,155,341,476,312,340,754,40.15%,119.1%,407.3%,937.6%,277.2%,1621%,438.9%,3106%,-9.95%,-15.68%
2020/02/29,2020/01/31,0.85%,-1.39%,-1.30%,-0.74%,1.33%,-6.46%,-8.69%,-10.36%,-8.86%,-7.80%,0.49%,-1.14%,-0.06%,-7.48%,-8.00%,-7.14%,107,107,99,92,157,319,434,280,310,695,40.83%,116.1%,409.8%,925.8%,247.0%,1498%,443.5%,2866%,-9.50%,-16.64%
2020/03/31,2020/02/29,-2.38%,-2.23%,0.87%,-0.69%,1.28%,-10.09%,-15.16%,-16.40%,-17.05%,-16.93%,0.46%,-8.48%,-4.43%,-29.74%,-13.57%,-27.19%,105,105,99,91,159,287,369,234,257,577,45.99%,101.3%,412.2%,838.8%,199.9%,1063%,369.5%,1984%,-9.09%,-23.71%
2020/04/30,2020/03/31,1.02%,-0.45%,-2.13%,1.22%,-2.49%,15.39%,11.57%,10.08%,13.58%,14.19%,5.87%,6.90%,7.98%,27.10%,13.44%,25.03%,106,105,97,92,155,331,411,257,292,659,40.87%,98.94%,442.2%,903.6%,240.2%,1355%,423.9%,2548%,-3.75%,-18.44%
2020/05/31,2020/04/30,-0.67%,-0.11%,-0.53%,-1.65%,0.04%,7.38%,4.29%,4.19%,2.69%,4.94%,0.62%,-3.17%,0.32%,6.30%,5.40%,7.25%,105,104,97,91,156,355,429,268,300,692,41.87%,94.08%,445.6%,871.7%,258.6%,1460%,433.6%,2715%,-3.16%,-21.03%
2020/06/30,2020/05/31,1.86%,-1.91%,-2.08%,-1.95%,0.14%,5.28%,-0.12%,-0.11%,-0.15%,3.33%,5.73%,3.31%,7.43%,12.80%,2.43%,11.80%,107,102,95,89,156,374,428,268,299,715,39.42%,90.29%,476.9%,903.9%,267.3%,1644%,483.6%,3076%,0.00%,-18.42%
2020/07/31,2020/06/30,0.23%,-1.74%,-1.74%,-1.98%,-0.13%,8.29%,3.92%,3.57%,2.97%,2.23%,2.18%,1.89%,2.99%,7.10%,5.73%,6.53%,107,101,93,87,156,405,445,278,308,731,38.92%,78.75%,489.4%,922.8%,288.3%,1758%,488.3%,3301%,0.00%,-16.88%
2020/08/31,2020/07/31,0.73%,-2.53%,-2.68%,-1.13%,-0.83%,10.43%,4.63%,3.69%,5.32%,5.63%,5.88%,3.82%,0.83%,8.03%,7.38%,6.88%,108,98,91,86,154,447,466,288,325,772,36.75%,70.16%,524.1%,961.9%,317.0%,1886%,485.4%,3574%,0.00%,-13.70%
2020/09/30,2020/08/31,-1.89%,1.57%,1.56%,0.08%,1.35%,-4.62%,-1.93%,-2.55%,-3.59%,-3.29%,0.76%,-0.73%,2.13%,-2.85%,-3.61%,-2.63%,106,100,92,86,156,427,457,280,313,746,41.17%,72.44%,528.8%,954.1%,301.9%,1834%,491.1%,3469%,0.00%,-14.33%
2020/10/31,2020/09/30,0.10%,1.43%,-0.26%,-0.40%,0.34%,-3.54%,-0.80%,-0.13%,-1.54%,2.04%,-1.33%,2.81%,-3.61%,2.47%,-2.11%,1.63%,106,101,92,86,157,412,453,280,308,762,41.51%,82.07%,520.4%,983.7%,293.4%,1865%,513.2%,3557%,-1.33%,-11.93%
2020/11/30,2020/10/31,-1.52%,1.51%,0.12%,3.19%,3.34%,10.69%,12.36%,13.70%,14.96%,21.47%,5.18%,9.70%,6.00%,31.30%,12.26%,28.39%,104,103,92,89,162,456,509,319,354,925,48.40%,101.7%,552.6%,1089%,341.6%,2423%,612.1%,4702%,0.00%,-3.39%
2020/12/31,2020/11/30,-0.45%,-1.15%,0.21%,-0.86%,-2.46%,5.40%,2.77%,5.11%,4.26%,4.40%,1.25%,1.19%,-0.17%,11.09%,4.57%,10.74%,104,101,92,88,158,480,523,335,369,966,45.41%,99.68%,560.8%,1103%,361.8%,2694%,656.0%,5235%,0.00%,-2.23%
2021/01/31,2020/12/31,-1.21%,-0.72%,0.53%,0.46%,3.61%,-0.90%,-0.97%,1.72%,1.49%,5.59%,3.96%,7.71%,10.36%,21.42%,-0.12%,19.10%,103,101,93,88,164,476,518,341,375,"1,020",52.42%,112.6%,586.9%,1196%,361.3%,3228%,801.3%,6377%,0.00%,0.00%
