Date,fdate,CF_P_AR_1,CF_P_AR_2,CF_P_AR_3,CF_P_AR_4,CF_P_AR_5,CF_P_TR_1,CF_P_TR_2,CF_P_TR_3,CF_P_TR_4,CF_P_TR_5,CF_P_AR_Sig,CF_P_TR_Sig,CF_P_AR_130,CF_P_TR_130,CF_P_TR_BP,CF_P_TR_LO,CF_P_CAR_1,CF_P_CAR_2,CF_P_CAR_3,CF_P_CAR_4,CF_P_CAR_5,CF_P_CTR_1,CF_P_CTR_2,CF_P_CTR_3,CF_P_CTR_4,CF_P_CTR_5,CF_P_CAR_LS,CF_P_CTR_LS,CF_P_CAR_SW,CF_P_CTR_SW,CF_P_CTR_BP,CF_P_CTR_LO,CF_P_CXR_LO,CF_P_CTR_13,CF_P_CADD,CF_P_CTDD
2001/02/28,2001/01/31,-0.16%,0.85%,-1.46%,5.55%,9.82%,-9.09%,-4.25%,-13.12%,-12.05%,-7.53%,-8.24%,8.99%,9.36%,1.15%,-9.48%,-1.55%,100,101,99,106,110,91,96,87,88,92,9.98%,1.56%,-8.24%,8.99%,-9.48%,-1.55%,7.93%,1.15%,-8.24%,0.00%
2001/03/31,2001/02/28,-0.46%,-1.18%,-0.90%,2.49%,4.95%,-6.50%,-4.89%,-8.69%,-8.15%,-5.85%,-0.64%,8.18%,3.83%,-1.76%,-6.73%,-4.21%,99,100,98,108,115,85,91,79,81,87,15.93%,2.21%,-8.83%,17.90%,-15.57%,-5.70%,10.64%,-0.63%,-8.83%,0.00%
2001/04/30,2001/03/31,1.88%,-0.77%,0.38%,0.01%,-1.04%,8.90%,4.56%,9.26%,12.03%,12.45%,5.52%,-1.83%,-2.15%,6.59%,8.26%,7.14%,101,99,98,108,114,93,95,87,91,98,12.54%,5.84%,-3.80%,15.74%,-8.60%,1.03%,9.40%,5.91%,-3.80%,-1.83%
2001/05/31,2001/04/30,0.80%,-0.19%,-2.40%,1.54%,-1.29%,2.53%,1.65%,-0.34%,0.62%,0.54%,-1.24%,2.31%,6.46%,11.71%,1.01%,11.02%,102,99,96,110,113,95,97,86,91,98,10.20%,3.74%,-4.99%,18.41%,-7.68%,12.17%,20.36%,18.32%,-4.99%,0.00%
2001/06/30,2001/05/31,3.50%,-0.35%,-0.28%,1.83%,1.35%,-1.46%,-3.73%,-1.91%,0.70%,1.18%,7.61%,6.95%,1.41%,5.83%,-1.54%,3.75%,106,98,95,112,114,94,93,85,92,100,7.84%,6.48%,2.24%,26.64%,-9.10%,16.37%,26.72%,25.22%,0.00%,0.00%
2001/07/31,2001/06/30,-3.85%,-1.67%,1.05%,0.51%,3.07%,-2.54%,0.49%,0.32%,-5.38%,-2.05%,0.35%,6.18%,6.43%,1.97%,-1.79%,0.12%,102,97,96,112,118,91,94,85,87,98,15.31%,7.00%,2.60%,34.47%,-10.73%,16.51%,29.15%,27.69%,0.00%,0.00%
2001/08/31,2001/07/31,1.21%,1.51%,1.55%,0.14%,-2.42%,-5.78%,-3.20%,-3.57%,-8.82%,-10.71%,0.26%,1.56%,2.24%,-2.41%,-5.97%,-2.88%,103,98,98,113,115,86,91,82,79,87,11.11%,1.72%,2.87%,36.57%,-16.06%,13.15%,33.13%,24.61%,0.00%,0.00%
2001/09/30,2001/08/31,-0.87%,-2.55%,0.30%,-4.05%,8.92%,-6.54%,-6.54%,-7.17%,-17.99%,-6.11%,-3.90%,-0.55%,3.95%,-14.51%,-8.92%,-14.35%,102,96,98,108,125,80,85,76,65,82,21.99%,2.16%,-1.14%,35.81%,-23.54%,-3.08%,25.90%,6.52%,-3.90%,-0.55%
2001/10/31,2001/09/30,1.65%,5.96%,3.12%,0.36%,-4.03%,-1.31%,2.68%,1.12%,9.52%,3.25%,-0.63%,-11.57%,-5.39%,3.57%,2.68%,7.04%,104,101,101,108,120,79,87,77,71,84,15.05%,6.81%,-1.77%,20.11%,-21.50%,3.74%,31.40%,10.33%,-4.51%,-12.06%
2001/11/30,2001/10/31,-4.20%,-2.44%,1.27%,3.25%,0.43%,4.40%,5.62%,6.58%,14.41%,9.39%,-2.54%,-3.29%,-3.47%,6.53%,7.75%,7.52%,99,99,103,112,120,83,92,82,81,92,20.38%,12.15%,-4.26%,16.16%,-15.41%,11.55%,31.10%,17.54%,-6.93%,-14.95%
2001/12/31,2001/11/30,3.00%,2.67%,-1.10%,-2.60%,0.89%,3.73%,3.30%,-0.23%,-0.10%,3.01%,0.40%,-0.10%,2.11%,8.01%,1.71%,8.04%,102,102,101,109,122,86,95,82,81,95,17.84%,11.34%,-3.88%,16.04%,-13.96%,20.52%,39.40%,26.96%,-6.56%,-15.03%
2002/01/31,2001/12/31,-1.13%,0.31%,-1.49%,1.95%,-0.37%,-1.36%,-0.09%,-1.41%,-1.48%,-2.92%,-4.81%,-2.12%,2.47%,2.75%,-1.25%,3.38%,101,102,100,111,121,85,95,81,80,92,18.73%,9.60%,-8.51%,13.58%,-15.04%,24.60%,45.86%,30.45%,-11.06%,-16.83%
2002/02/28,2002/01/31,2.42%,1.62%,2.43%,-4.69%,-0.38%,1.23%,0.45%,1.56%,-9.73%,-4.14%,0.67%,2.43%,0.97%,-2.87%,-2.10%,-3.60%,104,104,102,106,121,86,95,82,72,89,15.41%,3.72%,-7.89%,16.34%,-16.83%,20.11%,43.67%,26.70%,-10.46%,-14.81%
2002/03/31,2002/02/28,2.52%,-0.49%,1.08%,1.49%,-1.15%,5.93%,2.80%,3.33%,7.23%,3.59%,0.97%,1.01%,1.59%,10.35%,4.42%,10.05%,106,103,103,108,119,91,98,85,77,92,11.18%,1.29%,-7.00%,17.52%,-13.15%,32.17%,51.76%,39.81%,-9.59%,-13.95%
2002/04/30,2002/03/31,0.57%,2.39%,0.38%,-0.45%,-4.72%,-3.92%,-2.08%,-2.97%,-7.84%,-11.48%,-0.13%,3.72%,3.11%,3.00%,-5.00%,1.88%,107,105,104,107,114,87,96,82,71,81,5.30%,-6.36%,-7.12%,21.89%,-17.49%,34.66%,62.20%,44.00%,-9.71%,-10.75%
2002/05/31,2002/04/30,-1.40%,-1.13%,-2.03%,0.98%,2.81%,-0.77%,-0.86%,-1.98%,-1.87%,0.34%,1.34%,2.58%,3.81%,0.00%,-1.20%,-0.77%,105,104,102,108,117,87,95,81,70,81,9.73%,-5.32%,-5.88%,25.04%,-18.48%,33.62%,62.89%,44.00%,-8.51%,-8.45%
2002/06/30,2002/05/31,5.15%,2.69%,-0.07%,-3.22%,-1.92%,-1.02%,-4.50%,-7.32%,-10.59%,-9.91%,4.08%,4.61%,-0.84%,-5.49%,-6.92%,-6.87%,111,107,102,105,115,86,91,75,63,73,1.97%,-13.74%,-2.04%,30.80%,-24.12%,24.43%,62.97%,36.10%,-4.78%,-4.22%
2002/07/31,2002/06/30,-3.80%,0.71%,-1.46%,2.17%,-3.01%,-8.71%,-6.77%,-9.66%,-5.88%,-12.72%,2.26%,-1.79%,5.16%,-11.23%,-7.99%,-10.70%,106,108,100,107,111,78,85,67,59,64,2.79%,-17.20%,0.17%,28.47%,-30.19%,11.12%,58.56%,20.81%,-2.63%,-5.93%
2002/08/31,2002/07/31,-0.54%,-2.83%,-0.68%,0.81%,0.15%,1.51%,-0.15%,1.51%,0.71%,0.43%,-3.40%,-2.85%,1.87%,0.47%,0.64%,1.32%,106,105,99,108,111,79,84,68,59,64,3.49%,-18.09%,-3.24%,24.80%,-29.74%,12.59%,59.64%,21.37%,-5.94%,-8.62%
2002/09/30,2002/08/31,-1.77%,-0.95%,-2.13%,-0.43%,2.01%,-8.88%,-8.94%,-10.22%,-11.06%,-12.75%,1.62%,3.36%,1.65%,-9.42%,-10.13%,-10.42%,104,104,97,107,114,72,77,61,53,56,7.41%,-21.26%,-1.67%,29.00%,-36.86%,0.85%,59.16%,9.94%,-4.42%,-5.55%
2002/10/31,2002/09/30,1.05%,-1.97%,0.05%,3.89%,7.80%,5.83%,2.91%,4.61%,12.48%,17.94%,-2.35%,-5.67%,-3.77%,2.55%,7.77%,4.25%,105,102,97,111,122,77,79,64,59,66,14.66%,-11.72%,-3.98%,21.68%,-31.95%,5.14%,53.57%,12.74%,-6.66%,-10.90%
2002/11/30,2002/10/31,-1.58%,-1.98%,-1.54%,1.29%,4.69%,3.18%,2.05%,4.52%,8.67%,15.52%,-2.22%,-7.40%,5.21%,19.35%,6.03%,21.56%,103,100,96,113,128,79,81,67,65,76,21.85%,-0.82%,-6.11%,12.68%,-27.85%,27.81%,77.43%,34.55%,-8.73%,-17.49%
2002/12/31,2002/11/30,-0.68%,0.49%,0.04%,-0.60%,1.64%,-4.77%,-2.80%,-5.72%,-7.82%,-5.94%,3.87%,4.59%,4.22%,-3.28%,-5.58%,-4.65%,103,100,96,112,130,75,79,63,59,72,24.68%,-1.99%,-2.47%,17.85%,-31.88%,21.87%,79.08%,30.14%,-5.20%,-13.71%
2003/01/31,2002/12/31,-0.24%,-1.20%,-0.17%,0.59%,2.45%,-2.55%,-3.57%,-2.83%,-1.93%,-1.10%,-0.37%,-0.75%,3.05%,1.36%,-2.56%,1.58%,102,99,96,113,133,73,76,62,58,71,28.03%,-0.57%,-2.83%,16.96%,-33.63%,23.79%,86.50%,31.91%,-5.54%,-14.36%
2003/02/28,2003/01/31,0.27%,-0.74%,0.63%,0.78%,-0.56%,-1.64%,-2.69%,-1.36%,-0.84%,-3.88%,2.80%,3.62%,2.23%,-0.67%,-1.81%,-1.76%,103,98,96,114,133,72,74,61,58,68,26.97%,-2.79%,-0.11%,21.20%,-34.83%,21.62%,86.60%,31.02%,-2.90%,-11.26%
2003/03/31,2003/02/28,3.49%,2.47%,-0.99%,-0.85%,2.12%,3.16%,2.06%,-0.64%,0.20%,2.83%,0.20%,-0.43%,0.44%,1.77%,1.22%,1.90%,106,101,95,113,136,74,75,60,58,70,25.23%,-3.11%,0.10%,20.68%,-34.03%,23.93%,87.86%,33.35%,-2.70%,-11.64%
2003/04/30,2003/03/31,1.87%,-0.57%,0.43%,-0.68%,-0.70%,9.11%,6.05%,9.16%,9.78%,7.46%,1.43%,1.72%,1.78%,14.12%,8.22%,13.60%,108,100,96,112,135,81,80,66,64,76,22.01%,-4.71%,1.52%,22.76%,-28.61%,40.78%,97.97%,52.17%,-1.31%,-10.12%
2003/05/31,2003/04/30,-2.47%,1.53%,-0.47%,-1.37%,2.94%,3.80%,6.30%,6.73%,5.24%,12.26%,-7.94%,-12.62%,0.64%,12.37%,6.23%,16.16%,106,102,95,111,139,84,85,70,67,85,28.61%,3.35%,-6.54%,7.26%,-24.16%,63.52%,117.6%,70.99%,-9.15%,-21.46%
2003/06/30,2003/05/31,0.70%,-1.52%,-0.01%,1.14%,-0.49%,2.05%,0.01%,1.64%,2.51%,2.10%,1.41%,1.39%,4.97%,9.23%,1.49%,8.81%,106,100,95,112,138,86,85,71,69,87,27.09%,3.40%,-5.22%,8.76%,-23.03%,77.93%,133.6%,86.77%,-7.87%,-20.36%
2003/07/31,2003/06/30,2.22%,0.04%,-0.72%,1.58%,-0.01%,3.77%,2.13%,1.71%,2.91%,2.06%,0.11%,-0.07%,0.97%,7.16%,2.46%,7.18%,109,100,95,114,138,89,87,73,71,88,24.25%,1.64%,-5.12%,8.68%,-21.14%,90.71%,144.6%,100.1%,-7.77%,-20.42%
2003/08/31,2003/07/31,-0.43%,-0.77%,2.59%,-0.45%,-2.59%,2.14%,2.25%,4.71%,2.09%,-0.27%,0.38%,1.29%,0.23%,5.85%,2.35%,5.46%,108,99,97,113,134,91,89,76,72,88,21.57%,-0.81%,-4.76%,10.09%,-19.28%,101.1%,152.2%,111.8%,-7.41%,-19.39%
2003/09/30,2003/08/31,-0.79%,-1.75%,0.71%,0.13%,1.31%,-1.65%,-2.63%,-0.12%,-1.08%,0.23%,-2.52%,-3.85%,3.33%,3.15%,-1.08%,4.31%,107,98,98,113,136,90,86,76,71,88,24.12%,1.05%,-7.16%,5.85%,-20.15%,109.8%,165.8%,118.5%,-9.75%,-22.49%
2003/10/31,2003/09/30,0.90%,0.04%,1.18%,0.77%,-1.12%,6.84%,6.50%,5.60%,6.24%,5.15%,-1.96%,-1.62%,0.07%,7.23%,6.06%,7.72%,108,98,99,114,134,96,92,80,76,93,21.61%,-0.66%,-8.97%,4.13%,-15.32%,126.0%,170.2%,134.3%,-11.51%,-23.75%
2003/11/30,2003/10/31,-0.62%,-1.17%,0.55%,0.92%,-0.69%,1.13%,1.24%,1.40%,2.18%,1.05%,0.35%,1.28%,1.08%,4.41%,1.47%,4.03%,108,97,100,115,134,97,93,81,77,94,21.52%,-0.74%,-8.65%,5.46%,-14.07%,135.1%,177.1%,144.7%,-11.20%,-22.78%
2003/12/31,2003/11/30,-2.22%,-0.62%,0.48%,-0.97%,0.53%,2.67%,3.61%,4.53%,4.53%,5.98%,3.56%,2.16%,2.83%,6.25%,4.39%,5.61%,105,96,100,114,134,99,96,85,81,99,24.86%,2.55%,-5.40%,7.74%,-10.30%,148.2%,180.4%,160.0%,-8.05%,-21.11%
2004/01/31,2003/12/31,0.24%,-2.45%,0.49%,1.51%,0.71%,3.49%,0.45%,2.63%,3.18%,2.84%,-5.59%,-5.88%,1.35%,5.28%,2.25%,7.04%,106,94,101,116,135,103,97,87,84,102,25.44%,1.88%,-10.69%,1.41%,-8.28%,165.7%,193.9%,173.7%,-13.19%,-25.75%
2004/02/29,2004/01/31,1.67%,1.62%,-1.49%,-1.33%,-0.11%,2.96%,2.98%,-0.21%,0.36%,1.85%,0.98%,0.91%,1.25%,2.54%,1.48%,2.26%,107,95,99,114,135,106,100,87,84,104,23.21%,0.74%,-9.82%,2.33%,-6.92%,171.8%,196.2%,180.6%,-12.34%,-25.07%
2004/03/31,2004/02/29,-0.32%,1.24%,0.60%,-0.85%,-1.24%,-0.96%,0.20%,-0.11%,-1.99%,-2.56%,1.00%,0.69%,0.63%,1.37%,-1.09%,1.16%,107,96,100,113,133,105,100,87,82,102,22.08%,-0.87%,-8.91%,3.04%,-7.94%,174.9%,202.9%,184.5%,-11.46%,-24.55%
2004/04/30,2004/03/31,-1.17%,0.29%,-0.74%,-1.88%,0.61%,-3.86%,-2.30%,-2.13%,-2.32%,-0.57%,3.40%,1.15%,2.40%,-2.13%,-2.03%,-2.47%,106,97,99,111,134,101,98,85,80,101,24.26%,2.39%,-5.82%,4.23%,-9.81%,168.1%,201.5%,178.4%,-8.45%,-23.68%
2004/05/31,2004/04/30,-0.69%,-0.83%,1.09%,1.56%,-0.15%,0.28%,0.46%,2.21%,2.66%,0.71%,2.36%,2.54%,0.71%,0.84%,1.34%,0.08%,105,96,100,113,134,101,98,87,82,102,24.93%,2.84%,-3.59%,6.88%,-8.61%,168.3%,197.7%,180.8%,-6.28%,-21.74%
2004/06/30,2004/05/31,-2.10%,-1.20%,1.43%,0.01%,1.05%,0.58%,1.13%,3.44%,1.92%,2.14%,1.92%,2.52%,0.09%,4.10%,1.96%,3.34%,103,95,101,113,135,102,99,90,84,104,28.87%,4.44%,-1.74%,9.58%,-6.81%,177.3%,201.8%,192.3%,-4.49%,-19.76%
2004/07/31,2004/06/30,-1.06%,0.29%,0.75%,0.08%,-0.93%,-4.03%,-3.90%,-4.08%,-4.99%,-2.38%,2.11%,2.35%,-0.63%,-3.48%,-3.87%,-4.19%,102,95,102,113,134,98,95,86,80,101,29.03%,6.17%,0.33%,12.16%,-10.42%,165.7%,200.9%,182.1%,-2.47%,-17.88%
2004/08/31,2004/07/31,0.89%,0.59%,0.22%,-1.54%,0.87%,1.12%,0.65%,0.20%,-1.73%,1.59%,1.79%,2.15%,0.72%,0.37%,0.29%,-0.27%,103,95,102,111,135,99,96,87,78,103,29.00%,6.67%,2.13%,14.57%,-10.15%,164.9%,199.2%,183.1%,-0.72%,-16.11%
2004/09/30,2004/08/31,0.03%,0.56%,-0.27%,0.86%,-1.22%,2.02%,2.19%,2.04%,2.73%,-0.54%,0.24%,0.90%,0.80%,4.42%,1.66%,4.15%,103,96,102,112,134,101,98,88,81,102,27.39%,3.94%,2.38%,15.60%,-8.67%,175.9%,206.6%,195.7%,-0.48%,-15.35%
2004/10/31,2004/09/30,-0.39%,0.90%,-0.63%,0.36%,-0.53%,0.72%,2.26%,0.85%,2.40%,0.96%,1.71%,1.30%,1.18%,2.44%,1.55%,2.05%,102,97,101,113,133,101,100,89,82,103,27.22%,4.19%,4.13%,17.11%,-7.25%,181.6%,208.2%,202.9%,0.00%,-14.25%
2004/11/30,2004/10/31,0.68%,-0.61%,0.89%,-1.08%,0.42%,5.68%,3.92%,5.94%,4.63%,3.91%,-2.26%,-3.28%,0.32%,8.62%,4.65%,9.60%,103,96,102,111,134,107,104,94,86,107,26.89%,2.35%,1.78%,13.27%,-2.94%,208.6%,223.4%,229.0%,-2.26%,-17.06%
2004/12/31,2004/11/30,1.29%,0.53%,-0.56%,-1.13%,0.59%,4.51%,3.53%,3.13%,3.25%,4.10%,-2.73%,-4.20%,0.84%,4.05%,3.62%,5.30%,104,97,102,110,134,112,108,97,89,112,25.99%,1.93%,-1.00%,8.51%,0.58%,225.0%,228.9%,242.3%,-4.93%,-20.54%
2005/01/31,2004/12/31,1.49%,-0.24%,0.77%,0.33%,-1.34%,-0.79%,-2.07%,-2.47%,-3.46%,-3.74%,1.62%,2.30%,1.65%,-1.55%,-2.69%,-2.24%,106,97,103,110,133,111,106,95,86,108,22.43%,-1.07%,0.60%,11.01%,-2.13%,217.7%,230.4%,237.0%,-3.39%,-18.72%
2005/02/28,2005/01/31,-1.83%,1.95%,-1.12%,0.36%,0.35%,0.44%,4.06%,0.59%,2.11%,2.08%,1.86%,2.14%,0.41%,1.76%,2.06%,1.12%,104,98,101,111,133,112,110,95,88,110,25.09%,0.55%,2.47%,13.38%,-0.11%,221.3%,227.3%,242.9%,-1.60%,-16.98%
2005/03/31,2005/02/28,-0.95%,-1.45%,0.33%,1.01%,0.89%,-2.16%,-2.65%,-1.29%,-1.44%,-1.12%,3.21%,3.54%,0.88%,-0.97%,-1.73%,-2.03%,103,97,102,112,134,109,107,94,87,109,27.39%,1.60%,5.76%,17.40%,-1.84%,214.8%,226.3%,239.6%,0.00%,-14.04%
2005/04/30,2005/03/31,0.18%,-1.28%,0.41%,-0.12%,2.50%,-2.04%,-3.56%,-1.49%,-3.46%,-0.36%,1.58%,1.93%,1.28%,-4.74%,-2.23%,-5.32%,103,96,102,112,138,107,103,93,84,108,30.35%,3.30%,7.44%,19.66%,-4.03%,198.0%,216.2%,223.5%,0.00%,-12.38%
2005/05/31,2005/04/30,-1.31%,0.02%,-0.00%,0.48%,0.69%,2.25%,3.15%,4.02%,5.46%,4.49%,3.05%,3.10%,0.05%,6.95%,3.88%,6.02%,102,96,102,112,138,109,106,97,88,113,32.96%,5.61%,10.71%,23.37%,-0.31%,216.0%,223.0%,246.0%,0.00%,-9.67%
2005/06/30,2005/05/31,0.21%,-0.22%,-0.51%,-0.48%,0.82%,1.69%,0.56%,0.50%,0.95%,1.01%,-0.09%,0.16%,-0.24%,4.23%,0.85%,4.18%,102,96,102,112,140,111,107,97,89,114,33.77%,4.89%,10.61%,23.57%,0.54%,229.2%,233.7%,260.6%,-0.09%,-9.52%
2005/07/31,2005/06/30,-0.80%,0.37%,0.01%,0.89%,-0.62%,2.66%,4.15%,3.96%,5.69%,4.05%,1.66%,0.32%,0.90%,7.59%,4.20%,7.49%,101,96,102,113,139,114,111,101,94,119,34.01%,6.35%,12.44%,23.96%,4.76%,253.8%,244.7%,288.0%,0.00%,-9.23%
2005/08/31,2005/07/31,-0.80%,0.24%,0.24%,-0.67%,0.87%,-1.15%,-0.84%,-0.70%,-1.68%,-0.71%,1.70%,2.38%,1.84%,0.07%,-1.01%,-0.64%,100,96,102,112,140,113,110,100,92,118,36.25%,6.82%,14.36%,26.91%,3.70%,251.6%,246.0%,288.3%,0.00%,-7.07%
2005/09/30,2005/08/31,-0.55%,1.06%,0.04%,0.74%,-0.18%,0.26%,1.43%,0.73%,1.44%,-0.26%,0.29%,1.09%,1.46%,1.30%,0.77%,0.97%,100,97,102,113,140,113,112,101,94,118,36.75%,6.27%,14.69%,28.30%,4.50%,255.0%,246.7%,293.3%,0.00%,-6.06%
2005/10/31,2005/09/30,1.78%,-0.57%,0.44%,-0.59%,-0.69%,0.46%,-2.20%,-1.13%,-2.79%,-2.44%,3.10%,2.35%,0.47%,-2.49%,-1.76%,-3.20%,102,97,102,112,139,114,110,100,91,115,33.38%,3.18%,18.24%,31.31%,2.66%,243.6%,241.7%,283.5%,0.00%,-3.85%
2005/11/30,2005/10/31,1.12%,0.40%,0.42%,-0.64%,-0.16%,4.27%,4.15%,3.84%,3.51%,3.87%,1.86%,2.43%,0.24%,4.92%,3.93%,4.19%,103,97,103,111,138,119,114,104,94,119,31.67%,2.77%,20.43%,34.50%,6.69%,258.0%,242.6%,302.4%,0.00%,-1.51%
2005/12/31,2005/11/30,0.70%,-0.55%,-0.49%,-0.58%,1.98%,0.84%,-0.61%,-0.36%,-0.70%,1.83%,1.09%,0.40%,2.18%,1.42%,0.04%,1.30%,103,97,102,111,141,120,113,103,94,122,33.35%,3.78%,21.75%,35.04%,6.73%,262.7%,246.9%,308.1%,0.00%,-1.12%
2006/01/31,2005/12/31,0.96%,0.10%,-0.39%,-1.13%,-0.58%,4.03%,3.00%,3.09%,4.45%,2.90%,-2.39%,-2.84%,-3.05%,6.29%,3.44%,7.14%,104,97,102,110,140,124,117,106,98,125,31.29%,2.61%,18.84%,31.21%,10.40%,288.6%,259.8%,333.7%,-2.39%,-3.93%
2006/02/28,2006/01/31,-0.55%,-0.02%,-0.47%,0.57%,0.55%,-0.35%,0.07%,-0.40%,0.42%,0.91%,-0.38%,-0.48%,0.27%,0.49%,0.09%,0.63%,104,97,101,110,141,124,117,106,98,126,32.73%,3.91%,18.39%,30.58%,10.50%,291.0%,261.7%,335.9%,-2.76%,-4.38%
2006/03/31,2006/02/28,0.73%,0.18%,0.19%,-0.65%,-1.39%,2.10%,1.83%,2.18%,2.44%,0.93%,1.48%,1.70%,-0.17%,5.96%,1.90%,5.45%,105,97,102,109,139,126,119,108,101,127,29.92%,2.69%,20.14%,32.80%,12.59%,312.3%,274.6%,361.8%,-1.32%,-2.76%
2006/04/30,2006/03/31,1.07%,-0.17%,-0.52%,0.39%,-0.78%,1.98%,0.42%,1.16%,1.32%,0.42%,1.96%,1.71%,1.54%,2.25%,0.99%,1.74%,106,97,101,110,138,129,120,110,102,128,27.51%,1.08%,22.49%,35.06%,13.71%,319.5%,277.4%,372.2%,0.00%,-1.11%
2006/05/31,2006/04/30,-1.08%,0.59%,0.07%,-0.22%,-0.36%,-3.20%,-2.65%,-2.63%,-4.42%,-2.91%,2.33%,3.09%,0.57%,-3.03%,-3.11%,-3.96%,105,97,101,110,138,125,116,107,98,124,28.44%,1.38%,25.34%,39.23%,10.17%,302.9%,274.2%,357.9%,0.00%,0.00%
2006/06/30,2006/05/31,-0.88%,1.80%,-0.54%,-0.27%,0.29%,-0.63%,1.80%,-0.48%,0.07%,0.09%,2.77%,2.12%,1.01%,0.55%,0.19%,-0.09%,104,99,101,109,138,124,119,106,98,124,29.94%,2.11%,28.82%,42.18%,10.39%,302.5%,273.1%,360.4%,0.00%,0.00%
2006/07/31,2006/06/30,0.66%,-1.52%,0.08%,0.79%,0.67%,1.01%,-1.91%,-0.31%,-0.17%,0.31%,2.50%,3.71%,1.20%,-0.75%,-0.28%,-1.87%,104,97,101,110,139,125,116,106,97,125,29.95%,1.39%,32.04%,47.46%,10.08%,295.0%,267.2%,356.9%,0.00%,0.00%
2006/08/31,2006/07/31,-0.41%,-0.42%,0.54%,0.15%,0.57%,1.13%,1.70%,3.00%,2.53%,3.63%,0.44%,0.46%,-1.45%,2.50%,2.48%,2.36%,104,97,101,110,140,127,118,109,100,129,31.23%,3.92%,32.63%,48.15%,12.81%,304.3%,266.7%,368.3%,0.00%,0.00%
2006/09/30,2006/08/31,0.19%,-0.90%,1.82%,-0.68%,-0.60%,2.45%,1.40%,3.73%,1.69%,1.69%,2.05%,2.34%,1.02%,2.62%,2.24%,1.92%,104,96,103,110,139,130,120,113,102,131,30.20%,3.13%,35.35%,51.62%,15.33%,312.1%,265.6%,380.6%,0.00%,0.00%
2006/10/31,2006/09/30,0.44%,0.84%,-0.03%,-1.04%,-0.38%,3.51%,4.13%,3.62%,3.41%,3.57%,0.61%,-0.23%,-0.01%,5.39%,3.69%,5.46%,105,97,103,109,138,134,125,117,105,136,29.13%,3.20%,36.17%,51.27%,19.59%,334.6%,272.1%,406.5%,0.00%,-0.23%
2006/11/30,2006/10/31,-0.59%,0.59%,-0.44%,0.22%,-0.20%,1.24%,2.56%,1.79%,2.63%,2.25%,0.71%,0.57%,-0.55%,2.69%,2.16%,2.52%,104,98,103,109,138,136,128,119,108,139,29.62%,4.24%,37.13%,52.14%,22.17%,345.6%,273.4%,420.2%,0.00%,0.00%
2006/12/31,2006/11/30,0.13%,-0.17%,0.74%,-1.14%,-0.50%,2.26%,1.12%,1.63%,0.26%,1.01%,1.25%,1.36%,0.86%,2.84%,1.18%,2.43%,104,97,103,107,137,139,129,121,108,141,28.82%,2.94%,38.84%,54.20%,23.61%,356.4%,278.1%,434.9%,0.00%,0.00%
2007/01/31,2006/12/31,-0.58%,-0.60%,1.28%,0.07%,0.70%,1.11%,1.14%,2.94%,2.22%,2.45%,0.62%,0.01%,1.83%,3.53%,2.01%,3.53%,103,97,105,108,138,141,131,125,110,144,30.47%,4.31%,39.70%,54.22%,26.09%,372.5%,283.8%,453.8%,0.00%,0.00%
2007/02/28,2007/01/31,-0.75%,-0.39%,-0.20%,1.41%,-0.80%,-2.74%,-1.69%,-1.30%,-0.51%,-2.19%,0.31%,-0.93%,0.62%,-0.23%,-1.63%,0.05%,103,96,105,109,137,137,129,123,110,141,30.41%,4.89%,40.13%,52.79%,24.04%,372.7%,290.3%,452.6%,0.00%,-0.93%
2007/03/31,2007/02/28,-0.98%,0.95%,-0.60%,0.27%,-0.80%,0.24%,1.98%,0.49%,1.97%,0.08%,3.98%,2.86%,0.76%,0.97%,1.00%,0.11%,102,97,104,109,136,137,131,124,112,141,30.64%,4.72%,45.71%,57.16%,25.28%,373.3%,286.8%,457.9%,0.00%,0.00%
2007/04/30,2007/03/31,-0.51%,-0.20%,-1.16%,0.21%,1.82%,4.02%,3.19%,2.66%,3.69%,5.84%,1.02%,-0.21%,1.81%,2.85%,3.86%,2.91%,101,97,103,110,139,143,135,127,116,149,33.67%,6.63%,47.18%,56.83%,30.12%,387.1%,283.1%,473.9%,0.00%,-0.21%
2007/05/31,2007/04/30,-1.05%,0.22%,-0.18%,0.65%,-0.72%,2.63%,3.41%,3.39%,4.34%,3.46%,2.79%,2.46%,-1.16%,2.73%,3.54%,1.99%,100,97,102,110,138,146,140,131,121,154,34.13%,7.51%,51.29%,60.69%,34.73%,396.8%,277.2%,489.5%,0.00%,0.00%
2007/06/30,2007/05/31,-1.52%,0.67%,-0.77%,0.29%,-0.15%,-3.68%,-0.73%,-2.34%,-0.72%,-2.14%,1.76%,0.97%,1.62%,-0.24%,-1.77%,-0.53%,99,98,102,111,137,141,139,128,120,151,35.96%,9.16%,53.95%,62.24%,32.35%,394.1%,281.8%,488.1%,0.00%,0.00%
2007/07/31,2007/06/30,-2.33%,0.89%,1.14%,-0.70%,1.24%,-6.47%,-2.63%,-2.72%,-3.11%,-3.56%,2.08%,0.92%,2.36%,-5.85%,-3.46%,-6.13%,96,99,103,110,139,132,135,125,117,146,40.82%,12.34%,57.16%,63.73%,27.77%,363.8%,271.6%,453.7%,0.00%,0.00%
2007/08/31,2007/07/31,1.22%,-0.16%,0.49%,0.19%,-0.54%,1.92%,1.15%,1.58%,2.09%,0.71%,3.05%,1.72%,-1.41%,-2.37%,1.50%,-2.88%,97,99,103,110,138,134,137,127,119,147,38.34%,10.98%,61.95%,66.54%,29.69%,350.5%,255.4%,440.6%,0.00%,0.00%
2007/09/30,2007/08/31,-0.65%,0.79%,0.64%,-0.65%,-1.17%,2.40%,5.17%,4.53%,3.07%,2.22%,1.66%,0.08%,0.44%,0.17%,3.55%,0.15%,97,99,104,109,137,138,144,132,123,150,37.63%,10.77%,64.64%,66.67%,34.30%,351.1%,243.3%,441.5%,0.00%,0.00%
2007/10/31,2007/09/30,-0.60%,-0.82%,1.19%,-1.02%,-0.03%,-0.07%,2.97%,3.84%,1.65%,0.63%,4.05%,1.13%,1.24%,0.35%,2.05%,0.01%,96,99,105,108,137,138,148,138,125,151,38.41%,11.54%,71.31%,68.55%,37.05%,351.2%,236.3%,443.4%,0.00%,0.00%
2007/11/30,2007/10/31,-1.26%,1.66%,-1.30%,0.41%,1.13%,-5.57%,-2.88%,-5.13%,-4.95%,-3.89%,4.39%,5.12%,-0.27%,-8.18%,-4.49%,-9.72%,95,100,104,109,138,130,144,130,119,145,41.71%,13.42%,78.83%,77.18%,30.89%,307.3%,218.7%,398.9%,0.00%,0.00%
2007/12/31,2007/11/30,-1.97%,-1.24%,0.27%,1.13%,-2.26%,-2.66%,0.62%,0.63%,-0.05%,-4.08%,3.00%,2.07%,0.93%,-1.60%,-0.68%,-2.22%,93,99,104,110,135,126,145,131,119,139,41.31%,11.81%,84.19%,80.86%,30.00%,298.3%,213.8%,391.0%,0.00%,0.00%
2008/01/31,2007/12/31,1.65%,1.78%,0.15%,0.93%,-0.11%,-3.49%,-6.41%,-8.00%,-5.73%,-4.42%,2.03%,0.56%,3.48%,-0.92%,-5.98%,-1.09%,95,101,104,111,135,122,136,121,112,133,38.82%,10.78%,87.92%,81.88%,22.22%,294.0%,229.2%,386.5%,0.00%,0.00%
2008/02/29,2008/01/31,-3.01%,-1.20%,-0.48%,1.64%,1.35%,-6.79%,-2.19%,-2.75%,-2.03%,-2.97%,0.22%,-0.96%,2.83%,-3.31%,-3.00%,-3.02%,92,100,104,113,137,114,133,117,109,129,44.87%,15.01%,88.33%,80.13%,18.56%,282.1%,229.1%,370.4%,0.00%,-0.96%
2008/03/31,2008/02/29,-3.41%,-0.38%,0.58%,1.74%,-0.96%,-4.72%,0.01%,0.50%,0.84%,-2.73%,5.28%,4.16%,-0.65%,-1.93%,-0.63%,-3.18%,89,99,104,115,136,108,133,118,110,126,48.42%,17.30%,98.27%,87.62%,17.81%,269.9%,220.7%,361.3%,0.00%,0.00%
2008/04/30,2008/03/31,0.80%,1.98%,-0.47%,0.07%,-1.64%,5.48%,5.52%,4.05%,5.45%,3.10%,2.54%,1.61%,-0.14%,2.31%,4.79%,1.82%,89,101,104,115,133,114,140,123,116,129,44.79%,14.51%,103.3%,90.63%,23.46%,276.7%,211.2%,371.9%,0.00%,0.00%
2008/05/31,2008/04/30,-3.22%,-1.43%,0.43%,0.81%,0.16%,-2.35%,0.96%,3.66%,3.95%,1.39%,-1.28%,-1.73%,-2.36%,0.93%,1.98%,1.44%,87,100,104,116,134,112,141,127,121,131,49.69%,18.80%,100.7%,87.34%,25.90%,282.1%,209.5%,376.3%,-1.28%,-1.73%
2008/06/30,2008/05/31,-1.69%,-2.16%,-0.56%,-2.52%,3.24%,-13.84%,-7.18%,-5.73%,-9.72%,-7.01%,2.06%,1.03%,1.68%,-11.92%,-8.40%,-12.23%,85,98,104,113,138,96,131,120,109,122,57.08%,26.91%,104.9%,89.27%,15.32%,235.4%,197.7%,319.5%,0.00%,-0.71%
2008/07/31,2008/06/30,3.61%,-0.99%,-2.19%,0.87%,2.33%,4.12%,-2.75%,-3.87%,-0.11%,2.74%,2.35%,3.03%,-2.86%,3.37%,-0.54%,2.46%,88,97,102,114,141,100,128,115,109,125,55.07%,25.15%,109.7%,95.01%,14.70%,243.7%,206.6%,333.7%,0.00%,0.00%
2008/08/31,2008/07/31,-1.57%,-0.12%,1.10%,-0.43%,-0.84%,0.86%,1.32%,1.67%,2.28%,1.50%,6.67%,8.49%,0.45%,8.48%,1.65%,5.94%,87,96,103,113,140,101,129,117,112,127,56.21%,25.96%,123.7%,111.6%,16.60%,264.1%,219.8%,370.5%,0.00%,0.00%
2008/09/30,2008/08/31,2.65%,1.28%,1.01%,-0.28%,-3.42%,-6.58%,-6.13%,-9.03%,-10.70%,-10.41%,5.27%,6.43%,-1.79%,-9.42%,-8.85%,-11.35%,89,98,104,113,135,94,121,107,100,114,46.71%,21.12%,135.4%,125.2%,6.28%,222.8%,211.8%,326.2%,0.00%,0.00%
2008/10/31,2008/09/30,-0.11%,-0.63%,-0.06%,-3.09%,0.12%,-16.40%,-15.68%,-17.91%,-20.65%,-15.05%,-1.57%,-3.99%,-0.25%,-25.65%,-17.40%,-24.45%,89,97,104,109,135,79,102,88,79,97,47.05%,22.75%,131.7%,116.2%,-12.22%,143.8%,189.8%,216.8%,-1.57%,-3.99%
2008/11/30,2008/10/31,-0.48%,3.00%,-0.29%,-3.34%,-0.60%,-10.49%,-4.22%,-8.72%,-11.16%,-7.42%,2.97%,-1.11%,-1.99%,-17.95%,-7.97%,-17.62%,89,100,103,106,134,71,98,80,70,90,46.88%,26.52%,138.6%,113.8%,-19.21%,100.9%,161.8%,160.0%,0.00%,-5.06%
2008/12/31,2008/11/30,0.57%,-0.04%,-1.20%,0.30%,2.57%,0.46%,1.24%,0.94%,3.10%,4.87%,5.43%,6.73%,0.12%,9.13%,2.00%,7.11%,89,100,102,106,138,71,99,81,72,94,49.82%,32.11%,151.6%,128.2%,-17.59%,115.2%,175.2%,183.7%,0.00%,0.00%
2009/01/31,2008/12/31,4.65%,-3.90%,0.75%,-1.33%,0.79%,-7.25%,-11.85%,-7.68%,-6.34%,-7.37%,-8.61%,-17.32%,10.97%,-8.87%,-8.28%,-3.67%,93,96,103,105,139,66,87,75,68,87,44.03%,31.95%,129.9%,88.64%,-24.42%,107.3%,187.9%,158.6%,-8.61%,-17.32%
2009/02/28,2009/01/31,4.36%,-2.54%,-0.17%,-0.21%,-4.52%,-8.64%,-11.82%,-8.77%,-8.58%,-12.98%,-1.01%,-6.42%,-4.89%,-21.03%,-10.22%,-19.10%,97,94,103,105,133,60,77,68,62,76,31.24%,26.22%,127.6%,76.52%,-32.14%,67.67%,162.3%,104.2%,-9.53%,-22.63%
2009/03/31,2009/02/28,2.84%,1.12%,-0.36%,-0.04%,0.18%,9.95%,9.09%,8.11%,8.32%,9.51%,-0.87%,-7.54%,6.45%,22.65%,8.87%,24.91%,100,95,102,104,133,66,84,74,67,83,27.75%,25.67%,125.6%,63.21%,-26.13%,109.4%,204.4%,150.4%,-10.32%,-28.46%
2009/04/30,2009/03/31,6.37%,-0.90%,3.25%,1.81%,-9.52%,10.48%,9.10%,12.85%,12.58%,5.97%,11.24%,12.79%,11.17%,41.57%,10.45%,37.73%,106,94,106,106,120,73,92,83,76,88,7.46%,20.01%,151.0%,84.09%,-18.40%,188.5%,287.5%,254.5%,-0.23%,-19.31%
2009/05/31,2009/04/30,1.68%,-1.37%,-2.83%,0.09%,2.93%,8.33%,4.36%,2.81%,4.81%,8.13%,5.35%,6.52%,12.71%,26.96%,5.16%,25.01%,108,93,103,106,124,79,96,85,79,95,8.80%,19.76%,164.4%,96.08%,-14.20%,260.6%,364.4%,350.1%,0.00%,-14.06%
2009/06/30,2009/05/31,-0.99%,-0.66%,-0.59%,-0.37%,4.35%,-0.54%,-1.30%,1.14%,0.86%,1.77%,-0.48%,-3.53%,4.75%,3.54%,0.39%,4.60%,107,92,102,106,129,79,95,86,80,97,14.61%,22.53%,163.2%,89.17%,-13.86%,277.2%,383.9%,366.0%,-0.48%,-17.09%
2009/07/31,2009/06/30,-1.40%,-1.06%,-0.58%,1.80%,-0.67%,4.91%,7.27%,6.80%,10.03%,8.99%,0.48%,6.15%,-1.99%,14.84%,7.78%,12.99%,106,91,101,108,128,83,101,92,88,105,15.43%,27.53%,164.4%,100.8%,-7.16%,326.2%,409.1%,435.2%,-0.00%,-11.98%
2009/08/31,2009/07/31,-0.07%,-1.31%,0.96%,-0.53%,-1.69%,2.35%,4.29%,2.12%,2.88%,6.24%,-1.29%,0.49%,9.06%,20.74%,3.49%,20.59%,106,90,102,107,126,84,106,94,91,112,13.55%,32.49%,161.0%,101.8%,-3.92%,414.0%,496.2%,546.2%,-1.30%,-11.55%
2009/09/30,2009/08/31,0.03%,-0.59%,0.03%,-0.45%,-1.22%,3.85%,4.03%,4.35%,4.83%,2.98%,-0.17%,-1.85%,1.23%,8.94%,4.15%,9.49%,106,89,102,107,125,88,110,98,95,115,12.14%,31.35%,160.6%,98.07%,0.06%,462.8%,528.1%,604.0%,-1.47%,-13.18%
2009/10/31,2009/09/30,-0.25%,1.86%,1.53%,-0.02%,-1.43%,-2.13%,-1.48%,-1.30%,-3.45%,-4.75%,2.32%,0.34%,-1.50%,-8.59%,-2.59%,-8.69%,105,91,104,107,123,86,108,97,92,110,10.81%,27.90%,166.6%,98.75%,-2.53%,413.8%,489.8%,543.5%,0.00%,-12.89%
2009/11/30,2009/10/31,-2.46%,0.37%,-0.20%,0.59%,1.10%,4.18%,5.02%,5.53%,6.32%,6.37%,1.51%,2.34%,-3.96%,0.86%,5.59%,0.16%,103,91,104,108,124,89,114,102,97,117,14.76%,30.70%,170.6%,103.4%,2.92%,414.6%,457.7%,549.0%,0.00%,-10.85%
2009/12/31,2009/11/30,2.28%,-0.41%,0.05%,-0.98%,1.43%,2.21%,1.44%,3.62%,4.06%,2.36%,-0.26%,-3.00%,1.35%,5.87%,2.80%,6.77%,105,91,104,106,126,91,115,106,101,120,13.79%,30.90%,169.9%,97.31%,5.80%,449.5%,479.8%,587.1%,-0.26%,-13.52%
2010/01/31,2009/12/31,-0.41%,-0.52%,-0.19%,-1.37%,1.64%,-2.49%,-3.51%,-3.76%,-4.66%,-0.47%,2.60%,3.52%,5.90%,7.43%,-3.38%,6.37%,105,90,104,105,128,89,111,102,97,119,16.13%,33.54%,177.0%,104.3%,2.23%,484.5%,536.4%,638.2%,0.00%,-10.47%
2010/02/28,2010/01/31,-2.14%,0.27%,0.84%,0.36%,-1.28%,2.19%,3.24%,4.04%,3.73%,2.86%,-0.45%,0.05%,-0.40%,2.64%,3.44%,2.62%,102,91,105,105,126,91,115,106,100,123,17.13%,34.43%,175.7%,104.4%,5.74%,499.8%,531.2%,657.6%,-0.45%,-10.42%
2010/03/31,2010/02/28,1.93%,0.15%,0.13%,-0.21%,-0.36%,9.02%,5.87%,6.81%,6.00%,6.02%,4.00%,2.86%,6.44%,11.60%,6.36%,10.75%,104,91,105,105,126,99,122,113,106,130,14.45%,30.40%,186.8%,110.2%,12.47%,564.3%,558.9%,745.6%,0.00%,-7.87%
2010/04/30,2010/03/31,2.53%,0.67%,0.23%,0.43%,-2.62%,3.97%,2.41%,2.56%,2.92%,-0.91%,0.71%,1.18%,9.86%,15.22%,2.11%,14.87%,107,91,105,106,123,103,125,116,109,129,8.56%,24.03%,188.8%,112.7%,14.85%,663.0%,642.9%,874.2%,0.00%,-6.78%
2010/05/31,2010/04/30,1.39%,0.11%,0.96%,-0.20%,0.68%,-9.67%,-7.19%,-7.79%,-8.08%,-7.76%,1.72%,0.67%,-1.26%,-10.62%,-7.82%,-10.82%,108,91,106,105,123,93,116,107,101,119,7.79%,26.39%,193.8%,114.1%,5.86%,580.4%,620.6%,770.8%,0.00%,-6.15%
2010/06/30,2010/05/31,1.83%,-0.56%,-0.05%,-0.08%,1.51%,-6.02%,-6.50%,-5.39%,-5.41%,-4.71%,1.40%,0.66%,-2.92%,-10.06%,-5.53%,-10.26%,110,91,106,105,125,88,108,101,95,113,7.44%,28.04%,197.9%,115.5%,0.01%,510.7%,586.5%,683.2%,0.00%,-5.54%
2010/07/31,2010/06/30,0.09%,0.96%,-0.81%,0.33%,0.14%,7.63%,6.71%,6.76%,7.64%,6.54%,0.80%,-0.60%,-0.41%,5.40%,7.01%,5.58%,111,92,105,106,126,94,116,108,102,121,7.49%,26.64%,200.3%,114.2%,7.02%,544.7%,576.8%,725.5%,0.00%,-6.10%
2010/08/31,2010/07/31,-0.02%,0.43%,0.70%,0.68%,-0.31%,-5.91%,-3.83%,-4.99%,-4.60%,-4.98%,0.75%,-0.63%,-0.42%,-8.41%,-4.66%,-8.22%,111,92,106,106,125,89,111,103,98,115,7.18%,27.82%,202.5%,112.9%,2.02%,491.8%,552.7%,656.1%,0.00%,-6.69%
2010/09/30,2010/08/31,0.38%,-0.05%,0.03%,-1.45%,1.77%,10.74%,7.88%,9.72%,10.22%,9.11%,3.25%,1.51%,0.21%,11.40%,9.41%,10.95%,111,92,106,105,127,98,120,113,108,125,8.67%,25.73%,212.4%,116.1%,11.62%,556.5%,562.7%,742.3%,0.00%,-5.28%
2010/10/31,2010/09/30,-0.26%,0.45%,0.47%,0.06%,-0.15%,4.12%,3.80%,4.28%,4.55%,2.39%,1.39%,0.05%,1.58%,4.55%,3.89%,4.54%,111,93,106,105,127,102,124,118,113,128,8.80%,23.55%,216.7%,116.2%,15.96%,586.3%,567.1%,780.6%,0.00%,-5.24%
2010/11/30,2010/10/31,-0.40%,2.09%,0.61%,-1.06%,-1.36%,0.94%,2.43%,1.17%,0.08%,-1.94%,2.65%,2.29%,-1.00%,0.88%,0.54%,0.19%,110,95,107,104,125,103,127,119,113,125,7.76%,19.99%,225.1%,121.1%,16.58%,587.7%,564.8%,788.4%,0.00%,-3.07%
2010/12/31,2010/11/30,-3.47%,-2.12%,-0.32%,-0.15%,-0.05%,7.07%,5.12%,6.05%,7.66%,7.75%,-0.09%,0.59%,0.70%,10.71%,6.70%,10.53%,106,93,107,104,125,111,134,126,121,135,11.45%,20.81%,224.8%,122.4%,24.40%,660.1%,590.2%,883.5%,-0.09%,-2.50%
2011/01/31,2010/12/31,-1.39%,-0.77%,0.69%,1.58%,-1.54%,1.56%,0.69%,2.43%,3.53%,0.91%,1.41%,0.91%,4.75%,6.92%,2.06%,6.65%,105,92,107,105,123,112,135,129,126,136,11.28%,20.03%,229.4%,124.5%,26.96%,710.6%,621.9%,951.6%,0.00%,-1.62%
2011/02/28,2011/01/31,0.16%,0.63%,0.33%,0.07%,-0.88%,4.01%,4.19%,3.65%,3.68%,2.47%,0.90%,-0.65%,-0.01%,3.31%,3.59%,3.50%,105,92,108,105,122,117,140,134,130,140,10.12%,18.17%,232.3%,123.0%,31.52%,739.0%,621.3%,986.4%,0.00%,-2.26%
2011/03/31,2011/02/28,0.29%,0.83%,-0.05%,-0.24%,1.40%,-1.21%,1.31%,1.01%,0.42%,-0.11%,0.22%,-1.69%,-1.40%,-1.88%,0.49%,-1.37%,105,93,108,105,124,115,142,135,131,140,11.34%,19.48%,233.1%,119.2%,32.16%,727.5%,607.9%,965.9%,0.00%,-3.91%
2011/04/30,2011/03/31,-0.84%,0.62%,0.58%,-0.73%,0.98%,0.43%,3.21%,3.61%,2.85%,3.39%,1.59%,1.66%,-1.14%,0.88%,2.97%,0.39%,104,94,108,104,125,116,147,140,134,144,13.37%,23.01%,238.4%,122.9%,36.08%,730.7%,589.6%,975.4%,0.00%,-2.31%
2011/05/31,2011/04/30,0.14%,1.36%,-0.35%,-0.28%,0.21%,-1.95%,-0.17%,-1.42%,-1.25%,-1.57%,1.75%,0.85%,-0.04%,-2.51%,-1.22%,-2.77%,105,95,108,104,126,114,147,138,133,142,13.45%,23.48%,244.3%,124.8%,34.42%,707.7%,579.0%,948.4%,0.00%,-1.49%
2011/06/30,2011/05/31,0.05%,1.52%,-0.24%,-0.20%,0.51%,-2.41%,-0.65%,-2.29%,-1.95%,-1.60%,1.28%,1.82%,-0.64%,-2.29%,-1.74%,-2.84%,105,96,108,104,126,111,146,135,130,140,13.96%,24.47%,248.7%,128.9%,32.08%,684.8%,571.5%,924.4%,0.00%,0.00%
2011/07/31,2011/06/30,-0.07%,1.38%,-1.21%,1.84%,-1.32%,-2.89%,-1.34%,-3.76%,-0.51%,-3.77%,1.74%,0.74%,2.09%,-1.34%,-2.26%,-1.56%,105,98,106,106,125,108,144,130,129,135,12.53%,23.39%,254.8%,130.6%,29.09%,672.6%,576.2%,910.7%,0.00%,0.00%
2011/08/31,2011/07/31,-0.00%,1.11%,0.56%,0.19%,0.22%,-6.99%,-5.89%,-6.19%,-5.32%,-6.05%,0.57%,0.26%,-2.50%,-10.76%,-5.89%,-10.84%,105,99,107,106,125,100,135,122,123,126,12.78%,24.55%,256.8%,131.2%,21.49%,588.8%,542.7%,801.9%,0.00%,0.00%
2011/09/30,2011/08/31,-2.91%,-1.32%,-0.09%,1.41%,-0.75%,-10.88%,-8.84%,-7.43%,-5.90%,-8.76%,2.37%,2.29%,-1.22%,-10.84%,-7.63%,-11.53%,102,98,107,107,124,89,123,113,115,115,15.22%,27.19%,265.3%,136.4%,12.22%,509.4%,517.7%,704.1%,0.00%,0.00%
2011/10/31,2011/09/30,1.20%,-0.24%,0.82%,-0.87%,-0.31%,13.21%,10.41%,11.81%,10.85%,12.29%,1.31%,1.34%,-3.51%,11.14%,11.39%,10.74%,103,97,108,107,123,101,136,126,128,129,13.48%,26.03%,270.1%,139.6%,25.00%,574.9%,513.7%,793.7%,0.00%,0.00%
2011/11/30,2011/10/31,-1.01%,0.40%,1.42%,0.19%,0.18%,-2.46%,-0.66%,0.74%,-0.26%,-0.75%,2.94%,3.54%,0.23%,-1.04%,-0.35%,-2.10%,102,98,109,107,124,99,135,127,128,129,14.83%,28.18%,280.9%,148.1%,24.56%,560.7%,503.0%,784.4%,0.00%,0.00%
2011/12/31,2011/11/30,0.92%,0.90%,-0.44%,0.23%,0.52%,1.07%,1.73%,-0.05%,0.54%,1.23%,2.62%,1.78%,1.23%,1.28%,0.85%,0.75%,103,99,109,107,124,100,138,127,128,130,14.36%,28.38%,290.9%,152.5%,25.62%,565.7%,502.3%,795.8%,0.00%,0.00%
2012/01/31,2011/12/31,-1.69%,-1.91%,-2.69%,0.62%,1.29%,5.34%,3.32%,2.38%,7.39%,8.20%,0.71%,-2.06%,4.26%,13.00%,5.09%,13.62%,101,97,106,108,126,105,142,130,138,141,17.77%,32.05%,293.7%,147.3%,32.02%,656.3%,553.7%,912.3%,0.00%,-2.06%
2012/02/29,2012/01/31,1.14%,-0.89%,-0.21%,1.71%,-2.67%,5.74%,3.00%,3.87%,6.14%,2.91%,1.09%,2.06%,1.89%,6.31%,4.25%,5.69%,102,96,106,109,123,111,146,135,146,145,13.27%,28.31%,298.0%,152.4%,37.63%,699.4%,563.2%,976.2%,0.00%,-0.04%
2012/03/31,2012/02/29,-0.40%,0.95%,0.01%,-0.51%,0.77%,3.37%,3.47%,2.71%,2.53%,4.25%,3.28%,3.79%,3.44%,7.07%,3.15%,5.93%,102,97,106,109,123,115,152,139,150,151,14.60%,29.45%,311.0%,162.0%,41.95%,746.8%,581.7%,1052%,0.00%,0.00%
2012/04/30,2012/03/31,2.56%,2.37%,0.56%,-0.45%,-0.58%,-0.14%,1.10%,-0.34%,-1.74%,-2.26%,2.47%,2.60%,2.87%,1.09%,-0.69%,0.31%,104,99,106,108,123,115,153,138,147,148,11.00%,26.70%,321.1%,168.8%,40.97%,749.4%,588.5%,1065%,0.00%,0.00%
2012/05/31,2012/04/30,2.15%,-0.05%,0.89%,-0.69%,0.56%,-6.57%,-5.41%,-4.34%,-7.87%,-8.32%,-0.13%,0.66%,1.11%,-7.93%,-6.09%,-8.13%,107,99,107,108,123,107,145,132,136,135,9.24%,24.48%,320.6%,170.5%,32.39%,680.4%,574.4%,972.4%,-0.13%,0.00%
2012/06/30,2012/05/31,0.61%,0.74%,-0.23%,-0.98%,0.56%,4.63%,4.03%,3.50%,3.48%,4.83%,1.79%,1.51%,-1.22%,3.77%,3.98%,3.32%,107,100,107,107,124,112,151,137,140,142,9.18%,24.73%,328.1%,174.6%,37.67%,706.2%,569.9%,1013%,0.00%,0.00%
2012/07/31,2012/06/30,-1.05%,0.53%,1.48%,-0.74%,-0.03%,0.67%,0.80%,2.48%,-0.66%,0.07%,-0.20%,-0.99%,0.68%,-1.91%,0.87%,-1.61%,106,100,108,106,124,113,152,140,139,142,10.29%,23.98%,327.3%,171.9%,38.87%,693.2%,553.2%,991.5%,-0.20%,-0.99%
2012/08/31,2012/07/31,-0.46%,-0.23%,0.26%,0.37%,-0.76%,2.11%,1.87%,2.53%,3.52%,2.41%,1.63%,1.59%,-0.23%,4.34%,2.50%,3.86%,106,100,109,106,123,115,155,144,144,145,9.95%,24.36%,334.2%,176.2%,42.34%,723.8%,562.1%,1039%,0.00%,0.00%
2012/09/30,2012/08/31,0.83%,-0.59%,0.08%,-1.16%,0.99%,3.64%,1.88%,2.58%,1.86%,3.85%,1.15%,-0.96%,1.26%,5.76%,2.56%,6.05%,106,99,109,105,124,119,158,148,147,151,10.13%,24.62%,339.2%,173.6%,45.99%,773.7%,585.2%,1104%,0.00%,-0.96%
2012/10/31,2012/09/30,1.35%,-1.16%,-1.03%,0.94%,2.13%,-1.43%,-2.10%,-2.66%,-1.65%,0.10%,2.41%,2.76%,0.19%,-0.03%,-1.70%,-0.86%,108,98,108,106,127,118,154,144,145,151,10.99%,26.53%,349.8%,181.1%,43.50%,766.1%,591.0%,1104%,0.00%,0.00%
2012/11/30,2012/10/31,1.18%,-0.87%,1.24%,-0.53%,-0.78%,2.27%,-0.20%,2.00%,0.45%,-0.09%,0.96%,0.06%,-0.96%,-0.23%,0.66%,-0.25%,109,97,109,105,126,120,154,147,145,151,8.81%,23.55%,354.1%,181.3%,44.45%,763.9%,584.6%,1101%,0.00%,0.00%
2012/12/31,2012/11/30,1.97%,0.05%,-0.70%,0.42%,0.53%,3.03%,0.89%,-0.65%,2.56%,3.09%,1.93%,1.74%,-0.82%,4.60%,1.26%,4.08%,111,98,108,106,127,124,155,146,149,156,7.25%,23.62%,362.9%,186.2%,46.27%,799.2%,603.9%,1156%,0.00%,0.00%
2013/01/31,2012/12/31,1.97%,0.30%,0.87%,-3.39%,1.10%,7.84%,5.30%,6.18%,2.73%,7.27%,1.02%,1.46%,3.35%,10.91%,5.53%,10.47%,114,98,109,102,128,134,164,155,153,167,6.32%,22.92%,367.6%,190.4%,54.35%,893.3%,638.7%,1293%,0.00%,0.00%
2013/02/28,2013/01/31,-0.02%,-0.12%,0.19%,-0.12%,0.23%,1.10%,1.21%,1.63%,1.10%,1.20%,1.33%,0.93%,1.00%,2.06%,1.30%,1.78%,114,98,109,102,128,135,166,157,155,169,6.58%,23.04%,373.8%,193.0%,56.35%,911.0%,642.3%,1322%,0.00%,0.00%
2013/03/31,2013/02/28,0.75%,-0.20%,-0.41%,-1.54%,2.32%,4.94%,3.60%,3.65%,2.91%,6.10%,1.27%,1.35%,0.43%,5.15%,4.00%,4.75%,114,97,109,101,131,142,172,163,159,179,8.25%,24.47%,379.8%,197.0%,62.60%,959.0%,647.9%,1395%,0.00%,0.00%
2013/04/30,2013/03/31,1.31%,0.54%,-0.13%,-0.38%,0.49%,2.16%,1.74%,1.63%,1.17%,2.01%,3.38%,4.40%,2.16%,3.11%,1.68%,1.79%,116,98,109,100,132,145,175,166,161,183,7.35%,24.29%,396.1%,210.1%,65.33%,977.9%,648.7%,1442%,0.00%,0.00%
2013/05/31,2013/04/30,-1.00%,-1.07%,-0.86%,0.19%,1.22%,3.55%,0.81%,1.35%,3.94%,4.10%,-0.37%,-1.43%,0.06%,5.31%,2.46%,5.74%,115,97,108,100,134,150,176,168,167,190,9.73%,24.96%,394.2%,205.6%,69.40%,1040%,673.2%,1524%,-0.37%,-1.43%
2013/06/30,2013/05/31,0.90%,0.51%,-0.13%,0.02%,-1.22%,-0.07%,-0.42%,-1.42%,-1.25%,-2.51%,1.50%,1.53%,0.74%,-0.19%,-1.25%,-0.65%,116,97,108,100,132,150,175,165,165,186,7.41%,21.91%,401.6%,210.3%,67.28%,1032%,677.9%,1521%,0.00%,0.00%
2013/07/31,2013/06/30,-0.92%,-0.57%,-0.79%,-1.09%,1.82%,5.32%,4.60%,5.04%,4.81%,7.44%,1.00%,0.38%,1.80%,9.95%,5.46%,9.84%,115,97,107,99,134,158,183,174,173,199,10.36%,24.50%,406.6%,211.5%,76.41%,1144%,711.9%,1682%,0.00%,0.00%
2013/08/31,2013/07/31,1.15%,-0.57%,-1.34%,0.04%,0.49%,-2.18%,-2.45%,-4.16%,-2.49%,-2.60%,2.22%,2.86%,3.28%,0.22%,-2.84%,-0.64%,116,96,106,99,135,154,179,167,169,194,9.64%,23.98%,417.9%,220.4%,71.40%,1136%,729.8%,1686%,0.00%,0.00%
2013/09/30,2013/08/31,1.25%,-0.20%,-0.02%,0.00%,-0.81%,5.81%,3.97%,4.24%,3.65%,2.51%,-0.82%,-2.06%,-0.05%,4.44%,3.76%,5.05%,117,96,105,99,134,163,186,174,175,199,7.38%,19.89%,413.7%,213.8%,77.84%,1198%,740.6%,1765%,-0.82%,-2.06%
2013/10/31,2013/09/30,-1.41%,0.68%,0.64%,-0.40%,-0.03%,2.87%,4.10%,5.01%,3.66%,4.41%,2.94%,3.24%,0.51%,5.03%,4.19%,4.05%,116,97,106,99,134,168,194,182,182,208,8.87%,21.73%,428.8%,224.0%,85.29%,1251%,739.4%,1859%,0.00%,0.00%
2013/11/30,2013/10/31,-1.73%,-0.98%,-1.10%,-0.08%,1.27%,1.97%,2.12%,2.07%,2.91%,4.50%,-0.73%,-1.26%,-0.51%,3.32%,2.86%,3.70%,114,96,105,99,136,171,198,186,187,217,12.13%,24.81%,424.9%,219.9%,90.59%,1301%,746.4%,1924%,-0.73%,-1.26%
2013/12/31,2013/11/30,1.69%,-0.10%,0.37%,-0.76%,-1.16%,4.44%,2.53%,3.35%,2.24%,1.62%,-0.15%,-0.75%,-0.65%,2.15%,2.61%,2.37%,116,96,105,98,134,179,203,192,191,221,8.95%,21.29%,424.1%,217.5%,95.56%,1334%,744.4%,1967%,-0.88%,-2.00%
2014/01/31,2013/12/31,-1.35%,-1.46%,0.97%,0.08%,2.63%,-4.49%,-4.52%,-2.51%,-3.29%,-1.40%,-4.40%,-7.33%,2.06%,-3.33%,-3.13%,-1.13%,114,94,106,98,138,171,193,188,185,218,13.28%,25.04%,401.1%,194.2%,89.43%,1318%,761.3%,1898%,-5.24%,-9.18%
2014/02/28,2014/01/31,-0.83%,0.45%,-0.12%,0.16%,-0.01%,4.47%,5.15%,4.66%,4.54%,4.41%,0.81%,0.78%,0.97%,5.65%,4.67%,5.41%,113,95,106,98,138,179,203,196,193,227,14.21%,24.96%,405.1%,196.5%,98.28%,1395%,767.7%,2011%,-4.48%,-8.47%
2014/03/31,2014/02/28,-1.74%,0.23%,-1.14%,1.78%,0.38%,-0.81%,-0.75%,-0.27%,1.63%,1.51%,2.54%,4.16%,1.36%,3.54%,0.51%,2.29%,111,95,105,100,138,177,202,196,196,231,16.63%,27.86%,417.9%,208.9%,99.29%,1429%,783.2%,2086%,-2.05%,-4.66%
2014/04/30,2014/03/31,-1.24%,0.71%,0.07%,0.29%,0.58%,-2.57%,-0.04%,-0.70%,0.22%,0.88%,3.29%,4.42%,1.47%,-0.97%,-0.02%,-2.30%,110,96,105,100,139,173,202,194,197,233,18.75%,32.27%,435.0%,222.5%,99.24%,1394%,763.1%,2065%,0.00%,-0.45%
2014/05/31,2014/04/30,1.00%,-0.62%,0.55%,0.06%,0.32%,2.47%,1.82%,2.23%,2.34%,1.75%,2.87%,2.23%,1.18%,0.70%,2.10%,0.03%,111,95,106,100,139,177,206,199,201,237,17.94%,31.32%,450.3%,229.7%,103.4%,1394%,745.2%,2080%,0.00%,0.00%
2014/06/30,2014/05/31,0.43%,-0.60%,-0.44%,-0.05%,-0.03%,2.84%,1.99%,2.91%,2.05%,3.26%,0.51%,0.25%,-1.23%,4.09%,2.50%,4.02%,111,95,105,100,139,182,210,204,205,245,17.39%,31.88%,453.1%,230.5%,108.5%,1454%,758.0%,2169%,0.00%,0.00%
2014/07/31,2014/06/30,-1.62%,-0.56%,-0.48%,-0.20%,2.83%,-3.55%,-2.67%,-3.13%,-1.58%,-0.22%,2.67%,3.39%,3.51%,-1.58%,-1.95%,-2.60%,110,94,105,100,143,175,204,198,202,244,22.61%,36.28%,467.9%,241.7%,104.4%,1414%,752.5%,2133%,0.00%,0.00%
2014/08/31,2014/07/31,-0.30%,-0.36%,0.20%,-0.51%,0.80%,4.06%,4.05%,3.96%,3.82%,5.03%,1.65%,1.44%,-0.02%,4.33%,4.18%,3.90%,109,94,105,100,144,183,212,206,210,256,23.96%,37.60%,477.3%,246.7%,113.0%,1473%,750.1%,2230%,0.00%,0.00%
2014/09/30,2014/08/31,-0.38%,-0.19%,-0.73%,-0.35%,1.28%,-3.18%,-1.81%,-2.79%,-1.55%,-1.88%,2.68%,2.48%,0.81%,-4.99%,-2.09%,-5.73%,109,93,104,99,146,177,208,200,207,251,26.01%,39.39%,492.8%,255.2%,108.5%,1383%,719.1%,2114%,0.00%,0.00%
2014/10/31,2014/09/30,-0.64%,1.28%,0.18%,0.06%,-0.76%,1.78%,3.73%,2.20%,2.11%,3.28%,4.10%,4.65%,-3.08%,3.43%,2.74%,2.04%,108,95,104,99,145,180,216,205,211,260,25.86%,41.48%,517.1%,271.8%,114.2%,1413%,713.4%,2190%,0.00%,0.00%
2014/11/30,2014/10/31,-2.08%,-0.40%,1.53%,0.49%,0.27%,-0.04%,2.44%,3.03%,3.70%,2.33%,2.91%,3.00%,0.95%,0.97%,2.53%,0.07%,106,94,106,100,146,180,221,211,219,266,28.82%,44.84%,535.1%,282.9%,119.7%,1414%,693.3%,2212%,0.00%,0.00%
2014/12/31,2014/11/30,-0.18%,0.79%,0.03%,0.05%,-0.64%,0.65%,0.61%,-0.13%,-0.93%,-0.49%,3.70%,2.53%,-1.36%,1.39%,-0.03%,0.63%,106,95,106,100,145,181,223,211,217,264,28.23%,43.19%,558.6%,292.6%,119.6%,1423%,698.6%,2244%,0.00%,0.00%
2015/01/31,2014/12/31,-0.04%,0.84%,-0.31%,-0.16%,0.63%,-5.00%,-1.09%,-2.90%,-3.32%,-2.62%,-0.63%,-0.74%,0.35%,-4.19%,-2.75%,-3.97%,106,96,106,100,146,172,220,204,210,258,29.09%,46.59%,554.4%,289.7%,113.6%,1363%,688.9%,2146%,-0.63%,-0.74%
2015/02/28,2015/01/31,0.16%,-0.31%,-0.06%,0.62%,-1.64%,6.31%,4.88%,5.67%,7.25%,4.86%,-2.12%,-3.25%,1.40%,6.83%,5.76%,7.80%,106,96,106,100,143,183,231,216,225,270,26.77%,44.46%,540.5%,277.0%,125.9%,1477%,705.0%,2299%,-2.74%,-3.96%
2015/03/31,2015/02/28,-0.17%,0.09%,-0.09%,-0.06%,-0.29%,-1.70%,-0.17%,-0.62%,-2.00%,-1.11%,2.39%,2.27%,-0.85%,0.11%,-1.06%,-0.57%,106,96,106,100,143,180,231,215,220,267,26.62%,45.32%,555.8%,285.6%,123.5%,1468%,708.9%,2302%,-0.42%,-1.79%
2015/04/30,2015/03/31,1.98%,-0.74%,0.28%,0.55%,-0.38%,3.54%,-1.78%,-0.63%,2.31%,0.43%,-0.25%,-4.21%,2.36%,1.99%,0.40%,3.26%,108,95,106,101,142,186,227,213,225,268,23.63%,40.81%,554.2%,269.3%,124.4%,1519%,732.0%,2350%,-0.67%,-5.92%
2015/05/31,2015/04/30,-0.88%,-1.37%,-1.63%,1.25%,1.52%,-0.82%,1.10%,0.84%,1.17%,3.02%,0.17%,-1.63%,-1.76%,-2.40%,1.29%,-1.91%,107,94,104,102,144,185,229,215,228,276,26.59%,46.22%,555.3%,263.3%,127.3%,1488%,705.4%,2291%,-0.50%,-7.45%
2015/06/30,2015/05/31,0.90%,-0.36%,0.02%,-1.49%,-0.15%,-1.19%,-1.40%,-0.71%,-3.29%,-1.72%,2.71%,2.08%,0.04%,-0.96%,-1.63%,-1.59%,108,93,104,101,144,182,226,214,221,272,25.26%,45.44%,573.0%,270.9%,123.6%,1463%,705.8%,2268%,0.00%,-5.52%
2015/07/31,2015/06/30,1.88%,0.00%,0.74%,1.19%,-2.33%,0.25%,2.63%,2.82%,0.63%,1.34%,4.39%,3.42%,0.63%,-5.38%,1.67%,-6.40%,110,93,105,102,141,183,232,220,222,275,19.99%,47.03%,602.6%,283.6%,127.3%,1363%,640.7%,2141%,0.00%,-2.30%
2015/08/31,2015/07/31,-0.91%,1.52%,-0.35%,-0.34%,-0.26%,-6.77%,-5.07%,-5.81%,-5.62%,-7.09%,0.64%,-2.72%,0.54%,-3.98%,-5.98%,-3.16%,109,95,105,101,140,170,220,207,209,256,20.77%,46.57%,607.1%,273.2%,113.7%,1317%,661.6%,2051%,0.00%,-4.95%
2015/09/30,2015/08/31,-0.61%,0.87%,1.40%,0.83%,-1.85%,-4.00%,-1.27%,-1.29%,-2.84%,-4.92%,-1.35%,-1.49%,-2.33%,-9.22%,-2.82%,-8.77%,108,96,106,102,138,164,217,204,204,243,19.27%,45.22%,597.5%,267.6%,107.7%,1192%,616.3%,1853%,-1.35%,-6.36%
2015/10/31,2015/09/30,0.08%,-0.07%,1.08%,0.11%,-0.25%,8.78%,6.38%,7.37%,7.92%,8.17%,4.32%,4.64%,-0.41%,8.32%,7.68%,6.93%,108,95,107,102,137,178,231,219,220,263,18.86%,44.33%,627.7%,284.7%,123.6%,1282%,611.0%,2016%,0.00%,-2.02%
2015/11/30,2015/10/31,1.02%,-1.12%,1.11%,-0.15%,-0.49%,1.22%,-0.21%,1.29%,0.50%,0.18%,1.94%,-6.97%,-2.41%,-2.44%,0.55%,-0.35%,109,94,108,102,137,180,231,222,221,263,17.07%,42.83%,641.8%,257.9%,124.8%,1277%,604.6%,1964%,0.00%,-8.84%
2015/12/31,2015/11/30,-2.18%,0.64%,0.88%,0.08%,-0.63%,-4.91%,-0.91%,-0.76%,-1.88%,-2.55%,3.10%,0.75%,0.95%,-5.84%,-2.07%,-6.06%,107,95,109,102,136,171,229,220,217,257,18.89%,46.21%,664.8%,260.5%,120.2%,1194%,576.4%,1844%,0.00%,-8.16%
2016/01/31,2015/12/31,-0.22%,2.17%,0.42%,-1.06%,-2.58%,-6.13%,-3.55%,-4.09%,-6.20%,-9.26%,-1.03%,-1.64%,-4.55%,-13.63%,-5.64%,-13.13%,107,97,110,101,132,161,220,211,203,233,16.08%,41.63%,657.0%,254.6%,107.8%,1024%,525.8%,1579%,-1.03%,-9.67%
2016/02/29,2016/01/31,-0.33%,0.60%,-0.60%,2.19%,-0.77%,-0.30%,-0.04%,-0.84%,1.77%,-0.44%,1.15%,2.34%,-1.54%,0.76%,-0.05%,0.06%,106,98,109,104,131,160,220,210,207,232,15.57%,41.43%,665.7%,262.9%,107.6%,1025%,526.5%,1592%,0.00%,-7.56%
2016/03/31,2016/02/29,-0.18%,1.05%,1.82%,0.76%,-0.95%,8.04%,6.86%,7.01%,6.97%,6.85%,3.99%,6.19%,5.20%,18.01%,7.08%,16.15%,106,99,111,104,130,173,235,224,221,248,14.69%,39.75%,696.2%,285.4%,122.4%,1206%,583.3%,1896%,0.00%,-1.84%
2016/04/30,2016/03/31,1.21%,0.91%,-1.86%,-0.72%,1.06%,3.78%,0.42%,-1.02%,0.11%,1.67%,1.55%,2.21%,3.51%,8.08%,0.81%,7.42%,107,100,109,104,132,180,236,222,221,252,14.52%,36.81%,708.6%,293.9%,124.2%,1303%,628.4%,2058%,0.00%,0.00%
2016/05/31,2016/04/30,-0.93%,-0.75%,0.74%,0.33%,0.65%,0.51%,1.42%,2.34%,2.01%,2.78%,0.69%,-1.23%,-1.76%,-1.80%,1.79%,-1.43%,106,99,110,104,132,181,240,227,226,259,16.32%,39.92%,714.1%,289.1%,128.2%,1283%,605.0%,2019%,0.00%,-1.23%
2016/06/30,2016/05/31,0.44%,0.39%,2.50%,-1.03%,-1.41%,0.15%,0.80%,2.35%,-1.07%,-1.23%,0.59%,1.41%,0.97%,1.85%,0.26%,1.43%,107,99,113,103,130,181,242,232,223,256,14.17%,38.00%,718.9%,294.5%,128.8%,1303%,613.2%,2058%,0.00%,0.00%
2016/07/31,2016/06/30,-2.19%,-0.85%,0.83%,1.47%,1.59%,1.85%,2.72%,3.30%,5.69%,6.42%,1.49%,3.19%,0.26%,10.12%,3.96%,9.17%,105,98,113,104,133,184,248,240,236,272,18.48%,44.31%,731.1%,307.1%,137.9%,1431%,650.3%,2276%,0.00%,0.00%
2016/08/31,2016/07/31,-0.01%,-0.30%,0.25%,0.00%,0.24%,1.16%,0.09%,0.07%,0.34%,0.14%,-0.61%,-2.69%,-0.28%,1.72%,0.32%,2.53%,105,98,114,104,133,186,249,240,237,273,18.78%,42.83%,726.0%,296.2%,138.6%,1470%,666.9%,2317%,-0.61%,-2.69%
2016/09/30,2016/08/31,0.85%,-0.71%,-0.29%,0.72%,-0.86%,0.92%,-0.72%,0.06%,0.98%,0.15%,3.22%,3.92%,1.97%,5.24%,0.19%,4.06%,105,97,113,105,132,188,247,240,239,273,16.75%,41.72%,752.6%,311.7%,139.1%,1534%,696.6%,2444%,0.00%,0.00%
2016/10/31,2016/09/30,-0.61%,-0.52%,0.30%,0.58%,0.12%,-2.40%,-1.76%,-1.89%,-1.33%,-3.77%,4.23%,3.43%,1.36%,-5.77%,-2.12%,-6.79%,105,97,114,106,132,184,242,236,236,263,17.61%,39.78%,788.7%,325.8%,134.0%,1423%,659.4%,2297%,0.00%,0.00%
2016/11/30,2016/10/31,0.58%,-2.19%,0.22%,1.72%,2.70%,4.08%,4.93%,2.89%,4.27%,6.93%,4.66%,3.31%,1.38%,10.18%,4.59%,9.18%,105,95,114,107,135,191,254,243,246,281,20.10%,43.76%,830.1%,339.9%,144.7%,1563%,694.3%,2541%,0.00%,0.00%
2016/12/31,2016/11/30,-0.09%,-0.88%,0.81%,-0.49%,1.33%,2.45%,1.22%,2.40%,1.87%,1.96%,4.23%,4.74%,2.51%,3.95%,1.94%,2.52%,105,94,115,107,137,196,257,248,251,286,21.80%,43.06%,869.4%,360.8%,149.5%,1605%,698.9%,2646%,0.00%,0.00%
2017/01/31,2016/12/31,1.50%,-0.31%,-0.32%,-0.14%,-0.67%,3.37%,1.61%,1.15%,1.44%,2.51%,-2.41%,-4.83%,-0.55%,0.97%,1.89%,2.42%,107,94,115,107,136,202,262,251,254,294,19.17%,41.84%,846.1%,338.6%,154.2%,1646%,703.1%,2672%,-2.41%,-4.83%
2017/02/28,2017/01/31,-1.22%,-0.54%,0.27%,-0.46%,1.56%,2.69%,2.87%,3.27%,3.03%,6.17%,0.25%,-0.20%,-1.01%,1.38%,3.64%,1.45%,106,93,115,106,138,208,269,260,262,312,22.48%,46.78%,848.5%,337.7%,163.5%,1671%,685.5%,2711%,-2.16%,-5.02%
2017/03/31,2017/02/28,0.58%,-0.01%,-0.30%,0.12%,-0.62%,0.47%,-0.69%,0.44%,0.07%,0.71%,1.71%,0.48%,-1.46%,0.04%,0.13%,-0.11%,106,93,115,106,138,209,267,261,262,314,21.01%,47.13%,864.7%,339.8%,163.8%,1669%,683.6%,2712%,-0.49%,-4.57%
2017/04/30,2017/03/31,0.75%,0.33%,0.88%,-0.69%,-1.16%,2.02%,1.12%,2.13%,0.09%,0.71%,4.04%,4.47%,-0.79%,1.83%,1.11%,0.49%,107,93,116,106,136,213,270,266,263,316,18.71%,45.21%,903.7%,359.4%,166.7%,1678%,678.7%,2763%,0.00%,-0.30%
2017/05/31,2017/04/30,-0.80%,-0.19%,1.02%,-0.39%,-0.81%,0.47%,0.31%,2.78%,0.30%,1.39%,4.72%,4.01%,-0.78%,-1.97%,1.06%,-3.18%,106,93,117,105,135,214,271,274,263,321,18.69%,46.53%,951.0%,377.8%,169.6%,1621%,645.8%,2707%,0.00%,0.00%
2017/06/30,2017/05/31,-0.15%,0.26%,-0.26%,-1.05%,2.91%,0.86%,1.33%,0.07%,-0.48%,3.93%,0.25%,-3.28%,2.16%,3.97%,0.90%,4.95%,106,93,116,104,139,216,275,274,262,333,22.32%,51.03%,953.7%,362.2%,172.0%,1707%,676.0%,2818%,0.00%,-3.28%
2017/07/31,2017/06/30,-1.76%,-0.29%,0.08%,1.22%,-0.24%,0.72%,1.81%,1.78%,3.08%,1.75%,1.81%,2.39%,-0.38%,0.05%,1.93%,-0.67%,104,93,117,105,138,217,280,279,270,339,24.18%,52.60%,972.8%,373.2%,177.2%,1695%,655.8%,2819%,0.00%,-0.97%
2017/08/31,2017/07/31,-0.70%,-0.91%,-0.88%,1.54%,0.39%,-0.26%,-0.68%,-0.31%,1.50%,1.00%,0.97%,1.09%,-0.33%,-2.19%,0.26%,-2.51%,103,92,115,107,139,217,278,278,274,342,25.54%,54.52%,983.2%,378.4%,177.9%,1650%,634.9%,2756%,0.00%,0.00%
2017/09/30,2017/08/31,-0.01%,-0.31%,-0.19%,0.09%,0.37%,3.43%,3.08%,1.66%,1.74%,3.01%,-3.67%,-6.24%,-1.44%,4.42%,2.47%,6.30%,103,92,115,107,140,224,286,282,279,353,26.02%,53.87%,943.4%,348.5%,184.8%,1760%,663.0%,2882%,-3.67%,-6.24%
2017/10/31,2017/09/30,0.54%,-1.74%,0.12%,1.62%,-1.81%,3.99%,1.17%,2.16%,3.74%,0.10%,-0.23%,0.15%,-0.58%,-1.08%,2.24%,-1.12%,104,90,115,109,137,233,290,289,289,353,23.05%,47.89%,940.9%,349.2%,191.2%,1739%,637.4%,2850%,-3.90%,-6.10%
2017/11/30,2017/10/31,0.50%,1.13%,-1.12%,-0.31%,-0.73%,4.28%,4.23%,1.99%,3.12%,2.52%,0.82%,1.12%,1.24%,4.54%,3.22%,4.21%,104,91,114,109,136,243,302,294,298,362,21.53%,45.28%,949.5%,354.2%,200.6%,1816%,644.6%,2984%,-3.11%,-5.04%
2017/12/31,2017/11/30,0.10%,0.60%,-0.57%,-0.35%,-0.14%,1.53%,1.58%,0.78%,0.92%,0.74%,1.77%,1.00%,2.34%,2.86%,1.10%,2.56%,105,92,113,108,136,247,307,297,301,365,21.25%,44.13%,968.0%,358.8%,203.8%,1865%,655.5%,3072%,-1.40%,-4.09%
2018/01/31,2017/12/31,2.30%,-0.70%,-1.32%,-1.04%,-0.75%,9.32%,4.82%,4.59%,4.93%,4.31%,1.14%,0.63%,2.78%,4.13%,5.34%,3.94%,107,91,112,107,135,270,321,310,316,380,17.55%,36.91%,980.3%,361.7%,220.1%,1943%,645.0%,3203%,-0.27%,-3.49%
2018/02/28,2018/01/31,1.71%,-2.47%,-0.47%,1.66%,0.13%,-2.43%,-5.89%,-3.70%,-2.09%,-3.55%,1.52%,1.90%,0.39%,-3.77%,-3.65%,-4.34%,109,89,111,109,135,263,303,299,309,367,15.69%,35.39%,996.7%,370.4%,208.4%,1854%,639.8%,3078%,0.00%,-1.65%
2018/03/31,2018/02/28,0.64%,1.07%,1.16%,-0.74%,-0.48%,-2.59%,-1.54%,-1.41%,-2.78%,-1.36%,2.92%,1.44%,0.31%,2.26%,-1.98%,1.83%,109,90,113,108,134,257,298,295,301,362,14.39%,37.05%,1029%,377.2%,202.3%,1890%,667.9%,3150%,0.00%,-0.24%
2018/04/30,2018/03/31,2.60%,-0.06%,-0.33%,-0.82%,-1.21%,3.15%,0.35%,-0.12%,-0.48%,-0.42%,1.39%,1.66%,-0.36%,0.88%,0.43%,0.38%,112,90,112,107,133,265,299,294,299,360,10.03%,32.17%,1044%,385.1%,203.6%,1897%,667.6%,3179%,0.00%,0.00%
2018/05/31,2018/04/30,-1.69%,0.17%,1.34%,0.85%,-2.76%,1.12%,2.57%,3.16%,3.90%,2.87%,3.56%,3.81%,-0.42%,7.48%,2.78%,6.34%,110,90,114,108,129,268,307,303,311,371,8.84%,34.49%,1085%,403.6%,212.0%,2024%,694.9%,3424%,0.00%,0.00%
2018/06/30,2018/05/31,2.35%,0.88%,0.98%,-1.33%,-1.47%,2.29%,1.27%,1.63%,-0.47%,-0.17%,4.15%,3.17%,0.09%,2.09%,0.75%,1.14%,113,91,115,107,127,274,310,308,310,370,4.68%,31.18%,1134%,419.5%,214.4%,2048%,698.0%,3498%,0.00%,0.00%
2018/07/31,2018/06/30,-0.70%,-0.79%,-0.01%,-0.10%,1.05%,3.76%,2.08%,3.09%,3.49%,4.41%,5.57%,6.33%,0.54%,3.11%,3.27%,1.21%,112,90,115,107,128,284,317,318,320,386,6.52%,32.03%,1203%,452.4%,224.7%,2074%,681.5%,3610%,0.00%,0.00%
2018/08/31,2018/07/31,-0.04%,0.45%,-0.49%,-0.17%,-0.95%,3.02%,3.82%,3.23%,4.22%,3.11%,1.41%,2.64%,-0.21%,3.77%,3.55%,2.98%,112,91,114,106,127,293,329,328,334,398,5.55%,32.15%,1221%,467.0%,236.2%,2139%,677.0%,3749%,0.00%,0.00%
2018/09/30,2018/08/31,0.26%,-0.13%,-0.47%,-0.56%,0.94%,0.64%,-0.34%,0.07%,-0.18%,0.86%,1.63%,1.12%,0.21%,-1.55%,0.10%,-1.89%,112,91,114,106,128,294,328,328,333,402,6.26%,32.44%,1243%,473.4%,236.6%,2096%,661.5%,3690%,0.00%,0.00%
2018/10/31,2018/09/30,-2.04%,0.97%,1.38%,1.59%,1.06%,-10.27%,-6.14%,-6.17%,-6.93%,-8.59%,0.18%,-1.36%,0.12%,-11.94%,-7.27%,-11.53%,110,91,115,107,130,264,308,308,310,367,9.56%,34.66%,1245%,465.6%,212.1%,1843%,629.0%,3237%,0.00%,-1.36%
2018/11/30,2018/10/31,0.71%,1.40%,-0.50%,-2.84%,3.15%,2.83%,3.20%,1.28%,-0.96%,5.07%,4.15%,4.07%,-1.80%,-0.16%,1.99%,-1.38%,111,93,115,104,134,272,318,312,307,386,12.23%,37.69%,1301%,488.7%,218.3%,1816%,604.4%,3232%,0.00%,0.00%
2018/12/31,2018/11/30,0.68%,-1.02%,-0.88%,0.28%,1.39%,-10.24%,-8.95%,-8.93%,-9.50%,-8.86%,3.93%,4.20%,-1.69%,-14.17%,-9.28%,-15.43%,112,92,114,105,136,244,289,284,278,352,13.02%,39.59%,1356%,513.4%,188.8%,1521%,561.1%,2759%,0.00%,0.00%
2019/01/31,2018/12/31,-0.79%,0.06%,1.10%,1.64%,-3.90%,8.81%,7.81%,9.80%,9.61%,7.27%,-6.62%,-8.31%,-1.12%,15.36%,8.72%,17.85%,111,92,115,106,130,265,312,312,305,377,9.51%,37.43%,1260%,462.4%,214.0%,1810%,621.4%,3199%,-6.62%,-8.31%
2019/02/28,2019/01/31,-2.21%,-0.23%,0.47%,0.43%,-0.29%,1.61%,2.66%,4.44%,4.29%,3.83%,-0.10%,-0.60%,-0.87%,5.04%,3.43%,5.22%,108,92,116,107,130,270,320,326,318,392,11.60%,40.47%,1258%,459.0%,224.7%,1909%,634.3%,3365%,-6.71%,-8.86%
2019/03/31,2019/02/28,1.11%,0.36%,-0.18%,-0.42%,-1.28%,0.67%,2.39%,2.15%,1.29%,-0.24%,-2.40%,-4.24%,-1.99%,-3.85%,1.41%,-2.58%,110,92,115,106,128,271,328,333,322,391,8.93%,39.20%,1226%,435.3%,229.3%,1858%,605.1%,3231%,-8.95%,-12.72%
2019/04/30,2019/03/31,0.15%,0.40%,0.89%,0.87%,-4.36%,4.64%,3.97%,4.83%,5.37%,-0.16%,2.25%,2.59%,-2.39%,3.15%,4.02%,2.37%,110,92,116,107,123,284,341,349,339,390,4.03%,32.53%,1256%,449.2%,242.5%,1904%,593.5%,3336%,-6.90%,-10.46%
2019/05/31,2019/04/30,0.28%,2.40%,0.40%,-1.71%,0.69%,-7.17%,-3.62%,-5.56%,-9.06%,-6.66%,-5.23%,-2.67%,-2.07%,-12.38%,-6.47%,-11.58%,110,95,117,106,124,264,328,330,309,364,4.45%,33.21%,1185%,434.6%,220.4%,1672%,558.0%,2911%,-11.77%,-12.85%
2019/06/30,2019/05/31,-0.88%,-0.51%,-1.30%,0.68%,1.00%,7.15%,5.13%,5.52%,8.67%,7.71%,7.16%,5.54%,-1.30%,7.65%,6.83%,5.99%,109,94,115,106,125,283,345,348,335,392,6.42%,33.96%,1277%,464.1%,242.2%,1778%,552.5%,3141%,-5.45%,-8.02%
2019/07/31,2019/06/30,-1.17%,1.05%,0.66%,1.12%,-1.73%,0.68%,1.87%,2.40%,2.37%,-1.02%,1.60%,1.99%,-0.09%,-1.49%,1.45%,-2.09%,108,95,116,107,123,284,352,356,343,388,5.81%,31.68%,1299%,475.4%,247.2%,1739%,529.4%,3093%,-3.93%,-6.19%
2019/08/31,2019/07/31,-0.73%,2.66%,-0.54%,-0.82%,-0.65%,-3.99%,0.77%,-1.83%,-2.83%,-2.59%,-1.84%,0.48%,-0.38%,-6.02%,-2.11%,-6.16%,107,98,116,107,122,273,354,350,333,378,5.90%,33.53%,1273%,478.1%,239.9%,1626%,503.9%,2901%,-5.70%,-5.75%
2019/09/30,2019/08/31,-1.00%,0.08%,0.43%,2.73%,1.00%,1.20%,0.63%,1.24%,4.00%,1.24%,7.23%,6.87%,5.20%,7.64%,1.76%,5.58%,106,98,116,109,123,276,357,354,347,383,8.02%,33.58%,1373%,517.9%,245.8%,1722%,527.0%,3130%,0.00%,0.00%
2019/10/31,2019/09/30,-0.67%,-0.47%,-0.34%,-0.04%,1.88%,1.74%,1.56%,1.88%,2.41%,4.23%,5.29%,5.78%,-0.79%,3.56%,2.20%,1.83%,105,97,116,109,125,281,362,361,355,399,10.77%,36.90%,1450%,553.5%,253.4%,1755%,524.7%,3245%,0.00%,0.00%
2019/11/30,2019/10/31,-1.44%,-0.29%,0.38%,-0.63%,1.16%,2.94%,3.05%,4.42%,3.93%,4.90%,5.12%,2.45%,-1.78%,3.55%,3.75%,2.81%,104,97,116,109,127,289,373,377,369,419,13.66%,39.58%,1530%,569.6%,266.7%,1807%,518.9%,3364%,0.00%,0.00%
2019/12/31,2019/11/30,-0.48%,-0.73%,0.26%,0.72%,0.86%,3.06%,1.36%,2.96%,3.68%,3.48%,-0.39%,-0.86%,2.80%,7.88%,2.79%,8.14%,103,96,116,110,128,298,378,388,383,433,15.19%,40.17%,1523%,563.8%,276.9%,1963%,552.0%,3637%,-0.39%,-0.86%
2020/01/31,2019/12/31,-0.45%,0.36%,0.35%,-0.91%,-1.93%,-1.46%,1.33%,1.34%,0.12%,-2.55%,-5.82%,-10.93%,-0.19%,-7.35%,0.06%,-4.07%,103,97,117,109,126,294,383,393,383,422,13.49%,38.64%,1429%,491.2%,277.2%,1879%,525.0%,3362%,-6.19%,-11.70%
2020/02/29,2020/01/31,0.80%,-1.96%,0.39%,-0.15%,0.28%,-9.42%,-7.88%,-7.14%,-8.78%,-6.58%,0.60%,-3.64%,0.04%,-9.70%,-8.00%,-8.61%,104,95,117,108,126,266,353,365,350,394,12.90%,42.58%,1438%,469.7%,247.0%,1708%,521.2%,3026%,-5.63%,-14.91%
2020/03/31,2020/02/29,-1.00%,-4.51%,-2.50%,-1.20%,3.88%,-15.10%,-14.52%,-12.24%,-14.37%,-11.16%,0.11%,-9.79%,-1.86%,-31.65%,-13.57%,-28.72%,103,90,114,107,131,226,302,320,299,350,18.41%,48.21%,1440%,413.9%,199.9%,1189%,427.2%,2037%,-5.53%,-23.24%
2020/04/30,2020/03/31,2.91%,-1.05%,-0.96%,-0.29%,1.89%,18.44%,10.13%,12.29%,14.09%,13.73%,11.19%,15.22%,16.68%,41.13%,13.44%,36.56%,106,89,113,107,133,268,332,360,341,399,17.20%,41.22%,1612%,492.2%,240.2%,1660%,549.1%,2916%,0.00%,-11.56%
2020/05/31,2020/04/30,-3.42%,1.29%,0.07%,-0.42%,-1.51%,4.68%,5.73%,6.43%,5.46%,4.18%,-4.22%,-9.32%,-3.64%,1.61%,5.40%,4.41%,102,91,113,106,131,280,352,383,360,415,19.44%,40.50%,1540%,437.0%,258.6%,1738%,542.6%,2964%,-4.22%,-19.80%
2020/06/30,2020/05/31,1.60%,-2.10%,0.64%,1.89%,-3.23%,4.86%,0.13%,3.32%,4.09%,-0.52%,-1.63%,-4.78%,3.99%,8.68%,2.43%,10.11%,104,89,114,108,127,294,352,395,375,413,13.67%,32.94%,1513%,411.3%,267.3%,1924%,592.0%,3230%,-5.78%,-23.64%
2020/07/31,2020/06/30,-0.83%,-0.21%,-2.19%,0.79%,-1.82%,4.25%,7.50%,4.76%,7.59%,2.68%,-4.21%,-8.10%,-1.79%,-1.03%,5.73%,1.40%,103,88,112,109,125,306,378,414,403,424,12.54%,30.86%,1445%,369.9%,288.3%,1952%,562.1%,3196%,-9.74%,-29.82%
2020/08/31,2020/07/31,-0.13%,-2.35%,2.70%,-2.48%,-3.22%,7.85%,6.75%,11.15%,4.91%,3.58%,4.50%,2.75%,-0.18%,6.46%,7.38%,5.64%,103,86,115,106,121,330,404,460,423,439,9.05%,25.27%,1515%,382.8%,317.0%,2068%,550.5%,3409%,-5.68%,-27.89%
2020/09/30,2020/08/31,-1.25%,0.88%,-1.83%,0.47%,1.06%,-5.27%,-2.06%,-4.56%,-3.42%,-1.87%,0.28%,-3.01%,2.10%,-4.71%,-3.61%,-3.81%,101,87,112,107,122,313,396,439,409,431,11.57%,29.53%,1519%,368.3%,301.9%,1985%,549.3%,3244%,-5.42%,-30.06%
2020/10/31,2020/09/30,-0.41%,0.25%,0.36%,3.29%,-2.66%,-4.26%,-1.44%,-2.61%,1.16%,-3.83%,0.36%,3.13%,-3.41%,3.36%,-2.11%,2.42%,101,87,113,110,119,300,390,428,413,415,9.07%,30.09%,1525%,383.0%,293.4%,2036%,578.8%,3356%,-5.08%,-27.87%
2020/11/30,2020/10/31,1.17%,1.22%,-1.83%,1.04%,0.07%,15.59%,12.09%,10.03%,13.50%,12.15%,0.64%,2.15%,4.05%,30.18%,12.26%,29.54%,102,88,111,112,119,346,437,471,469,465,7.87%,25.62%,1535%,393.3%,341.6%,2667%,696.0%,4399%,-4.47%,-26.32%
2020/12/31,2020/11/30,0.84%,-3.20%,0.10%,-0.38%,0.21%,6.85%,2.32%,4.97%,4.61%,4.99%,-0.63%,-1.48%,-0.52%,10.89%,4.57%,11.33%,103,86,111,111,119,370,447,494,491,488,7.19%,23.29%,1525%,386.0%,361.8%,2980%,749.8%,4889%,-5.07%,-27.41%
2021/01/31,2020/12/31,1.56%,-3.75%,-2.59%,-0.19%,3.05%,0.04%,-2.21%,-0.56%,0.15%,3.04%,-11.32%,-16.96%,1.48%,6.39%,-0.12%,11.48%,105,82,108,111,123,370,437,492,492,503,8.79%,26.98%,1341%,303.6%,361.3%,3334%,848.4%,5208%,-15.82%,-39.72%
