Date,fdate,GProf_AR_1,GProf_AR_2,GProf_AR_3,GProf_AR_4,GProf_AR_5,GProf_TR_1,GProf_TR_2,GProf_TR_3,GProf_TR_4,GProf_TR_5,GProf_AR_Sig,GProf_TR_Sig,GProf_AR_130,GProf_TR_130,GProf_TR_BP,GProf_TR_LO,GProf_CAR_1,GProf_CAR_2,GProf_CAR_3,GProf_CAR_4,GProf_CAR_5,GProf_CTR_1,GProf_CTR_2,GProf_CTR_3,GProf_CTR_4,GProf_CTR_5,GProf_CAR_LS,GProf_CTR_LS,GProf_CAR_SW,GProf_CTR_SW,GProf_CTR_BP,GProf_CTR_LO,GProf_CXR_LO,GProf_CTR_13,GProf_CADD,GProf_CTDD
2001/02/28,2001/01/31,3.28%,0.65%,6.07%,2.81%,-2.44%,-13.37%,-8.36%,-7.10%,-10.69%,-8.99%,-2.49%,6.21%,10.47%,-4.94%,-9.48%,-6.80%,103,101,106,103,98,87,92,93,89,91,-5.71%,4.38%,-2.49%,6.21%,-9.48%,-6.80%,2.68%,-4.94%,-2.49%,0.00%
2001/03/31,2001/02/28,-2.61%,0.60%,4.01%,2.60%,-4.94%,-12.03%,-5.28%,-3.15%,-6.21%,-8.80%,0.27%,3.41%,3.05%,-6.46%,-6.73%,-7.48%,101,101,110,105,93,76,87,90,84,83,-7.91%,7.76%,-2.22%,9.84%,-15.57%,-13.77%,1.90%,-11.08%,-2.22%,0.00%
2001/04/30,2001/03/31,-0.83%,-0.32%,-3.14%,1.01%,0.70%,9.78%,7.58%,5.44%,10.46%,6.58%,3.77%,0.84%,-1.35%,10.13%,8.26%,9.88%,100,101,107,107,93,84,93,95,93,88,-6.50%,4.30%,1.46%,10.77%,-8.60%,-5.25%,3.56%,-2.06%,0.00%,0.00%
2001/05/31,2001/04/30,-3.81%,0.08%,-0.21%,0.57%,-0.29%,-2.09%,2.24%,2.97%,0.51%,0.78%,-1.65%,-0.06%,4.15%,7.62%,1.01%,7.64%,96,101,107,107,93,82,95,98,93,89,-3.21%,7.29%,-0.21%,10.70%,-7.68%,1.99%,10.43%,5.40%,-1.65%,-0.06%
2001/06/30,2001/05/31,-1.40%,1.79%,2.47%,1.28%,-0.33%,-2.72%,-1.68%,-0.93%,-0.82%,-2.32%,4.71%,4.33%,-0.47%,4.67%,-1.54%,3.37%,95,103,109,109,93,80,94,97,92,87,-2.17%,7.71%,4.49%,15.50%,-9.10%,5.42%,15.85%,10.32%,0.00%,0.00%
2001/07/31,2001/06/30,-1.02%,-1.32%,1.33%,-1.12%,0.84%,-3.87%,-2.04%,0.49%,-2.99%,0.13%,2.60%,5.04%,6.64%,-0.41%,-1.79%,-1.92%,94,101,111,107,94,77,92,97,89,87,-0.35%,12.03%,7.21%,21.32%,-10.73%,3.39%,15.70%,9.87%,0.00%,0.00%
2001/08/31,2001/07/31,-0.56%,0.48%,1.46%,1.64%,-0.88%,-7.68%,-7.11%,-5.39%,-5.07%,-5.66%,2.72%,3.28%,2.68%,-2.60%,-5.97%,-3.59%,93,102,112,109,93,71,85,92,85,82,-0.66%,14.28%,10.13%,25.30%,-16.06%,-0.31%,18.46%,7.01%,0.00%,0.00%
2001/09/30,2001/08/31,-3.17%,-1.57%,1.84%,0.71%,-2.11%,-15.00%,-9.92%,-8.53%,-8.86%,-5.44%,2.35%,2.65%,6.25%,-12.65%,-8.92%,-13.44%,90,100,114,110,91,60,77,84,77,78,0.38%,25.22%,12.72%,28.63%,-23.54%,-13.72%,13.09%,-6.52%,0.00%,0.00%
2001/10/31,2001/09/30,1.37%,1.45%,3.17%,0.98%,4.09%,4.31%,1.38%,2.90%,2.78%,3.12%,5.37%,1.10%,1.08%,13.13%,2.68%,12.80%,91,102,118,111,95,63,78,87,80,80,3.11%,23.73%,18.77%,30.04%,-21.50%,-2.67%,24.54%,5.75%,0.00%,0.00%
2001/11/30,2001/10/31,-1.56%,-0.92%,-2.91%,-0.86%,3.00%,8.05%,8.39%,7.37%,7.71%,7.14%,0.29%,1.79%,0.61%,10.97%,7.75%,10.43%,90,101,115,110,97,68,85,93,86,86,7.82%,22.61%,19.12%,32.38%,-15.41%,7.48%,27.88%,17.35%,0.00%,0.00%
2001/12/31,2001/11/30,-0.20%,1.12%,0.37%,0.51%,-0.22%,2.91%,1.93%,1.85%,2.23%,0.21%,0.21%,-0.14%,1.24%,7.58%,1.71%,7.63%,90,102,115,111,97,70,86,95,88,86,7.79%,19.30%,19.37%,32.19%,-13.96%,15.68%,35.45%,26.25%,0.00%,-0.14%
2002/01/31,2001/12/31,-1.93%,-0.42%,-0.94%,0.85%,0.46%,-2.90%,-1.69%,-1.44%,-1.04%,-0.32%,2.33%,4.17%,6.14%,6.07%,-1.25%,4.82%,88,102,114,111,98,68,85,93,87,86,10.38%,22.38%,22.16%,37.70%,-15.04%,21.25%,43.67%,33.91%,0.00%,0.00%
2002/02/28,2002/01/31,-0.74%,0.45%,0.43%,0.29%,-0.05%,-3.89%,-1.80%,-1.22%,-2.93%,-0.97%,3.03%,3.14%,2.12%,-3.02%,-2.10%,-3.96%,87,102,114,112,98,65,83,92,84,85,11.14%,25.95%,25.86%,42.02%,-16.83%,16.45%,40.99%,29.87%,0.00%,0.00%
2002/03/31,2002/02/28,-0.23%,0.45%,2.67%,0.81%,-0.86%,5.35%,4.25%,6.53%,5.18%,0.82%,2.29%,2.73%,1.13%,10.33%,4.42%,9.51%,87,102,117,113,97,69,87,98,89,86,10.45%,20.24%,28.74%,45.90%,-13.15%,27.52%,48.17%,43.28%,0.00%,0.00%
2002/04/30,2002/03/31,-0.01%,0.74%,1.05%,0.43%,-2.08%,-4.58%,-5.70%,-4.04%,-4.86%,-5.58%,4.03%,5.87%,3.52%,2.72%,-5.00%,0.96%,87,103,119,113,95,65,82,94,84,81,8.16%,19.05%,33.92%,54.46%,-17.49%,28.75%,57.00%,47.18%,0.00%,0.00%
2002/05/31,2002/04/30,0.30%,-0.33%,-0.70%,0.47%,-2.47%,-1.46%,-1.01%,-0.84%,-0.78%,-2.39%,3.68%,3.62%,4.98%,-0.40%,-1.20%,-1.48%,87,103,118,114,92,64,81,93,84,79,5.16%,17.95%,38.86%,60.05%,-18.48%,26.84%,56.56%,46.60%,0.00%,0.00%
2002/06/30,2002/05/31,-2.78%,1.86%,1.38%,1.05%,-3.17%,-10.76%,-6.18%,-6.17%,-6.54%,-7.77%,4.00%,3.65%,-1.30%,-5.85%,-6.92%,-6.94%,85,105,120,115,89,58,76,88,78,73,4.75%,21.47%,44.41%,65.90%,-24.12%,18.03%,56.53%,38.03%,0.00%,0.00%
2002/07/31,2002/06/30,-0.93%,-2.40%,-0.11%,0.83%,0.80%,-11.72%,-10.13%,-8.56%,-7.06%,-4.12%,1.24%,-0.49%,1.76%,-13.17%,-7.99%,-13.03%,84,102,119,116,90,51,68,80,73,70,6.57%,30.72%,46.20%,65.08%,-30.19%,2.66%,48.65%,19.85%,0.00%,-0.49%
2002/08/31,2002/07/31,-2.28%,0.86%,-1.24%,-1.82%,-0.07%,-0.71%,2.43%,0.71%,-0.64%,1.13%,2.95%,3.94%,5.02%,3.37%,0.64%,2.18%,82,103,118,114,90,50,70,81,72,71,8.92%,33.12%,50.51%,71.59%,-29.74%,4.90%,50.95%,23.88%,0.00%,0.00%
2002/09/30,2002/08/31,0.31%,1.40%,-1.84%,-2.12%,-0.67%,-10.20%,-9.38%,-10.87%,-11.60%,-7.76%,2.92%,2.32%,3.95%,-7.57%,-10.13%,-8.26%,83,105,116,111,89,45,63,72,64,65,7.85%,36.37%,54.91%,75.57%,-36.86%,-3.77%,53.76%,14.51%,0.00%,0.00%
2002/10/31,2002/09/30,-2.26%,0.90%,1.74%,1.31%,3.48%,3.88%,8.34%,7.73%,7.79%,9.01%,3.05%,2.74%,0.77%,8.07%,7.77%,7.24%,81,106,118,113,93,47,69,78,69,71,14.04%,43.37%,59.64%,80.38%,-31.95%,3.20%,52.96%,23.74%,0.00%,0.00%
2002/11/30,2002/10/31,-1.28%,0.05%,-0.93%,-0.77%,1.79%,6.78%,7.25%,5.87%,5.15%,5.77%,-4.67%,-3.16%,-3.39%,12.92%,6.03%,13.86%,80,106,117,112,94,50,74,82,72,75,17.55%,41.92%,52.19%,74.69%,-27.85%,17.51%,64.94%,39.72%,-4.67%,-3.16%
2002/12/31,2002/11/30,0.28%,-1.03%,1.41%,0.98%,-1.79%,-6.11%,-7.36%,-4.25%,-4.78%,-5.71%,3.00%,2.69%,4.24%,-4.38%,-5.58%,-5.18%,80,105,118,113,93,47,68,79,69,71,15.12%,42.48%,56.75%,79.38%,-31.88%,11.42%,65.60%,33.61%,-1.81%,-0.55%
2003/01/31,2002/12/31,1.04%,-1.93%,0.69%,0.13%,0.73%,-1.86%,-4.97%,-1.83%,-2.53%,-1.09%,-0.26%,-0.40%,2.30%,0.93%,-2.56%,1.05%,81,103,119,113,93,46,65,77,67,70,14.76%,43.57%,56.35%,78.66%,-33.63%,12.59%,71.58%,34.85%,-2.06%,-0.96%
2003/02/28,2003/01/31,-1.69%,-0.57%,0.90%,1.04%,-0.04%,-4.32%,-2.92%,-1.22%,-0.92%,-1.21%,2.72%,3.03%,1.45%,-0.85%,-1.81%,-1.76%,79,102,120,114,93,44,63,76,66,69,16.65%,48.05%,60.60%,84.07%,-34.83%,10.61%,71.67%,33.70%,0.00%,0.00%
2003/03/31,2003/02/28,0.14%,0.86%,0.97%,0.95%,1.54%,0.13%,1.36%,0.98%,1.00%,2.18%,3.36%,3.60%,2.91%,5.41%,1.22%,4.33%,79,103,121,115,95,44,64,77,67,71,18.28%,51.08%,65.99%,90.70%,-34.03%,15.40%,77.01%,40.94%,0.00%,0.00%
2003/04/30,2003/03/31,-1.34%,0.22%,0.58%,-0.29%,-0.06%,9.20%,9.71%,10.22%,7.19%,5.86%,-0.25%,-0.59%,-0.12%,11.67%,8.22%,11.85%,78,103,122,115,95,48,70,85,72,75,19.79%,46.03%,65.57%,89.57%,-28.61%,29.08%,83.43%,57.39%,-0.25%,-0.59%
2003/05/31,2003/04/30,-2.04%,-3.24%,-0.54%,1.49%,2.36%,7.23%,4.53%,7.30%,6.81%,5.92%,-7.26%,-8.76%,-1.50%,12.02%,6.23%,14.65%,77,100,121,117,97,52,73,91,77,79,25.07%,44.12%,53.55%,72.95%,-24.16%,47.99%,98.88%,76.31%,-7.50%,-9.31%
2003/06/30,2003/05/31,-0.88%,-0.17%,-0.98%,-0.73%,2.84%,1.22%,1.62%,0.34%,1.03%,3.85%,2.60%,2.94%,5.34%,9.89%,1.49%,9.01%,76,100,120,116,100,53,74,91,78,82,29.72%,47.92%,57.54%,78.04%,-23.03%,61.31%,113.8%,93.74%,-5.09%,-6.64%
2003/07/31,2003/06/30,1.80%,0.97%,1.61%,-0.11%,-0.14%,4.58%,2.98%,4.14%,1.90%,0.11%,1.92%,2.38%,2.45%,10.17%,2.46%,9.45%,78,100,122,116,99,55,77,95,79,82,27.20%,41.31%,60.57%,82.28%,-21.14%,76.56%,128.8%,113.4%,-3.27%,-4.41%
2003/08/31,2003/07/31,0.58%,0.22%,-1.33%,0.59%,-1.64%,4.35%,2.90%,1.54%,3.23%,-0.29%,0.15%,0.50%,0.42%,5.87%,2.35%,5.72%,78,101,121,117,98,57,79,97,82,82,24.38%,34.75%,60.80%,83.19%,-19.28%,86.67%,136.5%,126.0%,-3.13%,-3.94%
2003/09/30,2003/08/31,-3.29%,-0.36%,1.74%,-0.29%,0.80%,-4.20%,-1.41%,0.71%,-1.20%,-0.21%,-2.77%,-3.27%,1.96%,1.89%,-1.08%,2.87%,75,100,123,116,99,55,78,97,81,82,29.46%,40.13%,56.35%,77.21%,-20.15%,92.02%,145.8%,130.2%,-5.81%,-7.07%
2003/10/31,2003/09/30,0.16%,1.23%,-1.16%,1.28%,-0.50%,6.71%,6.55%,5.68%,7.00%,3.63%,2.95%,3.63%,3.98%,11.24%,6.06%,10.15%,76,102,121,118,98,59,83,103,86,85,28.61%,35.81%,60.97%,83.64%,-15.32%,111.5%,155.9%,156.1%,-3.03%,-3.70%
2003/11/30,2003/10/31,-0.28%,-0.86%,0.44%,-0.59%,1.46%,2.11%,0.42%,1.72%,1.55%,2.17%,2.35%,2.83%,2.95%,5.99%,1.47%,5.14%,75,101,122,117,100,60,83,105,88,87,30.83%,35.89%,64.75%,88.84%,-14.07%,122.4%,165.3%,171.5%,-0.75%,-0.97%
2003/12/31,2003/11/30,-1.02%,-1.52%,-0.47%,0.93%,-0.70%,5.02%,4.21%,4.04%,4.96%,3.63%,-0.50%,-1.97%,-2.26%,1.46%,4.39%,2.05%,75,99,121,118,99,63,87,109,92,90,31.25%,34.01%,63.92%,85.13%,-10.30%,127.0%,159.1%,175.4%,-1.25%,-2.92%
2004/01/31,2003/12/31,-1.07%,0.66%,-0.80%,-0.14%,0.26%,2.06%,2.64%,2.40%,2.29%,1.70%,-3.41%,-3.63%,3.55%,7.41%,2.25%,8.50%,74,100,120,118,99,64,89,111,94,92,33.00%,33.52%,58.33%,78.40%,-8.28%,146.3%,175.3%,195.9%,-4.62%,-6.45%
2004/02/29,2004/01/31,-1.14%,0.28%,-0.91%,1.20%,-0.36%,0.70%,1.95%,0.77%,2.29%,1.08%,1.66%,1.06%,0.92%,1.31%,1.48%,1.00%,73,100,119,119,99,65,91,112,96,93,34.04%,34.03%,60.95%,80.29%,-6.92%,148.7%,174.0%,199.7%,-3.04%,-5.46%
2004/03/31,2004/02/29,0.44%,-0.10%,1.26%,0.11%,-1.82%,-0.52%,-1.33%,0.34%,-0.76%,-2.95%,0.80%,0.04%,0.13%,0.40%,-1.09%,0.39%,73,100,121,119,97,64,89,113,96,90,31.02%,30.77%,62.24%,80.36%,-7.94%,149.7%,178.0%,200.9%,-2.26%,-5.42%
2004/04/30,2004/03/31,-0.56%,-1.54%,-1.15%,-0.45%,1.43%,-2.17%,-3.14%,-4.04%,-1.88%,1.10%,2.44%,1.08%,1.66%,-1.92%,-2.03%,-2.25%,73,98,119,119,98,63,87,108,94,91,33.63%,35.04%,66.20%,82.30%,-9.81%,144.1%,177.4%,195.1%,0.00%,-4.40%
2004/05/31,2004/04/30,0.26%,0.10%,0.32%,0.84%,-0.38%,1.03%,1.58%,1.66%,1.68%,0.50%,0.30%,1.10%,-1.12%,0.07%,1.34%,-0.26%,73,99,120,120,98,64,88,110,95,91,32.77%,34.32%,66.70%,84.32%,-8.61%,143.4%,173.0%,195.3%,0.00%,-3.35%
2004/06/30,2004/05/31,-0.57%,-0.28%,-0.03%,0.98%,-0.31%,1.79%,2.04%,2.63%,2.73%,0.58%,0.88%,1.68%,-1.44%,3.00%,1.96%,2.50%,73,98,120,121,98,65,90,113,98,92,33.12%,32.70%,68.17%,87.41%,-6.81%,149.5%,174.4%,204.2%,0.00%,-1.73%
2004/07/31,2004/06/30,-3.47%,2.78%,2.18%,0.00%,-3.36%,-6.72%,-3.16%,-1.18%,-3.04%,-6.08%,2.01%,1.46%,-1.52%,-7.46%,-3.87%,-7.90%,70,101,122,121,94,60,87,111,95,86,33.27%,33.56%,71.56%,90.14%,-10.42%,129.8%,163.4%,181.5%,0.00%,-0.29%
2004/08/31,2004/07/31,-1.76%,0.40%,2.01%,0.06%,-0.11%,-1.37%,0.42%,2.20%,0.23%,-0.07%,0.20%,-0.39%,-1.32%,-2.70%,0.29%,-2.58%,69,101,125,121,94,59,87,114,95,86,35.47%,35.30%,71.91%,89.40%,-10.15%,123.8%,155.8%,173.9%,0.00%,-0.68%
2004/09/30,2004/08/31,1.17%,-0.20%,-0.79%,1.60%,-2.22%,3.06%,1.65%,1.51%,2.99%,-0.95%,-0.34%,0.97%,0.31%,5.00%,1.66%,4.71%,70,101,124,123,92,61,89,116,98,85,30.88%,29.87%,71.32%,91.23%,-8.67%,134.4%,163.6%,187.6%,-0.34%,0.00%
2004/10/31,2004/09/30,1.71%,-0.88%,1.26%,0.08%,-0.80%,3.56%,0.89%,2.44%,1.45%,0.60%,1.20%,0.71%,0.21%,1.94%,1.55%,1.73%,71,100,125,123,91,63,90,118,99,86,27.59%,26.03%,73.38%,92.58%,-7.25%,138.4%,164.1%,193.2%,0.00%,0.00%
2004/11/30,2004/10/31,0.57%,0.11%,-1.05%,-0.12%,0.23%,6.50%,5.13%,3.93%,4.40%,3.62%,-1.67%,-0.59%,-0.42%,9.04%,4.65%,9.22%,71,100,124,123,92,68,94,123,104,89,27.15%,22.39%,70.49%,91.45%,-2.94%,160.4%,176.1%,219.7%,-1.67%,-0.59%
2004/12/31,2004/11/30,-0.74%,-0.36%,-0.46%,-0.61%,2.43%,3.39%,3.78%,2.81%,2.62%,5.65%,-0.67%,-1.26%,2.47%,6.80%,3.62%,7.17%,71,100,123,122,94,70,98,127,107,94,31.17%,25.15%,69.35%,89.03%,0.58%,179.1%,185.9%,241.4%,-2.33%,-1.84%
2005/01/31,2004/12/31,-0.05%,-0.14%,-0.24%,0.03%,0.49%,-3.30%,-3.46%,-2.27%,-2.10%,-2.35%,1.43%,2.03%,2.19%,-2.21%,-2.69%,-2.82%,71,100,123,122,94,68,94,124,104,92,31.88%,26.34%,71.77%,92.87%,-2.13%,171.2%,185.5%,233.8%,-0.93%,0.00%
2005/02/28,2005/01/31,-1.22%,-0.53%,-1.08%,1.96%,1.26%,0.84%,1.32%,1.18%,3.96%,2.50%,0.85%,1.22%,-0.22%,1.21%,2.06%,0.85%,70,99,122,125,96,68,96,125,108,94,35.16%,28.44%,73.23%,95.23%,-0.11%,173.5%,182.1%,237.9%,-0.09%,0.00%
2005/03/31,2005/02/28,1.83%,-0.70%,-1.59%,-0.46%,1.60%,-0.40%,-2.82%,-2.26%,-1.72%,-0.68%,2.92%,3.44%,1.34%,-1.30%,-1.73%,-2.33%,71,99,120,124,97,68,93,122,107,93,34.85%,28.07%,78.29%,101.9%,-1.84%,167.1%,180.4%,233.5%,0.00%,0.00%
2005/04/30,2005/03/31,-1.22%,-0.43%,1.92%,-0.35%,1.77%,-4.73%,-3.31%,-0.15%,-2.75%,-0.27%,0.85%,0.71%,0.78%,-5.82%,-2.23%,-6.03%,70,98,122,124,99,65,90,122,104,93,38.89%,33.79%,79.81%,103.4%,-4.03%,151.0%,169.7%,214.1%,0.00%,0.00%
2005/05/31,2005/04/30,-0.70%,-0.13%,-0.57%,0.44%,0.69%,4.08%,4.35%,2.79%,4.08%,4.10%,1.16%,1.07%,-0.94%,5.97%,3.88%,5.65%,70,98,121,124,99,67,94,126,108,97,40.82%,33.82%,81.89%,105.6%,-0.31%,165.2%,174.5%,232.9%,0.00%,0.00%
2005/06/30,2005/05/31,-0.75%,0.08%,-0.81%,0.07%,0.47%,1.24%,0.95%,0.93%,1.43%,-0.27%,-0.27%,-0.45%,-0.44%,3.03%,0.85%,3.17%,69,98,120,124,100,68,95,127,109,97,42.54%,31.79%,81.41%,104.6%,0.54%,173.6%,180.9%,243.0%,-0.27%,-0.45%
2005/07/31,2005/06/30,-0.51%,-0.25%,0.72%,0.21%,0.08%,4.40%,4.34%,4.20%,4.08%,4.07%,-1.23%,-1.90%,-1.67%,5.50%,4.20%,6.07%,69,98,121,125,100,71,99,132,114,101,43.38%,31.36%,79.17%,100.7%,4.76%,190.2%,186.1%,261.8%,-1.50%,-2.34%
2005/08/31,2005/07/31,-0.24%,-0.59%,0.49%,0.19%,0.38%,-1.35%,-1.75%,-0.40%,-0.55%,-1.05%,0.45%,0.33%,1.29%,-0.99%,-1.01%,-1.09%,69,97,122,125,100,70,97,132,113,100,44.26%,31.76%,79.97%,101.4%,3.70%,187.1%,185.9%,258.2%,-1.05%,-2.02%
2005/09/30,2005/08/31,-0.10%,1.17%,-0.13%,0.13%,0.14%,0.03%,1.70%,0.52%,0.87%,0.18%,0.24%,0.23%,1.80%,1.00%,0.77%,0.93%,69,99,122,125,101,70,99,132,114,100,44.59%,31.96%,80.41%,101.9%,4.50%,189.8%,186.4%,261.8%,-0.81%,-1.80%
2005/10/31,2005/09/30,-0.63%,1.74%,0.45%,-1.83%,0.13%,-2.53%,-0.24%,-1.24%,-3.24%,-1.57%,2.17%,1.99%,0.60%,-2.08%,-1.76%,-2.67%,68,100,122,123,101,68,98,131,111,98,45.70%,33.22%,84.33%,105.9%,2.66%,182.0%,183.8%,254.3%,0.00%,0.00%
2005/11/30,2005/10/31,-0.98%,0.82%,-0.13%,0.96%,-0.46%,3.04%,4.84%,3.03%,4.52%,3.38%,1.81%,2.44%,-0.00%,5.34%,3.93%,4.60%,68,101,122,124,100,71,103,135,116,102,46.46%,33.68%,87.67%,110.9%,6.69%,195.0%,185.7%,273.2%,0.00%,0.00%
2005/12/31,2005/11/30,1.01%,-0.81%,0.34%,-0.92%,1.48%,0.86%,-0.79%,0.36%,-0.78%,1.26%,1.40%,1.17%,2.56%,2.03%,0.04%,1.68%,68,100,122,123,102,71,102,135,115,103,47.15%,34.21%,90.29%,113.4%,6.73%,199.9%,190.4%,280.8%,0.00%,0.00%
2006/01/31,2005/12/31,-1.90%,-0.91%,0.17%,2.04%,-1.41%,2.24%,3.55%,3.20%,5.77%,1.72%,-2.53%,-3.27%,-2.49%,6.57%,3.44%,7.55%,67,99,123,125,100,73,106,139,121,105,47.87%,33.51%,85.48%,106.4%,10.40%,222.6%,202.3%,305.8%,-2.53%,-3.27%
2006/02/28,2006/01/31,0.79%,0.96%,-0.04%,-1.18%,-0.37%,0.94%,0.91%,0.19%,-1.26%,-0.02%,-0.21%,-0.26%,0.48%,0.61%,0.09%,0.69%,67,100,123,124,100,73,107,140,120,105,46.14%,32.24%,85.10%,105.8%,10.50%,224.8%,204.1%,308.3%,-2.73%,-3.53%
2006/03/31,2006/02/28,0.74%,0.04%,-0.41%,-0.56%,-0.69%,2.85%,2.42%,1.24%,1.81%,1.17%,0.84%,0.79%,-0.83%,5.02%,1.90%,4.79%,68,100,122,123,99,75,109,141,122,106,44.05%,30.02%,86.65%,107.5%,12.59%,240.3%,212.9%,328.8%,-1.92%,-2.77%
2006/04/30,2006/03/31,-0.94%,0.14%,1.74%,-0.72%,-0.40%,0.22%,0.97%,3.48%,0.62%,-0.16%,2.72%,2.13%,2.48%,1.88%,0.99%,1.24%,67,100,124,122,99,76,111,146,123,106,44.83%,29.51%,91.72%,111.9%,13.71%,244.6%,213.7%,336.9%,0.00%,-0.69%
2006/05/31,2006/04/30,1.48%,0.21%,-1.44%,-0.48%,-0.32%,-1.21%,-3.96%,-2.40%,-3.80%,-3.67%,1.55%,1.06%,0.43%,-5.08%,-3.11%,-5.40%,68,101,122,122,98,75,106,143,118,102,42.22%,26.33%,94.70%,114.1%,10.17%,226.0%,206.5%,314.7%,0.00%,0.00%
2006/06/30,2006/05/31,-0.33%,-0.05%,-0.46%,0.20%,1.06%,-0.38%,0.04%,-0.13%,0.44%,0.81%,2.37%,2.61%,0.69%,0.74%,0.19%,-0.05%,68,101,122,122,100,74,106,143,118,103,44.20%,27.83%,99.31%,119.7%,10.39%,225.8%,205.8%,317.7%,0.00%,0.00%
2006/07/31,2006/06/30,-2.15%,-1.01%,0.01%,1.67%,1.58%,-2.30%,-1.44%,0.84%,0.77%,0.42%,2.42%,2.15%,1.48%,-2.64%,-0.28%,-3.29%,67,100,122,124,101,73,105,144,119,103,49.58%,31.31%,104.1%,124.5%,10.08%,215.1%,196.6%,306.7%,0.00%,0.00%
2006/08/31,2006/07/31,0.42%,-0.19%,-0.36%,0.11%,0.63%,3.21%,2.18%,1.49%,2.17%,3.56%,-1.57%,-1.61%,-2.35%,1.32%,2.48%,1.81%,67,99,121,124,102,75,107,146,122,107,49.89%,31.77%,100.9%,120.8%,12.81%,220.8%,194.6%,312.1%,-1.57%,-1.61%
2006/09/30,2006/08/31,1.24%,0.48%,-0.40%,-0.58%,-0.39%,3.09%,2.90%,1.97%,1.48%,1.95%,2.90%,3.21%,2.17%,3.56%,2.24%,2.60%,68,100,121,123,101,77,110,149,124,109,47.44%,30.28%,106.8%,127.9%,15.33%,229.1%,195.7%,326.8%,0.00%,0.00%
2006/10/31,2006/09/30,-0.94%,0.28%,0.09%,0.92%,-0.85%,2.81%,4.31%,3.53%,4.69%,2.59%,-0.59%,-1.70%,-0.64%,4.45%,3.69%,4.96%,67,100,121,125,100,80,115,154,130,112,47.57%,30.00%,105.5%,124.1%,19.59%,245.5%,199.4%,345.8%,-0.59%,-1.70%
2006/11/30,2006/10/31,-0.58%,-0.09%,-0.18%,1.28%,-1.08%,1.61%,2.32%,1.94%,3.48%,0.90%,0.73%,0.82%,-0.28%,3.02%,2.16%,2.78%,67,100,121,126,99,81,117,157,134,113,46.84%,29.08%,107.0%,125.9%,22.17%,255.1%,201.3%,359.2%,0.00%,-0.89%
2006/12/31,2006/11/30,1.29%,-0.43%,0.50%,-0.55%,-1.20%,2.20%,1.33%,2.58%,0.24%,0.08%,0.51%,0.60%,0.52%,1.68%,1.18%,1.50%,68,100,121,125,98,83,119,161,134,113,43.19%,26.35%,108.1%,127.2%,23.61%,260.4%,202.2%,366.9%,0.00%,-0.30%
2007/01/31,2006/12/31,0.46%,1.38%,-1.23%,-0.06%,0.13%,2.16%,3.26%,0.44%,1.72%,2.16%,1.58%,1.37%,2.18%,4.06%,2.01%,3.65%,68,101,120,125,98,84,123,162,137,115,42.72%,26.35%,111.4%,130.4%,26.09%,273.5%,207.2%,385.9%,0.00%,0.00%
2007/02/28,2007/01/31,0.50%,-0.20%,0.24%,-0.55%,-0.42%,-0.39%,-1.92%,-1.54%,-1.38%,-2.46%,-0.62%,-1.08%,0.18%,-0.59%,-1.63%,-0.27%,68,101,120,125,98,84,121,159,135,112,41.39%,23.73%,110.1%,127.9%,24.04%,272.5%,211.4%,383.0%,-0.62%,-1.08%
2007/03/31,2007/02/28,0.14%,-0.73%,-0.10%,0.19%,0.00%,1.04%,0.53%,0.87%,1.34%,1.39%,1.66%,1.37%,0.23%,1.44%,1.00%,1.03%,68,100,120,125,98,85,121,161,137,114,41.20%,24.15%,113.5%,131.0%,25.28%,276.4%,211.5%,390.0%,0.00%,0.00%
2007/04/30,2007/03/31,-0.14%,-1.33%,-1.36%,2.37%,0.84%,2.96%,3.26%,2.60%,4.62%,5.37%,1.09%,0.72%,2.25%,4.16%,3.86%,3.95%,68,99,118,128,99,87,125,165,143,120,42.57%,27.15%,115.9%,132.7%,30.12%,291.2%,211.7%,410.4%,0.00%,0.00%
2007/05/31,2007/04/30,0.63%,-0.64%,-0.06%,0.36%,-0.52%,3.89%,3.28%,3.36%,3.79%,3.46%,1.67%,1.69%,-1.05%,3.13%,3.54%,2.62%,69,98,118,128,98,91,129,170,148,124,40.93%,26.61%,119.5%,136.6%,34.73%,301.5%,208.9%,426.4%,0.00%,0.00%
2007/06/30,2007/05/31,0.38%,-0.74%,-0.64%,0.55%,-0.24%,-0.78%,-2.57%,-2.53%,-0.38%,-2.16%,1.14%,1.05%,0.59%,-0.59%,-1.77%,-0.91%,69,97,118,129,98,90,126,166,148,121,40.06%,24.86%,122.0%,139.1%,32.35%,297.8%,211.5%,423.2%,0.00%,0.00%
2007/07/31,2007/06/30,0.31%,-0.39%,0.25%,0.95%,0.10%,-2.98%,-5.12%,-4.34%,-1.98%,-2.69%,1.77%,1.46%,2.50%,-3.82%,-3.46%,-4.26%,69,97,118,130,98,87,119,159,145,118,39.76%,25.22%,125.9%,142.6%,27.77%,280.9%,209.0%,403.2%,0.00%,0.00%
2007/08/31,2007/07/31,-0.52%,0.08%,0.97%,0.51%,-0.05%,0.91%,1.19%,1.66%,2.26%,1.36%,0.24%,-0.08%,-2.80%,-1.82%,1.50%,-1.80%,69,97,119,131,98,88,121,161,148,120,40.42%,25.78%,126.4%,142.4%,29.69%,274.1%,198.8%,394.1%,0.00%,-0.08%
2007/09/30,2007/08/31,-0.26%,0.92%,-0.49%,-0.14%,-1.10%,2.44%,3.76%,3.41%,3.94%,3.91%,0.89%,0.21%,-0.31%,1.35%,3.55%,1.28%,69,98,119,131,97,90,125,167,154,124,39.23%,27.63%,128.5%,142.9%,34.30%,278.9%,192.1%,400.7%,0.00%,0.00%
2007/10/31,2007/09/30,-0.43%,-0.61%,0.13%,-0.77%,0.43%,1.53%,0.85%,1.67%,2.96%,2.97%,2.24%,1.56%,0.60%,2.79%,2.05%,2.32%,68,97,119,130,97,92,127,170,159,128,40.42%,29.47%,133.6%,146.7%,37.05%,287.7%,192.9%,414.7%,0.00%,0.00%
2007/11/30,2007/10/31,-0.52%,0.78%,-2.13%,-0.28%,1.98%,-4.69%,-4.77%,-6.42%,-4.74%,-2.42%,3.45%,3.98%,0.59%,-6.18%,-4.49%,-7.37%,68,98,116,129,99,88,120,159,151,125,43.93%,32.41%,141.6%,156.5%,30.89%,259.1%,184.4%,382.9%,0.00%,0.00%
2007/12/31,2007/11/30,-0.88%,0.09%,-2.47%,0.20%,-0.54%,-1.70%,-0.36%,-3.44%,1.34%,-0.45%,2.53%,2.23%,1.08%,0.43%,-0.68%,-0.24%,67,98,113,130,99,86,120,153,153,124,44.41%,34.06%,147.8%,162.3%,30.00%,258.2%,185.7%,385.0%,0.00%,0.00%
2008/01/31,2007/12/31,-0.14%,1.12%,1.65%,1.58%,0.02%,-5.76%,-5.68%,-3.03%,-6.52%,-7.59%,0.25%,-0.31%,0.85%,-6.08%,-5.98%,-5.99%,67,99,115,132,99,81,113,149,143,115,44.65%,31.61%,148.4%,161.4%,22.22%,236.7%,185.6%,355.5%,0.00%,-0.31%
2008/02/29,2008/01/31,0.89%,-0.67%,-0.91%,0.04%,-0.16%,-2.37%,-4.35%,-4.69%,-1.63%,-2.41%,-0.13%,-0.32%,0.95%,-2.62%,-3.00%,-2.52%,68,99,114,132,99,79,108,142,141,112,43.14%,31.57%,148.0%,160.6%,18.56%,228.3%,187.0%,343.6%,-0.13%,-0.63%
2008/03/31,2008/02/29,0.04%,0.27%,1.60%,-0.45%,-1.27%,-0.62%,-0.88%,0.32%,-0.17%,-1.65%,1.71%,1.37%,-2.22%,-2.31%,-0.63%,-2.72%,68,99,116,131,97,79,107,142,141,110,41.27%,30.22%,152.3%,164.2%,17.81%,219.3%,181.0%,333.3%,0.00%,0.00%
2008/04/30,2008/03/31,-0.92%,2.05%,0.40%,1.12%,-1.87%,2.98%,6.51%,5.38%,5.46%,2.88%,1.15%,0.25%,-0.63%,2.20%,4.79%,2.13%,67,101,116,133,96,81,114,150,148,114,39.93%,30.09%,155.2%,164.8%,23.46%,226.1%,173.5%,342.9%,0.00%,0.00%
2008/05/31,2008/04/30,-0.52%,-1.40%,-0.93%,0.18%,0.30%,2.16%,0.51%,0.61%,3.73%,2.54%,1.04%,0.92%,0.11%,4.57%,1.98%,4.29%,67,100,115,133,96,83,115,151,154,116,41.08%,30.59%,157.8%,167.3%,25.90%,240.1%,179.9%,363.1%,0.00%,0.00%
2008/06/30,2008/05/31,-3.09%,-1.50%,-1.91%,-0.76%,0.91%,-11.13%,-10.83%,-12.18%,-5.42%,-5.55%,2.49%,3.96%,1.36%,-6.14%,-8.40%,-7.33%,65,98,113,132,97,74,102,132,145,110,46.72%,37.88%,164.2%,177.8%,15.32%,215.2%,182.8%,334.6%,0.00%,0.00%
2008/07/31,2008/06/30,0.68%,1.31%,-0.46%,-1.78%,2.26%,0.74%,1.20%,-0.48%,-3.10%,0.30%,1.88%,0.61%,0.01%,1.45%,-0.54%,1.26%,65,99,113,129,99,74,104,132,141,110,49.03%,37.27%,169.2%,179.6%,14.70%,219.2%,187.9%,340.9%,0.00%,0.00%
2008/08/31,2008/07/31,-0.38%,0.51%,-2.14%,-0.65%,0.76%,2.43%,2.63%,0.20%,0.76%,2.10%,3.20%,3.07%,-0.55%,4.34%,1.65%,3.42%,65,100,110,129,100,76,106,132,142,113,50.74%,36.82%,177.8%,188.1%,16.60%,230.1%,193.0%,360.1%,0.00%,0.00%
2008/09/30,2008/08/31,-1.04%,-0.83%,0.86%,0.04%,1.19%,-9.63%,-10.69%,-6.67%,-9.61%,-7.48%,4.08%,2.90%,0.46%,-10.20%,-8.85%,-11.07%,64,99,111,129,101,69,95,123,128,104,54.10%,39.76%,189.2%,196.5%,6.28%,193.5%,186.5%,313.1%,0.00%,0.00%
2008/10/31,2008/09/30,-4.12%,-2.18%,1.95%,-2.00%,0.96%,-20.89%,-20.61%,-16.52%,-17.67%,-13.41%,3.82%,4.92%,2.18%,-18.13%,-17.40%,-19.60%,62,97,113,126,102,54,75,103,106,90,61.93%,50.21%,200.2%,211.1%,-12.22%,136.0%,180.2%,238.2%,0.00%,0.00%
2008/11/30,2008/10/31,-0.26%,-0.89%,1.37%,-1.69%,1.02%,-8.98%,-9.83%,-10.09%,-8.10%,-4.68%,2.03%,2.29%,-2.12%,-12.80%,-7.97%,-13.49%,62,96,115,124,103,49,68,93,97,86,63.99%,56.67%,206.3%,218.2%,-19.21%,104.2%,164.7%,194.9%,0.00%,0.00%
2008/12/31,2008/11/30,-0.25%,-0.05%,-1.77%,-0.10%,2.37%,2.51%,1.95%,1.01%,0.95%,3.24%,3.61%,1.86%,1.01%,5.33%,2.00%,4.78%,61,96,113,124,105,51,69,93,98,89,68.28%,57.82%,217.3%,224.1%,-17.59%,113.9%,172.1%,210.7%,0.00%,0.00%
2009/01/31,2008/12/31,0.36%,-3.47%,-1.28%,2.82%,-0.16%,-5.99%,-11.33%,-14.09%,-5.83%,-5.37%,-5.20%,-6.71%,6.39%,-4.46%,-8.28%,-2.45%,62,93,111,127,105,48,62,80,92,84,67.40%,58.79%,200.8%,202.4%,-24.42%,108.7%,188.0%,196.8%,-5.20%,-6.71%
2009/02/28,2009/01/31,-2.61%,-0.86%,1.77%,-1.08%,-2.38%,-11.55%,-12.50%,-9.09%,-10.18%,-9.38%,4.61%,4.01%,1.19%,-7.92%,-10.22%,-9.13%,60,92,113,126,103,42,54,73,83,76,67.78%,62.24%,214.7%,214.5%,-32.14%,89.63%,191.1%,173.3%,-0.83%,-2.96%
2009/03/31,2009/02/28,-1.88%,0.55%,1.97%,0.84%,1.38%,7.79%,9.39%,12.03%,8.87%,7.70%,-0.14%,-4.55%,1.71%,10.62%,8.87%,11.98%,59,92,116,127,104,45,59,82,90,82,73.26%,62.09%,214.3%,200.2%,-26.13%,112.4%,200.2%,202.3%,-0.96%,-7.38%
2009/04/30,2009/03/31,-1.26%,1.92%,-1.06%,1.87%,-0.09%,14.36%,12.80%,16.14%,11.06%,4.47%,6.30%,-1.99%,4.14%,20.31%,10.45%,20.91%,58,94,114,129,104,52,66,95,100,86,75.28%,46.07%,234.1%,194.2%,-18.40%,156.8%,231.6%,263.7%,0.00%,-9.22%
2009/05/31,2009/04/30,-3.18%,-2.78%,-0.41%,0.66%,1.71%,2.96%,3.07%,7.31%,6.09%,5.64%,-2.93%,-8.33%,1.59%,6.05%,5.16%,8.55%,56,92,114,130,106,53,68,102,106,91,83.84%,49.97%,224.3%,169.7%,-14.20%,178.7%,242.8%,285.7%,-2.93%,-16.78%
2009/06/30,2009/05/31,-1.10%,-0.45%,1.47%,-1.04%,1.15%,-0.26%,0.41%,-0.82%,-0.06%,1.70%,0.02%,1.07%,3.98%,6.51%,0.39%,6.19%,56,91,116,129,107,53,69,101,106,92,87.97%,52.90%,224.3%,172.6%,-13.86%,196.0%,262.7%,310.8%,-2.91%,-15.89%
2009/07/31,2009/06/30,0.67%,0.98%,-1.41%,-1.09%,0.05%,9.14%,10.64%,8.49%,6.87%,5.99%,-0.10%,-1.31%,-0.93%,8.08%,7.78%,8.47%,56,92,114,127,107,58,76,110,114,98,86.80%,48.08%,224.0%,169.1%,-7.16%,221.0%,265.2%,344.1%,-3.01%,-16.99%
2009/08/31,2009/07/31,-0.13%,0.59%,-2.16%,-1.10%,0.13%,3.59%,4.95%,5.79%,3.09%,1.78%,-1.87%,-4.91%,3.07%,4.87%,3.49%,6.34%,56,93,111,126,107,60,80,116,117,99,87.28%,45.41%,217.9%,155.8%,-3.92%,241.4%,275.6%,365.7%,-4.82%,-21.06%
2009/09/30,2009/08/31,-0.61%,-0.55%,-0.61%,-0.73%,0.11%,5.33%,5.38%,4.09%,3.95%,3.09%,-1.27%,-3.01%,-0.40%,5.86%,4.15%,6.76%,56,92,111,125,107,63,84,121,122,102,88.63%,42.15%,213.9%,148.1%,0.06%,264.4%,285.4%,392.9%,-6.03%,-23.44%
2009/10/31,2009/09/30,1.06%,0.55%,0.77%,-0.89%,1.05%,-3.78%,-4.27%,-2.84%,-3.87%,0.10%,4.50%,5.63%,1.53%,-2.72%,-2.59%,-4.41%,56,93,112,124,108,61,81,117,117,102,88.61%,47.67%,228.0%,162.1%,-2.53%,248.4%,278.4%,379.5%,-1.81%,-19.13%
2009/11/30,2009/10/31,0.46%,-0.43%,0.04%,0.67%,-0.21%,5.00%,5.17%,5.28%,6.56%,5.66%,1.30%,0.90%,-1.31%,3.05%,5.59%,2.78%,56,92,112,125,108,64,85,123,125,108,87.34%,48.64%,232.3%,164.5%,2.92%,258.0%,267.8%,394.1%,-0.53%,-18.39%
2009/12/31,2009/11/30,0.48%,-0.05%,1.23%,-0.28%,-0.46%,5.09%,4.47%,1.66%,2.90%,1.46%,-0.84%,-1.84%,-0.02%,6.48%,2.80%,7.03%,57,92,113,125,108,67,88,126,128,110,85.59%,43.25%,229.5%,159.6%,5.80%,283.2%,283.3%,426.2%,-1.37%,-19.89%
2010/01/31,2009/12/31,-1.35%,-0.60%,-0.84%,-0.69%,0.92%,-3.69%,-3.66%,-3.02%,-3.77%,-2.93%,-0.36%,-1.18%,0.45%,-2.11%,-3.38%,-1.76%,56,92,112,124,109,65,85,122,123,107,89.80%,44.34%,228.3%,156.6%,2.23%,276.5%,289.5%,415.0%,-1.73%,-20.84%
2010/02/28,2010/01/31,1.59%,0.09%,-1.39%,0.73%,-0.44%,4.66%,4.29%,2.23%,4.03%,2.51%,0.12%,0.52%,0.97%,4.05%,3.44%,3.90%,57,92,111,125,108,68,89,124,128,109,85.95%,41.25%,228.7%,157.9%,5.74%,291.2%,291.3%,435.9%,-1.61%,-20.43%
2010/03/31,2010/02/28,-0.06%,0.52%,1.04%,0.20%,-0.93%,6.15%,7.69%,6.53%,6.84%,4.87%,1.48%,1.22%,2.47%,9.27%,6.36%,8.91%,57,92,112,125,107,72,96,133,137,115,84.32%,39.45%,233.6%,161.1%,12.47%,326.0%,301.3%,485.6%,-0.15%,-19.45%
2010/04/30,2010/03/31,-0.34%,-0.28%,-1.62%,2.49%,-0.99%,3.08%,2.67%,0.58%,3.91%,0.11%,-3.34%,-3.19%,0.42%,5.19%,2.11%,6.15%,57,92,110,128,106,74,98,133,143,115,83.12%,35.31%,222.4%,152.7%,14.85%,352.2%,317.5%,516.0%,-3.48%,-22.02%
2010/05/31,2010/04/30,0.64%,1.38%,1.22%,0.35%,-1.13%,-7.26%,-7.89%,-7.22%,-8.14%,-8.30%,1.97%,2.46%,0.84%,-6.77%,-7.82%,-7.50%,57,93,111,128,105,69,91,124,131,105,79.88%,33.90%,228.8%,159.0%,5.86%,318.3%,318.8%,474.3%,-1.58%,-20.10%
2010/06/30,2010/05/31,-1.67%,0.92%,0.98%,-0.38%,1.19%,-7.48%,-5.69%,-6.27%,-5.25%,-3.80%,2.76%,3.44%,0.17%,-5.31%,-5.53%,-6.34%,56,94,112,128,106,64,85,116,124,101,85.01%,38.83%,237.9%,167.9%,0.01%,291.7%,315.4%,443.9%,0.00%,-17.35%
2010/07/31,2010/06/30,-0.45%,1.03%,1.94%,-0.99%,-0.22%,6.08%,8.40%,7.40%,6.56%,6.35%,-1.02%,-1.47%,-2.64%,4.62%,7.01%,5.06%,56,95,114,127,106,68,93,125,132,108,85.43%,39.21%,234.4%,163.9%,7.02%,311.6%,307.3%,469.0%,-1.02%,-18.57%
2010/08/31,2010/07/31,-0.19%,0.93%,0.04%,-0.03%,1.02%,-6.16%,-4.78%,-4.98%,-4.57%,-3.40%,1.74%,2.08%,1.99%,-4.64%,-4.66%,-5.27%,56,96,115,127,107,63,88,118,126,104,87.67%,43.06%,240.2%,169.4%,2.02%,289.9%,304.9%,442.6%,0.00%,-16.88%
2010/09/30,2010/08/31,-0.72%,0.28%,1.19%,-0.91%,0.27%,9.90%,9.70%,8.32%,9.29%,9.66%,1.39%,2.12%,-1.28%,13.41%,9.41%,12.77%,55,96,116,125,107,70,97,128,138,114,89.52%,42.72%,245.0%,175.1%,11.62%,339.7%,318.5%,515.3%,0.00%,-15.11%
2010/10/31,2010/09/30,0.28%,1.19%,0.48%,-0.70%,-0.07%,4.22%,4.83%,2.82%,3.54%,3.81%,0.45%,0.76%,-0.15%,5.11%,3.89%,4.88%,55,97,116,125,107,73,101,132,143,118,88.86%,42.13%,246.5%,177.2%,15.96%,361.2%,322.7%,546.8%,0.00%,-14.47%
2010/11/30,2010/10/31,-1.17%,-1.34%,0.45%,1.70%,0.03%,0.61%,-0.94%,-0.14%,2.22%,0.53%,2.59%,2.47%,0.70%,3.97%,0.54%,3.23%,55,96,117,127,107,73,100,132,146,119,91.13%,42.02%,255.5%,184.1%,16.58%,376.1%,334.1%,572.5%,0.00%,-12.36%
2010/12/31,2010/11/30,-0.60%,-1.42%,-0.11%,-0.11%,-1.66%,6.97%,7.48%,7.92%,6.59%,4.92%,-1.18%,-2.96%,-0.59%,6.66%,6.70%,7.55%,54,95,117,126,105,78,108,142,156,125,89.11%,39.10%,251.3%,175.7%,24.40%,412.0%,337.7%,617.3%,-1.18%,-14.95%
2011/01/31,2010/12/31,0.50%,0.12%,-0.91%,1.59%,-1.41%,1.36%,2.33%,1.63%,3.79%,0.39%,1.28%,0.48%,2.14%,2.11%,2.06%,1.97%,55,95,116,129,104,79,110,144,161,125,85.50%,37.76%,255.8%,177.0%,26.96%,422.1%,337.3%,632.4%,0.00%,-14.54%
2011/02/28,2011/01/31,-0.21%,-0.33%,-0.15%,0.59%,0.23%,3.47%,3.50%,3.33%,3.92%,3.45%,1.17%,2.10%,0.69%,5.93%,3.59%,5.30%,55,94,116,129,104,82,114,149,168,130,86.31%,37.73%,260.0%,182.8%,31.52%,449.8%,344.8%,675.8%,0.00%,-12.75%
2011/03/31,2011/02/28,-0.65%,0.27%,0.80%,0.25%,1.21%,0.30%,-0.27%,0.51%,0.22%,1.81%,1.55%,2.13%,1.13%,3.73%,0.49%,3.10%,54,95,117,130,105,82,114,150,168,132,89.78%,39.80%,265.6%,188.8%,32.16%,466.8%,356.4%,704.8%,0.00%,-10.90%
2011/04/30,2011/03/31,-0.05%,-0.81%,1.43%,-0.47%,1.46%,2.94%,2.12%,3.39%,2.52%,4.40%,1.32%,1.53%,-0.08%,3.05%,2.97%,2.59%,54,94,118,129,107,85,116,155,172,138,92.64%,41.84%,270.4%,193.2%,36.08%,481.5%,354.7%,729.3%,0.00%,-9.53%
2011/05/31,2011/04/30,0.36%,-0.51%,0.56%,-0.36%,1.34%,-0.76%,-2.17%,-1.42%,-1.63%,0.34%,1.31%,1.28%,0.79%,-0.48%,-1.22%,-0.86%,54,93,119,129,108,84,114,153,170,138,94.54%,43.40%,275.2%,197.0%,34.42%,476.4%,356.3%,725.4%,0.00%,-8.37%
2011/06/30,2011/05/31,-0.24%,0.43%,-0.44%,0.37%,1.02%,-2.42%,-1.92%,-2.44%,-1.54%,-0.67%,2.86%,2.85%,1.50%,-0.55%,-1.74%,-1.41%,54,94,118,129,109,82,112,149,167,137,97.00%,45.92%,286.0%,205.4%,32.08%,468.3%,357.8%,720.8%,0.00%,-5.76%
2011/07/31,2011/06/30,-1.11%,-0.11%,3.07%,-0.20%,-0.09%,-4.05%,-2.84%,0.53%,-2.60%,-2.27%,1.18%,0.99%,1.53%,-1.77%,-2.26%,-2.06%,54,94,122,129,109,79,109,150,163,134,99.03%,48.51%,290.6%,208.5%,29.09%,456.6%,358.7%,706.3%,0.00%,-4.83%
2011/08/31,2011/07/31,0.20%,0.35%,0.60%,-0.29%,1.33%,-6.92%,-6.62%,-5.65%,-6.12%,-4.18%,1.85%,1.89%,-0.24%,-8.24%,-5.89%,-8.80%,54,94,123,128,111,73,101,141,153,129,101.3%,52.58%,297.8%,214.3%,21.49%,407.6%,345.4%,639.9%,0.00%,-3.02%
2011/09/30,2011/08/31,0.33%,-0.22%,-1.20%,0.09%,0.11%,-7.86%,-8.32%,-8.48%,-7.07%,-6.91%,2.07%,1.93%,0.26%,-9.53%,-7.63%,-10.11%,54,94,121,128,111,67,93,129,142,120,100.8%,54.04%,306.0%,220.4%,12.22%,356.3%,334.3%,569.4%,0.00%,-1.16%
2011/10/31,2011/09/30,-0.05%,0.01%,-0.06%,-0.29%,0.14%,12.36%,12.20%,11.79%,10.56%,10.68%,2.00%,1.05%,-1.44%,13.37%,11.39%,13.05%,54,94,121,128,111,76,104,145,157,133,101.2%,51.45%,314.2%,223.7%,25.00%,415.8%,341.5%,658.8%,0.00%,-0.12%
2011/11/30,2011/10/31,1.31%,-0.10%,0.52%,-0.51%,1.87%,0.55%,-1.15%,-0.67%,-1.15%,1.55%,1.64%,1.95%,-0.13%,-1.07%,-0.35%,-1.66%,55,94,122,127,113,76,103,144,155,135,102.3%,52.96%,321.0%,230.0%,24.56%,407.3%,335.8%,650.7%,0.00%,0.00%
2011/12/31,2011/11/30,1.21%,0.06%,-0.64%,0.61%,0.41%,1.28%,0.68%,-0.14%,1.33%,0.87%,1.03%,1.45%,0.55%,0.66%,0.85%,0.23%,55,94,121,128,114,77,104,144,157,136,100.7%,52.35%,325.3%,234.8%,25.62%,408.4%,333.1%,655.7%,0.00%,0.00%
2012/01/31,2011/12/31,-2.41%,0.13%,-2.50%,-1.49%,0.61%,4.58%,6.55%,3.94%,4.14%,5.58%,-0.52%,-3.10%,0.39%,7.82%,5.09%,8.75%,54,94,118,126,114,81,111,149,164,143,106.8%,53.87%,323.1%,224.4%,32.02%,452.9%,348.9%,714.8%,-0.52%,-3.10%
2012/02/29,2012/01/31,1.31%,0.50%,-0.84%,-1.15%,-0.45%,4.74%,5.07%,3.70%,3.69%,3.95%,-0.70%,-1.41%,0.19%,3.03%,4.25%,3.46%,55,94,117,125,114,85,116,155,170,149,103.1%,52.65%,320.1%,219.8%,37.63%,472.0%,345.4%,739.5%,-1.21%,-4.47%
2012/03/31,2012/02/29,0.06%,-0.78%,-0.49%,0.66%,1.20%,2.35%,2.58%,2.38%,3.76%,3.98%,0.48%,0.28%,1.07%,3.70%,3.15%,3.62%,55,94,116,126,115,87,119,158,176,155,105.5%,55.13%,322.2%,220.7%,41.95%,492.7%,347.5%,770.6%,-0.73%,-4.20%
2012/04/30,2012/03/31,2.00%,0.62%,0.97%,-0.16%,0.83%,0.44%,-1.01%,-0.67%,-1.53%,0.09%,-0.11%,0.45%,0.05%,-1.68%,-0.69%,-1.82%,56,94,118,125,116,87,118,157,173,155,103.1%,54.60%,321.7%,222.2%,40.97%,482.0%,342.4%,755.9%,-0.85%,-3.77%
2012/05/31,2012/04/30,0.51%,1.14%,0.74%,0.07%,-0.14%,-5.23%,-6.11%,-5.99%,-6.74%,-5.85%,-0.82%,0.23%,0.16%,-7.14%,-6.09%,-7.20%,56,95,118,126,116,82,111,148,162,146,101.8%,53.63%,318.2%,222.9%,32.39%,440.0%,337.5%,694.9%,-1.66%,-3.55%
2012/06/30,2012/05/31,-0.17%,0.10%,-0.14%,0.40%,-0.03%,3.60%,4.23%,3.75%,4.33%,3.57%,0.34%,-0.02%,-0.68%,3.97%,3.98%,3.98%,56,95,118,126,116,85,115,153,169,151,102.0%,53.59%,319.6%,222.9%,37.67%,461.5%,337.5%,726.4%,-1.33%,-3.57%
2012/07/31,2012/06/30,-0.06%,1.10%,0.98%,-0.46%,0.04%,0.19%,1.58%,1.36%,0.46%,0.76%,-1.79%,-1.90%,-0.88%,-2.52%,0.87%,-1.95%,56,96,119,125,116,86,117,156,169,152,102.2%,54.45%,312.1%,216.7%,38.87%,450.6%,325.1%,705.6%,-3.10%,-5.41%
2012/08/31,2012/07/31,0.49%,-0.50%,-0.80%,0.52%,-0.48%,2.87%,2.52%,1.70%,3.24%,1.62%,0.07%,-0.20%,-0.73%,3.02%,2.50%,3.08%,56,96,118,126,115,88,120,158,175,155,100.3%,52.52%,312.4%,216.1%,42.34%,467.6%,327.6%,730.0%,-3.03%,-5.60%
2012/09/30,2012/08/31,-0.07%,-0.56%,0.00%,-0.30%,0.53%,2.59%,2.37%,2.55%,2.74%,2.49%,0.68%,-0.97%,1.00%,3.81%,2.56%,4.10%,56,95,118,126,116,90,123,162,180,159,101.5%,52.36%,315.2%,213.0%,45.99%,490.8%,334.2%,761.6%,-2.37%,-6.51%
2012/10/31,2012/09/30,0.77%,1.39%,0.56%,-1.89%,0.99%,-0.69%,-0.41%,-1.84%,-2.91%,-1.89%,1.82%,1.14%,-0.33%,-2.44%,-1.70%,-2.78%,57,97,119,123,117,90,123,159,175,156,101.9%,50.53%,322.8%,216.6%,43.50%,474.4%,329.5%,740.6%,-0.60%,-5.44%
2012/11/30,2012/10/31,0.98%,-0.52%,0.14%,-1.05%,0.69%,1.72%,0.27%,1.14%,-0.42%,1.74%,0.42%,0.36%,-0.48%,0.65%,0.66%,0.54%,57,96,119,122,118,91,123,161,174,158,101.3%,50.56%,324.5%,217.7%,44.45%,477.5%,329.0%,746.0%,-0.17%,-5.10%
2012/12/31,2012/11/30,-0.24%,0.75%,-1.01%,0.12%,0.67%,1.26%,2.32%,0.26%,1.72%,0.32%,2.46%,1.44%,-0.15%,2.85%,1.26%,2.42%,57,97,118,122,119,92,126,161,177,159,103.1%,49.15%,335.0%,222.3%,46.27%,491.5%,334.0%,770.1%,0.00%,-3.74%
2013/01/31,2012/12/31,0.92%,0.68%,-3.24%,-0.33%,1.71%,6.00%,6.73%,2.50%,5.77%,6.71%,-0.26%,-0.76%,0.54%,6.75%,5.53%,6.98%,58,98,114,122,121,98,134,165,187,170,104.8%,50.21%,333.8%,219.9%,54.35%,532.8%,340.3%,828.9%,-0.26%,-4.47%
2013/02/28,2013/01/31,0.97%,0.16%,-0.61%,0.16%,-0.31%,2.10%,1.43%,0.62%,1.40%,1.08%,0.36%,0.76%,-0.29%,1.01%,1.30%,0.78%,58,98,114,122,120,100,136,167,190,171,102.1%,48.67%,335.4%,222.3%,56.35%,537.7%,338.0%,838.3%,0.00%,-3.74%
2013/03/31,2013/02/28,0.65%,-0.36%,0.19%,-0.75%,0.31%,4.63%,4.02%,3.55%,3.38%,4.59%,0.65%,1.26%,0.24%,5.80%,4.00%,5.42%,59,97,114,121,121,105,142,172,196,179,101.4%,48.61%,338.2%,226.3%,62.60%,572.3%,344.2%,892.7%,0.00%,-2.53%
2013/04/30,2013/03/31,0.27%,0.91%,0.51%,-0.52%,0.14%,1.55%,2.32%,1.67%,1.12%,1.81%,1.45%,1.79%,1.45%,1.70%,1.68%,1.16%,59,98,114,120,121,106,145,175,198,183,101.2%,49.00%,344.6%,232.2%,65.33%,580.1%,342.0%,909.6%,0.00%,-0.78%
2013/05/31,2013/04/30,-0.13%,-0.90%,-1.16%,-0.14%,0.73%,2.67%,2.29%,1.50%,3.21%,2.41%,0.04%,-0.60%,-0.10%,4.28%,2.46%,4.46%,59,97,113,120,122,109,148,178,205,187,102.9%,48.62%,344.7%,230.2%,69.40%,610.5%,350.8%,952.8%,0.00%,-1.38%
2013/06/30,2013/05/31,0.46%,0.71%,-1.37%,0.11%,-0.46%,-0.48%,-0.64%,-2.56%,-1.13%,-1.45%,1.72%,2.12%,1.05%,0.70%,-1.25%,0.06%,59,98,111,120,121,109,147,173,202,184,101.0%,47.17%,352.4%,237.2%,67.28%,610.9%,356.7%,960.2%,0.00%,0.00%
2013/07/31,2013/06/30,0.61%,-1.50%,1.01%,-1.15%,0.53%,6.30%,4.66%,6.36%,4.67%,5.82%,0.19%,0.38%,0.50%,9.08%,5.46%,8.96%,59,97,113,119,122,115,154,184,212,195,100.9%,46.47%,353.2%,238.5%,76.41%,674.6%,372.7%,1056%,0.00%,0.00%
2013/08/31,2013/07/31,-1.04%,-0.07%,0.51%,0.15%,-0.63%,-3.49%,-3.26%,-2.34%,-2.86%,-2.30%,1.85%,2.40%,2.10%,-0.05%,-2.84%,-0.77%,59,97,113,119,121,111,149,180,206,191,101.7%,48.22%,361.6%,246.6%,71.40%,668.6%,382.5%,1056%,0.00%,0.00%
2013/09/30,2013/08/31,-0.42%,-0.13%,0.01%,-0.86%,0.88%,3.40%,4.22%,2.95%,3.23%,5.09%,-0.65%,-1.02%,0.01%,5.82%,3.76%,6.13%,58,96,113,118,122,115,155,185,212,200,104.3%,50.73%,358.7%,243.1%,77.84%,715.7%,393.9%,1123%,-0.65%,-1.02%
2013/10/31,2013/09/30,-0.09%,0.99%,0.12%,-0.33%,-0.52%,3.75%,5.35%,4.26%,4.00%,3.17%,2.62%,2.58%,0.07%,3.78%,4.19%,3.00%,58,97,113,118,122,119,164,193,221,207,103.4%,49.85%,370.7%,251.9%,85.29%,740.2%,388.1%,1169%,0.00%,0.00%
2013/11/30,2013/10/31,0.15%,-1.06%,0.18%,-0.91%,0.71%,3.23%,2.30%,2.96%,2.51%,3.68%,0.38%,0.39%,1.35%,5.76%,2.86%,5.64%,58,96,114,117,123,123,167,199,226,214,104.6%,50.52%,372.5%,253.3%,90.59%,787.6%,401.7%,1242%,0.00%,0.00%
2013/12/31,2013/11/30,0.05%,-0.08%,-0.54%,-0.26%,-0.37%,2.72%,2.95%,2.22%,2.72%,2.22%,-0.44%,-1.18%,-0.60%,1.92%,2.61%,2.27%,58,96,113,116,122,127,172,203,232,219,103.7%,49.76%,370.4%,249.2%,95.56%,807.8%,400.0%,1268%,-0.44%,-1.18%
2014/01/31,2013/12/31,0.04%,0.38%,3.15%,-0.09%,-0.73%,-3.24%,-3.50%,-1.25%,-3.79%,-2.84%,-3.73%,-4.46%,1.30%,-1.82%,-3.13%,-0.48%,58,97,116,116,121,123,166,201,224,213,102.1%,50.36%,352.9%,233.6%,89.43%,803.4%,413.2%,1243%,-4.15%,-5.58%
2014/02/28,2014/01/31,0.05%,-0.59%,-0.83%,0.39%,1.04%,4.64%,4.19%,3.32%,4.93%,6.03%,-0.82%,-0.97%,-0.77%,4.08%,4.67%,4.37%,58,96,116,117,122,128,173,208,235,226,104.1%,52.45%,349.1%,230.4%,98.28%,842.9%,411.7%,1298%,-4.94%,-6.50%
2014/03/31,2014/02/28,-0.79%,-1.21%,0.79%,1.81%,0.35%,-0.11%,-0.05%,2.92%,1.45%,-1.62%,0.74%,0.68%,0.73%,-0.65%,0.51%,-0.85%,58,95,116,119,123,128,173,214,238,222,106.4%,50.14%,352.4%,232.6%,99.29%,834.9%,404.7%,1289%,-4.23%,-5.87%
2014/04/30,2014/03/31,0.37%,0.51%,-1.01%,0.58%,0.55%,-0.22%,0.64%,-1.74%,0.67%,-0.52%,1.98%,2.27%,0.58%,-2.91%,-0.02%,-3.59%,58,95,115,120,124,128,174,210,240,221,106.8%,49.69%,361.4%,240.2%,99.24%,801.3%,386.7%,1249%,-2.34%,-3.73%
2014/05/31,2014/04/30,0.45%,0.70%,-0.34%,-0.40%,0.08%,2.99%,2.41%,1.26%,1.32%,2.37%,-0.58%,-0.66%,-1.11%,-0.80%,2.10%,-0.60%,59,96,115,119,124,132,179,213,243,226,106.1%,48.77%,358.7%,237.9%,103.4%,795.9%,373.5%,1238%,-2.91%,-4.37%
2014/06/30,2014/05/31,-0.46%,-0.67%,1.25%,0.07%,-0.87%,2.25%,2.06%,3.60%,2.79%,2.03%,-1.39%,-2.51%,-1.87%,3.26%,2.50%,4.01%,58,95,116,119,123,135,182,220,250,231,105.2%,48.43%,352.3%,229.4%,108.5%,831.8%,380.7%,1281%,-4.26%,-6.77%
2014/07/31,2014/06/30,-0.17%,1.22%,-0.79%,0.32%,0.34%,-1.30%,-1.76%,-2.70%,-2.31%,-1.65%,1.63%,2.02%,1.94%,-3.27%,-1.95%,-3.88%,58,97,115,120,123,133,179,214,244,227,106.2%,47.92%,359.7%,236.0%,104.4%,795.7%,371.5%,1236%,-2.70%,-4.89%
2014/08/31,2014/07/31,1.00%,-0.64%,0.03%,-0.93%,0.64%,5.38%,3.87%,3.45%,3.39%,5.09%,0.80%,1.08%,0.31%,5.23%,4.18%,4.90%,59,96,115,118,124,140,186,222,252,238,105.5%,47.50%,363.4%,239.7%,113.0%,839.6%,374.9%,1306%,-1.92%,-3.86%
2014/09/30,2014/08/31,-0.77%,0.02%,-0.45%,0.28%,0.54%,-1.83%,-2.34%,-2.83%,-2.36%,-1.02%,3.83%,3.42%,2.98%,-2.11%,-2.09%,-3.13%,58,96,115,119,124,137,182,215,246,236,108.2%,48.70%,381.1%,251.3%,108.5%,810.1%,369.9%,1276%,0.00%,-0.58%
2014/10/31,2014/09/30,0.12%,0.55%,2.40%,-2.42%,0.83%,2.57%,3.10%,2.91%,0.98%,4.42%,2.55%,2.62%,-1.96%,4.70%,2.74%,3.91%,58,97,118,116,125,141,187,222,249,246,109.7%,51.46%,393.4%,260.5%,114.2%,845.7%,375.4%,1341%,0.00%,0.00%
2014/11/30,2014/10/31,2.33%,0.98%,0.51%,-1.95%,-0.46%,4.59%,3.06%,0.76%,1.32%,3.27%,0.73%,0.64%,-0.15%,1.05%,2.53%,0.86%,60,97,118,114,125,147,193,223,252,254,103.8%,49.46%,397.0%,262.8%,119.7%,853.8%,367.4%,1356%,0.00%,0.00%
2014/12/31,2014/11/30,0.28%,0.69%,-0.04%,-0.69%,0.32%,0.13%,0.76%,-0.40%,-0.30%,-0.24%,2.70%,3.31%,1.33%,5.09%,-0.03%,4.09%,60,98,118,113,125,148,194,222,251,254,103.9%,48.90%,410.4%,274.8%,119.6%,892.9%,386.7%,1430%,0.00%,0.00%
2015/01/31,2014/12/31,-0.38%,0.23%,-0.37%,0.49%,1.22%,-3.29%,-3.53%,-3.84%,-2.45%,-0.68%,-0.56%,-1.37%,0.61%,-3.01%,-2.75%,-2.60%,60,98,118,113,127,143,188,214,245,252,107.2%,52.78%,407.5%,269.7%,113.6%,867.0%,387.4%,1384%,-0.56%,-1.37%
2015/02/28,2015/01/31,0.53%,-0.27%,0.30%,-0.34%,-1.21%,6.60%,5.61%,6.40%,5.39%,5.09%,-3.83%,-3.09%,-1.89%,4.75%,5.76%,5.68%,60,98,118,113,125,152,198,228,258,265,103.5%,50.48%,388.1%,258.3%,125.9%,922.0%,387.0%,1455%,-4.36%,-4.42%
2015/03/31,2015/02/28,-0.02%,0.27%,0.05%,-0.35%,-0.29%,-1.02%,-0.78%,-1.28%,-1.51%,-0.62%,2.25%,1.90%,-0.29%,1.46%,-1.06%,0.89%,60,98,118,113,125,151,196,225,254,263,103.0%,51.09%,399.1%,265.1%,123.5%,931.1%,396.5%,1477%,-2.21%,-2.60%
2015/04/30,2015/03/31,-0.89%,-0.73%,1.02%,0.38%,0.81%,-0.84%,-0.09%,2.66%,0.85%,-0.37%,0.32%,0.28%,1.98%,0.36%,0.40%,0.27%,59,98,119,113,126,149,196,231,256,262,106.4%,51.80%,400.7%,266.1%,124.4%,933.9%,395.9%,1483%,-1.89%,-2.33%
2015/05/31,2015/04/30,-0.56%,-0.71%,1.44%,-0.92%,0.39%,1.73%,0.59%,1.20%,0.21%,2.85%,0.53%,-0.17%,-0.11%,1.36%,1.29%,1.41%,59,97,121,112,126,152,197,233,257,270,108.4%,53.51%,403.4%,265.5%,127.3%,948.5%,396.5%,1504%,-1.37%,-2.50%
2015/06/30,2015/05/31,-0.50%,0.04%,1.05%,-1.20%,-0.00%,-1.85%,-1.81%,0.07%,-2.89%,-0.88%,3.09%,2.97%,1.29%,2.05%,-1.63%,1.16%,59,97,122,111,126,149,194,234,249,267,109.4%,55.00%,418.9%,276.3%,123.6%,960.7%,410.4%,1537%,0.00%,0.00%
2015/07/31,2015/06/30,0.05%,2.77%,1.81%,-1.31%,-2.16%,2.56%,2.35%,1.00%,0.63%,1.87%,3.71%,3.71%,1.64%,-0.32%,1.67%,-1.43%,59,100,125,109,124,153,198,236,251,272,104.8%,53.93%,438.2%,290.3%,127.3%,945.5%,394.6%,1532%,0.00%,0.00%
2015/08/31,2015/07/31,0.34%,-0.27%,-1.42%,1.31%,-0.00%,-6.26%,-5.79%,-6.16%,-5.26%,-6.68%,1.20%,0.90%,0.77%,-4.74%,-5.98%,-5.01%,59,99,123,111,124,143,187,221,238,254,104.1%,53.28%,444.6%,293.8%,113.7%,893.1%,399.3%,1455%,0.00%,0.00%
2015/09/30,2015/08/31,-0.32%,0.41%,-0.38%,1.24%,-0.86%,-2.84%,-2.40%,-2.91%,-2.50%,-3.53%,1.37%,1.96%,0.09%,-4.93%,-2.82%,-5.52%,59,100,122,112,123,139,182,215,232,245,103.0%,52.23%,452.1%,301.5%,107.7%,838.2%,385.9%,1378%,0.00%,0.00%
2015/10/31,2015/09/30,0.17%,0.97%,-1.96%,0.92%,0.27%,8.08%,8.42%,5.00%,8.56%,7.59%,1.72%,1.65%,-0.82%,5.70%,7.68%,5.20%,59,101,120,113,123,151,198,226,252,264,103.2%,51.49%,461.6%,308.2%,123.6%,887.1%,373.8%,1462%,0.00%,0.00%
2015/11/30,2015/10/31,-0.11%,0.87%,0.79%,-0.06%,-1.30%,0.21%,0.99%,1.64%,0.30%,-0.15%,0.83%,-0.30%,-1.56%,2.10%,0.55%,2.19%,59,102,121,113,121,151,200,229,252,263,100.8%,50.96%,466.3%,306.9%,124.8%,908.7%,381.6%,1495%,0.00%,-0.30%
2015/12/31,2015/11/30,0.59%,-0.12%,0.43%,-2.00%,0.68%,-1.14%,-2.02%,-2.24%,-3.61%,-1.15%,4.28%,4.70%,2.51%,-1.57%,-2.07%,-2.98%,59,102,121,111,122,149,196,224,243,260,101.0%,50.95%,490.5%,326.1%,120.2%,878.7%,377.3%,1470%,0.00%,0.00%
2016/01/31,2015/12/31,-0.80%,0.02%,-0.80%,0.74%,0.40%,-6.34%,-5.37%,-5.06%,-5.68%,-5.72%,3.30%,3.34%,-0.13%,-7.92%,-5.64%,-8.92%,59,102,120,112,123,140,185,213,230,246,103.4%,51.89%,510.0%,340.3%,107.8%,791.4%,361.6%,1346%,0.00%,0.00%
2016/02/29,2016/01/31,1.00%,-0.54%,0.32%,-0.40%,0.69%,0.43%,-0.63%,-0.35%,-0.09%,0.40%,1.37%,0.53%,0.17%,0.77%,-0.05%,0.61%,59,101,121,111,123,140,184,212,229,246,102.7%,51.84%,518.4%,342.6%,107.6%,796.8%,364.7%,1357%,0.00%,0.00%
2016/03/31,2016/02/29,0.18%,1.58%,0.91%,0.98%,-0.93%,7.09%,7.92%,6.63%,7.85%,5.87%,-2.36%,-3.93%,-1.41%,6.54%,7.08%,7.72%,59,103,122,112,122,150,199,226,247,261,100.5%,49.99%,503.7%,325.2%,122.4%,866.1%,367.6%,1452%,-2.36%,-3.93%
2016/04/30,2016/03/31,-0.41%,0.66%,0.71%,-2.26%,2.35%,0.20%,0.84%,1.57%,-1.31%,3.08%,-1.83%,-3.47%,0.32%,1.55%,0.81%,2.59%,59,103,123,110,125,151,200,230,244,269,106.0%,54.32%,492.7%,310.4%,124.2%,891.1%,375.9%,1476%,-4.15%,-7.27%
2016/05/31,2016/04/30,-0.94%,0.52%,0.78%,-0.30%,-0.25%,1.08%,2.56%,2.27%,1.61%,1.42%,1.41%,0.18%,-0.71%,0.37%,1.79%,0.32%,59,104,124,109,125,152,205,235,248,273,107.4%,54.84%,501.1%,311.2%,128.2%,894.2%,368.9%,1482%,-2.79%,-7.10%
2016/06/30,2016/05/31,0.76%,-0.22%,-0.72%,-0.19%,1.20%,0.92%,-0.23%,-0.40%,-0.03%,1.08%,-1.04%,0.47%,-1.43%,0.69%,0.26%,0.55%,59,104,123,109,126,154,205,234,248,276,108.4%,55.08%,494.9%,313.1%,128.8%,899.7%,370.3%,1493%,-3.80%,-6.67%
2016/07/31,2016/06/30,-0.49%,1.96%,0.27%,0.11%,-0.99%,3.26%,5.70%,3.27%,4.20%,3.18%,1.80%,-0.74%,0.96%,6.56%,3.96%,6.78%,59,106,123,109,125,159,217,242,258,285,107.3%,54.95%,505.6%,310.0%,137.9%,967.5%,383.5%,1598%,-2.07%,-7.36%
2016/08/31,2016/07/31,0.48%,0.62%,0.37%,0.42%,-1.54%,0.40%,0.76%,1.24%,0.65%,-1.22%,0.06%,-1.20%,0.11%,1.51%,0.32%,1.87%,59,106,124,110,123,159,218,245,260,281,103.1%,52.44%,505.9%,305.1%,138.6%,987.4%,391.0%,1623%,-2.01%,-8.47%
2016/09/30,2016/08/31,-0.24%,-0.43%,-0.93%,0.66%,0.26%,-0.39%,0.10%,-0.62%,1.01%,0.79%,0.64%,-0.51%,-0.07%,2.13%,0.19%,2.29%,59,106,122,110,124,159,219,243,263,283,104.1%,54.24%,509.8%,303.1%,139.1%,1012%,401.3%,1660%,-1.38%,-8.93%
2016/10/31,2016/09/30,-0.85%,0.63%,1.81%,-0.02%,-1.08%,-2.10%,-1.92%,0.18%,-2.28%,-3.86%,3.00%,3.92%,0.57%,-4.88%,-2.12%,-6.05%,58,106,125,110,122,155,214,244,257,272,103.7%,51.54%,528.1%,318.9%,134.0%,944.9%,381.6%,1574%,0.00%,-5.36%
2016/11/30,2016/10/31,-0.82%,1.76%,0.42%,0.45%,0.30%,2.44%,5.23%,7.39%,4.44%,3.84%,1.10%,2.42%,-1.45%,9.36%,4.59%,8.63%,58,108,125,111,123,159,226,262,268,283,105.9%,53.65%,535.1%,329.0%,144.7%,1035%,401.1%,1731%,0.00%,-3.07%
2016/12/31,2016/11/30,-0.42%,0.41%,0.90%,-0.13%,-0.16%,1.16%,2.46%,3.13%,1.76%,1.19%,0.89%,1.87%,-0.37%,1.65%,1.94%,1.09%,58,109,126,111,122,161,231,270,273,286,106.5%,53.70%,540.7%,337.0%,149.5%,1048%,396.8%,1761%,0.00%,-1.26%
2017/01/31,2016/12/31,0.05%,0.56%,0.53%,-0.31%,-1.22%,2.96%,2.24%,1.75%,1.52%,1.09%,-1.06%,-3.67%,-0.49%,-0.18%,1.89%,0.92%,58,109,127,110,121,166,236,274,277,289,103.9%,50.83%,533.9%,321.0%,154.2%,1058%,392.0%,1758%,-1.06%,-4.88%
2017/02/28,2017/01/31,-1.96%,-0.45%,2.27%,-0.25%,0.03%,2.78%,3.07%,5.24%,3.14%,3.74%,1.82%,0.82%,0.95%,2.51%,3.64%,2.27%,57,109,130,110,121,170,243,289,286,300,107.9%,52.27%,545.4%,324.5%,163.5%,1084%,385.2%,1804%,0.00%,-4.10%
2017/03/31,2017/02/28,0.08%,-0.54%,0.23%,0.44%,-0.62%,0.54%,-0.56%,0.07%,0.27%,0.44%,2.21%,0.38%,0.25%,1.44%,0.13%,1.33%,57,108,130,111,120,171,242,289,286,301,106.5%,52.13%,559.6%,326.1%,163.8%,1100%,391.0%,1832%,0.00%,-3.74%
2017/04/30,2017/03/31,0.59%,0.17%,-0.42%,-0.37%,-0.28%,1.99%,1.14%,0.54%,0.52%,1.38%,3.45%,2.33%,0.35%,1.84%,1.11%,1.14%,57,108,130,110,120,175,245,291,288,306,104.7%,51.21%,582.4%,336.0%,166.7%,1114%,391.2%,1867%,0.00%,-1.49%
2017/05/31,2017/04/30,-1.12%,-0.19%,0.72%,-0.39%,0.01%,1.29%,0.85%,1.43%,0.16%,1.74%,4.01%,3.24%,1.20%,0.42%,1.06%,-0.55%,56,108,131,110,120,177,247,295,288,311,107.0%,51.87%,609.8%,350.1%,169.6%,1107%,383.2%,1875%,0.00%,0.00%
2017/06/30,2017/05/31,-0.25%,0.37%,0.13%,-1.45%,1.56%,-0.08%,1.40%,1.02%,-0.18%,2.00%,-1.66%,-3.02%,0.46%,2.59%,0.90%,3.50%,56,109,131,108,122,177,250,298,288,317,110.7%,55.03%,597.9%,336.6%,172.0%,1149%,395.8%,1927%,-1.66%,-3.02%
2017/07/31,2017/06/30,-0.22%,0.14%,-0.14%,0.60%,-0.59%,2.11%,2.17%,1.90%,2.13%,1.42%,-0.25%,0.05%,-1.09%,-0.61%,1.93%,-0.62%,56,109,131,109,121,180,256,303,294,322,109.9%,53.96%,596.2%,336.8%,177.2%,1141%,383.2%,1914%,-1.91%,-2.97%
2017/08/31,2017/07/31,-0.87%,-0.64%,1.02%,-0.89%,0.60%,0.05%,-0.55%,1.10%,-1.11%,1.45%,1.37%,2.25%,1.32%,0.70%,0.26%,0.02%,56,108,132,108,122,180,254,307,291,326,113.0%,56.12%,605.7%,346.6%,177.9%,1142%,382.0%,1929%,-0.57%,-0.78%
2017/09/30,2017/08/31,-0.04%,-0.48%,-0.64%,0.68%,0.33%,1.25%,2.91%,3.02%,2.65%,2.29%,-2.58%,-4.31%,-1.13%,4.13%,2.47%,5.42%,56,108,131,109,122,183,262,316,298,334,113.8%,57.75%,587.5%,327.4%,184.8%,1209%,396.3%,2012%,-3.13%,-5.06%
2017/10/31,2017/09/30,-1.50%,-1.83%,1.63%,0.61%,-0.08%,1.30%,0.77%,4.16%,2.50%,2.10%,0.63%,1.60%,-0.04%,0.47%,2.24%,-0.01%,55,106,133,109,122,185,264,329,306,341,116.8%,59.02%,591.9%,334.2%,191.2%,1209%,385.2%,2022%,-2.52%,-3.54%
2017/11/30,2017/10/31,-1.54%,0.09%,-0.28%,0.46%,0.85%,1.99%,3.57%,2.71%,3.69%,4.01%,1.18%,0.61%,1.48%,3.73%,3.22%,3.55%,54,106,133,110,123,189,273,338,317,354,122.0%,62.22%,600.0%,336.8%,200.6%,1256%,386.7%,2102%,-1.37%,-2.96%
2017/12/31,2017/11/30,-0.42%,0.01%,0.16%,-0.10%,-0.08%,1.06%,1.28%,1.28%,1.20%,0.63%,0.88%,0.27%,1.98%,2.23%,1.10%,2.15%,54,106,133,110,123,191,277,342,321,357,122.8%,61.51%,606.2%,338.0%,203.8%,1285%,391.9%,2151%,-0.50%,-2.69%
2018/01/31,2017/12/31,0.13%,-3.37%,0.51%,0.36%,0.50%,6.69%,2.65%,5.96%,6.25%,5.84%,-0.21%,0.64%,1.01%,3.78%,5.34%,3.59%,54,102,134,110,124,204,284,363,341,377,123.6%,60.14%,604.7%,340.8%,220.1%,1334%,383.3%,2236%,-0.71%,-2.07%
2018/02/28,2018/01/31,-0.55%,0.23%,0.41%,-0.16%,-0.21%,-4.07%,-3.50%,-3.53%,-3.82%,-3.34%,-0.18%,0.54%,-0.64%,-3.65%,-3.65%,-3.81%,53,102,134,110,123,195,274,350,328,365,124.3%,61.31%,603.5%,343.2%,208.4%,1280%,382.5%,2150%,-0.89%,-1.54%
2018/03/31,2018/02/28,-0.11%,0.36%,0.53%,1.33%,-0.28%,-3.12%,-2.32%,-1.89%,-0.72%,-1.82%,3.30%,2.06%,1.16%,2.49%,-1.98%,1.87%,53,103,135,111,123,189,268,343,326,358,124.0%,63.40%,626.7%,352.3%,202.3%,1305%,401.0%,2206%,0.00%,0.00%
2018/04/30,2018/03/31,0.18%,-0.21%,0.62%,-0.43%,0.11%,0.26%,0.12%,1.20%,0.11%,0.72%,0.92%,1.43%,0.19%,1.76%,0.43%,1.33%,53,103,136,111,123,190,268,348,326,361,123.8%,64.15%,633.4%,358.8%,203.6%,1324%,405.6%,2247%,0.00%,0.00%
2018/05/31,2018/04/30,-1.57%,0.91%,0.57%,-0.06%,-1.55%,1.17%,3.82%,2.74%,2.49%,2.91%,0.44%,0.91%,-1.34%,6.51%,2.78%,6.23%,53,104,137,111,121,192,278,357,334,371,123.9%,67.00%,636.6%,363.0%,212.0%,1413%,423.0%,2400%,0.00%,0.00%
2018/06/30,2018/05/31,0.77%,-0.18%,-0.13%,-0.47%,0.53%,1.81%,0.21%,0.09%,0.25%,1.63%,4.40%,2.13%,1.32%,3.08%,0.75%,2.44%,53,103,136,110,122,195,279,357,335,377,123.3%,66.71%,669.0%,372.9%,214.4%,1450%,431.9%,2477%,0.00%,0.00%
2018/07/31,2018/06/30,-0.56%,0.51%,0.27%,-1.94%,1.11%,2.84%,3.81%,3.46%,1.59%,4.55%,4.19%,4.62%,1.19%,3.20%,3.27%,1.81%,53,104,137,108,123,201,290,370,340,394,127.1%,69.55%,701.2%,394.7%,224.7%,1478%,424.1%,2559%,0.00%,0.00%
2018/08/31,2018/07/31,-0.75%,-1.32%,1.47%,-0.39%,0.37%,2.61%,1.92%,4.59%,4.14%,4.58%,1.61%,2.82%,1.62%,6.54%,3.55%,5.70%,52,102,139,108,124,206,295,387,354,413,129.6%,72.89%,714.1%,408.7%,236.2%,1568%,435.3%,2733%,0.00%,0.00%
2018/09/30,2018/08/31,-0.59%,0.88%,-0.87%,-0.92%,0.73%,0.31%,0.74%,-1.32%,-0.25%,0.97%,1.03%,0.94%,0.56%,-0.56%,0.10%,-0.85%,52,103,138,107,125,207,297,382,353,417,132.6%,74.04%,722.5%,413.5%,236.6%,1554%,430.2%,2717%,0.00%,0.00%
2018/10/31,2018/09/30,1.06%,-0.41%,2.98%,0.82%,0.22%,-5.93%,-7.76%,-5.14%,-8.02%,-8.71%,2.47%,1.73%,2.76%,-9.17%,-7.27%,-9.69%,53,103,142,108,125,195,274,362,325,380,130.7%,69.20%,742.8%,422.3%,212.1%,1394%,417.4%,2459%,0.00%,0.00%
2018/11/30,2018/10/31,0.19%,0.59%,-3.64%,0.89%,2.09%,2.04%,2.53%,-1.69%,2.72%,3.99%,2.22%,2.38%,-0.83%,0.95%,1.99%,0.23%,53,104,136,109,127,199,281,356,334,395,135.0%,72.50%,761.4%,434.8%,218.3%,1397%,408.3%,2483%,0.00%,0.00%
2018/12/31,2018/11/30,-1.60%,0.26%,-0.57%,-0.41%,1.49%,-9.57%,-9.16%,-9.98%,-9.21%,-8.72%,4.63%,4.62%,0.62%,-10.53%,-9.28%,-11.91%,52,104,136,108,129,180,255,320,303,361,142.3%,73.97%,801.3%,459.5%,188.8%,1219%,394.9%,2211%,0.00%,0.00%
2019/01/31,2018/12/31,-0.13%,-0.13%,1.64%,1.61%,-2.44%,8.91%,8.28%,9.06%,10.46%,7.47%,-3.43%,-5.33%,-1.17%,11.75%,8.72%,13.35%,52,104,138,110,126,195,277,349,335,388,136.7%,71.47%,770.4%,429.7%,214.0%,1395%,417.8%,2483%,-3.43%,-5.33%
2019/02/28,2019/01/31,-1.03%,0.98%,0.79%,1.71%,-2.81%,2.52%,4.12%,3.75%,5.47%,1.90%,1.48%,1.34%,0.26%,6.30%,3.43%,5.90%,51,105,139,112,123,200,288,362,353,395,132.4%,70.41%,783.3%,436.8%,224.7%,1483%,430.6%,2645%,-2.00%,-4.06%
2019/03/31,2019/02/28,-0.16%,0.78%,-1.02%,-0.18%,-0.29%,2.24%,1.80%,-0.23%,2.05%,1.48%,-0.83%,-0.25%,-0.84%,-0.64%,1.41%,-0.56%,51,106,138,112,122,205,293,362,361,401,132.1%,69.10%,775.9%,435.4%,229.3%,1474%,420.1%,2628%,-2.82%,-4.31%
2019/04/30,2019/03/31,-1.07%,1.00%,1.43%,-0.33%,-2.17%,3.22%,5.13%,6.02%,3.41%,1.64%,0.99%,1.29%,-1.80%,1.94%,4.02%,1.55%,51,107,140,111,120,212,308,383,373,408,129.6%,66.43%,784.6%,442.3%,242.5%,1498%,407.3%,2681%,-1.86%,-3.07%
2019/05/31,2019/04/30,1.77%,0.24%,-0.04%,-0.98%,0.88%,-5.39%,-6.46%,-7.11%,-7.50%,-5.56%,-1.73%,-0.40%,0.30%,-8.75%,-6.47%,-8.63%,52,107,139,110,121,200,288,356,345,385,127.5%,66.14%,769.2%,440.2%,220.4%,1360%,396.3%,2437%,-3.56%,-3.45%
2019/06/30,2019/05/31,-1.21%,0.48%,-0.12%,-0.52%,-0.26%,5.90%,7.07%,6.75%,7.33%,6.88%,2.46%,2.47%,-1.47%,7.77%,6.83%,7.03%,51,107,139,109,120,212,309,380,370,412,129.7%,67.78%,790.6%,453.6%,242.2%,1463%,397.3%,2635%,-1.19%,-1.06%
2019/07/31,2019/06/30,1.48%,0.66%,1.46%,-1.03%,-1.20%,2.56%,1.73%,3.13%,0.23%,0.19%,0.86%,2.04%,-0.39%,-0.74%,1.45%,-1.35%,52,108,141,108,119,217,314,392,371,412,123.6%,63.80%,798.2%,464.8%,247.2%,1442%,383.4%,2614%,-0.34%,0.00%
2019/08/31,2019/07/31,0.17%,0.59%,1.12%,-0.88%,-0.71%,-1.76%,-2.31%,-3.55%,-1.88%,-1.27%,-0.05%,0.85%,0.01%,-4.23%,-2.11%,-4.49%,52,109,143,107,118,214,307,378,364,407,121.6%,64.61%,797.8%,469.6%,239.9%,1373%,371.9%,2500%,-0.39%,0.00%
2019/09/30,2019/08/31,-0.11%,0.49%,-0.28%,2.49%,0.56%,0.84%,2.48%,3.80%,2.54%,-0.60%,2.32%,2.09%,2.07%,2.23%,1.76%,1.61%,52,109,143,110,119,215,314,392,373,405,123.1%,62.23%,818.6%,481.5%,245.8%,1396%,371.2%,2558%,0.00%,0.00%
2019/10/31,2019/09/30,-1.31%,-0.83%,-0.06%,0.60%,0.67%,1.12%,1.13%,1.36%,3.06%,3.65%,3.22%,2.20%,-1.23%,1.20%,2.20%,0.54%,51,108,142,111,120,218,318,398,385,419,127.5%,66.34%,848.2%,494.3%,253.4%,1404%,363.4%,2590%,0.00%,0.00%
2019/11/30,2019/10/31,-1.01%,-0.26%,0.89%,-0.24%,-0.84%,3.30%,3.41%,4.03%,4.00%,3.86%,3.07%,2.21%,-0.86%,4.92%,3.75%,4.26%,50,108,144,110,119,225,329,414,400,436,127.9%,67.27%,877.4%,507.5%,266.7%,1469%,365.8%,2722%,0.00%,0.00%
2019/12/31,2019/11/30,-0.35%,-1.44%,-0.45%,1.40%,0.67%,2.05%,1.65%,2.89%,4.03%,2.97%,-3.07%,-3.83%,-1.54%,2.14%,2.79%,3.29%,50,106,143,112,119,230,334,426,416,449,130.2%,68.82%,847.4%,484.2%,276.9%,1520%,368.1%,2782%,-3.07%,-3.83%
2020/01/31,2019/12/31,-0.97%,0.52%,1.86%,-1.26%,-1.91%,0.24%,-0.84%,0.94%,-0.27%,0.20%,-4.47%,-6.61%,-1.03%,-3.84%,0.06%,-1.85%,50,107,146,111,117,230,331,430,415,449,128.1%,68.74%,805.1%,445.6%,277.2%,1490%,359.1%,2672%,-7.40%,-10.18%
2020/02/29,2020/01/31,-1.90%,-2.36%,0.14%,-0.02%,1.56%,-8.16%,-9.34%,-9.23%,-7.91%,-6.12%,0.62%,-1.55%,-0.49%,-7.71%,-8.00%,-7.24%,49,105,146,111,119,211,300,390,382,422,136.0%,72.17%,810.7%,437.1%,247.0%,1375%,362.6%,2458%,-6.82%,-11.58%
2020/03/31,2020/02/29,-5.50%,-5.80%,-0.64%,0.78%,1.01%,-14.51%,-18.87%,-16.63%,-10.39%,-9.24%,2.94%,1.48%,-1.48%,-18.98%,-13.57%,-19.42%,46,98,145,111,120,181,244,325,342,383,151.3%,81.24%,837.5%,445.1%,199.9%,1089%,335.6%,1973%,-4.08%,-10.27%
2020/04/30,2020/03/31,0.22%,-0.46%,0.03%,0.24%,0.87%,13.00%,12.64%,12.17%,14.74%,13.95%,1.84%,-0.43%,4.62%,21.67%,13.44%,21.79%,46,98,145,112,121,204,275,365,393,436,152.9%,82.96%,854.7%,442.7%,240.2%,1348%,372.0%,2422%,-2.32%,-10.66%
2020/05/31,2020/04/30,1.58%,-1.04%,-0.63%,-2.14%,-0.12%,7.18%,3.82%,4.28%,5.24%,6.79%,-0.88%,-2.29%,-0.56%,8.28%,5.40%,8.97%,47,97,144,109,121,219,285,380,414,466,148.6%,82.26%,846.3%,430.3%,258.6%,1477%,388.8%,2631%,-3.17%,-12.70%
2020/06/30,2020/05/31,-0.94%,-0.25%,1.21%,0.98%,-1.39%,1.67%,1.79%,2.77%,3.60%,2.06%,-1.78%,-4.65%,0.00%,4.96%,2.43%,6.36%,47,97,146,110,119,222,290,391,428,476,147.5%,82.97%,829.5%,405.7%,267.3%,1578%,408.0%,2766%,-4.90%,-16.76%
2020/07/31,2020/06/30,0.69%,-0.05%,-4.74%,0.60%,-1.00%,6.61%,5.44%,2.41%,7.48%,5.91%,1.11%,0.94%,2.53%,6.57%,5.73%,6.29%,47,97,139,111,118,237,306,400,461,504,143.3%,81.69%,839.8%,410.4%,288.3%,1683%,410.9%,2955%,-3.85%,-15.98%
2020/08/31,2020/07/31,-3.02%,1.92%,-2.24%,0.87%,-1.80%,5.17%,9.32%,4.45%,9.08%,7.47%,0.95%,0.29%,-5.35%,4.00%,7.38%,3.91%,46,99,136,112,116,249,335,418,502,541,146.3%,85.88%,848.7%,411.9%,317.0%,1753%,393.1%,3077%,-2.93%,-15.74%
2020/09/30,2020/08/31,0.99%,1.69%,-0.03%,-1.24%,-1.46%,-2.71%,-2.09%,-3.59%,-4.43%,-4.07%,-0.19%,-0.24%,0.84%,-3.06%,-3.61%,-2.99%,46,100,136,111,114,243,328,403,480,519,140.3%,83.35%,847.0%,410.7%,301.9%,1698%,396.2%,2979%,-3.11%,-15.94%
2020/10/31,2020/09/30,1.55%,-0.64%,1.79%,-0.01%,-0.34%,-0.71%,-1.55%,-0.78%,-1.95%,-3.86%,2.34%,2.75%,-0.72%,1.52%,-2.11%,0.69%,47,100,138,111,114,241,322,400,471,499,135.7%,77.56%,869.1%,424.7%,293.4%,1710%,410.1%,3026%,-0.85%,-13.62%
2020/11/30,2020/10/31,3.41%,0.85%,1.88%,0.79%,-2.72%,15.64%,13.77%,13.75%,12.61%,9.36%,-5.68%,-7.88%,-5.44%,13.84%,12.26%,16.20%,48,100,141,111,111,279,367,455,530,546,121.3%,66.41%,814.1%,383.4%,341.6%,2003%,430.2%,3459%,-6.48%,-20.43%
2020/12/31,2020/11/30,-0.69%,-0.25%,0.94%,0.68%,-2.62%,4.35%,5.16%,5.45%,5.94%,2.80%,-0.88%,-2.51%,-1.74%,8.40%,4.57%,9.16%,48,100,142,112,108,291,386,480,562,561,117.0%,63.84%,806.0%,371.2%,361.8%,2196%,454.5%,3758%,-7.30%,-22.43%
2021/01/31,2020/12/31,-1.26%,-1.28%,-3.45%,2.54%,-0.98%,-0.89%,-0.36%,-0.15%,2.05%,-0.95%,-9.64%,-10.30%,1.34%,8.57%,-0.12%,11.66%,47,99,137,115,107,288,384,479,573,556,117.6%,63.73%,718.7%,322.7%,361.3%,2463%,519.8%,4088%,-16.24%,-30.41%
