Date,fdate,AUE_AR_1,AUE_AR_2,AUE_AR_3,AUE_AR_4,AUE_AR_5,AUE_TR_1,AUE_TR_2,AUE_TR_3,AUE_TR_4,AUE_TR_5,AUE_AR_Sig,AUE_TR_Sig,AUE_AR_130,AUE_TR_130,AUE_TR_BP,AUE_TR_LO,AUE_CAR_1,AUE_CAR_2,AUE_CAR_3,AUE_CAR_4,AUE_CAR_5,AUE_CTR_1,AUE_CTR_2,AUE_CTR_3,AUE_CTR_4,AUE_CTR_5,AUE_CAR_LS,AUE_CTR_LS,AUE_CAR_SW,AUE_CTR_SW,AUE_CTR_BP,AUE_CTR_LO,AUE_CXR_LO,AUE_CTR_13,AUE_CADD,AUE_CTDD
2001/02/28,2001/01/31,1.63%,3.16%,-1.51%,2.34%,1.56%,-14.85%,-13.61%,-4.29%,-5.70%,-6.55%,2.42%,7.19%,13.92%,-1.74%,-9.48%,-3.90%,102,103,98,102,102,85,86,96,94,93,-0.07%,8.30%,2.42%,7.19%,-9.48%,-3.90%,5.58%,-1.74%,0.00%,0.00%
2001/03/31,2001/02/28,-0.67%,1.61%,-0.06%,-0.78%,0.38%,-10.80%,-7.21%,-4.82%,-6.48%,-3.75%,2.24%,4.23%,4.65%,-3.76%,-6.73%,-5.03%,101,105,98,102,102,76,80,91,88,90,0.99%,15.94%,4.72%,11.72%,-15.57%,-8.73%,7.38%,-5.43%,0.00%,0.00%
2001/04/30,2001/03/31,0.69%,-0.26%,-1.48%,0.50%,-0.53%,11.30%,10.11%,5.04%,7.48%,5.67%,0.28%,-1.73%,-3.17%,7.09%,8.26%,7.61%,102,105,97,102,101,85,88,96,95,95,-0.24%,9.41%,5.01%,9.79%,-8.60%,-1.78%,6.69%,1.28%,0.00%,-1.73%
2001/05/31,2001/04/30,0.01%,-1.03%,0.81%,-0.21%,-0.25%,0.26%,0.07%,3.40%,1.46%,0.79%,-0.59%,0.52%,4.49%,7.69%,1.01%,7.54%,102,103,98,102,101,85,88,99,96,96,-0.51%,10.00%,4.39%,10.36%,-7.68%,5.63%,13.65%,9.07%,-0.59%,-1.22%
2001/06/30,2001/05/31,1.18%,1.33%,2.90%,0.06%,-0.27%,-0.58%,-0.93%,0.34%,-3.20%,-2.56%,2.33%,2.18%,-1.25%,3.04%,-1.54%,2.39%,103,105,101,102,101,84,88,99,93,93,-1.95%,7.82%,6.83%,12.76%,-9.10%,8.15%,18.12%,12.39%,0.00%,0.00%
2001/07/31,2001/06/30,-1.64%,-0.57%,-0.72%,-1.50%,2.93%,-5.47%,-3.30%,-0.40%,-1.09%,2.61%,2.84%,4.15%,6.14%,-0.50%,-1.79%,-1.75%,101,104,100,100,104,80,85,99,92,96,2.54%,16.53%,9.86%,17.44%,-10.73%,6.26%,18.17%,11.82%,0.00%,0.00%
2001/08/31,2001/07/31,0.03%,1.57%,1.20%,0.00%,0.22%,-7.71%,-6.30%,-4.41%,-6.11%,-4.80%,3.35%,4.06%,4.25%,-0.32%,-5.97%,-1.53%,101,106,101,100,104,74,79,95,86,91,2.74%,19.92%,13.53%,22.21%,-16.06%,4.63%,23.41%,11.47%,0.00%,0.00%
2001/09/30,2001/08/31,-3.54%,-3.37%,2.88%,1.21%,-0.18%,-13.66%,-13.51%,-6.22%,-4.88%,-6.66%,4.58%,3.95%,7.14%,-10.58%,-8.92%,-11.77%,98,102,104,102,104,63,69,89,82,85,6.18%,28.31%,18.73%,27.05%,-23.54%,-7.68%,19.90%,-0.32%,0.00%,0.00%
2001/10/31,2001/09/30,3.68%,1.49%,-0.29%,3.33%,1.53%,7.70%,4.05%,-1.31%,1.62%,1.62%,1.72%,-1.25%,-1.62%,9.11%,2.68%,9.48%,101,104,104,105,105,68,71,87,84,86,3.90%,20.51%,20.77%,25.45%,-21.50%,1.07%,28.06%,8.75%,0.00%,-1.25%
2001/11/30,2001/10/31,0.87%,0.59%,-1.56%,-0.86%,-1.31%,10.08%,9.50%,6.65%,6.68%,5.31%,-1.61%,-0.34%,-1.39%,8.51%,7.75%,8.61%,102,104,102,104,104,75,78,93,89,91,1.62%,14.75%,18.82%,25.03%,-15.41%,9.77%,29.16%,18.00%,-1.61%,-1.59%
2001/12/31,2001/11/30,-0.26%,-0.55%,0.86%,1.00%,1.22%,1.24%,1.62%,2.43%,1.52%,2.18%,-1.39%,-1.73%,-0.07%,5.44%,1.71%,5.96%,102,104,103,105,105,76,79,96,91,93,3.12%,15.84%,17.17%,22.87%,-13.96%,16.32%,34.64%,24.43%,-2.99%,-3.29%
2002/01/31,2001/12/31,0.04%,0.58%,-1.20%,-0.64%,1.37%,-2.43%,-0.83%,-1.10%,-1.41%,-0.29%,2.32%,3.19%,5.68%,5.26%,-1.25%,4.31%,102,104,102,104,107,74,79,94,89,93,4.49%,18.31%,19.88%,26.79%,-15.04%,21.32%,42.13%,30.97%,-0.73%,-0.20%
2002/02/28,2002/01/31,-1.97%,-0.94%,0.41%,1.17%,2.82%,-5.61%,-3.83%,-1.26%,0.00%,0.37%,2.65%,2.47%,1.95%,-2.99%,-2.10%,-3.73%,100,104,102,106,110,70,76,93,89,93,9.49%,25.39%,23.07%,29.92%,-16.83%,16.80%,39.82%,27.06%,0.00%,0.00%
2002/03/31,2002/02/28,1.43%,0.89%,-0.08%,0.00%,1.23%,5.23%,5.80%,5.29%,2.46%,4.04%,0.31%,0.33%,1.03%,8.84%,4.42%,8.74%,101,104,102,106,111,74,80,98,91,97,9.28%,23.89%,23.45%,30.35%,-13.15%,27.01%,45.86%,38.29%,0.00%,0.00%
2002/04/30,2002/03/31,1.02%,-1.02%,0.28%,-0.23%,1.15%,-6.05%,-6.22%,-3.59%,-4.78%,-3.19%,4.27%,5.72%,5.31%,4.51%,-5.00%,2.79%,102,103,102,105,112,69,75,95,87,94,9.42%,27.44%,28.72%,37.81%,-17.49%,30.55%,57.22%,44.53%,0.00%,0.00%
2002/05/31,2002/04/30,-0.20%,0.62%,-0.41%,-1.38%,-0.86%,-1.78%,-1.00%,-1.16%,-0.99%,-1.19%,1.86%,1.97%,3.20%,-1.22%,-1.20%,-1.81%,102,104,102,104,111,68,74,94,86,93,8.69%,28.18%,31.12%,40.52%,-18.48%,28.19%,56.26%,42.76%,0.00%,0.00%
2002/06/30,2002/05/31,2.61%,-2.66%,-2.02%,0.91%,3.20%,-5.30%,-10.48%,-8.06%,-6.54%,-2.80%,2.86%,2.42%,-0.62%,-5.54%,-6.92%,-6.26%,105,101,100,105,115,65,67,86,81,90,9.33%,31.39%,34.87%,43.92%,-24.12%,20.16%,57.29%,34.86%,0.00%,0.00%
2002/07/31,2002/06/30,-1.61%,-1.35%,3.85%,1.65%,-4.69%,-10.09%,-9.88%,-4.85%,-5.41%,-10.12%,0.48%,-0.33%,0.76%,-12.56%,-7.99%,-12.46%,103,100,104,107,110,58,60,82,76,81,5.97%,31.35%,35.51%,43.45%,-30.19%,5.19%,50.27%,17.93%,0.00%,-0.33%
2002/08/31,2002/07/31,-0.66%,-0.82%,-0.77%,-1.62%,0.38%,0.10%,0.31%,0.78%,0.62%,1.81%,0.69%,1.17%,2.08%,0.57%,0.64%,0.22%,102,99,103,105,110,58,60,83,77,82,7.07%,33.60%,36.45%,45.12%,-29.74%,5.43%,49.64%,18.60%,0.00%,0.00%
2002/09/30,2002/08/31,0.45%,1.79%,-4.72%,-1.91%,-0.04%,-10.64%,-9.17%,-12.16%,-10.66%,-7.58%,2.30%,1.84%,3.02%,-7.54%,-10.13%,-8.09%,103,101,98,103,110,52,55,73,69,76,6.54%,37.69%,39.59%,47.80%,-36.86%,-3.11%,52.68%,9.66%,0.00%,0.00%
2002/10/31,2002/09/30,-0.31%,3.40%,4.98%,-1.19%,1.66%,7.51%,10.43%,10.38%,4.59%,7.16%,0.16%,0.97%,-1.77%,5.48%,7.77%,5.19%,103,104,103,102,112,56,60,80,72,82,8.64%,37.21%,39.81%,49.23%,-31.95%,1.92%,48.75%,15.67%,0.00%,0.00%
2002/11/30,2002/10/31,-0.25%,-0.11%,0.56%,0.72%,-2.66%,8.30%,7.89%,5.47%,4.59%,2.99%,-4.18%,-2.46%,-3.54%,11.63%,6.03%,12.36%,102,104,103,102,109,60,65,84,75,84,6.03%,29.92%,33.97%,45.57%,-27.85%,14.52%,58.18%,29.12%,-4.18%,-2.46%
2002/12/31,2002/11/30,-0.44%,-0.67%,1.35%,-0.35%,1.03%,-7.74%,-7.31%,-3.50%,-4.35%,-3.58%,2.42%,1.93%,4.32%,-3.73%,-5.58%,-4.31%,102,103,105,102,110,56,60,81,72,81,7.59%,35.33%,37.21%,48.38%,-31.88%,9.59%,60.19%,24.30%,-1.86%,-0.57%
2003/01/31,2002/12/31,-0.37%,-0.33%,0.49%,0.87%,-0.85%,-3.00%,-3.17%,-1.84%,-1.86%,-2.94%,0.84%,1.34%,2.67%,1.85%,-2.56%,1.45%,101,103,105,103,109,54,58,80,70,79,7.07%,35.41%,38.35%,50.37%,-33.63%,11.17%,66.61%,26.60%,-1.04%,0.00%
2003/02/28,2003/01/31,-0.56%,0.40%,0.35%,0.08%,0.90%,-2.63%,-1.91%,-1.31%,-1.93%,-0.74%,1.00%,1.09%,-0.03%,-2.48%,-1.81%,-2.81%,101,104,106,103,110,53,57,79,69,78,8.63%,37.96%,39.74%,52.01%,-34.83%,8.06%,64.95%,23.46%,-0.05%,0.00%
2003/03/31,2003/02/28,0.81%,-0.46%,0.22%,1.98%,2.32%,1.36%,0.26%,0.35%,1.86%,2.30%,1.56%,2.25%,1.58%,3.86%,1.22%,3.18%,102,103,106,105,113,53,57,79,70,80,10.27%,39.26%,41.92%,55.43%,-34.03%,11.49%,68.18%,28.22%,0.00%,0.00%
2003/04/30,2003/03/31,-0.41%,-1.02%,0.33%,1.20%,-0.98%,9.02%,9.33%,7.14%,8.91%,5.35%,-0.67%,-0.76%,-0.82%,10.02%,8.22%,10.25%,101,102,106,106,111,58,63,85,77,84,9.64%,34.15%,40.96%,54.25%,-28.61%,22.91%,71.59%,41.07%,-0.67%,-0.76%
2003/05/31,2003/04/30,-3.20%,-0.07%,3.11%,-0.51%,0.41%,5.87%,8.08%,7.51%,4.56%,5.16%,-2.17%,-2.08%,0.84%,14.20%,6.23%,14.83%,98,102,110,106,112,62,68,91,80,89,13.59%,33.20%,37.90%,51.04%,-24.16%,41.14%,86.34%,61.10%,-2.83%,-2.83%
2003/06/30,2003/05/31,-1.23%,-1.54%,1.69%,0.42%,1.23%,0.65%,0.23%,2.83%,1.86%,2.76%,3.36%,4.20%,5.36%,10.16%,1.49%,8.90%,97,100,112,106,113,62,68,94,82,91,16.38%,36.01%,42.53%,57.38%,-23.03%,53.70%,100.2%,77.47%,0.00%,0.00%
2003/07/31,2003/06/30,2.01%,0.55%,-0.22%,0.45%,-0.26%,4.80%,2.72%,0.51%,1.89%,1.82%,3.06%,3.22%,3.67%,10.91%,2.46%,9.94%,99,101,111,107,113,65,70,94,83,93,13.73%,31.96%,46.89%,62.45%,-21.14%,68.98%,115.1%,96.82%,0.00%,0.00%
2003/08/31,2003/07/31,0.01%,1.18%,-1.01%,-2.21%,1.91%,2.88%,3.86%,1.20%,0.27%,4.46%,0.20%,0.53%,0.36%,5.66%,2.35%,5.50%,99,102,110,104,115,67,73,95,83,97,15.90%,34.04%,47.18%,63.31%,-19.28%,78.27%,121.9%,108.0%,0.00%,0.00%
2003/09/30,2003/08/31,-0.60%,-0.56%,-0.16%,1.32%,-0.70%,-1.45%,-1.66%,-1.18%,0.27%,-1.48%,1.28%,1.59%,4.43%,4.98%,-1.08%,4.51%,98,102,110,106,114,66,71,94,84,95,15.79%,34.00%,49.07%,65.90%,-20.15%,86.31%,134.3%,118.3%,0.00%,0.00%
2003/10/31,2003/09/30,1.37%,1.70%,-1.00%,-0.79%,0.17%,6.41%,6.97%,5.29%,5.68%,5.18%,1.55%,2.73%,3.07%,10.89%,6.06%,10.07%,100,103,109,105,115,70,76,99,88,100,14.39%,32.35%,51.39%,70.43%,-15.32%,105.1%,143.7%,142.1%,0.00%,0.00%
2003/11/30,2003/10/31,0.00%,0.99%,-0.87%,-0.71%,-0.34%,1.54%,2.19%,1.14%,0.92%,1.21%,2.33%,2.92%,3.11%,6.52%,1.47%,5.64%,100,104,108,104,114,71,78,100,89,101,14.00%,31.93%,54.91%,75.42%,-14.07%,116.6%,153.9%,157.9%,0.00%,0.00%
2003/12/31,2003/11/30,-0.30%,-1.32%,0.53%,-0.43%,0.05%,4.77%,4.13%,4.73%,4.56%,3.67%,0.44%,-0.41%,-0.40%,3.19%,4.39%,3.32%,99,103,109,104,114,75,81,105,93,105,14.40%,30.48%,55.59%,74.70%,-10.30%,123.8%,151.1%,166.1%,0.00%,-0.41%
2004/01/31,2003/12/31,-0.19%,-0.24%,0.13%,0.63%,-0.99%,2.30%,1.85%,2.31%,3.11%,1.49%,-0.51%,0.88%,3.99%,9.58%,2.25%,9.32%,99,103,109,104,113,76,83,108,96,107,13.49%,29.42%,54.79%,76.23%,-8.28%,144.7%,168.9%,191.6%,-0.51%,0.00%
2004/02/29,2004/01/31,-1.02%,-0.32%,0.52%,-0.97%,2.25%,0.40%,1.34%,1.95%,0.78%,3.48%,1.72%,3.52%,1.62%,4.67%,1.48%,3.61%,98,102,109,103,116,77,84,110,97,110,17.20%,33.40%,57.45%,82.44%,-6.92%,153.5%,174.6%,205.2%,0.00%,0.00%
2004/03/31,2004/02/29,0.01%,0.27%,0.54%,-1.34%,-0.00%,-0.95%,-0.95%,-0.45%,-2.30%,-0.90%,1.18%,1.54%,0.60%,1.62%,-1.09%,1.16%,98,103,110,102,116,76,83,109,95,109,17.18%,33.46%,59.30%,85.26%,-7.94%,156.5%,180.8%,210.2%,0.00%,0.00%
2004/04/30,2004/03/31,-1.02%,-2.42%,-0.27%,-0.55%,3.30%,-1.86%,-3.54%,-2.48%,-1.88%,0.54%,4.36%,2.52%,3.88%,-0.74%,-2.03%,-1.50%,97,100,110,101,119,74,80,106,93,110,22.24%,36.66%,66.25%,89.92%,-9.81%,152.6%,182.3%,207.9%,0.00%,0.00%
2004/05/31,2004/04/30,1.17%,-0.10%,0.06%,0.74%,-0.90%,2.19%,1.10%,1.16%,1.71%,0.27%,-0.94%,-0.25%,-1.49%,-0.32%,1.34%,-0.25%,98,100,110,102,118,76,81,108,94,110,19.70%,34.03%,64.69%,89.44%,-8.61%,152.0%,177.8%,206.9%,-0.94%,-0.25%
2004/06/30,2004/05/31,0.69%,-0.61%,0.28%,0.09%,-0.38%,2.73%,1.68%,1.95%,1.74%,1.72%,0.10%,1.15%,-1.19%,3.65%,1.96%,3.30%,99,99,110,102,118,78,82,110,96,112,18.43%,32.67%,64.85%,91.62%,-6.81%,160.3%,181.6%,218.1%,-0.84%,0.00%
2004/07/31,2004/06/30,-0.71%,0.04%,0.38%,-0.33%,0.58%,-5.78%,-4.18%,-2.99%,-3.14%,-2.76%,1.84%,1.68%,-0.86%,-6.17%,-3.87%,-6.67%,98,99,110,102,119,74,79,107,93,109,19.96%,36.68%,67.89%,94.84%,-10.42%,142.9%,173.7%,198.5%,0.00%,0.00%
2004/08/31,2004/07/31,-0.46%,-0.67%,2.27%,0.11%,-0.21%,-0.59%,-0.50%,2.47%,0.63%,-0.26%,-0.54%,-0.71%,-1.97%,-2.90%,0.29%,-2.69%,98,99,113,102,118,73,79,109,94,109,20.26%,37.14%,66.98%,93.47%,-10.15%,136.4%,165.5%,189.8%,-0.54%,-0.71%
2004/09/30,2004/08/31,-0.35%,0.80%,-1.28%,-0.12%,1.09%,1.48%,2.65%,0.21%,1.03%,3.30%,-0.05%,1.37%,0.56%,5.46%,1.66%,5.05%,97,100,111,102,120,74,81,109,95,112,21.99%,39.63%,66.90%,96.11%,-8.67%,148.3%,174.5%,205.6%,-0.59%,0.00%
2004/10/31,2004/09/30,-0.11%,0.83%,0.05%,-0.90%,0.11%,1.75%,2.56%,1.21%,0.72%,1.20%,-0.68%,-1.36%,-0.40%,0.91%,1.55%,1.31%,97,100,111,101,120,76,83,111,95,114,22.26%,38.86%,65.76%,93.44%,-7.25%,151.6%,173.8%,208.4%,-1.27%,-1.36%
2004/11/30,2004/10/31,0.53%,-1.34%,0.17%,-0.82%,1.96%,5.42%,4.03%,3.99%,3.68%,6.72%,0.20%,1.80%,1.36%,11.09%,4.65%,10.55%,98,99,112,100,122,80,86,115,99,121,24.01%,40.67%,66.09%,96.93%,-2.94%,178.1%,190.0%,242.6%,-1.07%,0.00%
2004/12/31,2004/11/30,-0.36%,-0.18%,-0.60%,1.18%,0.24%,3.69%,3.76%,2.59%,4.91%,2.96%,0.83%,0.14%,3.49%,7.46%,3.62%,7.42%,97,99,111,101,122,83,89,118,104,125,24.75%,39.64%,67.47%,97.20%,0.58%,198.8%,201.0%,268.1%,-0.25%,0.00%
2005/01/31,2004/12/31,-0.20%,0.72%,-1.54%,-0.51%,1.94%,-4.15%,-2.44%,-3.42%,-3.15%,0.34%,0.78%,1.72%,1.20%,-2.37%,-2.69%,-2.88%,97,100,109,101,125,79,87,114,100,125,27.42%,45.91%,68.77%,100.6%,-2.13%,190.1%,200.4%,259.4%,0.00%,0.00%
2005/02/28,2005/01/31,-0.64%,0.31%,-0.84%,-0.73%,3.43%,0.69%,2.12%,1.12%,1.21%,5.87%,-0.77%,-0.03%,-1.03%,1.01%,2.06%,1.01%,97,100,108,100,129,80,89,115,101,133,32.61%,53.47%,67.46%,100.6%,-0.11%,193.1%,197.3%,263.0%,-0.77%,-0.03%
2005/03/31,2005/02/28,0.10%,0.56%,-0.77%,0.69%,-1.17%,-2.40%,-1.58%,-1.80%,-0.95%,-2.10%,0.88%,1.71%,0.34%,-1.41%,-1.73%,-1.92%,97,100,107,101,128,78,88,113,101,130,30.91%,53.93%,68.94%,104.0%,-1.84%,187.4%,196.7%,257.9%,0.00%,0.00%
2005/04/30,2005/03/31,0.39%,0.50%,0.72%,1.50%,-2.15%,-2.94%,-2.53%,-1.22%,-0.54%,-4.31%,0.44%,0.30%,0.45%,-5.87%,-2.23%,-5.96%,97,101,108,102,125,76,85,112,100,124,27.59%,51.83%,69.68%,104.6%,-4.03%,170.3%,185.6%,236.9%,0.00%,0.00%
2005/05/31,2005/04/30,0.68%,-0.70%,0.38%,0.07%,-0.20%,5.32%,3.59%,3.51%,3.74%,3.29%,-0.20%,0.02%,-1.77%,5.11%,3.88%,5.11%,98,100,109,102,125,80,88,116,104,129,26.47%,48.76%,69.34%,104.6%,-0.31%,184.1%,189.1%,254.1%,-0.20%,0.00%
2005/06/30,2005/05/31,-0.89%,-0.22%,0.47%,-0.13%,0.52%,-0.14%,1.00%,0.90%,0.65%,2.08%,-0.79%,-0.50%,-0.72%,3.27%,0.85%,3.42%,97,100,109,102,125,79,89,117,104,131,28.25%,52.06%,68.00%,103.6%,0.54%,193.9%,196.6%,265.7%,-0.99%,-0.50%
2005/07/31,2005/06/30,0.54%,0.22%,-0.18%,-0.05%,-0.33%,5.75%,4.76%,3.14%,3.78%,3.40%,-0.04%,-0.36%,-0.39%,6.58%,4.20%,6.69%,97,100,109,102,125,84,94,121,108,136,27.13%,48.49%,67.92%,102.9%,4.76%,213.5%,204.0%,289.8%,-1.03%,-0.86%
2005/08/31,2005/07/31,0.32%,-0.37%,-0.65%,0.93%,0.14%,-1.36%,-1.37%,-1.57%,-0.31%,-0.19%,0.30%,1.07%,0.84%,-0.26%,-1.01%,-0.58%,98,100,108,103,125,83,92,119,108,135,26.90%,50.22%,68.42%,105.0%,3.70%,211.7%,205.3%,288.8%,-0.74%,0.00%
2005/09/30,2005/08/31,0.75%,0.73%,-0.44%,-0.30%,0.77%,0.92%,1.15%,-0.11%,-0.05%,2.12%,0.02%,0.41%,1.33%,1.33%,0.77%,1.20%,98,101,108,103,126,84,93,119,108,138,26.93%,52.02%,68.45%,105.9%,4.50%,215.5%,206.6%,294.0%,-0.72%,0.00%
2005/10/31,2005/09/30,0.69%,-0.74%,1.08%,0.37%,-1.86%,-1.44%,-2.39%,-0.43%,-1.32%,-3.45%,1.22%,1.10%,-0.06%,-2.65%,-1.76%,-2.99%,99,100,109,103,124,82,91,118,107,134,23.70%,48.96%,70.50%,108.2%,2.66%,206.0%,202.9%,283.5%,0.00%,0.00%
2005/11/30,2005/10/31,0.18%,-0.20%,1.98%,0.03%,-1.36%,4.59%,3.54%,5.07%,3.91%,2.14%,0.01%,0.49%,-0.76%,4.38%,3.93%,4.23%,99,100,111,103,122,86,94,124,111,136,21.80%,45.31%,70.51%,109.2%,6.69%,219.0%,203.8%,300.3%,0.00%,0.00%
2005/12/31,2005/11/30,-0.31%,-0.01%,0.28%,0.77%,-0.45%,-0.47%,-0.04%,0.26%,0.74%,-0.24%,1.02%,1.09%,2.18%,1.91%,0.04%,1.58%,99,100,111,104,121,86,94,124,112,136,21.63%,45.64%,72.26%,111.4%,6.73%,224.1%,208.5%,307.9%,0.00%,0.00%
2006/01/31,2005/12/31,-0.84%,0.77%,-1.68%,0.21%,0.55%,2.79%,4.95%,1.14%,4.42%,4.42%,-0.44%,-0.28%,-0.95%,8.36%,3.44%,8.44%,98,100,110,104,122,88,99,126,116,142,23.32%,48.02%,71.51%,110.9%,10.40%,251.4%,223.9%,342.0%,-0.44%,-0.28%
2006/02/28,2006/01/31,-0.89%,0.68%,0.90%,0.70%,-1.48%,-0.72%,0.75%,1.25%,0.71%,-1.71%,0.95%,0.74%,1.27%,1.08%,0.09%,0.86%,97,101,111,105,120,88,100,127,117,140,22.59%,46.56%,73.13%,112.4%,10.50%,254.4%,226.4%,346.8%,0.00%,0.00%
2006/03/31,2006/02/28,0.53%,-0.43%,-1.20%,-0.73%,0.81%,2.30%,2.21%,0.16%,1.78%,3.11%,0.92%,1.17%,-0.04%,5.70%,1.90%,5.35%,98,101,109,104,121,90,102,128,119,144,22.95%,47.75%,74.73%,114.9%,12.59%,273.4%,237.7%,372.3%,0.00%,0.00%
2006/04/30,2006/03/31,-0.35%,-0.78%,1.91%,-0.08%,-0.97%,-0.04%,0.70%,3.10%,0.87%,0.52%,2.34%,1.87%,2.41%,2.34%,0.99%,1.78%,97,100,111,104,120,90,103,131,120,145,22.19%,48.58%,78.82%,118.9%,13.71%,280.1%,240.4%,383.4%,0.00%,0.00%
2006/05/31,2006/04/30,0.14%,-0.06%,-1.60%,0.71%,0.35%,-3.96%,-2.73%,-3.38%,-2.80%,-2.45%,1.96%,1.47%,1.31%,-3.98%,-3.11%,-4.42%,98,100,109,105,120,86,100,127,117,141,22.44%,50.83%,82.33%,122.1%,10.17%,263.3%,235.9%,364.2%,0.00%,0.00%
2006/06/30,2006/05/31,0.06%,-0.10%,-0.36%,0.32%,0.83%,-0.23%,0.10%,-0.31%,0.19%,1.40%,0.63%,0.78%,-0.30%,-0.25%,0.19%,-0.49%,98,100,109,105,121,86,100,127,117,143,23.39%,53.28%,83.47%,123.9%,10.39%,261.5%,233.7%,363.0%,0.00%,0.00%
2006/07/31,2006/06/30,-0.90%,-1.00%,1.45%,-0.72%,2.37%,-2.50%,-0.87%,1.72%,-1.38%,2.35%,1.08%,1.22%,0.23%,-2.83%,-0.28%,-3.20%,97,99,111,104,124,84,99,129,116,147,27.42%,60.72%,85.46%,126.6%,10.08%,250.0%,223.9%,349.9%,0.00%,0.00%
2006/08/31,2006/07/31,0.85%,-0.07%,0.11%,-0.47%,-0.09%,4.24%,2.19%,2.04%,2.54%,1.09%,-1.91%,-2.08%,-2.86%,0.33%,2.48%,0.96%,98,99,111,104,124,87,101,131,119,148,26.23%,55.66%,81.93%,121.9%,12.81%,253.3%,219.0%,351.4%,-1.91%,-2.08%
2006/09/30,2006/08/31,0.72%,0.41%,-0.11%,1.25%,-2.67%,2.88%,2.42%,2.35%,3.61%,-0.56%,0.55%,0.97%,0.07%,1.78%,2.24%,1.49%,98,99,111,105,121,90,104,135,123,147,21.95%,50.31%,82.93%,124.0%,15.33%,258.6%,216.6%,359.4%,-1.36%,-1.12%
2006/10/31,2006/09/30,-0.32%,1.60%,-1.48%,-0.76%,0.69%,3.74%,5.45%,1.64%,3.24%,4.07%,-1.29%,-1.74%,-1.50%,3.66%,3.69%,4.19%,98,101,109,104,122,93,109,137,127,153,23.19%,50.80%,80.58%,120.1%,19.59%,273.6%,218.2%,376.3%,-2.63%,-2.85%
2006/11/30,2006/10/31,0.38%,0.37%,-1.10%,-1.35%,1.38%,2.61%,2.81%,0.72%,1.03%,3.46%,-0.03%,-0.10%,-0.57%,2.42%,2.16%,2.45%,98,101,108,103,123,95,112,138,128,159,24.42%,52.08%,80.53%,119.9%,22.17%,282.7%,219.1%,387.8%,-2.66%,-2.94%
2006/12/31,2006/11/30,0.61%,-0.20%,0.01%,-0.25%,-1.51%,0.97%,1.15%,1.88%,0.95%,1.07%,0.12%,0.62%,0.11%,1.90%,1.18%,1.72%,99,101,108,103,122,96,114,140,129,160,21.78%,52.23%,80.75%,121.3%,23.61%,289.3%,220.8%,397.1%,-2.54%,-2.34%
2007/01/31,2006/12/31,-0.21%,0.96%,-0.80%,1.54%,-0.58%,1.89%,2.74%,0.78%,3.45%,0.95%,2.37%,2.51%,3.06%,5.18%,2.01%,4.43%,99,102,107,104,121,98,117,141,134,162,21.34%,50.80%,85.04%,126.8%,26.09%,306.6%,228.6%,422.8%,-0.23%,0.00%
2007/02/28,2007/01/31,0.14%,-1.14%,-0.10%,0.75%,-0.03%,-1.25%,-2.12%,-2.06%,-0.99%,-1.53%,0.42%,0.41%,1.35%,0.89%,-1.63%,0.77%,99,101,107,105,121,97,114,138,132,159,21.12%,50.37%,85.81%,127.8%,24.04%,309.7%,236.5%,427.5%,0.00%,0.00%
2007/03/31,2007/02/28,0.03%,-0.82%,-0.49%,-0.66%,1.99%,1.53%,0.26%,-0.10%,0.63%,3.57%,0.84%,0.81%,0.04%,1.17%,1.00%,0.92%,99,100,106,104,123,98,115,138,133,165,23.50%,53.44%,87.36%,129.6%,25.28%,313.5%,236.2%,433.7%,0.00%,0.00%
2007/04/30,2007/03/31,-0.91%,0.82%,-0.71%,0.49%,1.00%,3.36%,4.33%,3.48%,4.37%,3.61%,0.59%,0.64%,1.34%,3.21%,3.86%,3.02%,98,101,106,105,124,102,120,143,139,171,25.87%,53.82%,88.47%,131.1%,30.12%,325.9%,233.4%,450.8%,0.00%,0.00%
2007/05/31,2007/04/30,-0.19%,-0.64%,-0.98%,0.31%,1.38%,3.62%,3.10%,2.53%,3.95%,4.84%,0.57%,0.53%,-0.99%,2.99%,3.54%,2.83%,98,100,105,105,126,105,123,147,145,179,27.84%,55.70%,89.54%,132.3%,34.73%,338.0%,231.0%,467.2%,0.00%,0.00%
2007/06/30,2007/05/31,0.19%,-0.72%,-1.39%,-0.05%,1.57%,-0.74%,-2.17%,-3.47%,-1.59%,-0.59%,0.53%,0.34%,0.84%,-0.47%,-1.77%,-0.57%,98,99,103,105,128,105,121,142,142,178,29.60%,55.93%,90.55%,133.1%,32.35%,335.5%,234.9%,464.6%,0.00%,0.00%
2007/07/31,2007/06/30,-1.08%,0.22%,-0.31%,0.50%,2.22%,-3.47%,-3.92%,-5.24%,-2.57%,-1.98%,1.11%,0.94%,2.16%,-3.91%,-3.46%,-4.20%,97,99,103,106,131,101,116,134,139,175,33.88%,58.25%,92.67%,135.3%,27.77%,317.2%,232.5%,442.5%,0.00%,0.00%
2007/08/31,2007/07/31,-0.46%,-0.09%,2.28%,-0.58%,0.17%,1.50%,1.28%,3.09%,0.72%,1.06%,-1.64%,-1.70%,-4.59%,-3.78%,1.50%,-3.27%,97,99,105,105,131,103,117,138,140,177,34.72%,57.54%,89.51%,131.3%,29.69%,303.6%,216.6%,422.0%,-1.64%,-1.70%
2007/09/30,2007/08/31,1.14%,1.07%,-0.85%,-2.19%,-0.84%,4.75%,4.18%,1.98%,2.85%,3.82%,-2.17%,-2.34%,-2.40%,-0.87%,3.55%,-0.17%,98,100,104,103,130,107,122,141,144,183,32.05%,56.09%,85.40%,125.9%,34.30%,302.9%,204.8%,417.4%,-3.78%,-4.01%
2007/10/31,2007/09/30,-1.04%,1.83%,-1.21%,0.16%,-1.37%,2.02%,4.03%,-0.56%,2.50%,1.85%,1.53%,0.47%,0.51%,1.58%,2.05%,1.44%,97,102,103,103,128,110,127,140,147,187,31.61%,55.83%,88.23%,126.9%,37.05%,308.7%,203.0%,425.6%,-2.30%,-3.55%
2007/11/30,2007/10/31,-1.04%,-0.51%,-1.04%,1.92%,1.97%,-5.78%,-5.28%,-5.35%,-2.94%,-2.53%,0.26%,-0.07%,-2.25%,-9.63%,-4.49%,-9.61%,96,102,102,105,131,103,121,133,143,182,35.57%,60.89%,88.72%,126.8%,30.89%,269.4%,187.5%,375.0%,-2.05%,-3.62%
2007/12/31,2007/11/30,-1.07%,1.21%,-1.94%,-1.13%,-0.26%,-1.47%,1.12%,-2.97%,-1.97%,1.92%,1.11%,0.93%,0.11%,-0.39%,-0.68%,-0.67%,95,103,100,104,131,102,122,129,140,185,36.66%,66.35%,90.81%,128.9%,30.00%,266.9%,187.5%,373.1%,-0.97%,-2.72%
2008/01/31,2007/12/31,0.12%,1.97%,2.12%,-1.67%,1.71%,-7.88%,-5.99%,-3.17%,-6.75%,-6.17%,1.32%,1.39%,1.68%,-4.15%,-5.98%,-4.57%,95,105,102,102,133,94,115,125,131,174,38.82%,69.21%,93.32%,132.1%,22.22%,250.2%,191.6%,353.5%,0.00%,-1.37%
2008/02/29,2008/01/31,0.54%,-0.44%,-1.24%,0.61%,-0.46%,-2.45%,-3.36%,-5.91%,-2.03%,-0.96%,1.56%,1.40%,1.99%,-1.41%,-3.00%,-1.83%,95,105,101,103,132,91,111,117,128,172,37.44%,71.72%,96.34%,135.3%,18.56%,243.8%,195.0%,347.1%,0.00%,0.00%
2008/03/31,2008/02/29,1.19%,-0.30%,1.07%,1.42%,-4.57%,0.44%,-0.51%,-0.83%,0.44%,-3.35%,-0.17%,0.16%,-3.38%,-2.82%,-0.63%,-2.87%,96,104,102,104,126,92,110,116,129,167,29.52%,65.21%,96.01%,135.7%,17.81%,233.9%,188.4%,334.5%,-0.17%,0.00%
2008/04/30,2008/03/31,-1.03%,1.29%,0.30%,-2.73%,3.55%,3.58%,6.06%,5.50%,1.88%,6.91%,-1.03%,-1.85%,-1.62%,0.83%,4.79%,1.38%,95,106,102,101,131,95,117,123,131,178,35.45%,70.71%,93.98%,131.4%,23.46%,238.5%,178.5%,338.1%,-1.20%,-1.85%
2008/05/31,2008/04/30,-1.12%,-0.06%,-1.22%,-0.19%,0.40%,2.20%,2.94%,-0.25%,1.68%,3.16%,1.57%,1.02%,1.16%,5.06%,1.98%,4.76%,94,105,101,101,131,97,120,123,133,184,37.51%,72.35%,97.03%,133.7%,25.90%,254.6%,186.3%,360.2%,0.00%,-0.85%
2008/06/30,2008/05/31,-3.67%,-0.06%,-0.72%,-0.63%,-0.27%,-10.29%,-7.18%,-11.61%,-8.37%,-5.12%,1.27%,0.79%,-0.39%,-8.68%,-8.40%,-8.91%,91,105,100,100,131,87,112,108,122,174,42.20%,81.26%,99.53%,135.6%,15.32%,223.0%,184.8%,320.3%,0.00%,-0.07%
2008/07/31,2008/06/30,2.22%,-2.18%,4.07%,2.12%,-2.85%,1.22%,-3.64%,5.30%,0.31%,-3.61%,-0.22%,0.24%,-2.79%,0.48%,-0.54%,0.41%,93,103,104,103,127,88,108,114,122,168,35.00%,72.52%,99.08%,136.1%,14.70%,224.3%,187.5%,322.3%,-0.22%,0.00%
2008/08/31,2008/07/31,-0.32%,0.45%,-3.18%,0.74%,0.72%,2.30%,2.00%,-0.22%,2.03%,1.67%,1.37%,1.72%,-1.32%,3.74%,1.65%,3.22%,93,104,101,103,128,90,110,114,125,171,36.40%,71.42%,101.8%,140.2%,16.60%,234.8%,192.0%,338.1%,0.00%,0.00%
2008/09/30,2008/08/31,-1.15%,1.57%,2.44%,-1.86%,-0.22%,-11.35%,-9.54%,-1.86%,-11.19%,-8.52%,-0.98%,-0.83%,-3.85%,-13.08%,-8.85%,-12.83%,91,105,103,101,128,80,99,112,111,156,37.66%,76.27%,99.85%,138.2%,6.28%,191.8%,180.4%,280.8%,-0.98%,-0.83%
2008/10/31,2008/09/30,-2.00%,-1.90%,1.76%,-0.52%,-1.52%,-19.65%,-19.12%,-15.31%,-16.44%,-15.77%,1.79%,1.79%,-0.73%,-21.37%,-17.40%,-21.90%,90,103,105,101,126,64,80,95,93,132,38.32%,83.12%,103.4%,142.5%,-12.22%,127.9%,167.8%,199.5%,0.00%,0.00%
2008/11/30,2008/10/31,-0.36%,-1.63%,-1.49%,-0.17%,4.07%,-8.50%,-9.20%,-12.52%,-6.98%,-2.02%,2.24%,1.89%,-1.48%,-13.13%,-7.97%,-13.70%,89,102,104,101,131,59,73,83,86,129,44.45%,94.99%,108.0%,147.0%,-19.21%,96.68%,152.4%,160.1%,0.00%,0.00%
2008/12/31,2008/11/30,0.18%,0.38%,-0.50%,-0.11%,1.81%,2.98%,1.81%,1.01%,2.15%,2.18%,0.41%,0.28%,-0.81%,4.25%,2.00%,4.16%,90,102,103,101,133,61,74,84,88,132,46.80%,93.43%,108.8%,147.7%,-17.59%,104.9%,157.9%,171.2%,0.00%,0.00%
2009/01/31,2008/12/31,0.04%,-0.97%,0.28%,-0.08%,-0.51%,-7.28%,-8.58%,-11.94%,-7.42%,-5.87%,1.50%,2.68%,9.76%,0.64%,-8.28%,-0.16%,90,101,103,101,133,56,68,74,82,124,46.01%,96.15%,112.0%,154.4%,-24.42%,104.5%,178.8%,172.9%,0.00%,0.00%
2009/02/28,2009/01/31,-0.55%,0.88%,-0.37%,-3.92%,-2.21%,-9.89%,-8.79%,-11.15%,-12.38%,-9.22%,1.92%,2.44%,-0.39%,-9.49%,-10.22%,-10.22%,89,102,103,97,130,51,62,65,71,113,43.58%,97.46%,116.1%,160.6%,-32.14%,83.62%,178.8%,147.0%,0.00%,0.00%
2009/03/31,2009/02/28,-0.14%,1.24%,0.41%,1.61%,0.44%,8.31%,9.62%,8.85%,11.02%,6.40%,0.61%,-0.21%,1.69%,13.18%,8.87%,13.25%,89,103,104,98,130,55,68,71,79,120,44.41%,93.68%,117.4%,160.1%,-26.13%,107.9%,191.0%,179.6%,0.00%,-0.21%
2009/04/30,2009/03/31,0.64%,2.61%,-2.06%,-3.64%,3.79%,12.66%,12.14%,8.63%,10.95%,6.61%,0.56%,3.03%,2.54%,26.08%,10.45%,25.17%,89,106,101,95,135,62,76,77,88,128,48.95%,81.96%,118.6%,167.9%,-18.40%,160.3%,233.8%,252.5%,0.00%,0.00%
2009/05/31,2009/04/30,-1.25%,-0.74%,1.71%,-0.82%,-0.21%,3.85%,4.76%,7.00%,6.10%,4.37%,-0.74%,1.24%,2.01%,11.17%,5.16%,10.80%,88,105,103,94,135,64,80,83,93,133,50.50%,82.91%,117.0%,171.2%,-14.20%,188.4%,252.7%,291.9%,-0.74%,0.00%
2009/06/30,2009/05/31,-0.42%,-0.30%,0.88%,1.70%,-1.03%,1.11%,0.55%,-0.73%,0.86%,-0.27%,1.38%,2.02%,3.72%,6.20%,0.39%,5.59%,88,105,104,95,133,65,80,82,94,133,49.57%,80.38%,120.0%,176.7%,-13.86%,204.5%,271.0%,316.1%,0.00%,0.00%
2009/07/31,2009/06/30,0.46%,0.39%,-0.94%,-1.30%,-0.00%,8.85%,8.57%,6.80%,8.23%,5.65%,0.52%,-0.47%,-0.68%,8.91%,7.78%,9.05%,88,105,103,94,133,71,87,88,102,140,48.88%,74.61%,121.1%,175.4%,-7.16%,232.1%,275.7%,353.2%,0.00%,-0.47%
2009/08/31,2009/07/31,-0.19%,0.73%,-1.70%,-1.83%,0.23%,2.93%,3.40%,4.19%,4.92%,1.86%,3.46%,2.52%,7.68%,11.44%,3.49%,10.68%,88,106,101,92,134,73,90,91,107,143,49.51%,72.74%,128.8%,182.4%,-3.92%,267.5%,302.8%,405.0%,0.00%,0.00%
2009/09/30,2009/08/31,-1.13%,0.12%,-0.09%,0.03%,-1.28%,4.60%,5.04%,3.49%,4.60%,2.13%,-2.07%,-2.20%,-2.00%,5.91%,4.15%,6.57%,87,106,101,92,132,76,94,95,112,146,49.29%,68.48%,124.0%,176.1%,0.06%,291.7%,312.5%,434.9%,-2.07%,-2.20%
2009/10/31,2009/09/30,1.12%,0.77%,-0.21%,-1.15%,2.19%,-3.28%,-2.27%,-3.06%,-4.61%,1.12%,1.82%,2.39%,0.85%,-4.19%,-2.59%,-4.91%,88,107,101,91,135,74,92,92,107,148,50.89%,75.90%,128.1%,182.7%,-2.53%,272.4%,302.9%,412.4%,-0.29%,0.00%
2009/11/30,2009/10/31,0.24%,-0.34%,-0.52%,1.13%,-0.23%,5.03%,5.65%,4.99%,6.58%,5.58%,0.47%,0.62%,-1.95%,2.77%,5.59%,2.59%,88,106,100,92,135,77,98,96,114,156,50.18%,76.87%,129.1%,184.5%,2.92%,282.1%,290.8%,426.7%,0.00%,0.00%
2009/12/31,2009/11/30,0.00%,0.48%,1.22%,-0.02%,-1.45%,4.52%,4.42%,2.80%,1.34%,0.01%,-0.86%,-1.65%,-0.66%,5.76%,2.80%,6.26%,88,107,102,92,133,81,102,99,115,156,48.00%,68.88%,127.2%,179.8%,5.80%,306.0%,304.3%,457.0%,-0.86%,-1.65%
2010/01/31,2009/12/31,-2.02%,-0.55%,0.04%,1.28%,0.14%,-4.85%,-3.91%,-2.69%,-1.72%,-3.00%,0.84%,1.17%,0.91%,-0.64%,-3.38%,-0.99%,87,106,102,94,133,77,98,96,113,151,51.20%,72.01%,129.1%,183.1%,2.23%,302.0%,314.0%,453.4%,-0.03%,-0.51%
2010/02/28,2010/01/31,0.64%,-0.79%,-0.84%,0.69%,0.61%,3.95%,3.06%,2.74%,4.67%,2.58%,0.56%,-0.25%,1.58%,3.87%,3.44%,3.95%,87,106,101,94,134,80,101,99,119,155,51.15%,69.65%,130.4%,182.3%,5.74%,317.9%,316.1%,474.9%,0.00%,-0.76%
2010/03/31,2010/02/28,0.52%,-1.36%,2.19%,0.12%,0.26%,6.88%,5.51%,7.89%,6.89%,5.24%,0.63%,0.07%,1.99%,8.42%,6.36%,8.40%,88,104,103,94,134,85,106,107,127,163,50.75%,66.87%,131.8%,182.5%,12.47%,353.0%,324.6%,523.3%,0.00%,-0.69%
2010/04/30,2010/03/31,-1.53%,0.15%,1.61%,-1.20%,2.25%,1.56%,2.38%,3.51%,1.06%,2.41%,1.43%,0.44%,4.33%,8.14%,2.11%,8.00%,86,104,105,93,137,87,109,110,128,167,56.45%,68.29%,135.1%,183.8%,14.85%,389.2%,349.6%,574.0%,0.00%,-0.25%
2010/05/31,2010/04/30,1.05%,0.72%,0.58%,0.12%,-0.78%,-6.91%,-7.85%,-7.60%,-8.95%,-7.87%,0.51%,1.19%,0.31%,-7.09%,-7.82%,-7.45%,87,105,105,93,136,81,100,102,117,154,53.58%,66.67%,136.3%,187.2%,5.86%,352.8%,351.3%,526.2%,0.00%,0.00%
2010/06/30,2010/05/31,-0.46%,1.04%,0.64%,2.04%,-2.87%,-6.32%,-5.08%,-5.52%,-4.42%,-6.83%,-1.00%,0.01%,-2.59%,-7.92%,-5.53%,-7.92%,87,106,106,95,132,76,95,96,111,144,49.87%,65.81%,134.0%,187.2%,0.01%,316.9%,340.5%,476.7%,-1.00%,0.00%
2010/07/31,2010/06/30,0.52%,0.27%,1.22%,-1.38%,0.45%,7.49%,7.49%,6.29%,6.31%,7.09%,0.15%,-0.20%,-1.01%,6.06%,7.01%,6.12%,87,106,107,94,133,81,102,103,118,154,49.76%,65.14%,134.3%,186.6%,7.02%,342.4%,336.6%,511.6%,-0.85%,-0.20%
2010/08/31,2010/07/31,1.25%,1.20%,-1.18%,-0.09%,-0.02%,-4.52%,-4.17%,-5.81%,-5.30%,-3.75%,-0.63%,-0.22%,-0.34%,-7.31%,-4.66%,-7.24%,88,108,106,94,133,78,98,97,112,148,47.85%,66.42%,132.9%,186.0%,2.02%,310.4%,325.3%,466.9%,-1.47%,-0.42%
2010/09/30,2010/08/31,-0.78%,-1.59%,1.63%,0.23%,1.46%,10.36%,8.21%,8.41%,9.98%,10.54%,0.52%,1.03%,-2.07%,12.50%,9.41%,12.19%,88,106,108,94,135,86,106,105,123,164,51.16%,66.74%,134.1%,189.0%,11.62%,360.4%,337.2%,537.8%,-0.96%,0.00%
2010/10/31,2010/09/30,1.09%,0.27%,0.45%,-0.92%,-0.26%,5.40%,3.97%,2.62%,3.04%,3.88%,-0.30%,-0.12%,-0.36%,4.81%,3.89%,4.85%,89,106,108,93,134,90,110,107,127,170,49.13%,64.21%,133.4%,188.6%,15.96%,382.7%,341.4%,568.4%,-1.26%,-0.12%
2010/11/30,2010/10/31,-1.77%,-0.77%,1.13%,0.11%,2.72%,-0.29%,-0.30%,0.73%,0.57%,2.92%,1.57%,1.35%,0.38%,3.50%,0.54%,3.09%,87,105,110,93,138,90,110,108,128,175,55.83%,69.49%,137.0%,192.5%,16.58%,397.7%,352.7%,591.8%,0.00%,0.00%
2010/12/31,2010/11/30,-0.92%,-1.08%,0.43%,-1.61%,-0.37%,6.80%,6.90%,7.20%,7.04%,5.69%,0.34%,-0.32%,-0.21%,7.80%,6.70%,7.90%,86,104,110,92,137,96,118,116,137,185,56.68%,67.62%,137.8%,191.6%,24.40%,436.9%,358.0%,645.8%,0.00%,-0.32%
2011/01/31,2010/12/31,-0.51%,-0.44%,0.02%,-0.03%,2.15%,0.94%,1.60%,2.49%,2.08%,4.28%,2.42%,2.39%,3.89%,4.37%,2.06%,3.65%,86,104,110,92,140,97,120,119,140,193,60.84%,73.23%,143.6%,198.6%,26.96%,456.6%,365.4%,678.4%,0.00%,0.00%
2011/02/28,2011/01/31,-1.09%,0.38%,-0.26%,-0.20%,1.78%,2.61%,4.05%,3.04%,3.45%,4.74%,0.94%,0.86%,1.01%,5.31%,3.59%,5.05%,85,104,110,92,143,100,124,123,145,202,65.46%,76.92%,145.9%,201.1%,31.52%,484.7%,372.1%,719.7%,0.00%,0.00%
2011/03/31,2011/02/28,-0.81%,0.15%,1.36%,0.73%,1.16%,-0.33%,0.49%,-0.27%,0.96%,1.74%,1.13%,1.34%,0.84%,2.89%,0.49%,2.49%,84,104,111,92,144,99,125,122,146,206,68.72%,80.59%,148.7%,205.2%,32.16%,499.3%,381.6%,743.4%,0.00%,0.00%
2011/04/30,2011/03/31,-0.22%,0.28%,0.37%,0.16%,0.06%,2.90%,3.43%,1.26%,3.24%,3.48%,-0.50%,-0.25%,-2.28%,0.82%,2.97%,0.90%,84,105,112,92,145,102,129,124,151,213,69.20%,81.64%,147.4%,204.4%,36.08%,504.6%,371.7%,750.4%,-0.50%,-0.25%
2011/05/31,2011/04/30,0.35%,-0.06%,1.07%,0.20%,-0.64%,-0.99%,-1.31%,-1.22%,-1.17%,-1.42%,-0.18%,0.03%,-0.70%,-1.91%,-1.22%,-1.92%,84,105,113,93,144,101,128,122,149,210,67.53%,80.85%,147.0%,204.5%,34.42%,493.0%,368.4%,734.1%,-0.68%,-0.22%
2011/06/30,2011/05/31,-0.04%,0.31%,-0.33%,1.24%,0.17%,-2.31%,-1.71%,-2.33%,-0.94%,-1.38%,1.40%,1.55%,0.89%,-1.28%,-1.74%,-1.75%,84,105,112,94,144,99,125,119,148,207,67.89%,82.53%,150.4%,209.2%,32.08%,482.7%,368.3%,723.4%,0.00%,0.00%
2011/07/31,2011/06/30,-0.08%,0.07%,2.22%,-0.48%,0.02%,-2.89%,-2.49%,-0.27%,-2.99%,-2.10%,1.61%,2.53%,2.33%,0.23%,-2.26%,-0.53%,84,105,115,93,144,96,122,119,143,202,68.04%,83.98%,154.5%,217.0%,29.09%,479.6%,376.4%,725.3%,0.00%,0.00%
2011/08/31,2011/07/31,0.86%,0.16%,0.87%,1.10%,-1.41%,-5.92%,-6.42%,-5.41%,-4.98%,-6.78%,-0.04%,-0.06%,-1.16%,-9.41%,-5.89%,-9.39%,85,105,116,94,142,90,114,113,136,189,64.23%,82.38%,154.4%,216.8%,21.49%,425.2%,359.7%,647.7%,-0.04%,-0.06%
2011/09/30,2011/08/31,1.21%,-1.38%,0.26%,-0.13%,-0.43%,-6.68%,-9.19%,-6.81%,-7.57%,-7.46%,-0.24%,0.02%,-1.63%,-11.12%,-7.63%,-11.12%,86,104,116,94,141,84,104,105,126,175,61.55%,80.96%,153.8%,216.9%,12.22%,366.8%,343.7%,564.6%,-0.28%,-0.04%
2011/10/31,2011/09/30,-0.74%,0.93%,-0.08%,-1.06%,0.64%,11.28%,12.87%,10.16%,10.70%,11.53%,0.84%,0.77%,-1.83%,13.32%,11.39%,13.09%,85,105,116,93,142,94,117,116,139,195,63.78%,81.42%,155.9%,219.4%,25.00%,427.8%,351.2%,653.1%,0.00%,0.00%
2011/11/30,2011/10/31,0.57%,0.14%,-0.30%,0.78%,1.13%,-0.22%,-0.64%,-1.21%,-0.18%,0.94%,0.69%,0.89%,-0.18%,-1.42%,-0.35%,-1.69%,86,105,116,94,144,93,117,114,139,197,64.69%,83.53%,157.7%,222.2%,24.56%,418.9%,345.2%,642.4%,0.00%,0.00%
2011/12/31,2011/11/30,-0.20%,-0.84%,2.30%,0.55%,0.57%,0.03%,-0.24%,2.78%,1.34%,1.03%,0.75%,0.83%,0.56%,0.39%,0.85%,0.15%,86,104,118,94,145,94,116,117,141,199,65.95%,85.37%,159.6%,224.9%,25.62%,419.7%,342.1%,645.3%,0.00%,0.00%
2012/01/31,2011/12/31,-2.47%,-0.02%,0.85%,-1.57%,-1.41%,4.22%,6.14%,6.42%,4.41%,3.73%,1.61%,0.52%,1.72%,9.91%,5.09%,9.75%,84,104,119,93,143,97,123,125,147,206,67.71%,84.47%,163.8%,226.6%,32.02%,470.4%,362.7%,719.2%,0.00%,0.00%
2012/02/29,2012/01/31,0.52%,-1.09%,1.70%,-1.59%,0.04%,4.37%,3.61%,5.51%,3.70%,4.48%,-0.93%,-0.62%,-0.03%,3.34%,4.25%,3.53%,84,103,121,91,143,102,128,132,152,215,66.90%,84.67%,161.3%,224.5%,37.63%,490.5%,359.3%,746.5%,-0.93%,-0.62%
2012/03/31,2012/02/29,-0.53%,-1.07%,3.04%,1.23%,-1.70%,2.34%,1.94%,5.66%,4.32%,1.55%,0.38%,0.62%,0.36%,3.19%,3.15%,3.00%,84,102,125,93,140,104,130,139,159,219,64.95%,83.19%,162.3%,226.6%,41.95%,508.2%,358.7%,773.5%,-0.55%,0.00%
2012/04/30,2012/03/31,0.76%,1.13%,0.55%,0.86%,-0.58%,-0.72%,-0.28%,-0.90%,-0.64%,-1.30%,-0.83%,-0.76%,0.14%,-1.69%,-0.69%,-1.46%,84,103,126,93,139,103,130,138,158,216,62.74%,82.14%,160.1%,224.1%,40.97%,499.3%,355.2%,758.8%,-1.38%,-0.76%
2012/05/31,2012/04/30,-0.83%,0.38%,0.86%,2.82%,-1.71%,-7.46%,-6.54%,-4.95%,-4.44%,-7.16%,1.16%,0.84%,1.40%,-6.99%,-6.09%,-7.24%,83,103,127,96,137,96,122,131,151,200,61.30%,82.70%,163.2%,226.8%,32.39%,455.9%,349.9%,698.8%,-0.23%,0.00%
2012/06/30,2012/05/31,-1.11%,0.45%,-0.31%,0.51%,1.12%,3.09%,4.42%,3.01%,4.54%,4.85%,-1.07%,-1.13%,-1.92%,2.99%,3.98%,3.33%,83,104,127,97,139,99,127,135,158,210,64.90%,85.92%,160.3%,223.1%,37.67%,474.5%,347.0%,722.7%,-1.30%,-1.13%
2012/07/31,2012/06/30,0.65%,0.64%,1.22%,-0.40%,-1.46%,1.02%,0.94%,1.68%,0.47%,0.06%,0.01%,0.02%,0.58%,-1.26%,0.87%,-1.26%,83,104,128,96,136,100,128,137,159,210,61.42%,84.14%,160.4%,223.2%,38.87%,467.2%,337.4%,712.3%,-1.29%,-1.11%
2012/08/31,2012/07/31,1.38%,-0.96%,0.51%,-1.31%,0.43%,4.21%,1.78%,2.66%,1.52%,2.62%,-1.09%,-0.70%,-1.84%,2.33%,2.50%,2.54%,84,103,129,95,137,104,130,141,161,216,59.88%,81.21%,157.5%,220.9%,42.34%,481.6%,337.6%,731.3%,-2.36%,-1.81%
2012/09/30,2012/08/31,-0.49%,-0.51%,0.09%,0.10%,0.57%,2.20%,2.24%,2.51%,3.44%,2.67%,-0.23%,-0.19%,-0.47%,3.53%,2.56%,3.59%,84,103,129,95,138,106,133,145,166,221,61.58%,82.06%,156.9%,220.3%,45.99%,502.5%,342.1%,760.6%,-2.59%,-1.99%
2012/10/31,2012/09/30,0.79%,0.81%,-2.03%,-0.06%,0.74%,-1.70%,-1.32%,-3.19%,-0.93%,-1.48%,0.30%,0.86%,-0.19%,-1.40%,-1.70%,-1.65%,84,104,126,95,139,104,132,140,165,218,61.51%,82.47%,157.7%,223.1%,43.50%,492.5%,342.3%,748.6%,-2.30%,-1.15%
2012/11/30,2012/10/31,1.05%,-0.73%,-0.96%,0.37%,-0.30%,2.05%,0.13%,-0.35%,1.12%,0.51%,0.41%,0.43%,-0.06%,1.09%,0.66%,0.96%,85,103,125,95,138,106,132,139,167,219,59.33%,79.65%,158.7%,224.5%,44.45%,498.2%,343.6%,757.9%,-1.90%,-0.72%
2012/12/31,2012/11/30,0.41%,-0.18%,-0.12%,0.37%,0.21%,1.47%,0.78%,1.68%,1.97%,0.62%,0.17%,0.32%,-0.98%,2.82%,1.26%,2.72%,86,103,125,96,139,108,133,142,170,221,59.01%,78.11%,159.2%,225.5%,46.27%,514.5%,350.1%,782.1%,-1.74%,-0.40%
2013/01/31,2012/12/31,0.15%,-1.28%,0.87%,-0.51%,1.32%,5.93%,4.22%,6.24%,5.60%,6.62%,1.37%,1.26%,2.09%,8.42%,5.53%,8.04%,86,101,126,95,141,114,138,151,180,235,60.89%,79.33%,162.7%,229.6%,54.35%,563.9%,361.5%,856.3%,-0.39%,0.00%
2013/02/28,2013/01/31,0.23%,-0.32%,-0.28%,0.90%,-0.24%,1.46%,0.92%,0.74%,2.30%,1.08%,0.91%,1.31%,0.77%,2.15%,1.30%,1.76%,86,101,126,96,140,116,140,152,184,238,60.13%,78.63%,165.1%,233.9%,56.35%,575.6%,363.6%,876.9%,0.00%,0.00%
2013/03/31,2013/02/28,-0.85%,-0.42%,1.38%,0.52%,-0.60%,3.32%,3.70%,4.59%,4.91%,3.60%,0.25%,0.80%,0.19%,5.59%,4.00%,5.35%,85,101,127,96,139,120,145,159,193,246,60.53%,79.14%,165.8%,236.6%,62.60%,611.7%,369.9%,931.5%,0.00%,0.00%
2013/04/30,2013/03/31,0.73%,0.52%,0.47%,-0.52%,-0.77%,2.21%,1.88%,2.02%,1.05%,0.62%,-0.58%,-0.26%,-0.63%,-0.47%,1.68%,-0.39%,86,101,128,96,138,123,147,162,195,248,58.13%,76.30%,164.3%,235.7%,65.33%,608.9%,360.1%,926.6%,-0.58%,-0.26%
2013/05/31,2013/04/30,0.45%,-1.09%,-0.54%,-0.41%,0.56%,3.21%,1.39%,3.09%,1.90%,3.51%,1.41%,1.73%,1.35%,6.64%,2.46%,6.12%,86,100,127,96,139,126,150,167,198,256,58.31%,76.84%,168.0%,241.5%,69.40%,652.3%,377.0%,994.8%,0.00%,0.00%
2013/06/30,2013/05/31,0.19%,-0.16%,-0.28%,0.18%,-0.39%,-1.13%,-1.43%,-1.59%,-0.74%,-1.19%,0.97%,1.13%,0.79%,0.42%,-1.25%,0.08%,86,100,127,96,139,125,147,164,197,253,57.39%,76.72%,170.6%,245.4%,67.28%,652.9%,383.3%,999.4%,0.00%,0.00%
2013/07/31,2013/06/30,-0.89%,-0.26%,0.88%,-0.67%,-0.03%,4.69%,5.42%,6.26%,5.50%,5.73%,0.88%,1.50%,0.36%,8.72%,5.46%,8.28%,86,100,128,95,139,131,155,175,208,268,58.73%,78.57%,173.0%,250.5%,76.41%,715.2%,396.9%,1095%,0.00%,0.00%
2013/08/31,2013/07/31,0.09%,0.32%,-0.41%,-0.95%,-0.44%,-2.21%,-2.06%,-4.24%,-3.35%,-3.10%,0.93%,0.90%,1.44%,-1.15%,-2.84%,-1.42%,86,100,128,94,138,128,152,167,201,260,57.88%,76.97%,175.5%,253.7%,71.40%,703.7%,404.0%,1082%,0.00%,0.00%
2013/09/30,2013/08/31,-0.42%,-0.41%,0.28%,0.89%,-1.02%,3.62%,3.57%,3.05%,5.35%,3.30%,0.39%,0.18%,0.47%,6.08%,3.76%,6.02%,85,100,128,95,137,133,158,172,212,268,56.93%,76.42%,176.6%,254.3%,77.84%,752.1%,415.4%,1153%,0.00%,0.00%
2013/10/31,2013/09/30,-0.09%,0.54%,-1.54%,1.67%,-0.16%,3.74%,4.79%,3.18%,5.36%,3.70%,0.97%,1.10%,0.07%,3.73%,4.19%,3.40%,85,100,126,97,136,138,165,178,223,278,56.82%,76.35%,179.3%,258.2%,85.29%,781.0%,411.3%,1200%,0.00%,0.00%
2013/11/30,2013/10/31,-0.56%,-1.44%,0.27%,0.04%,1.37%,2.64%,1.75%,3.42%,3.21%,4.46%,1.73%,1.62%,1.72%,5.68%,2.86%,5.19%,85,99,126,97,138,141,168,184,230,291,59.84%,79.56%,184.1%,264.0%,90.59%,826.7%,423.2%,1274%,0.00%,0.00%
2013/12/31,2013/11/30,0.25%,-1.12%,-0.18%,0.41%,0.10%,2.99%,1.87%,2.55%,3.28%,2.83%,0.24%,0.19%,0.16%,2.92%,2.61%,2.86%,85,98,126,97,138,145,171,189,238,299,59.61%,79.26%,184.8%,264.7%,95.56%,853.3%,424.6%,1314%,0.00%,0.00%
2014/01/31,2013/12/31,1.16%,-0.19%,2.57%,-0.78%,-2.20%,-2.18%,-3.62%,-1.23%,-3.79%,-5.72%,-0.61%,-1.16%,2.32%,-1.06%,-3.13%,-0.71%,86,97,129,96,135,142,165,186,229,282,54.24%,72.91%,183.0%,260.5%,89.43%,846.4%,437.3%,1299%,-0.61%,-1.16%
2014/02/28,2014/01/31,0.70%,-0.21%,0.57%,-0.53%,-0.45%,5.22%,4.43%,4.61%,4.83%,4.27%,-1.31%,-1.24%,-1.21%,3.63%,4.67%,4.00%,87,97,130,96,135,150,172,195,240,294,52.47%,71.29%,179.3%,256.1%,98.28%,884.3%,433.7%,1350%,-1.92%,-2.38%
2014/03/31,2014/02/28,-0.69%,0.72%,0.59%,-0.14%,0.48%,-0.35%,0.74%,2.11%,-0.65%,0.86%,0.15%,0.30%,0.22%,0.00%,0.51%,-0.09%,86,98,131,96,135,149,174,199,238,296,54.26%,73.35%,179.8%,257.1%,99.29%,883.5%,430.5%,1350%,-1.77%,-2.09%
2014/04/30,2014/03/31,-0.36%,0.35%,-1.01%,2.19%,1.09%,-0.95%,0.81%,-1.36%,0.63%,0.88%,1.36%,1.45%,0.93%,-2.29%,-0.02%,-2.73%,86,98,129,98,137,148,175,196,240,299,56.50%,76.52%,183.6%,262.3%,99.24%,856.7%,416.2%,1317%,-0.42%,-0.67%
2014/05/31,2014/04/30,0.91%,0.51%,-0.68%,-0.05%,-0.93%,2.32%,2.80%,0.87%,2.35%,1.12%,-0.37%,-0.19%,-0.50%,0.07%,2.10%,0.13%,87,99,129,98,136,151,180,198,245,302,53.62%,74.39%,182.5%,261.6%,103.4%,857.9%,406.0%,1318%,-0.79%,-0.85%
2014/06/30,2014/05/31,-0.25%,0.24%,0.61%,-0.71%,-1.65%,2.93%,3.07%,2.74%,2.14%,0.76%,-2.36%,-2.62%,-3.15%,2.09%,2.50%,2.87%,86,99,129,97,133,156,185,203,250,304,51.47%,70.60%,175.9%,252.1%,108.5%,885.5%,407.9%,1347%,-3.13%,-3.45%
2014/07/31,2014/06/30,0.33%,0.92%,-0.54%,0.40%,-0.17%,-2.41%,-1.50%,-2.08%,-1.90%,-1.86%,2.16%,2.60%,2.69%,-2.17%,-1.95%,-2.95%,87,100,129,97,133,152,183,199,246,299,50.71%,71.54%,181.8%,261.3%,104.4%,856.4%,402.8%,1316%,-1.04%,-0.94%
2014/08/31,2014/07/31,0.69%,-0.17%,-0.81%,-0.02%,-0.06%,4.91%,4.18%,3.27%,4.31%,3.93%,0.97%,0.99%,0.63%,5.12%,4.18%,4.82%,87,100,128,97,133,159,190,206,256,311,49.58%,69.86%,184.6%,264.9%,113.0%,902.5%,406.0%,1388%,-0.08%,0.00%
2014/09/30,2014/08/31,0.35%,-1.12%,2.06%,-0.27%,-0.53%,-2.00%,-2.52%,-1.05%,-2.05%,-2.59%,2.44%,2.28%,1.65%,-3.31%,-2.09%,-3.99%,88,99,130,97,132,156,185,203,251,302,48.26%,68.86%,191.5%,273.2%,108.5%,862.4%,396.4%,1339%,0.00%,0.00%
2014/10/31,2014/09/30,-1.89%,0.87%,1.30%,-0.13%,1.70%,1.38%,3.22%,3.64%,2.30%,3.81%,0.87%,0.97%,-2.53%,3.48%,2.74%,3.19%,86,99,132,97,135,158,191,211,257,314,53.60%,72.96%,194.1%,276.8%,114.2%,893.1%,398.6%,1389%,0.00%,0.00%
2014/11/30,2014/10/31,0.88%,-0.84%,0.89%,-0.79%,0.81%,3.50%,1.52%,3.04%,2.20%,2.62%,1.10%,1.49%,0.10%,1.35%,2.53%,0.91%,87,99,133,96,136,164,194,217,262,322,53.49%,71.43%,197.3%,282.4%,119.7%,902.1%,390.5%,1409%,0.00%,0.00%
2014/12/31,2014/11/30,0.19%,0.29%,-0.02%,-0.24%,0.14%,-0.30%,-0.34%,0.85%,-0.38%,0.68%,2.52%,4.05%,0.71%,5.10%,-0.03%,3.88%,87,99,133,96,136,163,194,219,261,324,53.42%,73.12%,204.8%,298.0%,119.6%,941.0%,409.7%,1486%,0.00%,0.00%
2015/01/31,2014/12/31,-1.94%,0.69%,0.90%,1.39%,1.20%,-4.82%,-2.72%,-1.98%,-1.26%,-2.20%,0.76%,-0.02%,1.39%,-3.13%,-2.75%,-3.12%,85,100,134,97,137,155,188,215,258,317,58.23%,77.66%,207.1%,297.9%,113.6%,908.5%,407.8%,1437%,0.00%,-0.02%
2015/02/28,2015/01/31,0.68%,-0.44%,0.05%,-1.58%,-0.14%,7.36%,5.38%,5.41%,4.84%,5.40%,-2.16%,-2.40%,-0.57%,5.17%,5.76%,5.89%,86,99,134,96,137,167,199,226,271,334,56.92%,74.18%,200.5%,288.3%,125.9%,967.9%,408.4%,1516%,-2.16%,-2.43%
2015/03/31,2015/02/28,-0.27%,0.12%,-0.17%,-0.34%,0.29%,-1.73%,-1.17%,-0.45%,-1.07%,-0.28%,1.37%,1.35%,0.00%,1.12%,-1.06%,0.72%,85,99,134,95,138,164,196,225,268,333,57.80%,76.71%,204.6%,293.5%,123.5%,975.5%,417.4%,1534%,-0.82%,-1.11%
2015/04/30,2015/03/31,0.21%,0.00%,0.65%,0.59%,-1.23%,1.40%,0.55%,0.52%,-0.14%,-1.30%,-1.73%,-1.00%,-0.56%,-0.85%,0.40%,-0.55%,86,99,135,96,136,166,197,227,267,329,55.54%,71.94%,199.3%,289.6%,124.4%,969.6%,412.5%,1520%,-2.54%,-2.10%
2015/05/31,2015/04/30,0.11%,-0.48%,0.16%,-0.08%,-0.51%,0.73%,0.87%,1.72%,2.23%,1.53%,0.38%,0.85%,-0.53%,1.51%,1.29%,1.25%,86,99,135,96,135,168,199,230,273,334,54.57%,73.32%,200.4%,292.9%,127.3%,983.0%,412.3%,1545%,-2.17%,-1.26%
2015/06/30,2015/05/31,0.06%,-1.28%,0.55%,-0.12%,-0.26%,-1.66%,-2.66%,-1.02%,-1.06%,-1.34%,0.92%,1.13%,-0.49%,0.10%,-1.63%,-0.24%,86,98,136,96,135,165,194,228,270,330,54.08%,73.89%,203.2%,297.3%,123.6%,980.4%,419.5%,1546%,-1.27%,-0.15%
2015/07/31,2015/06/30,1.79%,0.93%,-0.17%,-2.40%,-1.06%,2.23%,2.16%,1.62%,0.87%,0.81%,1.32%,1.75%,0.19%,-1.95%,1.67%,-2.47%,87,98,136,94,133,168,198,232,273,332,49.68%,71.42%,207.2%,304.3%,127.3%,953.7%,398.0%,1514%,0.00%,0.00%
2015/08/31,2015/07/31,0.70%,0.35%,-0.74%,-0.31%,0.37%,-5.82%,-5.79%,-6.29%,-6.40%,-5.70%,0.59%,1.17%,0.17%,-3.98%,-5.98%,-4.33%,88,99,135,93,134,159,186,217,255,313,49.19%,71.62%,209.0%,309.0%,113.7%,908.1%,406.2%,1450%,0.00%,0.00%
2015/09/30,2015/08/31,1.35%,-0.83%,-0.22%,-0.36%,0.47%,-2.18%,-3.51%,-2.70%,-3.14%,-2.43%,1.17%,1.81%,0.21%,-4.40%,-2.82%,-4.95%,89,98,134,93,135,155,180,211,247,306,47.87%,71.19%,212.6%,316.4%,107.7%,858.2%,395.4%,1382%,0.00%,0.00%
2015/10/31,2015/09/30,0.66%,0.98%,0.14%,-0.04%,-1.58%,8.97%,7.93%,7.54%,7.22%,5.56%,0.57%,-0.19%,-1.09%,4.96%,7.68%,5.01%,90,99,135,93,132,169,194,227,265,323,44.55%,65.34%,214.4%,315.6%,123.6%,906.2%,382.2%,1455%,0.00%,-0.19%
2015/11/30,2015/10/31,0.35%,-0.21%,1.07%,-0.81%,-0.89%,0.53%,0.26%,1.21%,0.38%,0.35%,0.63%,1.44%,-1.15%,3.32%,0.55%,2.88%,90,99,136,92,131,170,195,230,266,324,42.76%,65.05%,216.4%,321.6%,124.8%,935.2%,393.5%,1507%,0.00%,0.00%
2015/12/31,2015/11/30,0.57%,0.02%,-1.62%,-0.00%,0.17%,-1.25%,-1.96%,-3.05%,-2.26%,-2.12%,1.90%,2.07%,1.44%,-2.55%,-2.07%,-3.17%,91,99,134,92,131,168,191,223,260,317,42.19%,63.61%,222.4%,330.3%,120.2%,902.4%,388.0%,1466%,0.00%,0.00%
2016/01/31,2015/12/31,0.43%,-0.47%,-0.58%,-0.27%,1.11%,-5.34%,-6.19%,-5.93%,-5.77%,-4.60%,2.20%,2.76%,-0.21%,-7.38%,-5.64%,-8.21%,91,98,133,92,133,159,179,210,245,302,43.16%,64.82%,229.4%,342.2%,107.8%,820.1%,375.5%,1350%,0.00%,0.00%
2016/02/29,2016/01/31,-0.59%,0.25%,-0.84%,1.20%,1.80%,-0.57%,0.04%,-1.02%,0.71%,1.23%,0.82%,-0.44%,0.33%,-0.09%,-0.05%,0.04%,90,99,132,93,135,158,179,208,247,306,46.59%,67.79%,232.1%,340.2%,107.6%,820.5%,376.0%,1349%,0.00%,-0.44%
2016/03/31,2016/02/29,0.28%,1.41%,1.35%,-1.14%,0.44%,7.23%,7.87%,7.87%,5.58%,6.08%,-0.56%,-0.76%,-0.05%,7.90%,7.08%,8.13%,91,100,134,92,136,169,193,224,261,325,46.82%,65.86%,230.3%,336.9%,122.4%,895.4%,381.0%,1463%,-0.56%,-1.21%
2016/04/30,2016/03/31,-0.30%,0.84%,-1.02%,2.04%,-0.87%,0.02%,1.70%,0.04%,2.58%,-0.63%,-1.54%,-2.20%,-0.44%,1.08%,0.81%,1.74%,90,101,132,94,135,169,197,224,267,323,45.97%,64.77%,225.2%,327.3%,124.2%,912.7%,385.4%,1480%,-2.09%,-3.38%
2016/05/31,2016/04/30,-0.18%,0.41%,0.97%,-1.15%,-0.88%,2.02%,2.09%,2.56%,0.72%,1.00%,-0.28%,-1.10%,-1.49%,-0.33%,1.79%,-0.00%,90,101,134,93,134,173,201,230,269,326,44.96%,63.09%,224.3%,322.6%,128.2%,912.6%,376.7%,1475%,-2.37%,-4.44%
2016/06/30,2016/05/31,-0.05%,0.58%,-0.22%,0.65%,-0.28%,0.01%,0.38%,-0.08%,0.74%,0.46%,-1.04%,1.55%,-1.15%,2.01%,0.26%,1.55%,90,102,133,93,133,173,201,230,271,327,44.63%,63.81%,220.9%,329.1%,128.8%,928.3%,382.8%,1507%,-3.39%,-2.96%
2016/07/31,2016/06/30,0.84%,0.59%,-0.04%,-1.06%,0.15%,4.79%,4.67%,3.39%,2.57%,3.88%,1.69%,-0.58%,1.19%,5.92%,3.96%,6.10%,91,102,133,92,133,181,211,237,278,340,43.63%,62.33%,226.3%,326.6%,137.9%,991.0%,393.1%,1602%,-1.75%,-3.53%
2016/08/31,2016/07/31,1.27%,0.05%,0.29%,-1.75%,-0.54%,1.09%,0.36%,0.83%,-0.96%,-0.51%,-0.26%,-0.58%,-0.52%,1.16%,0.32%,1.33%,92,102,134,91,133,183,212,239,276,338,41.02%,59.73%,225.5%,324.1%,138.6%,1006%,398.1%,1621%,-2.01%,-4.09%
2016/09/30,2016/08/31,0.51%,0.35%,-0.26%,-1.03%,-1.22%,0.62%,0.80%,-0.17%,-0.60%,-0.42%,-0.72%,-0.69%,-1.41%,0.73%,0.19%,0.94%,93,103,133,90,131,184,213,239,274,337,38.57%,58.07%,223.1%,321.2%,139.1%,1016%,401.9%,1634%,-2.71%,-4.75%
2016/10/31,2016/09/30,0.05%,0.04%,0.35%,-0.58%,-0.01%,-1.91%,-2.61%,-0.90%,-2.71%,-2.88%,0.49%,1.60%,-0.44%,-4.59%,-2.12%,-5.07%,93,103,134,89,131,181,208,237,267,327,38.49%,56.53%,224.7%,327.9%,134.0%,959.3%,387.0%,1554%,-2.24%,-3.23%
2016/11/30,2016/10/31,-1.53%,0.69%,1.30%,0.68%,2.89%,1.61%,4.59%,6.51%,5.30%,7.41%,0.80%,2.30%,-0.57%,9.75%,4.59%,9.06%,91,103,136,90,135,184,217,252,281,352,44.61%,65.61%,227.3%,337.8%,144.7%,1055%,408.8%,1716%,-1.45%,-1.00%
2016/12/31,2016/11/30,-0.18%,0.56%,0.65%,-0.28%,-0.84%,1.11%,2.13%,3.19%,1.68%,1.13%,0.71%,2.21%,0.34%,3.47%,1.94%,2.81%,91,104,136,90,134,186,222,260,285,355,43.67%,65.63%,229.7%,347.4%,149.5%,1088%,413.2%,1779%,-0.75%,0.00%
2017/01/31,2016/12/31,0.56%,-0.35%,0.15%,-0.43%,-1.00%,3.43%,1.90%,1.29%,1.30%,0.15%,-0.43%,-1.97%,-0.23%,0.09%,1.89%,0.68%,92,104,137,89,132,192,226,264,289,356,41.42%,60.20%,228.2%,338.6%,154.2%,1096%,407.0%,1780%,-1.18%,-1.97%
2017/02/28,2017/01/31,-1.63%,-0.32%,0.50%,1.46%,1.35%,3.00%,3.57%,3.62%,4.65%,3.62%,0.99%,0.22%,0.04%,1.60%,3.64%,1.53%,90,103,137,91,134,198,234,273,303,369,45.64%,61.21%,231.5%,339.6%,163.5%,1114%,396.3%,1810%,-0.20%,-1.75%
2017/03/31,2017/02/28,0.20%,-0.32%,-0.08%,-0.43%,0.51%,0.86%,0.38%,-0.89%,-0.45%,0.71%,1.80%,0.64%,0.86%,1.30%,0.13%,1.11%,90,103,137,90,135,200,235,271,301,372,46.09%,60.97%,237.5%,342.4%,163.8%,1128%,401.2%,1835%,0.00%,-1.12%
2017/04/30,2017/03/31,0.59%,-0.61%,-0.16%,-0.77%,1.11%,2.03%,0.77%,0.43%,0.35%,2.35%,1.39%,0.72%,-0.01%,1.16%,1.11%,0.94%,91,102,137,89,136,204,237,272,302,380,46.85%,61.49%,242.2%,345.6%,166.7%,1139%,400.3%,1858%,0.00%,-0.41%
2017/05/31,2017/04/30,-0.32%,0.04%,-0.62%,-0.43%,0.47%,1.86%,1.78%,-0.32%,0.08%,1.37%,0.86%,0.16%,-0.63%,-1.85%,1.06%,-1.90%,90,102,136,89,137,207,241,271,302,386,48.02%,60.70%,245.1%,346.3%,169.6%,1116%,385.5%,1821%,0.00%,-0.25%
2017/06/30,2017/05/31,-0.52%,-0.21%,0.80%,1.55%,-0.69%,-0.23%,0.30%,2.01%,2.50%,0.63%,-1.11%,-1.86%,-0.23%,2.11%,0.90%,2.67%,90,102,137,90,136,207,242,277,310,388,47.78%,62.07%,241.3%,338.0%,172.0%,1148%,394.1%,1862%,-1.11%,-2.11%
2017/07/31,2017/06/30,-0.06%,0.16%,-0.56%,0.22%,-0.25%,2.20%,2.12%,1.69%,1.86%,1.25%,-0.93%,-0.67%,-1.67%,-0.92%,1.93%,-0.72%,90,102,136,91,136,211,247,281,316,393,47.49%,60.54%,238.1%,335.1%,177.2%,1139%,381.0%,1844%,-2.03%,-2.76%
2017/08/31,2017/07/31,-0.55%,0.44%,-0.61%,0.30%,-0.10%,0.23%,0.93%,-0.63%,0.26%,0.14%,0.25%,0.80%,0.02%,-0.91%,0.26%,-1.15%,89,103,136,91,136,212,249,279,317,393,48.15%,60.39%,238.9%,338.6%,177.9%,1125%,374.2%,1826%,-1.79%,-1.98%
2017/09/30,2017/08/31,0.44%,-0.59%,0.01%,0.19%,-0.17%,1.78%,1.40%,3.44%,3.58%,3.41%,1.33%,2.20%,2.25%,9.20%,2.47%,8.54%,90,102,136,91,135,216,253,289,328,407,47.25%,62.99%,243.5%,348.3%,184.8%,1229%,403.0%,2003%,-0.48%,0.00%
2017/10/31,2017/09/30,0.95%,0.62%,-2.63%,-0.83%,0.69%,3.43%,2.81%,0.65%,1.17%,2.74%,-1.22%,-0.21%,-1.40%,-0.42%,2.24%,-0.36%,91,103,132,90,136,223,260,291,332,418,46.88%,61.87%,239.3%,347.3%,191.2%,1225%,389.9%,1994%,-1.69%,-0.21%
2017/11/30,2017/10/31,-1.53%,-0.18%,0.18%,-0.03%,3.67%,2.01%,3.31%,3.21%,3.13%,6.34%,1.19%,0.26%,1.87%,3.78%,3.22%,3.70%,89,103,132,90,141,228,268,300,342,444,54.52%,68.87%,243.3%,348.5%,200.6%,1274%,392.3%,2074%,-0.53%,0.00%
2017/12/31,2017/11/30,-1.00%,0.09%,-0.30%,0.64%,0.93%,0.56%,1.29%,0.67%,1.76%,1.50%,0.95%,1.31%,1.92%,3.23%,1.10%,2.84%,88,103,132,91,143,229,272,302,348,451,57.51%,70.46%,246.6%,354.3%,203.8%,1313%,400.9%,2144%,0.00%,0.00%
2018/01/31,2017/12/31,0.43%,-2.50%,-0.02%,-0.62%,1.16%,7.26%,3.14%,6.01%,4.25%,6.49%,-0.41%,0.23%,0.34%,3.21%,5.34%,3.14%,89,100,132,90,144,245,280,320,363,480,58.66%,69.15%,245.2%,355.4%,220.1%,1357%,389.9%,2216%,-0.41%,0.00%
2018/02/28,2018/01/31,1.00%,0.74%,-0.88%,-0.59%,-2.11%,-2.69%,-2.83%,-4.61%,-4.30%,-5.15%,-1.07%,-0.61%,-1.99%,-5.35%,-3.65%,-5.16%,90,101,131,90,141,239,272,306,347,456,53.72%,64.98%,241.4%,352.6%,208.4%,1282%,382.5%,2092%,-1.48%,-0.61%
2018/03/31,2018/02/28,0.61%,0.12%,0.34%,0.42%,0.46%,-2.59%,-1.80%,-2.28%,-1.51%,-0.92%,1.18%,1.24%,0.56%,2.01%,-1.98%,1.64%,90,101,131,90,142,233,268,299,342,451,53.48%,67.74%,245.5%,358.2%,202.3%,1304%,399.9%,2136%,-0.31%,0.00%
2018/04/30,2018/03/31,1.65%,-1.58%,-1.03%,-0.38%,2.11%,1.71%,-1.17%,-0.33%,0.13%,2.94%,-0.06%,0.25%,-0.51%,0.98%,0.43%,0.91%,92,99,130,90,145,237,264,298,343,465,54.18%,69.80%,245.3%,359.3%,203.6%,1317%,402.3%,2158%,-0.37%,0.00%
2018/05/31,2018/04/30,0.61%,0.31%,-1.70%,0.27%,-1.50%,3.78%,3.28%,0.98%,2.88%,2.16%,0.12%,-0.20%,-0.78%,5.08%,2.78%,5.14%,92,100,128,90,143,246,273,301,352,475,50.94%,67.04%,245.7%,358.4%,212.0%,1390%,414.2%,2273%,-0.25%,-0.20%
2018/06/30,2018/05/31,-0.37%,-0.66%,1.04%,-0.07%,1.78%,0.71%,0.53%,1.16%,0.13%,2.06%,2.06%,0.73%,0.76%,1.98%,0.75%,1.76%,92,99,129,90,145,247,275,304,353,484,54.19%,69.29%,252.8%,361.8%,214.4%,1416%,419.4%,2320%,0.00%,0.00%
2018/07/31,2018/06/30,-1.21%,0.62%,0.08%,0.39%,-0.08%,2.38%,3.64%,3.82%,3.81%,2.80%,1.09%,1.60%,-0.52%,1.90%,3.27%,1.42%,91,100,129,90,145,253,285,316,366,498,55.93%,70.01%,256.7%,369.2%,224.7%,1438%,409.7%,2366%,0.00%,0.00%
2018/08/31,2018/07/31,-0.77%,0.21%,-1.06%,-0.03%,1.91%,4.31%,3.94%,1.43%,3.29%,5.17%,0.80%,0.24%,0.89%,3.96%,3.55%,3.89%,90,100,128,90,148,264,296,320,378,524,60.12%,71.47%,259.5%,370.3%,236.2%,1498%,411.4%,2464%,0.00%,0.00%
2018/09/30,2018/08/31,-0.82%,0.57%,-1.07%,1.34%,-0.21%,0.18%,0.65%,-1.23%,1.22%,-0.58%,-0.40%,-0.91%,-0.57%,-1.94%,0.10%,-1.67%,89,101,126,92,148,265,298,316,383,521,61.11%,70.16%,258.1%,366.1%,236.6%,1471%,402.4%,2414%,-0.40%,-0.91%
2018/10/31,2018/09/30,-0.08%,0.40%,2.86%,0.30%,0.87%,-9.07%,-6.92%,-5.41%,-7.15%,-7.31%,0.92%,1.42%,1.02%,-8.79%,-7.27%,-9.22%,89,101,130,92,149,241,277,299,356,483,62.63%,73.16%,261.4%,372.7%,212.1%,1326%,392.6%,2193%,0.00%,0.00%
2018/11/30,2018/10/31,0.75%,-1.48%,0.74%,1.41%,-0.93%,2.53%,0.32%,2.84%,3.28%,1.09%,-1.01%,-0.76%,-3.46%,-1.64%,1.99%,-1.41%,90,99,131,93,147,247,278,308,367,488,59.90%,70.66%,257.7%,369.1%,218.3%,1306%,375.8%,2155%,-1.01%,-0.76%
2018/12/31,2018/11/30,0.29%,-0.16%,-0.23%,-0.49%,0.71%,-8.73%,-8.78%,-10.12%,-9.81%,-9.32%,0.31%,-0.00%,-2.19%,-13.36%,-9.28%,-13.36%,90,99,131,93,148,225,254,277,331,442,60.57%,69.66%,258.8%,369.1%,188.8%,1118%,356.4%,1854%,-0.71%,-0.76%
2019/01/31,2018/12/31,1.31%,-1.07%,0.44%,-2.19%,1.10%,9.62%,8.05%,8.61%,7.62%,9.86%,1.34%,0.11%,3.00%,14.89%,8.72%,14.86%,91,98,131,91,150,247,274,300,357,486,60.23%,70.07%,263.6%,369.6%,214.0%,1299%,384.4%,2145%,0.00%,-0.66%
2019/02/28,2019/01/31,-1.87%,-0.16%,1.14%,1.68%,-1.85%,2.59%,3.33%,4.14%,4.85%,2.12%,1.31%,0.85%,0.65%,5.70%,3.43%,5.44%,90,98,133,92,147,253,283,313,374,496,60.26%,69.27%,268.4%,373.6%,224.7%,1375%,394.2%,2273%,0.00%,0.00%
2019/03/31,2019/02/28,0.05%,0.29%,-0.40%,-0.90%,0.14%,2.83%,2.53%,-0.92%,0.50%,0.91%,-1.92%,-2.01%,-1.87%,-2.99%,1.41%,-2.39%,90,98,132,91,148,260,290,310,376,501,60.40%,66.02%,261.3%,364.0%,229.3%,1340%,375.4%,2202%,-1.92%,-2.01%
2019/04/30,2019/03/31,2.51%,-0.14%,-1.41%,-1.61%,-1.77%,6.50%,3.37%,3.61%,2.65%,2.58%,-0.70%,-0.50%,-2.22%,1.70%,4.02%,1.85%,92,98,130,90,145,277,300,321,386,514,53.54%,59.51%,258.8%,361.7%,242.5%,1367%,365.1%,2241%,-2.61%,-2.50%
2019/05/31,2019/04/30,0.06%,-1.33%,2.35%,0.20%,1.82%,-6.53%,-7.26%,-5.67%,-6.41%,-5.52%,0.07%,-0.46%,1.60%,-8.79%,-6.47%,-8.65%,92,97,133,90,148,259,278,303,361,485,56.24%,61.12%,259.0%,359.6%,220.4%,1240%,355.0%,2035%,-2.54%,-2.95%
2019/06/30,2019/05/31,-1.09%,-0.64%,0.59%,0.08%,0.75%,6.67%,6.26%,7.40%,6.80%,7.78%,0.77%,1.00%,-2.28%,6.51%,6.83%,6.21%,91,96,134,90,149,277,296,325,385,523,59.12%,62.92%,261.8%,364.2%,242.2%,1323%,352.2%,2174%,-1.80%,-1.98%
2019/07/31,2019/06/30,0.08%,0.39%,0.38%,-0.69%,0.56%,1.55%,1.54%,2.07%,0.35%,1.82%,-0.28%,-0.34%,-0.55%,-1.61%,1.45%,-1.51%,91,97,135,90,150,281,300,332,387,533,59.89%,63.36%,260.8%,362.6%,247.2%,1302%,338.8%,2138%,-2.07%,-2.32%
2019/08/31,2019/07/31,-1.01%,-0.99%,0.50%,0.91%,1.91%,-2.39%,-2.61%,-2.52%,-1.29%,-0.80%,2.31%,1.64%,2.10%,-4.08%,-2.11%,-4.58%,90,96,135,90,152,274,292,324,382,528,64.56%,65.95%,269.1%,370.2%,239.9%,1238%,328.0%,2046%,0.00%,-0.72%
2019/09/30,2019/08/31,0.35%,0.93%,1.79%,0.26%,-0.48%,0.91%,1.57%,4.19%,0.79%,0.93%,-0.38%,0.47%,0.24%,2.82%,1.76%,2.68%,90,97,138,91,152,277,297,337,385,533,63.19%,65.98%,267.7%,372.4%,245.8%,1273%,331.9%,2107%,-0.38%,-0.25%
2019/10/31,2019/09/30,-1.48%,-0.35%,1.78%,-0.28%,0.35%,0.95%,2.20%,3.56%,1.90%,2.69%,1.54%,1.67%,-1.75%,1.37%,2.20%,0.87%,89,96,140,90,152,279,304,349,392,548,66.18%,68.86%,273.4%,380.3%,253.4%,1285%,326.2%,2137%,0.00%,0.00%
2019/11/30,2019/10/31,-0.01%,-1.35%,0.57%,-0.23%,0.19%,4.12%,3.12%,3.94%,3.79%,4.12%,1.07%,0.29%,-1.68%,3.32%,3.75%,3.23%,89,95,141,90,152,291,313,363,407,570,66.52%,68.84%,277.4%,381.7%,266.7%,1330%,324.0%,2211%,0.00%,0.00%
2019/12/31,2019/11/30,-0.21%,-0.15%,0.82%,0.33%,-0.63%,2.38%,2.53%,4.02%,2.86%,2.03%,-1.66%,-1.19%,-1.12%,3.78%,2.79%,4.14%,89,95,142,90,152,298,321,378,419,582,65.83%,68.25%,271.1%,376.0%,276.9%,1389%,329.7%,2299%,-1.66%,-1.19%
2020/01/31,2019/12/31,1.58%,0.51%,-1.18%,-1.59%,-3.09%,2.35%,1.53%,-1.99%,-0.75%,-2.77%,-0.36%,-1.11%,1.89%,-1.96%,0.06%,-1.63%,90,95,140,89,147,305,326,370,415,566,58.09%,59.63%,269.8%,370.7%,277.2%,1365%,322.4%,2252%,-2.01%,-2.28%
2020/02/29,2020/01/31,-0.23%,-0.08%,-0.58%,-0.47%,0.09%,-7.57%,-7.69%,-9.50%,-6.90%,-8.17%,0.16%,0.11%,-0.88%,-6.97%,-8.00%,-7.00%,90,95,140,89,147,282,301,335,387,519,58.60%,58.66%,270.4%,371.2%,247.0%,1262%,326.7%,2088%,-1.85%,-2.18%
2020/03/31,2020/02/29,-3.76%,-1.99%,0.20%,-1.28%,1.18%,-13.92%,-13.08%,-17.27%,-12.37%,-11.67%,2.15%,0.11%,-2.95%,-23.23%,-13.57%,-23.27%,87,93,140,87,149,242,261,277,339,459,66.44%,62.24%,278.3%,371.7%,199.9%,945.4%,285.3%,1580%,0.00%,-2.07%
2020/04/30,2020/03/31,2.07%,-0.47%,-1.09%,-0.16%,0.44%,16.32%,12.66%,11.29%,12.25%,13.92%,1.56%,0.71%,4.36%,21.54%,13.44%,21.33%,89,93,138,87,149,282,295,308,381,523,63.73%,58.35%,284.2%,375.1%,240.2%,1168%,315.7%,1941%,0.00%,-1.37%
2020/05/31,2020/04/30,-2.48%,0.62%,-0.37%,-1.06%,0.53%,5.02%,6.09%,2.96%,5.79%,7.05%,1.15%,0.19%,1.36%,9.18%,5.40%,9.12%,86,93,138,86,150,296,312,317,403,560,68.66%,61.57%,288.6%,376.0%,258.6%,1284%,331.2%,2129%,0.00%,-1.18%
2020/06/30,2020/05/31,2.14%,-0.60%,-1.00%,0.63%,-3.13%,4.94%,1.96%,0.52%,3.48%,-0.17%,1.23%,0.38%,3.78%,9.67%,2.43%,9.55%,88,93,137,87,145,311,319,319,417,559,59.77%,53.32%,293.4%,377.8%,267.3%,1416%,361.9%,2344%,0.00%,-0.81%
2020/07/31,2020/06/30,-2.00%,-0.03%,-3.16%,0.89%,-0.50%,4.94%,6.87%,1.61%,7.46%,6.03%,4.42%,4.72%,6.05%,10.08%,5.73%,8.67%,86,93,132,88,145,326,341,324,448,592,62.17%,54.99%,310.8%,400.4%,288.3%,1548%,375.5%,2591%,0.00%,0.00%
2020/08/31,2020/07/31,0.87%,-2.31%,-3.40%,1.76%,-1.11%,9.61%,6.41%,2.28%,9.83%,7.15%,0.73%,1.32%,-2.67%,6.85%,7.38%,6.46%,87,91,128,89,143,357,362,332,492,635,58.96%,51.18%,313.8%,406.9%,317.0%,1654%,371.1%,2775%,0.00%,0.00%
2020/09/30,2020/08/31,0.82%,-1.27%,0.99%,-1.80%,0.87%,-2.43%,-4.60%,-2.85%,-4.50%,-2.34%,0.93%,1.93%,2.55%,-0.43%,-3.61%,-1.00%,88,90,129,88,144,349,346,322,470,620,59.05%,51.32%,317.6%,416.7%,301.9%,1637%,383.4%,2763%,0.00%,0.00%
2020/10/31,2020/09/30,-0.02%,2.00%,0.06%,-1.74%,0.27%,-2.46%,-1.15%,-0.03%,-4.21%,-2.59%,0.83%,1.16%,-1.44%,1.47%,-2.11%,1.12%,88,91,129,86,145,340,342,322,450,604,59.50%,51.12%,321.1%,422.7%,293.4%,1656%,399.0%,2805%,0.00%,0.00%
2020/11/30,2020/10/31,1.81%,-0.84%,1.32%,-1.31%,0.62%,14.85%,11.27%,12.68%,10.89%,11.89%,-3.80%,-5.35%,-2.09%,17.50%,12.26%,19.11%,89,91,131,85,146,391,380,363,499,676,57.61%,46.64%,305.1%,394.7%,341.6%,1992%,433.2%,3313%,-3.80%,-5.35%
2020/12/31,2020/11/30,-0.95%,-1.53%,0.49%,1.87%,-2.84%,5.69%,3.33%,4.75%,6.67%,2.72%,-0.50%,-2.22%,-1.86%,7.39%,4.57%,8.05%,89,89,131,87,142,413,393,380,532,694,54.64%,42.29%,303.1%,383.7%,361.8%,2160%,451.8%,3565%,-4.28%,-7.45%
2021/01/31,2020/12/31,0.09%,-0.01%,-0.84%,-0.74%,-2.51%,0.34%,-0.24%,0.73%,0.06%,-1.57%,-1.44%,-0.07%,4.71%,13.53%,-0.12%,13.55%,89,89,130,86,138,414,392,383,532,683,50.63%,39.57%,297.3%,383.4%,361.3%,2466%,527.2%,4061%,-5.66%,-7.52%
