Date,fdate,AccrualVol_AR_1,AccrualVol_AR_2,AccrualVol_AR_3,AccrualVol_AR_4,AccrualVol_AR_5,AccrualVol_TR_1,AccrualVol_TR_2,AccrualVol_TR_3,AccrualVol_TR_4,AccrualVol_TR_5,AccrualVol_AR_Sig,AccrualVol_TR_Sig,AccrualVol_AR_130,AccrualVol_TR_130,AccrualVol_TR_BP,AccrualVol_TR_LO,AccrualVol_CAR_1,AccrualVol_CAR_2,AccrualVol_CAR_3,AccrualVol_CAR_4,AccrualVol_CAR_5,AccrualVol_CTR_1,AccrualVol_CTR_2,AccrualVol_CTR_3,AccrualVol_CTR_4,AccrualVol_CTR_5,AccrualVol_CAR_LS,AccrualVol_CTR_LS,AccrualVol_CAR_SW,AccrualVol_CTR_SW,AccrualVol_CTR_BP,AccrualVol_CTR_LO,AccrualVol_CXR_LO,AccrualVol_CTR_13,AccrualVol_CADD,AccrualVol_CTDD
2001/02/28,2001/01/31,5.41%,2.64%,-1.88%,5.01%,0.96%,-16.67%,-13.71%,-9.47%,-6.00%,-9.02%,-11.69%,3.94%,2.49%,-5.67%,-9.48%,-6.86%,105,103,98,105,101,83,86,91,94,91,-4.45%,7.65%,-11.69%,3.94%,-9.48%,-6.86%,2.62%,-5.67%,-11.69%,0.00%
2001/03/31,2001/02/28,1.84%,-0.44%,0.80%,0.54%,-0.64%,-11.50%,-8.45%,-5.09%,-6.31%,-6.75%,-5.20%,1.90%,-0.27%,-6.10%,-6.73%,-6.68%,107,102,99,106,100,74,79,86,88,85,-6.82%,12.76%,-16.28%,5.92%,-15.57%,-13.07%,2.68%,-11.43%,-16.28%,0.00%
2001/04/30,2001/03/31,0.33%,1.16%,-1.68%,-2.58%,1.76%,14.48%,9.22%,6.30%,5.10%,9.67%,4.53%,-0.40%,-0.76%,8.27%,8.26%,8.39%,108,103,97,103,102,84,86,91,93,93,-5.49%,7.33%,-12.49%,5.50%,-8.60%,-5.78%,2.82%,-4.10%,-12.49%,-0.40%
2001/05/31,2001/04/30,1.48%,-2.28%,-0.33%,0.17%,-0.38%,1.36%,1.05%,1.65%,2.88%,-0.20%,-4.22%,-1.97%,1.22%,6.03%,1.01%,6.62%,109,101,97,103,102,86,87,93,95,93,-7.25%,5.66%,-16.18%,3.42%,-7.68%,0.46%,8.59%,1.68%,-16.18%,-2.36%
2001/06/30,2001/05/31,5.51%,-0.08%,1.72%,1.09%,-0.08%,3.07%,-1.66%,-1.79%,-1.68%,-2.13%,2.90%,1.59%,-1.79%,2.59%,-1.54%,2.12%,115,101,99,104,102,88,86,91,94,91,-12.44%,0.16%,-13.76%,5.06%,-9.10%,2.59%,12.56%,4.32%,-13.76%,-0.82%
2001/07/31,2001/06/30,-1.29%,-2.72%,-2.33%,0.00%,0.75%,-6.43%,-5.18%,-1.50%,0.18%,-1.34%,-2.41%,2.77%,2.78%,-1.64%,-1.79%,-2.47%,114,98,96,104,102,83,81,90,94,90,-10.65%,5.26%,-15.83%,7.96%,-10.73%,0.05%,11.80%,2.60%,-15.83%,0.00%
2001/08/31,2001/07/31,-1.93%,0.69%,3.03%,1.71%,-0.65%,-11.23%,-6.40%,-3.44%,-4.95%,-6.68%,-0.18%,2.37%,1.13%,-2.44%,-5.97%,-3.15%,112,99,99,106,102,73,76,87,89,84,-9.51%,10.06%,-15.98%,10.53%,-16.06%,-3.10%,14.95%,0.10%,-15.98%,0.00%
2001/09/30,2001/08/31,2.32%,-2.91%,0.33%,1.75%,-2.08%,-10.29%,-13.25%,-7.68%,-8.89%,-8.32%,-0.03%,2.74%,5.11%,-11.56%,-8.92%,-12.39%,114,96,100,108,100,66,66,80,81,77,-13.50%,12.22%,-16.01%,13.55%,-23.54%,-15.10%,10.96%,-11.47%,-16.01%,0.00%
2001/10/31,2001/09/30,-0.76%,2.20%,2.86%,0.18%,3.03%,3.89%,2.52%,0.96%,-0.11%,4.70%,3.58%,-4.68%,-0.73%,6.80%,2.68%,8.20%,113,98,102,108,103,68,68,81,81,80,-10.22%,13.13%,-13.00%,8.24%,-21.50%,-8.14%,17.09%,-5.46%,-13.00%,-4.68%
2001/11/30,2001/10/31,-1.03%,-0.95%,-2.52%,-2.12%,1.47%,8.06%,8.98%,6.16%,7.95%,8.00%,-0.03%,-0.31%,-0.78%,8.34%,7.75%,8.44%,112,97,100,106,104,74,74,86,88,87,-7.97%,13.06%,-13.02%,7.90%,-15.41%,-0.39%,17.89%,2.43%,-13.02%,-4.98%
2001/12/31,2001/11/30,-1.07%,-0.03%,1.34%,0.55%,0.27%,0.58%,2.87%,2.46%,2.38%,1.05%,-1.04%,-0.07%,0.14%,6.85%,1.71%,6.87%,111,97,101,106,104,74,76,88,90,88,-6.74%,13.59%,-13.92%,7.83%,-13.96%,6.46%,23.98%,9.45%,-13.92%,-5.04%
2002/01/31,2001/12/31,0.84%,-0.79%,-1.41%,0.42%,0.42%,-1.82%,-1.97%,-1.73%,-0.13%,-1.38%,-3.71%,-0.25%,0.25%,1.45%,-1.25%,1.53%,112,96,100,107,105,73,74,86,90,86,-7.13%,14.08%,-17.12%,7.55%,-15.04%,8.08%,27.42%,11.04%,-17.12%,-5.28%
2002/02/28,2002/01/31,-1.32%,-0.78%,1.14%,1.94%,-0.72%,-4.76%,-3.55%,-0.21%,0.04%,-3.37%,0.69%,4.19%,0.32%,-2.26%,-2.10%,-3.52%,110,96,101,109,104,69,72,86,90,84,-6.57%,15.68%,-16.54%,12.06%,-16.83%,4.28%,25.62%,8.53%,-16.54%,-1.31%
2002/03/31,2002/02/28,-3.15%,2.06%,0.91%,1.11%,0.59%,1.23%,6.83%,4.67%,4.54%,4.10%,-0.56%,0.12%,-0.68%,8.32%,4.42%,8.28%,107,98,102,110,105,70,77,90,94,87,-3.07%,19.00%,-17.01%,12.19%,-13.15%,12.91%,30.47%,17.55%,-17.01%,-1.20%
2002/04/30,2002/03/31,-0.91%,4.09%,1.89%,0.12%,-1.83%,-7.48%,-0.67%,-2.47%,-4.34%,-7.81%,-2.57%,2.32%,-1.77%,-0.36%,-5.00%,-1.06%,106,102,104,110,103,65,76,88,90,80,-3.95%,18.61%,-19.14%,14.79%,-17.49%,11.72%,35.61%,17.12%,-19.14%,0.00%
2002/05/31,2002/04/30,-2.23%,-0.58%,0.23%,-0.79%,-0.31%,-3.94%,-1.03%,0.38%,-1.23%,-1.79%,0.71%,2.13%,1.71%,-2.22%,-1.20%,-2.86%,104,101,104,109,102,62,75,88,88,79,-2.12%,21.16%,-18.57%,17.24%,-18.48%,8.52%,33.36%,14.52%,-18.57%,0.00%
2002/06/30,2002/05/31,0.22%,1.33%,2.23%,1.37%,-2.16%,-6.74%,-7.27%,-4.90%,-5.69%,-9.09%,2.38%,3.45%,-2.14%,-6.09%,-6.92%,-7.12%,104,102,106,111,100,58,70,84,83,72,-4.44%,18.32%,-16.63%,21.28%,-24.12%,0.79%,33.08%,7.54%,-16.63%,0.00%
2002/07/31,2002/06/30,-1.65%,-0.56%,-0.65%,-0.97%,0.73%,-10.14%,-9.31%,-8.58%,-9.27%,-5.90%,4.87%,1.78%,5.18%,-10.90%,-7.99%,-11.44%,102,102,106,110,101,52,63,77,76,67,-2.17%,23.34%,-12.57%,23.44%,-30.19%,-10.74%,28.50%,-4.18%,-12.57%,0.00%
2002/08/31,2002/07/31,-1.76%,0.05%,-2.57%,-0.69%,0.42%,-0.88%,1.97%,0.01%,1.17%,0.39%,-1.23%,1.15%,1.66%,0.99%,0.64%,0.65%,100,102,103,109,101,52,65,77,77,68,-0.04%,24.91%,-13.65%,24.86%,-29.74%,-10.16%,28.51%,-3.23%,-13.65%,0.00%
2002/09/30,2002/08/31,-2.65%,0.77%,-2.18%,-1.14%,0.36%,-13.06%,-8.51%,-10.38%,-9.66%,-10.54%,-0.73%,2.35%,1.02%,-8.18%,-10.13%,-8.89%,98,103,101,108,102,45,59,69,69,60,2.97%,28.06%,-14.28%,27.79%,-36.86%,-18.14%,30.10%,-11.15%,-14.28%,0.00%
2002/10/31,2002/09/30,2.43%,0.38%,1.19%,-0.41%,3.62%,10.34%,6.27%,6.57%,5.48%,11.34%,3.33%,-0.82%,0.99%,5.43%,7.77%,5.67%,100,103,102,107,105,50,63,73,73,67,4.20%,29.34%,-11.43%,26.75%,-31.95%,-13.50%,27.38%,-6.33%,-11.43%,-0.82%
2002/11/30,2002/10/31,5.59%,-0.25%,-0.86%,-0.76%,-0.13%,11.71%,4.50%,4.06%,4.64%,8.71%,-1.59%,-7.72%,0.58%,11.33%,6.03%,13.64%,106,103,101,106,105,56,66,76,76,73,-1.77%,25.45%,-12.84%,16.97%,-27.85%,-1.71%,37.07%,4.28%,-12.84%,-8.47%
2002/12/31,2002/11/30,0.70%,1.80%,-0.68%,0.15%,-0.44%,-6.75%,-2.28%,-5.18%,-4.69%,-7.92%,-1.27%,2.70%,1.24%,-4.58%,-5.58%,-5.39%,106,105,100,107,105,52,64,72,73,67,-2.88%,23.98%,-13.94%,20.13%,-31.88%,-7.00%,37.34%,-0.49%,-13.94%,-5.99%
2003/01/31,2002/12/31,2.64%,0.06%,-0.38%,-0.36%,0.11%,-0.14%,-2.35%,-3.16%,-2.86%,-2.32%,-2.74%,-4.10%,0.64%,-1.37%,-2.56%,-0.14%,109,105,100,106,105,52,63,70,71,66,-5.34%,21.29%,-16.29%,15.21%,-33.63%,-7.13%,40.66%,-1.86%,-16.29%,-9.85%
2003/02/28,2003/01/31,-1.06%,-0.56%,-0.86%,0.58%,1.27%,-3.13%,-2.66%,-3.02%,-1.33%,-0.52%,0.34%,-0.22%,0.23%,-2.82%,-1.81%,-2.76%,108,104,99,107,106,50,61,68,70,66,-3.13%,24.45%,-16.01%,14.96%,-34.83%,-9.69%,39.33%,-4.63%,-16.01%,-10.04%
2003/03/31,2003/02/28,0.01%,1.24%,0.43%,2.29%,0.37%,1.42%,0.99%,0.22%,2.28%,1.31%,0.08%,-1.88%,0.03%,0.62%,1.22%,1.19%,108,105,99,109,107,51,62,68,71,66,-2.78%,24.30%,-15.94%,12.80%,-34.03%,-8.62%,39.28%,-4.03%,-15.94%,-11.73%
2003/04/30,2003/03/31,-0.00%,0.77%,1.50%,-0.08%,-2.01%,10.36%,9.15%,8.70%,8.50%,6.78%,0.33%,-1.78%,-0.53%,9.94%,8.22%,10.48%,108,106,101,109,105,56,67,74,77,71,-4.73%,19.85%,-15.67%,10.79%,-28.61%,0.95%,42.42%,5.51%,-15.67%,-13.31%
2003/05/31,2003/04/30,1.55%,1.50%,1.28%,-1.04%,-1.91%,10.68%,7.75%,6.42%,5.25%,5.34%,-7.23%,-11.70%,-1.38%,9.42%,6.23%,12.93%,110,108,102,108,103,62,72,79,81,75,-8.03%,13.45%,-21.77%,-2.17%,-24.16%,14.00%,51.96%,15.44%,-21.77%,-23.45%
2003/06/30,2003/05/31,-0.58%,-0.77%,-0.03%,-0.34%,0.60%,1.68%,1.01%,1.49%,1.04%,2.14%,-4.35%,-6.74%,-0.48%,2.23%,1.49%,4.25%,109,107,102,108,103,63,73,80,82,76,-6.95%,13.97%,-25.17%,-8.76%,-23.03%,18.85%,56.16%,18.02%,-25.17%,-28.60%
2003/07/31,2003/06/30,-0.40%,-0.58%,0.86%,1.55%,0.19%,3.36%,1.99%,2.27%,3.19%,2.02%,-2.07%,-3.22%,-0.96%,5.53%,2.46%,6.50%,109,106,103,109,103,65,75,82,85,78,-6.39%,12.44%,-26.72%,-11.70%,-21.14%,26.57%,62.47%,24.55%,-26.72%,-30.90%
2003/08/31,2003/07/31,0.87%,-0.20%,-1.81%,0.69%,0.23%,4.06%,2.72%,1.11%,3.42%,2.09%,-1.82%,-1.12%,-1.28%,4.19%,2.35%,4.53%,110,106,101,110,104,68,77,83,88,79,-7.00%,10.22%,-28.05%,-12.69%,-19.28%,32.30%,66.00%,29.77%,-28.05%,-31.67%
2003/09/30,2003/08/31,-0.34%,0.77%,-0.57%,-0.03%,0.03%,-1.64%,-0.08%,-1.52%,-1.01%,-0.94%,-5.95%,-7.32%,-0.60%,-1.29%,-1.08%,0.91%,109,107,101,110,104,67,77,81,87,79,-6.65%,11.01%,-32.33%,-19.07%,-20.15%,33.50%,69.30%,28.10%,-32.33%,-36.67%
2003/10/31,2003/09/30,0.48%,-0.81%,1.03%,-0.28%,0.95%,7.06%,7.44%,7.38%,5.58%,4.63%,-4.51%,-1.61%,-1.71%,7.21%,6.06%,7.69%,110,106,102,110,105,72,82,87,92,82,-6.22%,8.32%,-35.38%,-20.38%,-15.32%,43.76%,72.06%,37.33%,-35.38%,-37.69%
2003/11/30,2003/10/31,1.61%,-0.45%,-0.85%,-1.09%,1.25%,2.88%,1.75%,1.43%,0.64%,1.82%,-1.43%,-0.07%,0.23%,3.91%,1.47%,3.94%,112,106,101,109,106,74,84,89,92,84,-6.56%,7.16%,-36.31%,-20.44%,-14.07%,49.42%,76.30%,42.70%,-36.31%,-37.74%
2003/12/31,2003/11/30,-4.66%,-2.16%,0.62%,-0.67%,0.24%,2.42%,3.40%,4.73%,4.05%,5.06%,5.65%,1.74%,2.11%,4.22%,4.39%,3.70%,106,103,101,108,106,75,87,93,96,88,-1.98%,10.00%,-32.71%,-19.05%,-10.30%,54.95%,75.08%,48.73%,-32.71%,-36.66%
2004/01/31,2003/12/31,4.26%,-0.88%,-2.14%,0.20%,0.76%,6.20%,2.68%,1.05%,2.73%,1.92%,-9.73%,-9.48%,-1.34%,2.91%,2.25%,5.76%,111,102,99,108,107,80,89,94,99,90,-5.41%,5.29%,-39.26%,-26.73%,-8.28%,63.87%,81.23%,53.06%,-39.26%,-42.66%
2004/02/29,2004/01/31,-2.66%,0.88%,1.27%,1.18%,-1.97%,-0.91%,2.47%,2.80%,2.67%,-0.50%,2.50%,1.90%,1.05%,1.49%,1.48%,0.92%,108,103,100,109,105,79,91,97,101,89,-4.76%,5.72%,-37.75%,-25.34%,-6.92%,65.38%,80.21%,55.33%,-37.75%,-41.58%
2004/03/31,2004/02/29,-1.50%,0.49%,0.09%,0.57%,-0.70%,-2.56%,-0.15%,-0.76%,-0.51%,-1.92%,2.56%,1.92%,0.93%,1.34%,-1.09%,0.76%,106,104,101,110,104,77,91,96,101,88,-4.00%,6.40%,-36.15%,-23.90%,-7.94%,66.63%,83.54%,57.41%,-36.15%,-40.45%
2004/04/30,2004/03/31,-5.71%,-1.47%,1.07%,-0.35%,-0.61%,-5.69%,-3.56%,-1.69%,-2.58%,-0.59%,4.86%,2.68%,1.61%,-2.30%,-2.03%,-3.11%,100,102,102,110,104,73,88,94,98,87,0.90%,11.82%,-33.05%,-21.86%,-9.81%,61.45%,81.57%,53.79%,-33.05%,-38.85%
2004/05/31,2004/04/30,1.85%,0.02%,0.07%,-0.12%,0.48%,2.64%,0.76%,0.94%,1.07%,1.80%,0.99%,1.51%,-0.08%,0.92%,1.34%,0.47%,102,102,102,109,104,75,88,95,99,89,-0.49%,10.89%,-32.39%,-20.68%,-8.61%,62.21%,80.00%,55.20%,-32.39%,-37.93%
2004/06/30,2004/05/31,0.22%,0.06%,-0.61%,-0.04%,0.57%,2.75%,2.67%,1.48%,2.08%,1.94%,1.83%,2.30%,-0.62%,3.56%,1.96%,2.87%,102,102,101,109,105,77,91,96,101,90,-0.15%,10.00%,-31.15%,-18.85%,-6.81%,66.86%,81.62%,60.72%,-31.15%,-36.50%
2004/07/31,2004/06/30,-3.85%,-0.34%,0.07%,0.76%,-0.20%,-8.70%,-3.49%,-2.54%,-2.48%,-5.67%,5.61%,4.01%,1.14%,-5.69%,-3.87%,-6.89%,98,102,101,110,104,70,88,94,99,85,3.50%,13.33%,-27.30%,-15.60%,-10.42%,55.36%,76.13%,51.58%,-27.30%,-33.95%
2004/08/31,2004/07/31,-2.31%,1.00%,1.05%,0.64%,-0.85%,-2.07%,1.31%,1.41%,0.99%,-1.17%,3.28%,2.67%,1.20%,-0.10%,0.29%,-0.91%,96,103,102,111,104,69,89,95,100,84,5.01%,14.36%,-24.91%,-13.34%,-10.15%,53.95%,74.02%,51.43%,-24.91%,-32.19%
2004/09/30,2004/08/31,2.99%,0.99%,0.10%,0.21%,-1.24%,4.61%,2.69%,1.65%,1.82%,0.61%,-1.43%,0.08%,-0.63%,4.19%,1.66%,4.16%,99,104,102,111,102,72,91,97,102,85,0.57%,9.78%,-25.98%,-13.27%,-8.67%,60.37%,78.39%,57.77%,-25.98%,-32.13%
2004/10/31,2004/09/30,-0.40%,0.52%,-0.78%,0.95%,-0.26%,1.91%,1.88%,0.33%,2.39%,1.68%,1.78%,1.15%,1.18%,2.98%,1.55%,2.63%,99,105,102,112,102,73,93,97,104,86,0.71%,9.52%,-24.66%,-12.27%,-7.25%,64.58%,80.31%,62.46%,-24.66%,-31.35%
2004/11/30,2004/10/31,0.55%,-0.41%,0.56%,-0.43%,-0.21%,6.88%,4.72%,4.96%,4.26%,4.30%,-2.69%,-2.62%,-1.55%,7.35%,4.65%,8.14%,99,104,102,112,102,78,97,102,109,90,-0.06%,6.70%,-26.68%,-14.57%,-2.94%,77.98%,86.60%,74.41%,-26.68%,-33.15%
2004/12/31,2004/11/30,-0.20%,1.34%,0.05%,0.25%,-0.69%,5.02%,4.76%,3.00%,3.50%,3.57%,-2.89%,-4.38%,0.18%,4.08%,3.62%,5.39%,99,106,102,112,101,82,102,105,112,93,-0.54%,5.16%,-28.80%,-18.31%,0.58%,87.58%,89.91%,81.53%,-28.80%,-36.07%
2005/01/31,2004/12/31,0.83%,0.07%,0.41%,-0.05%,-0.47%,-4.33%,-2.43%,-1.10%,-1.95%,-4.88%,0.66%,1.59%,1.22%,-3.51%,-2.69%,-3.99%,100,106,103,112,101,79,99,104,110,89,-1.83%,4.58%,-28.33%,-17.01%,-2.13%,80.10%,87.44%,75.15%,-28.33%,-35.06%
2005/02/28,2005/01/31,-2.37%,-0.50%,-0.10%,0.91%,0.38%,-1.03%,1.58%,2.17%,2.97%,1.63%,1.36%,2.09%,0.02%,1.62%,2.06%,1.00%,97,105,103,113,101,78,101,106,113,90,0.87%,7.37%,-27.36%,-15.27%,-0.11%,81.89%,85.45%,78.00%,-27.36%,-33.70%
2005/03/31,2005/02/28,0.17%,-1.67%,-1.10%,-0.29%,2.14%,-3.16%,-2.06%,-1.86%,-1.59%,-1.32%,2.57%,2.38%,1.09%,-2.18%,-1.73%,-2.89%,98,103,101,113,103,75,99,104,112,89,2.85%,9.34%,-25.49%,-13.26%,-1.84%,76.63%,83.30%,74.12%,-25.49%,-32.12%
2005/04/30,2005/03/31,0.97%,-0.29%,-0.63%,0.09%,1.69%,-3.87%,-2.32%,-2.71%,-1.78%,-1.90%,2.34%,2.29%,2.48%,-4.58%,-2.23%,-5.27%,99,103,101,113,105,72,97,101,110,87,3.59%,11.50%,-23.75%,-11.27%,-4.03%,67.32%,77.72%,66.14%,-23.75%,-30.56%
2005/05/31,2005/04/30,-0.00%,0.28%,0.48%,-0.25%,-0.25%,5.83%,4.11%,3.58%,3.03%,4.92%,1.47%,1.66%,-0.98%,6.65%,3.88%,6.15%,99,103,101,112,105,77,100,105,113,91,3.34%,10.49%,-22.63%,-9.80%,-0.31%,77.62%,81.77%,77.19%,-22.63%,-29.42%
2005/06/30,2005/05/31,0.17%,0.01%,0.15%,-0.42%,0.04%,2.41%,1.68%,1.60%,0.68%,-0.39%,-0.66%,-0.76%,-0.85%,2.97%,0.85%,3.20%,99,103,101,112,105,79,102,107,114,91,3.20%,7.39%,-23.14%,-10.48%,0.54%,83.29%,86.03%,82.45%,-23.14%,-29.95%
2005/07/31,2005/06/30,-1.01%,1.48%,0.82%,0.11%,-1.26%,5.26%,4.93%,3.96%,3.79%,4.46%,1.56%,0.81%,-0.17%,7.59%,4.20%,7.34%,98,105,102,112,103,83,107,111,118,95,2.94%,6.53%,-21.94%,-9.76%,4.76%,96.75%,91.87%,96.29%,-21.94%,-29.39%
2005/08/31,2005/07/31,1.89%,0.32%,-1.24%,-0.80%,1.81%,-0.28%,-0.60%,-1.52%,-1.50%,-0.26%,-0.39%,0.23%,0.83%,-1.19%,-1.01%,-1.26%,100,105,101,111,105,82,107,109,116,95,2.86%,6.56%,-22.24%,-9.55%,3.70%,94.28%,91.41%,93.96%,-22.24%,-29.22%
2005/09/30,2005/08/31,1.98%,0.36%,0.34%,0.56%,-0.49%,1.17%,0.70%,1.16%,1.35%,-0.49%,-1.04%,-0.56%,0.89%,0.33%,0.77%,0.50%,102,106,101,112,105,83,107,111,118,94,0.31%,4.78%,-23.05%,-10.06%,4.50%,95.24%,90.88%,94.59%,-23.05%,-29.62%
2005/10/31,2005/09/30,-0.52%,-1.56%,1.07%,-0.46%,-0.01%,-3.14%,-3.01%,-0.27%,-1.86%,-2.35%,2.16%,2.47%,0.38%,-2.23%,-1.76%,-2.97%,101,104,102,111,105,81,104,110,116,92,0.82%,5.62%,-21.39%,-7.83%,2.66%,89.45%,88.58%,90.26%,-21.39%,-27.88%
2005/11/30,2005/10/31,-0.32%,0.14%,0.65%,0.25%,-0.16%,4.12%,3.89%,3.78%,3.75%,4.26%,2.60%,2.32%,0.42%,5.13%,3.93%,4.44%,101,104,103,112,105,84,108,114,120,96,0.98%,5.77%,-19.34%,-5.70%,6.69%,97.85%,89.54%,100.0%,-19.34%,-26.21%
2005/12/31,2005/11/30,0.15%,1.33%,0.36%,-0.53%,-0.12%,-0.18%,1.24%,0.44%,-0.38%,-0.31%,-0.11%,-0.01%,0.86%,0.30%,0.04%,0.30%,101,105,103,111,104,84,109,115,120,96,0.70%,5.63%,-19.43%,-5.71%,6.73%,98.45%,90.04%,100.6%,-19.43%,-26.22%
2006/01/31,2005/12/31,0.70%,1.68%,-1.22%,0.81%,-1.21%,7.50%,5.62%,1.67%,3.81%,3.25%,-1.87%,-2.54%,-2.68%,7.05%,3.44%,7.81%,102,107,102,112,103,90,116,117,124,99,-1.22%,1.13%,-20.93%,-8.11%,10.40%,113.9%,98.36%,114.8%,-20.93%,-28.09%
2006/02/28,2006/01/31,0.32%,-0.64%,0.52%,-0.61%,0.33%,0.40%,-0.35%,0.67%,-0.61%,0.45%,-0.35%,-0.68%,0.33%,0.36%,0.09%,0.57%,102,107,103,111,103,91,115,118,123,99,-1.22%,1.18%,-21.21%,-8.73%,10.50%,115.2%,99.30%,115.5%,-21.21%,-28.58%
2006/03/31,2006/02/28,-0.91%,-0.50%,-0.11%,0.77%,-1.15%,3.66%,1.12%,1.32%,2.65%,1.63%,-0.83%,-1.63%,-2.19%,3.67%,1.90%,4.16%,101,106,103,112,102,94,116,119,127,101,-1.45%,-0.88%,-21.87%,-10.22%,12.59%,124.1%,103.8%,123.4%,-21.87%,-29.74%
2006/04/30,2006/03/31,-0.74%,2.30%,0.31%,-0.22%,-1.17%,0.48%,2.72%,1.63%,1.41%,-0.77%,0.40%,0.08%,0.10%,0.01%,0.99%,-0.01%,100,108,103,112,101,94,120,121,128,100,-1.87%,-2.12%,-21.55%,-10.15%,13.71%,124.1%,101.8%,123.5%,-21.55%,-29.69%
2006/05/31,2006/04/30,-0.37%,0.24%,-0.33%,-0.55%,0.42%,-4.37%,-2.55%,-2.34%,-3.06%,-3.93%,2.63%,2.35%,1.07%,-4.19%,-3.11%,-4.89%,100,109,103,111,101,90,117,118,124,96,-1.10%,-1.69%,-19.49%,-8.03%,10.17%,113.1%,98.16%,114.1%,-19.49%,-28.03%
2006/06/30,2006/05/31,-0.66%,0.42%,-0.04%,-0.30%,0.65%,-0.51%,0.58%,0.09%,-0.06%,0.45%,1.46%,1.25%,0.25%,-0.15%,0.19%,-0.53%,99,109,102,111,102,90,117,118,124,97,0.20%,-0.75%,-18.31%,-6.89%,10.39%,112.0%,96.73%,113.8%,-18.31%,-27.14%
2006/07/31,2006/06/30,-2.90%,0.27%,0.38%,-0.69%,1.16%,-4.25%,-1.51%,0.96%,-0.90%,0.41%,2.07%,2.39%,0.99%,-2.27%,-0.28%,-2.98%,96,109,103,110,103,86,116,120,123,97,4.26%,3.88%,-16.62%,-4.66%,10.08%,105.7%,91.40%,108.9%,-16.62%,-25.40%
2006/08/31,2006/07/31,0.45%,-1.27%,0.42%,-0.85%,1.12%,2.85%,0.97%,2.42%,0.80%,4.63%,0.77%,1.31%,-0.46%,3.75%,2.48%,3.35%,97,108,103,109,104,88,117,122,124,102,4.96%,5.73%,-15.97%,-3.42%,12.81%,112.6%,93.09%,116.8%,-15.97%,-24.42%
2006/09/30,2006/08/31,1.04%,0.04%,-0.15%,0.05%,-0.07%,2.64%,1.75%,2.22%,2.21%,2.39%,0.85%,0.87%,0.08%,1.46%,2.24%,1.20%,98,108,103,109,104,91,119,125,127,104,3.80%,5.47%,-15.26%,-2.57%,15.33%,115.1%,91.08%,119.9%,-15.26%,-23.76%
2006/10/31,2006/09/30,0.04%,1.01%,0.32%,-0.62%,-0.07%,4.48%,4.47%,3.32%,3.03%,4.09%,0.91%,0.47%,-0.26%,5.44%,3.69%,5.30%,98,109,103,109,104,95,124,129,131,108,3.69%,5.06%,-14.49%,-2.11%,19.59%,126.5%,94.16%,131.9%,-14.49%,-23.40%
2006/11/30,2006/10/31,-1.02%,-0.43%,-0.69%,0.39%,0.40%,1.26%,1.69%,1.20%,2.46%,2.93%,1.17%,0.85%,-0.21%,3.08%,2.16%,2.83%,97,109,103,109,105,96,126,131,134,111,5.16%,6.82%,-13.49%,-1.28%,22.17%,132.9%,95.46%,139.1%,-13.49%,-22.75%
2006/12/31,2006/11/30,1.95%,1.03%,0.80%,-0.59%,-1.34%,2.45%,2.43%,2.20%,1.09%,-0.05%,-0.50%,-1.28%,-0.56%,0.37%,1.18%,0.75%,99,110,104,108,103,98,129,134,136,111,1.70%,4.15%,-13.92%,-2.54%,23.61%,134.7%,94.61%,139.9%,-13.92%,-23.74%
2007/01/31,2006/12/31,0.17%,0.74%,-0.62%,-0.49%,1.12%,1.98%,2.38%,0.92%,1.34%,3.11%,-0.97%,-1.29%,0.29%,2.18%,2.01%,2.57%,99,111,103,108,105,100,132,135,137,115,2.66%,5.32%,-14.75%,-3.79%,26.09%,140.7%,95.71%,145.2%,-14.75%,-24.72%
2007/02/28,2007/01/31,-1.09%,0.41%,0.85%,0.16%,-0.87%,-2.02%,-1.22%,-0.34%,-1.60%,-2.36%,-0.11%,-0.26%,0.31%,-0.22%,-1.63%,-0.14%,98,111,104,108,104,98,131,134,135,112,2.89%,4.96%,-14.84%,-4.05%,24.04%,140.4%,98.62%,144.6%,-14.84%,-24.91%
2007/03/31,2007/02/28,-0.85%,-0.68%,0.78%,-0.39%,-0.16%,0.30%,0.84%,1.39%,0.96%,1.06%,2.82%,2.42%,0.68%,1.41%,1.00%,0.69%,97,110,105,108,103,99,132,136,136,113,3.60%,5.76%,-12.44%,-1.73%,25.28%,142.0%,98.00%,148.1%,-12.44%,-23.10%
2007/04/30,2007/03/31,0.98%,0.23%,-0.56%,0.29%,0.18%,3.75%,4.25%,2.67%,3.82%,4.46%,0.45%,0.48%,1.01%,3.14%,3.86%,2.99%,98,111,104,108,104,102,137,140,142,118,2.77%,6.52%,-12.04%,-1.26%,30.12%,149.3%,96.28%,155.9%,-12.04%,-22.73%
2007/05/31,2007/04/30,-0.47%,0.27%,-0.12%,0.05%,-0.30%,3.26%,3.68%,3.08%,3.47%,3.83%,3.02%,2.62%,-0.29%,3.86%,3.54%,3.07%,97,111,104,108,103,106,142,144,147,123,2.96%,7.12%,-9.39%,1.33%,34.73%,156.9%,95.35%,165.7%,-9.39%,-20.71%
2007/06/30,2007/05/31,-0.74%,-1.18%,-1.16%,0.20%,0.44%,-2.16%,-2.47%,-2.81%,-1.21%,-1.36%,0.06%,-0.25%,0.34%,-1.17%,-1.77%,-1.10%,97,110,103,108,104,103,139,140,145,121,4.17%,7.97%,-9.34%,1.08%,32.35%,154.1%,96.66%,162.6%,-9.34%,-20.90%
2007/07/31,2007/06/30,-1.62%,-0.96%,-0.35%,-0.40%,1.61%,-6.36%,-3.84%,-4.71%,-3.30%,-2.30%,0.86%,0.70%,2.17%,-4.93%,-3.46%,-5.14%,95,109,102,108,105,97,134,134,140,118,7.53%,12.35%,-8.55%,1.78%,27.77%,141.0%,93.36%,149.7%,-8.55%,-20.35%
2007/08/31,2007/07/31,-1.04%,0.17%,1.01%,0.15%,0.03%,0.07%,1.06%,1.77%,1.54%,1.69%,4.33%,3.92%,0.74%,1.57%,1.50%,0.40%,94,109,103,108,105,97,135,136,142,120,8.67%,14.18%,-4.59%,5.78%,29.69%,142.0%,91.23%,153.6%,-4.59%,-17.23%
2007/09/30,2007/08/31,0.18%,-0.74%,-0.02%,0.17%,-0.38%,2.59%,2.76%,2.78%,3.80%,4.20%,0.71%,0.05%,0.87%,1.86%,3.55%,1.84%,94,108,103,108,105,99,139,140,148,126,8.06%,16.02%,-3.92%,5.83%,34.30%,146.5%,87.96%,158.3%,-3.92%,-17.19%
2007/10/31,2007/09/30,0.56%,-3.06%,0.59%,0.05%,-0.35%,2.00%,-1.14%,1.77%,2.47%,2.74%,1.63%,2.21%,0.15%,2.60%,2.05%,1.94%,95,105,104,108,105,101,137,142,151,129,7.08%,16.88%,-2.34%,8.17%,37.05%,151.2%,87.75%,165.1%,-2.34%,-15.36%
2007/11/30,2007/10/31,-0.52%,-1.84%,1.02%,0.13%,0.30%,-6.28%,-6.64%,-3.48%,-4.23%,-4.27%,5.16%,5.22%,1.68%,-5.50%,-4.49%,-7.07%,94,103,105,108,105,95,128,137,145,123,7.96%,19.23%,2.69%,13.82%,30.89%,133.5%,82.91%,150.5%,0.00%,-10.94%
2007/12/31,2007/11/30,-1.80%,-0.41%,-1.66%,-1.06%,0.27%,-2.87%,-0.44%,-2.76%,-0.80%,0.52%,1.84%,1.40%,0.15%,-0.73%,-0.68%,-1.15%,93,102,103,107,105,92,127,134,144,124,10.20%,23.27%,4.58%,15.41%,30.00%,130.8%,82.06%,148.6%,0.00%,-9.69%
2008/01/31,2007/12/31,2.50%,2.25%,-0.83%,0.72%,1.18%,-3.13%,-4.33%,-6.63%,-5.29%,-7.08%,-0.04%,-0.92%,0.72%,-5.82%,-5.98%,-5.55%,95,105,102,108,107,89,122,125,136,115,8.74%,18.41%,4.53%,14.35%,22.22%,118.0%,82.85%,134.2%,-0.04%,-10.52%
2008/02/29,2008/01/31,-1.47%,-1.71%,-3.66%,0.61%,1.34%,-5.81%,-4.40%,-7.08%,-2.34%,-0.76%,0.35%,0.14%,1.53%,-2.05%,-3.00%,-2.10%,94,103,99,109,108,84,117,116,133,114,11.79%,24.38%,4.90%,14.51%,18.56%,113.4%,84.49%,129.3%,0.00%,-10.39%
2008/03/31,2008/02/29,-0.12%,-0.77%,0.90%,0.38%,-0.61%,-1.62%,-1.83%,-0.50%,-0.25%,-0.48%,4.73%,4.25%,0.01%,-0.22%,-0.63%,-1.49%,93,102,100,109,107,83,114,115,133,114,11.24%,25.80%,9.86%,19.38%,17.81%,110.2%,82.91%,128.8%,0.00%,-6.59%
2008/04/30,2008/03/31,2.41%,0.52%,-1.72%,0.85%,0.31%,6.96%,5.22%,2.96%,5.11%,4.89%,2.27%,2.62%,0.68%,4.28%,4.79%,3.50%,96,103,98,110,108,89,120,119,139,119,8.90%,23.20%,12.35%,22.51%,23.46%,117.6%,80.53%,138.6%,0.00%,-4.14%
2008/05/31,2008/04/30,-2.24%,0.38%,-2.26%,-0.52%,0.60%,-0.69%,3.07%,-0.80%,1.73%,3.57%,-0.99%,-0.10%,-0.90%,3.97%,1.98%,4.00%,94,103,96,109,108,88,124,118,142,124,12.00%,28.45%,11.24%,22.38%,25.90%,126.3%,84.19%,148.1%,-0.99%,-4.24%
2008/06/30,2008/05/31,-1.05%,0.39%,-2.98%,-2.03%,0.14%,-11.67%,-10.63%,-12.20%,-8.52%,-5.70%,2.04%,2.76%,0.17%,-7.78%,-8.40%,-8.61%,93,103,93,107,108,78,111,103,130,117,13.32%,36.12%,13.51%,25.75%,15.32%,106.8%,83.80%,128.8%,0.00%,-1.60%
2008/07/31,2008/06/30,-3.54%,4.65%,1.72%,0.24%,-0.44%,-2.05%,3.43%,0.26%,-0.03%,-1.83%,4.57%,3.28%,0.92%,3.01%,-0.54%,2.02%,89,108,94,107,108,76,115,104,130,115,16.83%,36.43%,18.70%,29.88%,14.70%,111.0%,88.51%,135.7%,0.00%,0.00%
2008/08/31,2008/07/31,-2.44%,-3.27%,-0.84%,0.21%,0.83%,0.73%,-0.39%,0.94%,2.43%,2.10%,2.87%,2.77%,-1.35%,3.84%,1.65%,3.01%,87,105,94,108,109,77,114,105,133,117,20.65%,38.30%,22.10%,33.48%,16.60%,117.3%,91.08%,144.8%,0.00%,0.00%
2008/09/30,2008/08/31,-1.55%,2.00%,0.66%,-1.06%,0.49%,-10.98%,-6.59%,-8.55%,-9.94%,-8.58%,5.47%,4.29%,1.44%,-8.74%,-8.85%,-10.03%,86,107,94,106,109,68,107,96,120,107,23.11%,41.62%,28.78%,39.21%,6.28%,95.55%,88.82%,123.4%,0.00%,0.00%
2008/10/31,2008/09/30,-1.39%,1.97%,-0.08%,-4.31%,0.10%,-21.84%,-15.95%,-17.55%,-19.43%,-15.92%,0.34%,0.50%,-0.89%,-21.60%,-17.40%,-21.75%,85,109,94,102,109,53,90,79,96,90,24.95%,49.99%,29.22%,39.91%,-12.22%,53.01%,80.61%,75.11%,0.00%,0.00%
2008/11/30,2008/10/31,-3.95%,-3.05%,-0.05%,0.24%,0.97%,-14.41%,-11.40%,-9.54%,-8.06%,-5.56%,4.73%,4.85%,-0.18%,-11.69%,-7.97%,-13.14%,81,105,94,102,111,46,79,71,89,85,31.09%,63.28%,35.33%,46.70%,-19.21%,32.90%,71.26%,54.64%,0.00%,0.00%
2008/12/31,2008/11/30,-1.39%,-1.47%,-2.76%,0.77%,1.82%,1.48%,1.04%,-1.74%,3.13%,2.96%,7.04%,6.59%,2.99%,8.38%,2.00%,6.40%,80,104,92,103,113,46,80,70,91,87,35.29%,65.70%,44.85%,56.37%,-17.59%,41.40%,78.79%,67.60%,0.00%,0.00%
2009/01/31,2008/12/31,-0.18%,-1.73%,-0.88%,-1.14%,0.60%,-9.21%,-12.46%,-12.14%,-8.15%,-6.09%,-11.03%,-13.46%,1.70%,-9.88%,-8.28%,-5.84%,80,102,91,102,113,42,70,62,84,82,36.34%,70.87%,28.88%,35.33%,-24.42%,33.14%,83.15%,51.04%,-11.03%,-13.46%
2009/02/28,2009/01/31,-2.17%,0.26%,-1.81%,-0.11%,-1.56%,-12.62%,-11.05%,-12.10%,-9.98%,-9.49%,3.62%,0.35%,-0.72%,-12.10%,-10.22%,-12.21%,78,102,89,102,111,37,63,54,76,74,37.18%,76.23%,33.54%,35.80%,-32.14%,16.89%,79.51%,32.76%,-7.81%,-13.16%
2009/03/31,2009/02/28,0.48%,0.64%,-0.20%,1.30%,0.75%,10.66%,11.51%,8.26%,10.20%,7.71%,-1.61%,-3.39%,-0.54%,10.51%,8.87%,11.53%,79,103,89,103,112,41,70,59,83,80,37.54%,71.04%,31.40%,31.19%,-26.13%,30.36%,84.29%,46.71%,-9.29%,-16.10%
2009/04/30,2009/03/31,-2.97%,0.31%,0.95%,2.41%,-0.07%,12.98%,16.76%,13.74%,14.23%,6.52%,3.80%,-5.53%,3.56%,18.76%,10.45%,20.42%,76,103,90,105,112,46,81,67,95,85,41.53%,59.99%,36.39%,23.93%,-18.40%,56.98%,102.6%,74.23%,-5.85%,-20.75%
2009/05/31,2009/04/30,-3.11%,-0.93%,0.09%,-0.83%,0.21%,4.20%,7.24%,6.82%,5.13%,4.42%,-1.60%,-5.01%,1.89%,7.17%,5.16%,8.67%,74,102,90,104,112,48,87,71,100,89,46.23%,60.33%,34.21%,17.72%,-14.20%,70.59%,109.8%,86.72%,-7.35%,-24.72%
2009/06/30,2009/05/31,-0.23%,1.04%,1.18%,-1.11%,0.37%,0.41%,-1.61%,-0.16%,0.11%,1.09%,-3.24%,-3.38%,0.35%,1.90%,0.39%,2.91%,74,103,91,103,113,48,86,71,100,90,47.11%,61.41%,29.86%,13.74%,-13.86%,75.56%,115.1%,90.26%,-10.35%,-27.26%
2009/07/31,2009/06/30,0.71%,-2.43%,-1.24%,0.30%,0.12%,9.58%,7.55%,9.03%,8.87%,6.73%,-1.66%,-1.67%,-2.43%,8.12%,7.78%,8.62%,74,101,90,104,113,53,92,78,109,96,46.24%,56.82%,27.71%,11.84%,-7.16%,90.70%,116.9%,105.7%,-11.83%,-28.48%
2009/08/31,2009/07/31,0.52%,-2.65%,-3.24%,-0.28%,0.55%,4.31%,6.59%,5.13%,2.98%,2.50%,-8.12%,-9.18%,-1.22%,2.28%,3.49%,5.03%,75,98,87,103,114,55,98,82,112,98,46.29%,53.98%,17.35%,1.57%,-3.92%,100.3%,120.2%,110.4%,-18.99%,-35.04%
2009/09/30,2009/08/31,-1.16%,-0.84%,-1.15%,-0.51%,0.09%,5.10%,4.10%,3.53%,4.86%,3.88%,-0.95%,-4.23%,-0.01%,5.63%,4.15%,6.90%,74,97,86,103,114,58,103,84,118,102,48.12%,52.09%,16.23%,-2.73%,0.06%,114.1%,126.3%,122.3%,-19.76%,-37.79%
2009/10/31,2009/09/30,-1.42%,-2.58%,-0.50%,1.83%,1.18%,-5.77%,-6.56%,-4.39%,-1.99%,-0.87%,3.71%,3.56%,0.93%,-4.51%,-2.59%,-5.58%,73,95,85,105,115,54,96,81,115,101,51.96%,59.54%,20.54%,0.74%,-2.53%,102.2%,119.5%,112.2%,-16.78%,-35.58%
2009/11/30,2009/10/31,-1.99%,-0.73%,0.96%,0.18%,0.16%,4.88%,4.25%,6.86%,5.57%,5.55%,1.01%,0.44%,-1.68%,2.79%,5.59%,2.66%,71,94,86,105,115,57,100,86,122,107,55.22%,60.61%,21.76%,1.18%,2.92%,107.6%,113.1%,118.2%,-15.94%,-35.29%
2009/12/31,2009/11/30,0.59%,1.46%,1.34%,-0.90%,-0.20%,5.31%,0.98%,2.33%,3.33%,2.82%,-1.21%,-1.39%,-0.66%,6.56%,2.80%,6.98%,72,96,87,104,115,60,101,88,126,110,54.00%,56.62%,20.29%,-0.22%,5.80%,122.0%,122.0%,132.5%,-16.96%,-36.19%
2010/01/31,2009/12/31,0.75%,-0.08%,1.52%,-1.00%,-0.93%,-2.00%,-1.38%,-1.09%,-3.91%,-4.62%,-0.20%,-1.97%,0.31%,-2.93%,-3.38%,-2.34%,72,96,89,103,114,59,99,87,121,105,51.42%,52.52%,20.05%,-2.19%,2.23%,116.8%,124.3%,125.7%,-17.12%,-37.45%
2010/02/28,2010/01/31,0.42%,-0.75%,-0.89%,1.25%,-0.13%,3.41%,3.40%,2.99%,4.50%,3.06%,-2.35%,-0.24%,-0.45%,4.13%,3.44%,4.21%,73,95,88,104,114,61,103,90,126,108,50.58%,51.99%,17.23%,-2.43%,5.74%,126.0%,126.0%,135.0%,-19.07%,-37.60%
2010/03/31,2010/02/28,-0.77%,3.68%,0.54%,0.58%,-1.10%,5.41%,9.12%,6.80%,7.12%,5.32%,-1.39%,-0.22%,-0.36%,7.58%,6.36%,7.65%,72,98,88,105,113,64,112,96,135,114,50.08%,51.85%,15.60%,-2.64%,12.47%,143.2%,128.9%,152.8%,-20.19%,-37.74%
2010/04/30,2010/03/31,-1.29%,2.98%,0.69%,-0.26%,-0.44%,0.72%,4.74%,2.32%,2.57%,1.41%,-5.94%,-4.21%,-1.02%,4.77%,2.11%,6.04%,71,101,89,105,112,65,118,98,139,115,51.36%,52.89%,8.74%,-6.74%,14.85%,157.9%,137.9%,164.9%,-24.93%,-40.36%
2010/05/31,2010/04/30,-0.55%,1.00%,-0.28%,2.06%,-0.31%,-8.51%,-9.23%,-8.12%,-6.13%,-8.20%,2.77%,2.45%,1.48%,-7.15%,-7.82%,-7.88%,71,102,89,107,112,59,107,90,130,106,51.73%,53.37%,11.75%,-4.45%,5.86%,137.6%,137.8%,145.9%,-22.85%,-38.90%
2010/06/30,2010/05/31,-0.05%,2.17%,0.24%,-1.32%,0.63%,-5.75%,-6.58%,-4.47%,-7.27%,-4.66%,3.95%,2.82%,1.21%,-5.98%,-5.53%,-6.82%,71,104,89,105,112,56,100,86,121,101,52.77%,55.04%,16.17%,-1.76%,0.01%,121.4%,134.7%,131.2%,-19.80%,-37.17%
2010/07/31,2010/06/30,-0.12%,0.67%,1.79%,0.64%,-0.67%,5.85%,6.07%,8.02%,7.07%,7.10%,1.22%,1.62%,-1.15%,7.21%,7.01%,6.73%,71,105,91,106,112,59,106,93,129,108,51.93%,56.99%,17.58%,-0.16%,7.02%,136.3%,134.0%,147.9%,-18.83%,-36.15%
2010/08/31,2010/07/31,-0.46%,-3.15%,1.92%,0.82%,0.76%,-5.57%,-8.24%,-2.36%,-4.66%,-4.27%,1.67%,1.11%,1.86%,-5.94%,-4.66%,-6.27%,70,102,92,107,113,56,97,91,123,104,53.78%,59.03%,19.55%,0.95%,2.02%,121.5%,130.3%,133.2%,-17.47%,-35.44%
2010/09/30,2010/08/31,1.61%,4.36%,-0.84%,0.88%,-1.57%,9.85%,8.01%,8.23%,10.01%,9.81%,-0.50%,-0.93%,-3.38%,11.10%,9.41%,11.38%,71,106,92,108,111,61,105,98,136,114,48.89%,58.96%,18.96%,0.01%,11.62%,146.7%,134.8%,159.1%,-17.88%,-36.04%
2010/10/31,2010/09/30,-0.34%,1.64%,-0.33%,0.35%,0.04%,2.66%,2.26%,3.24%,3.78%,4.76%,-0.09%,-0.11%,-0.59%,4.40%,3.89%,4.44%,71,108,91,108,111,63,107,102,141,119,49.46%,62.31%,18.85%,-0.11%,15.96%,157.6%,136.1%,170.5%,-17.95%,-36.12%
2010/11/30,2010/10/31,0.16%,2.63%,1.12%,0.65%,-1.33%,0.27%,0.79%,1.48%,1.32%,-0.23%,0.73%,1.14%,-0.82%,2.77%,0.54%,2.42%,71,111,92,109,109,63,108,103,143,119,47.23%,61.49%,19.72%,1.03%,16.58%,163.8%,140.6%,178.0%,-17.35%,-35.39%
2010/12/31,2010/11/30,-1.07%,-1.29%,-1.20%,-1.31%,-0.25%,7.23%,9.63%,5.54%,6.79%,6.40%,-1.28%,-3.12%,-1.03%,6.90%,6.70%,7.84%,70,109,91,107,109,68,118,109,152,127,48.44%,60.14%,18.19%,-2.12%,24.40%,184.5%,143.3%,197.2%,-18.41%,-37.40%
2011/01/31,2010/12/31,0.59%,-0.65%,-0.64%,0.16%,0.31%,2.36%,2.97%,1.22%,1.84%,2.17%,-0.24%,-0.93%,1.07%,1.26%,2.06%,1.53%,71,109,91,108,109,69,122,110,155,129,48.02%,59.83%,17.91%,-3.02%,26.96%,188.9%,142.0%,200.9%,-18.60%,-37.98%
2011/02/28,2011/01/31,1.06%,-0.86%,0.91%,-0.08%,-0.13%,4.44%,3.10%,3.99%,3.67%,3.33%,-0.36%,0.07%,-0.22%,4.85%,3.59%,4.83%,72,108,91,108,109,72,126,115,161,134,46.27%,58.05%,17.49%,-2.96%,31.52%,202.9%,145.0%,215.5%,-18.89%,-37.94%
2011/03/31,2011/02/28,1.39%,1.23%,1.47%,-0.01%,-0.16%,0.84%,-0.56%,1.04%,-0.00%,0.65%,0.81%,1.35%,-0.02%,2.11%,0.49%,1.70%,73,109,93,107,109,73,125,116,161,134,44.00%,57.74%,18.44%,-1.65%,32.16%,208.0%,148.0%,222.1%,-18.24%,-37.10%
2011/04/30,2011/03/31,-0.88%,1.07%,-0.39%,0.97%,-0.07%,1.56%,3.23%,1.06%,3.80%,3.45%,2.25%,2.26%,0.03%,3.09%,2.97%,2.41%,72,110,92,109,109,74,129,117,167,139,45.17%,60.72%,21.10%,0.57%,36.08%,215.4%,146.6%,232.1%,-16.40%,-35.68%
2011/05/31,2011/04/30,-0.72%,1.64%,0.84%,0.35%,-0.29%,-2.22%,-0.11%,-1.23%,-1.23%,-1.25%,1.32%,1.14%,0.23%,-1.38%,-1.22%,-1.72%,71,112,93,109,109,72,129,115,165,137,45.78%,62.28%,22.71%,1.72%,34.42%,210.0%,145.4%,227.5%,-15.29%,-34.95%
2011/06/30,2011/05/31,0.29%,-0.41%,1.08%,0.34%,0.17%,-2.09%,-2.44%,-1.03%,-1.90%,-1.68%,1.42%,1.59%,0.41%,-1.81%,-1.74%,-2.29%,72,112,94,109,109,71,126,114,162,135,45.61%,62.94%,24.45%,3.34%,32.08%,202.9%,144.0%,221.6%,-14.08%,-33.91%
2011/07/31,2011/06/30,-0.03%,-0.81%,-0.26%,0.53%,0.60%,-2.95%,-3.43%,-2.70%,-2.28%,-1.75%,-0.04%,-0.71%,0.72%,-2.92%,-2.26%,-2.71%,72,111,94,110,110,69,121,111,158,133,46.53%,64.90%,24.40%,2.61%,29.09%,194.7%,143.0%,212.2%,-14.12%,-34.38%
2011/08/31,2011/07/31,-0.21%,-0.35%,-0.01%,0.96%,0.52%,-7.80%,-6.36%,-6.32%,-6.11%,-5.28%,3.76%,4.03%,0.90%,-7.45%,-5.89%,-8.66%,71,110,94,111,110,63,114,104,148,126,47.60%,69.04%,29.08%,6.75%,21.49%,169.2%,136.2%,188.9%,-10.89%,-31.73%
2011/09/30,2011/08/31,-2.62%,-1.51%,-1.51%,-0.03%,0.94%,-11.19%,-8.76%,-8.18%,-8.01%,-6.51%,3.26%,2.64%,0.58%,-9.92%,-7.63%,-10.71%,70,109,92,111,111,56,104,96,137,118,52.85%,76.95%,33.28%,9.57%,12.22%,140.3%,128.9%,160.3%,-7.99%,-29.93%
2011/10/31,2011/09/30,-0.19%,1.54%,0.46%,-0.52%,-0.36%,12.98%,12.15%,10.61%,11.63%,11.10%,2.11%,1.40%,-1.43%,13.95%,11.39%,13.53%,69,110,93,110,111,64,116,106,152,131,52.59%,73.62%,36.09%,11.10%,25.00%,172.9%,133.8%,196.6%,-6.05%,-28.95%
2011/11/30,2011/10/31,1.17%,-0.26%,-0.76%,0.29%,0.98%,0.11%,-1.81%,-1.83%,-0.50%,0.59%,2.47%,2.62%,0.91%,-0.21%,-0.35%,-0.99%,70,110,92,111,112,64,114,104,152,131,52.30%,74.46%,39.45%,14.01%,24.56%,170.2%,132.3%,196.0%,-3.73%,-27.09%
2011/12/31,2011/11/30,-0.69%,1.07%,0.49%,0.83%,-0.09%,-0.87%,1.95%,1.50%,1.28%,0.29%,1.03%,1.03%,0.36%,0.18%,0.85%,-0.13%,70,111,93,112,112,63,116,105,154,132,53.22%,76.49%,40.88%,15.18%,25.62%,169.8%,130.1%,196.5%,-2.74%,-26.34%
2012/01/31,2011/12/31,-1.21%,-0.61%,-1.46%,-0.10%,-1.17%,7.27%,5.28%,4.18%,6.12%,4.51%,-2.83%,-5.67%,-1.49%,6.29%,5.09%,7.99%,69,111,91,111,110,68,123,110,163,138,53.27%,71.61%,36.89%,8.65%,32.02%,191.4%,136.8%,215.2%,-5.49%,-30.52%
2012/02/29,2012/01/31,0.34%,-0.31%,-0.07%,0.70%,-0.81%,4.38%,4.24%,4.68%,4.83%,3.71%,-0.75%,-1.50%,-0.30%,2.86%,4.25%,3.31%,69,110,91,112,110,71,128,115,171,143,51.51%,70.47%,35.87%,7.03%,37.63%,201.0%,134.5%,224.2%,-6.20%,-31.56%
2012/03/31,2012/02/29,-0.75%,1.45%,1.61%,1.10%,-1.05%,2.02%,4.63%,4.59%,3.93%,1.91%,0.64%,0.14%,0.56%,3.11%,3.15%,3.07%,69,112,93,113,108,72,134,120,178,145,51.05%,70.28%,36.73%,7.18%,41.95%,210.3%,134.4%,234.3%,-5.61%,-31.46%
2012/04/30,2012/03/31,-0.09%,1.47%,0.67%,1.04%,0.33%,-2.24%,-0.19%,-1.04%,-0.46%,-0.62%,0.72%,1.55%,0.83%,-0.77%,-0.69%,-1.24%,69,113,93,115,109,70,133,119,177,145,51.70%,73.03%,37.72%,8.85%,40.97%,206.4%,133.1%,231.7%,-4.92%,-30.39%
2012/05/31,2012/04/30,1.81%,-0.59%,1.92%,1.14%,-0.53%,-6.37%,-7.06%,-5.02%,-5.32%,-6.69%,-2.39%,0.43%,-0.48%,-7.38%,-6.09%,-7.51%,70,113,95,116,108,66,124,113,167,135,48.15%,72.48%,34.43%,9.32%,32.39%,183.4%,129.8%,207.2%,-7.19%,-30.09%
2012/06/30,2012/05/31,-2.08%,0.45%,0.06%,-0.24%,0.52%,2.58%,4.23%,4.14%,3.52%,4.33%,1.78%,0.77%,0.54%,5.00%,3.98%,4.77%,68,113,95,116,109,68,129,118,173,141,52.01%,75.50%,36.83%,10.16%,37.67%,196.9%,131.6%,222.6%,-5.54%,-29.55%
2012/07/31,2012/06/30,1.69%,-0.67%,-0.61%,0.98%,0.18%,0.86%,-0.01%,-0.15%,1.55%,1.09%,-0.12%,0.60%,0.86%,-0.59%,0.87%,-0.77%,70,113,95,117,109,68,129,118,176,142,49.70%,75.90%,36.66%,10.81%,38.87%,194.7%,127.8%,220.7%,-5.66%,-29.13%
2012/08/31,2012/07/31,-0.02%,-1.54%,-0.64%,0.63%,0.01%,3.23%,1.35%,2.42%,3.13%,2.32%,1.19%,-0.28%,-0.18%,2.68%,2.50%,2.76%,70,111,94,118,109,70,131,120,181,146,49.74%,74.30%,38.29%,10.51%,42.34%,202.8%,128.4%,229.3%,-4.53%,-29.33%
2012/09/30,2012/08/31,0.57%,-0.41%,0.06%,-1.01%,0.39%,3.84%,2.33%,3.31%,1.62%,2.81%,0.45%,-1.57%,0.44%,3.22%,2.56%,3.69%,70,110,94,116,109,73,134,124,184,150,49.47%,72.51%,38.91%,8.77%,45.99%,214.0%,130.9%,239.9%,-4.11%,-30.44%
2012/10/31,2012/09/30,0.35%,1.20%,-0.84%,0.36%,0.00%,-1.57%,-0.21%,-1.42%,-1.49%,-2.39%,3.38%,0.87%,1.18%,-2.09%,-1.70%,-2.35%,70,112,93,117,109,72,134,123,182,146,48.94%,71.09%,43.61%,9.71%,43.50%,206.6%,129.4%,232.8%,-0.86%,-29.84%
2012/11/30,2012/10/31,0.33%,-0.03%,0.28%,-0.05%,-0.47%,1.21%,0.65%,0.81%,0.82%,0.45%,1.57%,1.78%,-0.07%,1.30%,0.66%,0.76%,70,112,93,117,109,73,135,124,183,147,47.74%,69.78%,45.86%,11.67%,44.45%,208.9%,129.7%,237.1%,0.00%,-28.59%
2012/12/31,2012/11/30,-0.05%,0.49%,-0.45%,-1.00%,1.07%,1.89%,2.30%,2.09%,-0.08%,1.53%,3.05%,1.06%,0.57%,3.09%,1.26%,2.77%,70,112,93,116,110,74,138,126,183,149,49.40%,69.16%,50.31%,12.86%,46.27%,217.5%,133.1%,247.5%,0.00%,-27.83%
2013/01/31,2012/12/31,1.51%,0.21%,-1.18%,-1.79%,1.14%,7.66%,6.30%,4.98%,3.50%,6.58%,-0.49%,-0.80%,0.31%,6.86%,5.53%,7.10%,71,112,92,113,111,80,146,132,189,159,48.84%,67.33%,49.57%,11.96%,54.35%,240.0%,136.8%,271.3%,-0.49%,-28.40%
2013/02/28,2013/01/31,0.28%,0.06%,0.64%,0.06%,-0.26%,1.33%,1.15%,1.85%,1.36%,1.05%,0.81%,0.93%,0.23%,1.47%,1.30%,1.19%,72,112,93,114,111,81,148,135,192,160,48.03%,66.86%,50.79%,13.01%,56.35%,244.1%,136.5%,276.8%,0.00%,-27.73%
2013/03/31,2013/02/28,0.24%,0.81%,0.22%,0.45%,-0.71%,4.50%,4.24%,4.30%,4.48%,3.44%,0.86%,1.26%,0.10%,5.27%,4.00%,4.90%,72,113,93,114,110,85,154,141,200,166,46.62%,65.10%,52.09%,14.43%,62.60%,260.9%,138.7%,296.6%,0.00%,-26.83%
2013/04/30,2013/03/31,-0.35%,1.57%,-0.49%,0.88%,-0.10%,0.89%,2.59%,1.14%,2.19%,1.46%,0.51%,0.50%,0.34%,0.51%,1.68%,0.36%,72,115,92,115,110,85,158,142,205,168,46.99%,66.05%,52.86%,14.99%,65.33%,262.2%,135.5%,298.6%,0.00%,-26.46%
2013/05/31,2013/04/30,0.64%,-0.66%,-0.41%,-0.42%,-0.25%,4.56%,2.43%,3.53%,2.18%,1.94%,-0.11%,-1.32%,-0.48%,3.74%,2.46%,4.13%,72,114,92,115,110,89,162,147,209,172,45.68%,61.70%,52.70%,13.48%,69.40%,277.2%,139.5%,313.5%,-0.11%,-27.43%
2013/06/30,2013/05/31,-0.64%,0.66%,0.72%,-0.19%,-0.45%,-1.50%,-0.33%,-0.40%,-1.33%,-1.76%,1.70%,2.04%,0.64%,0.13%,-1.25%,-0.48%,72,115,93,114,109,88,162,147,207,169,45.96%,61.28%,55.30%,15.79%,67.28%,275.4%,141.3%,314.1%,0.00%,-25.95%
2013/07/31,2013/06/30,0.12%,1.18%,-0.27%,-2.07%,0.42%,5.96%,6.77%,5.81%,3.68%,5.86%,-0.35%,-0.45%,0.02%,7.99%,5.46%,8.13%,72,117,92,112,110,93,173,155,214,179,46.39%,61.12%,54.75%,15.26%,76.41%,305.9%,147.8%,347.2%,-0.35%,-26.29%
2013/08/31,2013/07/31,1.43%,-0.36%,-0.11%,-0.41%,-0.25%,-1.20%,-3.69%,-3.58%,-2.68%,-2.61%,-1.10%,-0.58%,-0.09%,-3.04%,-2.84%,-2.86%,73,116,92,112,109,92,166,150,208,174,43.93%,58.85%,53.05%,14.59%,71.40%,294.3%,147.7%,333.6%,-1.44%,-26.72%
2013/09/30,2013/08/31,3.21%,0.33%,-0.32%,0.05%,-0.74%,7.43%,3.91%,3.33%,4.40%,3.06%,-0.64%,0.07%,-0.23%,6.27%,3.76%,6.25%,75,116,92,112,109,99,173,155,218,179,38.25%,51.90%,52.07%,14.67%,77.84%,318.9%,153.9%,360.8%,-2.08%,-26.67%
2013/10/31,2013/09/30,-2.21%,-0.78%,0.30%,0.50%,0.27%,1.05%,3.57%,4.52%,4.30%,4.61%,2.64%,2.20%,-0.15%,3.59%,4.19%,2.93%,73,116,92,112,109,100,179,162,227,187,41.67%,57.30%,56.08%,17.19%,85.29%,331.2%,150.7%,377.4%,0.00%,-25.05%
2013/11/30,2013/10/31,-0.31%,-1.16%,0.55%,-0.21%,-0.53%,3.20%,1.82%,3.98%,3.09%,2.48%,-1.14%,-1.45%,-0.74%,3.47%,2.86%,3.90%,73,114,93,112,108,103,182,168,234,192,41.36%,56.18%,54.30%,15.49%,90.59%,348.0%,153.3%,393.9%,-1.14%,-26.14%
2013/12/31,2013/11/30,1.02%,-0.77%,0.59%,-0.81%,-0.23%,3.31%,2.18%,3.23%,1.96%,2.77%,0.32%,-0.22%,0.03%,2.69%,2.61%,2.76%,74,113,93,111,108,107,186,174,239,197,39.59%,55.33%,54.79%,15.25%,95.56%,360.4%,153.7%,407.2%,-0.83%,-26.30%
2014/01/31,2013/12/31,0.25%,0.69%,0.93%,-0.40%,0.41%,-2.41%,-3.49%,-2.56%,-3.81%,-2.93%,-5.43%,-6.13%,0.84%,-2.09%,-3.13%,-0.25%,74,114,94,111,109,104,180,169,229,192,39.81%,54.53%,46.39%,8.18%,89.43%,359.2%,161.0%,396.6%,-6.21%,-30.82%
2014/02/28,2014/01/31,0.37%,-0.10%,-0.64%,-0.19%,0.48%,4.71%,4.40%,3.61%,4.50%,5.29%,0.63%,1.00%,0.71%,5.85%,4.67%,5.56%,74,114,94,110,109,109,188,175,240,202,39.97%,55.43%,47.31%,9.26%,98.28%,384.7%,163.3%,425.7%,-5.62%,-30.13%
2014/03/31,2014/02/28,-1.24%,0.78%,0.06%,0.42%,0.11%,-2.05%,1.62%,2.15%,0.23%,0.17%,1.74%,1.51%,1.50%,0.50%,0.51%,0.05%,73,115,94,111,109,107,191,179,240,202,41.85%,58.87%,49.87%,10.91%,99.29%,385.0%,162.1%,428.3%,-3.98%,-29.07%
2014/04/30,2014/03/31,-0.47%,-1.40%,-0.66%,0.56%,1.04%,-2.59%,-1.68%,-1.46%,0.67%,0.80%,3.01%,3.37%,2.02%,-1.65%,-0.02%,-2.66%,73,113,93,111,110,104,187,176,242,204,44.00%,64.26%,54.38%,14.64%,99.24%,372.1%,155.2%,419.6%,-1.09%,-26.69%
2014/05/31,2014/04/30,1.11%,-0.54%,0.95%,0.24%,-0.25%,2.08%,1.83%,2.18%,2.37%,1.87%,2.85%,2.30%,1.58%,1.52%,2.10%,0.83%,74,113,94,112,110,106,191,180,248,208,42.04%,63.92%,58.78%,17.27%,103.4%,376.0%,152.0%,427.5%,0.00%,-25.00%
2014/06/30,2014/05/31,-1.57%,0.81%,0.12%,-0.41%,-0.23%,2.58%,3.14%,3.12%,2.12%,2.40%,0.27%,-0.21%,-0.47%,5.08%,2.50%,5.14%,73,114,94,111,110,109,197,186,253,213,43.95%,63.62%,59.20%,17.03%,108.5%,400.5%,158.6%,454.3%,0.00%,-25.16%
2014/07/31,2014/06/30,0.79%,-1.44%,-0.81%,-0.18%,1.35%,-3.02%,-3.51%,-3.76%,-1.86%,-0.68%,2.50%,2.72%,2.58%,-3.11%,-1.95%,-3.93%,73,112,93,111,111,106,190,179,248,211,44.76%,67.46%,63.18%,20.22%,104.4%,380.8%,153.5%,437.1%,0.00%,-23.12%
2014/08/31,2014/07/31,0.90%,1.23%,0.13%,-0.01%,-0.65%,5.18%,4.69%,3.99%,4.49%,3.71%,1.17%,0.24%,0.45%,4.56%,4.18%,4.49%,74,113,93,111,111,111,199,186,259,219,42.52%,65.00%,65.09%,20.51%,113.0%,402.4%,154.3%,461.6%,0.00%,-22.94%
2014/09/30,2014/08/31,-0.03%,0.24%,1.92%,-0.32%,-0.71%,-3.27%,-2.31%,-1.59%,-1.73%,-2.33%,2.83%,2.62%,1.55%,-3.94%,-2.09%,-4.72%,74,114,95,111,110,107,194,183,255,214,41.55%,66.55%,69.75%,23.67%,108.5%,378.7%,147.6%,439.5%,0.00%,-20.91%
2014/10/31,2014/09/30,0.35%,1.75%,-0.47%,-0.22%,0.34%,4.84%,2.75%,2.95%,2.68%,2.38%,6.32%,6.16%,0.35%,6.94%,2.74%,5.09%,74,116,95,110,110,113,200,188,262,219,41.55%,62.45%,80.47%,31.29%,114.2%,403.1%,153.4%,476.9%,0.00%,-16.04%
2014/11/30,2014/10/31,1.79%,0.72%,1.01%,1.39%,-1.50%,3.85%,1.38%,2.31%,3.76%,1.90%,3.21%,2.92%,1.05%,1.45%,2.53%,0.57%,76,116,96,112,109,117,202,193,272,223,36.89%,59.27%,86.27%,35.11%,119.7%,405.9%,148.4%,485.3%,0.00%,-13.60%
2014/12/31,2014/11/30,-0.13%,-0.17%,0.02%,0.56%,-0.08%,0.29%,0.64%,0.93%,0.11%,-0.72%,3.12%,1.81%,0.50%,2.90%,-0.03%,2.36%,75,116,96,113,108,117,204,195,272,221,36.96%,57.67%,92.08%,37.55%,119.6%,417.9%,154.4%,502.2%,0.00%,-12.04%
2015/01/31,2014/12/31,-0.72%,0.12%,-0.27%,-0.22%,0.92%,-3.36%,-3.13%,-3.60%,-3.46%,-1.83%,0.15%,-0.50%,1.06%,-2.61%,-2.75%,-2.46%,75,116,95,112,109,113,197,188,262,217,39.19%,60.09%,92.37%,36.87%,113.6%,405.1%,155.1%,486.5%,0.00%,-12.47%
2015/02/28,2015/01/31,-0.24%,-1.78%,0.12%,0.24%,-0.35%,6.37%,4.42%,5.35%,6.32%,5.80%,-1.79%,-0.99%,0.12%,6.27%,5.76%,6.57%,75,114,96,113,109,121,206,198,279,230,39.04%,59.18%,88.92%,35.51%,125.9%,438.3%,157.2%,523.3%,-1.79%,-13.34%
2015/03/31,2015/02/28,0.36%,-0.89%,-0.13%,-0.06%,0.02%,0.92%,-1.42%,-0.30%,-1.16%,-1.45%,3.10%,2.94%,0.15%,2.06%,-1.06%,1.17%,75,113,95,113,109,122,203,197,276,227,38.57%,55.41%,94.78%,39.49%,123.5%,444.7%,162.9%,536.1%,0.00%,-10.79%
2015/04/30,2015/03/31,0.94%,1.29%,0.13%,-0.20%,-0.05%,-0.85%,1.38%,0.06%,0.13%,0.64%,-1.72%,-4.00%,0.38%,-2.37%,0.40%,-1.17%,76,115,96,112,109,121,206,197,276,228,37.18%,57.73%,91.44%,33.91%,124.4%,438.3%,158.8%,521.1%,-1.72%,-14.36%
2015/05/31,2015/04/30,0.92%,0.26%,0.27%,-0.96%,-0.02%,3.36%,1.50%,1.52%,0.41%,1.46%,-0.34%,-0.18%,-0.68%,1.52%,1.29%,1.57%,76,115,96,111,109,125,209,200,277,232,35.90%,54.73%,90.80%,33.67%,127.3%,446.7%,159.5%,530.5%,-2.04%,-14.52%
2015/06/30,2015/05/31,-2.22%,-0.20%,0.08%,-0.17%,-0.15%,-1.88%,-1.37%,-0.73%,-1.50%,-2.06%,0.42%,-0.17%,-0.97%,-0.39%,-1.63%,-0.33%,75,115,96,111,109,122,206,199,273,227,38.71%,54.46%,91.60%,33.44%,123.6%,444.9%,162.9%,528.1%,-1.63%,-14.67%
2015/07/31,2015/06/30,1.07%,2.83%,1.94%,1.21%,-1.93%,2.03%,2.37%,1.64%,2.77%,0.81%,2.70%,3.63%,0.94%,-0.52%,1.67%,-1.61%,75,118,98,112,107,125,211,202,281,229,34.53%,52.58%,96.78%,38.29%,127.3%,436.2%,154.3%,524.8%,0.00%,-11.57%
2015/08/31,2015/07/31,1.06%,0.32%,0.14%,0.03%,-0.05%,-5.98%,-5.54%,-5.31%,-6.13%,-6.32%,0.84%,1.57%,0.15%,-3.77%,-5.98%,-4.24%,76,118,98,112,107,117,199,191,263,214,33.04%,52.06%,98.44%,40.46%,113.7%,413.5%,158.7%,501.3%,0.00%,-10.18%
2015/09/30,2015/08/31,-0.75%,-1.81%,0.25%,0.54%,0.34%,-4.62%,-4.04%,-2.31%,-2.23%,-2.84%,0.64%,0.94%,-0.66%,-5.63%,-2.82%,-5.91%,76,116,98,113,107,112,191,187,258,208,34.49%,54.76%,99.71%,41.77%,107.7%,383.1%,150.8%,467.5%,0.00%,-9.34%
2015/10/31,2015/09/30,-0.34%,-0.58%,-0.97%,0.28%,0.98%,6.83%,7.32%,5.15%,7.97%,8.84%,3.40%,2.78%,1.21%,6.90%,7.68%,6.07%,75,116,97,113,108,120,205,196,278,226,36.27%,57.86%,106.5%,45.71%,123.6%,412.4%,146.7%,506.6%,0.00%,-6.82%
2015/11/30,2015/10/31,-2.04%,0.21%,-0.36%,0.67%,-0.02%,0.24%,0.80%,0.66%,1.05%,0.12%,2.39%,1.12%,0.17%,3.70%,0.55%,3.36%,74,116,97,114,108,120,207,198,281,227,39.03%,57.69%,111.4%,47.34%,124.8%,429.7%,153.6%,529.1%,0.00%,-5.78%
2015/12/31,2015/11/30,0.61%,0.50%,-0.63%,0.94%,-0.93%,-1.90%,-2.11%,-2.46%,-1.11%,-2.51%,1.51%,1.71%,0.47%,-3.83%,-2.07%,-4.34%,74,116,96,115,107,118,203,193,278,221,36.89%,56.72%,114.6%,49.87%,120.2%,406.6%,147.9%,505.0%,0.00%,-4.16%
2016/01/31,2015/12/31,-2.18%,-1.67%,1.63%,-0.57%,0.32%,-9.71%,-6.84%,-3.67%,-6.22%,-5.27%,3.26%,3.36%,-0.63%,-8.96%,-5.64%,-9.97%,73,115,98,115,107,106,189,186,261,209,40.31%,63.68%,121.6%,54.90%,107.8%,356.1%,137.1%,450.7%,0.00%,-0.94%
2016/02/29,2016/01/31,0.78%,-0.77%,0.84%,-0.12%,0.25%,0.89%,-1.22%,0.10%,-0.29%,0.26%,-0.77%,-0.51%,-1.57%,-0.62%,-0.05%,-0.47%,73,114,99,114,108,107,186,186,260,210,39.57%,62.65%,119.9%,54.11%,107.6%,354.0%,136.2%,447.3%,-0.77%,-1.45%
2016/03/31,2016/02/29,-0.76%,-0.30%,1.98%,0.47%,0.39%,6.79%,6.76%,6.93%,7.18%,7.28%,2.03%,0.73%,1.71%,9.27%,7.08%,9.05%,73,113,101,115,108,114,199,199,279,225,41.17%,63.44%,124.4%,55.24%,122.4%,395.1%,140.8%,498.0%,0.00%,-0.72%
2016/04/30,2016/03/31,0.91%,1.83%,1.93%,-1.38%,-0.18%,1.56%,2.65%,1.39%,-0.53%,0.77%,-1.79%,-1.95%,1.17%,2.81%,0.81%,3.40%,73,115,102,113,108,116,204,202,277,227,39.63%,62.16%,120.4%,52.22%,124.2%,411.9%,147.0%,514.9%,-1.79%,-2.66%
2016/05/31,2016/04/30,-2.21%,0.10%,-0.07%,-0.38%,0.43%,-0.18%,1.97%,1.99%,1.47%,2.14%,2.47%,1.96%,0.68%,2.19%,1.79%,1.61%,72,115,102,113,108,116,208,206,281,232,43.31%,65.94%,125.8%,55.21%,128.2%,420.1%,146.6%,528.4%,0.00%,-0.75%
2016/06/30,2016/05/31,-2.08%,-2.67%,1.34%,-0.24%,1.16%,-1.96%,-2.04%,1.59%,0.11%,0.86%,0.60%,-1.80%,-0.90%,-1.36%,0.26%,-0.82%,70,112,104,113,110,114,204,209,281,234,47.94%,70.62%,127.2%,52.41%,128.8%,415.9%,143.9%,519.8%,0.00%,-2.53%
2016/07/31,2016/06/30,0.13%,0.64%,-0.81%,1.06%,-0.14%,5.79%,4.21%,2.20%,4.84%,3.78%,-1.14%,-2.38%,-1.48%,4.51%,3.96%,5.22%,70,113,103,114,109,120,213,214,295,243,47.55%,67.19%,124.6%,48.78%,137.9%,442.8%,147.0%,547.8%,-1.14%,-4.86%
2016/08/31,2016/07/31,0.48%,1.94%,-0.57%,0.79%,-0.89%,0.95%,2.46%,0.06%,0.62%,-0.54%,-1.18%,-2.19%,-0.83%,0.70%,0.32%,1.36%,71,115,102,115,108,121,218,214,297,241,45.52%,64.71%,121.9%,45.52%,138.6%,450.2%,149.5%,552.3%,-2.31%,-6.94%
2016/09/30,2016/08/31,-0.20%,-0.97%,-0.51%,-0.09%,0.33%,0.86%,-0.50%,-0.45%,0.19%,0.63%,1.50%,0.99%,0.63%,3.08%,0.19%,2.79%,71,114,102,115,109,122,217,213,298,243,46.30%,64.33%,125.2%,46.96%,139.1%,465.5%,156.0%,572.4%,-0.84%,-6.02%
2016/10/31,2016/09/30,0.84%,2.51%,0.48%,-0.32%,-0.84%,-2.84%,0.18%,-0.92%,-2.23%,-3.22%,3.82%,4.15%,1.34%,-4.52%,-2.12%,-5.77%,71,117,102,114,108,119,217,211,291,235,43.84%,63.71%,133.8%,53.06%,134.0%,432.9%,146.7%,542.0%,0.00%,-2.12%
2016/11/30,2016/10/31,0.43%,0.04%,-0.07%,1.47%,-0.16%,6.09%,6.77%,4.66%,4.17%,3.86%,2.58%,1.75%,-0.87%,9.09%,4.59%,8.57%,71,117,102,116,108,126,232,221,303,244,42.99%,60.06%,139.9%,55.74%,144.7%,478.6%,156.5%,600.4%,0.00%,-0.40%
2016/12/31,2016/11/30,-1.94%,-0.46%,0.37%,0.22%,0.45%,-0.02%,2.63%,2.49%,1.81%,1.84%,2.50%,3.02%,0.87%,2.71%,1.94%,1.80%,70,117,103,116,108,126,238,226,309,249,46.40%,63.03%,145.9%,60.45%,149.5%,489.0%,156.1%,619.4%,0.00%,0.00%
2017/01/31,2016/12/31,0.63%,1.08%,0.62%,-0.62%,-0.48%,2.96%,2.15%,1.65%,1.64%,1.98%,0.09%,-0.69%,0.67%,1.80%,1.89%,2.01%,71,118,103,115,108,130,243,230,314,253,44.79%,61.44%,146.1%,59.35%,154.2%,500.8%,156.4%,632.3%,0.00%,-0.69%
2017/02/28,2017/01/31,-0.75%,0.18%,1.89%,-1.00%,0.05%,3.15%,3.46%,4.35%,2.81%,4.19%,2.68%,2.37%,1.65%,3.80%,3.64%,3.09%,70,118,105,114,108,134,252,240,322,264,45.95%,63.13%,152.7%,63.13%,163.5%,519.4%,155.0%,660.2%,0.00%,0.00%
2017/03/31,2017/02/28,-1.90%,0.53%,-0.56%,0.03%,0.08%,-1.12%,-0.54%,-1.05%,0.31%,0.89%,3.44%,2.78%,0.90%,2.54%,0.13%,1.70%,69,119,105,114,108,133,250,237,323,266,48.84%,66.40%,161.4%,67.66%,163.8%,529.9%,159.0%,679.5%,0.00%,0.00%
2017/04/30,2017/03/31,-0.63%,0.70%,0.21%,0.59%,-0.89%,0.84%,1.30%,0.95%,1.79%,0.54%,2.11%,0.26%,-1.14%,0.14%,1.11%,0.06%,68,119,105,115,107,134,253,239,329,268,48.45%,65.92%,166.9%,68.11%,166.7%,530.3%,156.3%,680.5%,0.00%,0.00%
2017/05/31,2017/04/30,0.65%,-0.06%,0.42%,-0.43%,-0.41%,1.90%,0.21%,0.06%,1.32%,1.31%,2.70%,2.66%,-0.37%,-1.07%,1.06%,-1.87%,69,119,105,115,106,136,254,240,334,271,46.87%,64.94%,174.1%,72.57%,169.6%,518.5%,148.8%,672.2%,0.00%,0.00%
2017/06/30,2017/05/31,0.37%,1.27%,0.69%,0.00%,-0.31%,1.27%,2.58%,2.13%,0.44%,0.24%,0.24%,-0.41%,1.45%,3.96%,0.90%,4.08%,69,121,106,115,106,138,260,245,335,272,45.87%,63.24%,174.8%,71.87%,172.0%,543.8%,156.7%,702.8%,0.00%,-0.41%
2017/07/31,2017/06/30,-1.24%,-1.17%,0.83%,-0.32%,0.33%,0.63%,1.05%,2.54%,1.75%,2.33%,2.44%,3.12%,0.77%,1.63%,1.93%,0.69%,68,120,107,114,106,139,263,251,341,278,48.16%,66.03%,181.5%,77.23%,177.2%,548.2%,153.6%,715.9%,0.00%,0.00%
2017/08/31,2017/07/31,1.28%,-0.71%,-0.62%,-0.93%,0.82%,1.38%,-0.92%,-0.57%,-0.27%,1.23%,0.32%,0.91%,0.18%,-0.88%,0.26%,-1.15%,69,119,106,113,107,141,261,250,340,282,47.48%,65.78%,182.4%,78.85%,177.9%,540.8%,150.0%,708.7%,0.00%,0.00%
2017/09/30,2017/08/31,-1.03%,0.27%,-0.60%,0.12%,0.04%,2.46%,4.26%,2.89%,2.00%,2.09%,-2.35%,-6.40%,-0.25%,4.88%,2.47%,6.80%,68,119,106,113,107,144,272,257,347,288,49.07%,65.16%,175.7%,67.39%,184.8%,584.4%,160.8%,748.2%,-2.35%,-6.40%
2017/10/31,2017/09/30,0.38%,-0.15%,-1.22%,0.36%,-0.37%,1.83%,3.11%,1.38%,2.88%,1.71%,1.38%,2.89%,0.39%,1.30%,2.24%,0.43%,68,119,104,114,107,147,280,260,357,293,47.95%,64.97%,179.5%,72.23%,191.2%,587.3%,156.1%,759.2%,-1.00%,-3.70%
2017/11/30,2017/10/31,0.50%,-1.55%,2.19%,-0.18%,-0.60%,3.59%,2.14%,5.10%,3.08%,2.77%,0.87%,-0.28%,1.46%,3.71%,3.22%,3.79%,69,117,107,113,106,152,286,274,368,301,46.33%,63.61%,182.0%,71.75%,200.6%,613.4%,157.6%,791.0%,-0.13%,-3.97%
2017/12/31,2017/11/30,1.21%,1.66%,-1.32%,-0.19%,-0.18%,2.33%,2.87%,-0.33%,1.02%,1.04%,-1.20%,-3.41%,0.20%,-0.40%,1.10%,0.62%,70,119,105,113,106,156,295,273,372,304,44.30%,61.50%,178.6%,65.89%,203.8%,617.8%,156.4%,787.4%,-1.33%,-7.24%
2018/01/31,2017/12/31,-0.86%,1.13%,-1.60%,-0.75%,-0.37%,4.08%,7.61%,3.67%,5.37%,5.33%,-0.61%,0.78%,0.97%,4.10%,5.34%,3.86%,69,120,104,112,106,162,317,283,392,320,45.00%,63.51%,176.9%,67.19%,220.1%,645.6%,152.6%,823.8%,-1.93%,-6.52%
2018/02/28,2018/01/31,-0.91%,1.51%,-0.84%,-1.02%,0.83%,-4.98%,-2.61%,-3.69%,-4.40%,-3.06%,0.80%,1.90%,-0.45%,-3.55%,-3.65%,-4.12%,68,122,103,111,107,154,309,272,374,310,47.52%,66.66%,179.1%,70.38%,208.4%,614.8%,151.4%,791.0%,-1.15%,-4.74%
2018/03/31,2018/02/28,1.30%,-0.34%,0.11%,0.96%,0.15%,-0.18%,-3.31%,-1.66%,-1.72%,-2.04%,2.19%,2.44%,0.30%,2.21%,-1.98%,1.48%,69,122,103,112,107,154,299,268,368,304,45.82%,63.54%,185.2%,74.53%,202.3%,625.4%,160.1%,810.7%,0.00%,-2.41%
2018/04/30,2018/03/31,-2.12%,-0.07%,0.30%,-0.15%,0.28%,-1.51%,0.55%,0.94%,0.26%,0.55%,0.91%,0.67%,-0.11%,1.19%,0.43%,0.99%,68,122,103,112,107,151,300,270,369,306,49.32%,66.91%,187.8%,75.71%,203.6%,632.6%,161.5%,821.6%,0.00%,-1.76%
2018/05/31,2018/04/30,0.59%,-0.20%,-1.27%,-1.90%,1.46%,3.81%,2.84%,1.14%,1.45%,4.37%,-1.29%,-1.04%,-2.79%,4.75%,2.78%,5.06%,68,121,102,110,109,157,309,273,374,319,50.61%,67.84%,184.1%,73.88%,212.0%,669.6%,167.5%,865.3%,-1.29%,-2.78%
2018/06/30,2018/05/31,-0.99%,1.54%,1.54%,-0.37%,-0.87%,0.53%,1.43%,1.39%,0.49%,0.34%,1.93%,-0.94%,-1.13%,-0.18%,0.75%,0.10%,68,123,103,110,108,158,313,277,376,320,50.79%,67.51%,189.6%,72.24%,214.4%,670.4%,165.7%,863.6%,0.00%,-3.69%
2018/07/31,2018/06/30,-0.84%,0.85%,-1.12%,0.04%,0.16%,2.27%,4.44%,2.58%,3.19%,3.45%,3.16%,2.28%,0.11%,1.58%,3.27%,0.90%,67,124,102,110,108,161,327,284,388,331,52.30%,69.49%,198.8%,76.17%,224.7%,677.3%,159.4%,878.8%,0.00%,-1.49%
2018/08/31,2018/07/31,1.19%,0.30%,0.37%,-0.43%,-0.72%,4.15%,3.22%,3.95%,2.85%,3.90%,0.38%,1.24%,-0.50%,3.95%,3.55%,3.58%,68,125,103,109,107,168,338,295,399,344,49.39%,69.07%,199.9%,78.36%,236.2%,705.2%,159.5%,917.5%,0.00%,-0.27%
2018/09/30,2018/08/31,0.53%,-0.04%,-1.13%,-0.63%,1.00%,0.07%,-0.34%,-0.81%,-0.17%,1.22%,0.96%,0.50%,0.50%,-1.35%,0.10%,-1.51%,68,125,101,109,108,168,336,293,398,348,50.09%,71.02%,202.8%,79.26%,236.6%,693.1%,155.3%,903.8%,0.00%,0.00%
2018/10/31,2018/09/30,1.93%,0.07%,0.63%,1.29%,0.60%,-7.19%,-8.18%,-4.72%,-7.73%,-7.82%,2.65%,2.36%,2.07%,-9.72%,-7.27%,-10.42%,69,125,102,110,109,156,309,279,368,321,48.09%,69.95%,210.8%,83.48%,212.1%,610.4%,147.3%,806.2%,0.00%,0.00%
2018/11/30,2018/10/31,-1.12%,0.47%,1.29%,-1.85%,1.46%,0.76%,2.60%,3.14%,0.04%,3.24%,3.25%,2.57%,-0.34%,1.00%,1.99%,0.23%,69,125,103,108,110,157,317,288,368,331,51.91%,74.15%,220.9%,88.19%,218.3%,612.0%,142.9%,815.3%,0.00%,0.00%
2018/12/31,2018/11/30,0.43%,1.05%,-0.91%,-0.28%,0.16%,-8.99%,-9.82%,-9.32%,-9.40%,-8.92%,5.22%,5.34%,0.54%,-11.73%,-9.28%,-13.33%,69,127,102,108,111,143,286,261,333,302,51.49%,74.29%,237.7%,98.24%,188.8%,517.1%,133.1%,707.9%,0.00%,0.00%
2019/01/31,2018/12/31,-1.34%,-0.41%,1.29%,0.76%,-1.26%,8.31%,9.18%,9.04%,9.83%,7.39%,-2.91%,-4.50%,-0.36%,13.26%,8.72%,14.61%,68,126,104,108,109,155,312,285,366,324,51.61%,72.69%,227.8%,89.31%,214.0%,607.2%,146.8%,815.0%,-2.91%,-4.50%
2019/02/28,2019/01/31,-0.99%,0.34%,0.94%,-1.07%,-0.23%,2.69%,3.66%,3.30%,3.30%,3.69%,1.54%,1.28%,-0.73%,5.17%,3.43%,4.79%,67,126,105,107,109,159,324,294,378,336,52.77%,74.42%,232.9%,91.73%,224.7%,641.1%,150.1%,862.3%,-1.42%,-3.28%
2019/03/31,2019/02/28,0.70%,-0.20%,-0.99%,0.30%,-0.06%,1.38%,0.90%,0.35%,2.25%,1.68%,-0.21%,-0.90%,0.92%,-0.69%,1.41%,-0.41%,68,126,104,108,109,161,326,295,387,342,51.60%,74.95%,232.1%,90.00%,229.3%,638.0%,145.6%,855.7%,-1.63%,-4.15%
2019/04/30,2019/03/31,0.15%,1.19%,-1.30%,0.74%,-0.75%,3.06%,5.42%,3.94%,4.50%,3.18%,3.06%,2.59%,-0.97%,3.15%,4.02%,2.38%,68,128,102,108,108,166,344,307,404,353,50.23%,75.16%,242.3%,94.92%,242.5%,655.5%,141.6%,885.8%,0.00%,-1.67%
2019/05/31,2019/04/30,-2.31%,0.55%,2.20%,-0.69%,0.17%,-8.32%,-7.15%,-5.29%,-7.04%,-6.11%,-1.42%,0.55%,0.99%,-8.23%,-6.47%,-8.39%,66,128,105,108,108,153,319,291,375,331,53.95%,79.05%,237.4%,95.99%,220.4%,592.1%,136.9%,804.7%,-1.42%,-1.13%
2019/06/30,2019/05/31,1.04%,-1.49%,-1.04%,0.40%,0.18%,7.59%,5.95%,6.30%,7.39%,7.10%,5.22%,3.86%,-0.73%,7.31%,6.83%,6.16%,67,126,103,108,108,164,339,309,403,355,52.61%,78.16%,255.1%,103.6%,242.2%,634.7%,135.3%,870.9%,0.00%,0.00%
2019/07/31,2019/06/30,0.56%,1.80%,-1.09%,1.00%,-0.96%,1.15%,3.31%,0.56%,2.27%,0.12%,1.18%,2.20%,-0.51%,-0.98%,1.45%,-1.64%,67,129,102,109,107,166,350,311,412,355,50.29%,76.33%,259.2%,108.0%,247.2%,622.7%,128.0%,861.4%,0.00%,0.00%
2019/08/31,2019/07/31,0.57%,-0.61%,0.36%,0.32%,-0.42%,-2.36%,-3.91%,-1.74%,-1.00%,-2.40%,0.99%,2.32%,0.51%,-4.28%,-2.11%,-4.98%,68,128,103,109,107,162,336,305,408,346,48.81%,76.26%,262.8%,112.9%,239.9%,586.7%,121.5%,820.2%,0.00%,0.00%
2019/09/30,2019/08/31,-2.20%,-1.18%,0.65%,0.88%,2.13%,-0.75%,1.56%,2.09%,1.89%,1.80%,1.63%,1.78%,1.41%,2.61%,1.76%,2.07%,66,126,103,110,109,161,341,312,416,353,55.25%,80.75%,268.7%,116.6%,245.8%,601.0%,122.2%,844.2%,0.00%,0.00%
2019/10/31,2019/09/30,0.42%,1.44%,-1.94%,-0.46%,0.65%,2.88%,3.42%,0.33%,1.64%,3.23%,5.01%,2.63%,-0.22%,1.78%,2.20%,0.99%,67,128,101,110,110,166,353,313,423,364,55.61%,81.38%,287.2%,122.3%,253.4%,607.9%,119.5%,861.0%,0.00%,0.00%
2019/11/30,2019/10/31,0.95%,1.38%,-1.07%,-1.69%,0.31%,4.98%,5.29%,2.76%,2.28%,4.52%,5.64%,3.72%,0.20%,5.25%,3.75%,4.13%,67,130,100,108,110,174,372,321,432,381,54.62%,80.53%,309.1%,130.6%,266.7%,637.1%,120.4%,911.4%,0.00%,0.00%
2019/12/31,2019/11/30,0.15%,-0.05%,-1.29%,-0.38%,1.44%,2.58%,3.16%,1.59%,2.27%,3.98%,-1.45%,-1.56%,0.72%,5.47%,2.79%,5.94%,67,130,99,108,112,178,383,326,442,396,56.61%,83.06%,303.1%,127.0%,276.9%,680.9%,127.3%,966.8%,-1.45%,-1.56%
2020/01/31,2019/12/31,-2.77%,-0.70%,0.51%,0.41%,-1.14%,-2.36%,-0.97%,1.19%,0.60%,-0.26%,-3.04%,-5.66%,0.66%,-3.65%,0.06%,-1.95%,66,129,99,108,111,174,380,330,445,395,59.15%,86.90%,290.9%,114.2%,277.2%,665.7%,122.7%,927.9%,-4.45%,-7.13%
2020/02/29,2020/01/31,-2.35%,0.20%,0.01%,-1.02%,0.20%,-8.88%,-8.14%,-8.45%,-7.51%,-7.84%,1.50%,0.91%,0.32%,-6.52%,-8.00%,-6.79%,64,129,100,107,111,159,349,302,412,364,63.21%,88.84%,296.7%,116.1%,247.0%,613.7%,125.4%,860.8%,-3.01%,-6.28%
2020/03/31,2020/02/29,-2.28%,-2.62%,-0.05%,-4.97%,0.32%,-15.34%,-18.31%,-11.48%,-15.58%,-11.08%,2.75%,-2.16%,-1.97%,-23.37%,-13.57%,-22.73%,63,126,99,102,111,134,285,268,347,323,67.46%,96.89%,307.6%,111.5%,199.9%,451.5%,104.8%,636.2%,-0.35%,-8.31%
2020/04/30,2020/03/31,0.05%,-1.33%,-0.48%,-0.05%,1.75%,13.62%,12.94%,13.09%,12.01%,15.14%,-2.53%,-6.25%,2.66%,19.07%,13.44%,20.94%,63,124,99,102,113,153,322,303,389,372,70.31%,99.88%,297.3%,98.25%,240.2%,567.0%,120.2%,776.7%,-2.87%,-14.04%
2020/05/31,2020/04/30,1.65%,0.37%,-1.57%,0.46%,-1.79%,7.59%,6.49%,4.37%,5.67%,5.17%,1.45%,-2.27%,-0.46%,7.31%,5.40%,7.99%,64,125,97,102,111,164,343,316,411,392,64.45%,95.04%,303.1%,93.76%,258.6%,620.2%,125.8%,840.7%,-1.46%,-15.98%
2020/06/30,2020/05/31,-1.89%,-1.42%,1.05%,-1.12%,0.50%,1.62%,1.34%,3.18%,1.34%,3.29%,-5.60%,-11.34%,-2.51%,1.07%,2.43%,4.47%,62,123,98,101,112,167,347,326,417,405,68.39%,98.29%,280.5%,71.79%,267.3%,652.4%,130.4%,850.8%,-6.97%,-25.51%
2020/07/31,2020/06/30,-0.64%,-2.10%,0.96%,0.03%,-1.94%,4.04%,4.96%,7.33%,5.58%,5.32%,-4.84%,-1.31%,-2.85%,2.95%,5.73%,3.34%,62,120,99,101,109,174,364,350,440,426,66.19%,100.8%,262.1%,69.54%,288.3%,677.6%,124.9%,878.8%,-11.47%,-26.48%
2020/08/31,2020/07/31,-1.18%,-1.09%,0.50%,-2.90%,0.11%,6.92%,6.76%,9.11%,4.55%,8.52%,4.31%,1.94%,-3.21%,4.64%,7.38%,4.05%,61,119,100,98,110,186,389,382,460,462,68.33%,104.0%,277.7%,72.82%,317.0%,709.1%,117.5%,924.1%,-7.65%,-25.06%
2020/09/30,2020/08/31,1.92%,0.47%,0.31%,0.99%,-2.24%,-1.47%,-2.92%,-2.90%,-2.59%,-5.19%,-0.84%,-0.96%,0.65%,-3.48%,-3.61%,-3.20%,62,120,100,99,107,183,378,371,448,438,61.33%,96.44%,274.6%,71.17%,301.9%,683.2%,118.4%,888.5%,-8.43%,-25.78%
2020/10/31,2020/09/30,0.74%,-0.25%,2.36%,-0.35%,-0.39%,0.33%,-2.31%,-0.90%,-2.23%,-3.04%,0.43%,1.45%,-2.81%,0.37%,-2.11%,-0.06%,63,119,103,99,107,183,369,367,438,425,59.50%,89.83%,276.2%,73.65%,293.4%,682.7%,122.9%,892.1%,-8.03%,-24.70%
2020/11/30,2020/10/31,-0.86%,3.28%,-1.18%,2.81%,-2.04%,14.15%,15.49%,10.24%,14.91%,10.19%,-0.06%,-4.92%,-0.04%,18.72%,12.26%,20.20%,62,123,101,101,104,209,426,405,503,468,57.61%,82.32%,276.0%,65.11%,341.6%,840.8%,140.5%,1078%,-8.09%,-28.41%
2020/12/31,2020/11/30,-0.71%,-1.14%,-1.79%,0.43%,-0.43%,6.25%,4.38%,2.57%,5.61%,4.97%,-1.35%,-3.11%,-2.62%,7.47%,4.57%,8.40%,62,122,100,102,104,222,445,415,532,492,58.06%,80.00%,270.9%,59.97%,361.8%,919.8%,149.8%,1166%,-9.33%,-30.63%
2021/01/31,2020/12/31,1.46%,-1.70%,0.37%,-0.09%,-1.77%,3.28%,-1.27%,-0.68%,-0.19%,0.02%,-18.17%,-18.48%,-5.65%,1.89%,-0.12%,7.44%,63,120,100,102,102,230,439,412,531,492,52.96%,74.14%,203.5%,30.40%,361.3%,995.7%,168.6%,1190%,-25.81%,-43.45%
