Date,fdate,CAPEI_AR_1,CAPEI_AR_2,CAPEI_AR_3,CAPEI_AR_4,CAPEI_AR_5,CAPEI_TR_1,CAPEI_TR_2,CAPEI_TR_3,CAPEI_TR_4,CAPEI_TR_5,CAPEI_AR_Sig,CAPEI_TR_Sig,CAPEI_AR_130,CAPEI_TR_130,CAPEI_TR_BP,CAPEI_TR_LO,CAPEI_CAR_1,CAPEI_CAR_2,CAPEI_CAR_3,CAPEI_CAR_4,CAPEI_CAR_5,CAPEI_CTR_1,CAPEI_CTR_2,CAPEI_CTR_3,CAPEI_CTR_4,CAPEI_CTR_5,CAPEI_CAR_LS,CAPEI_CTR_LS,CAPEI_CAR_SW,CAPEI_CTR_SW,CAPEI_CTR_BP,CAPEI_CTR_LO,CAPEI_CXR_LO,CAPEI_CTR_13,CAPEI_CADD,CAPEI_CTDD
2001/02/28,2001/01/31,1.39%,2.41%,2.59%,-0.77%,6.02%,-5.57%,-10.29%,-10.17%,-11.61%,-7.49%,-14.17%,4.04%,5.92%,-3.96%,-9.48%,-5.17%,101,102,103,99,106,94,90,90,88,93,4.63%,-1.92%,-14.17%,4.04%,-9.48%,-5.17%,4.30%,-3.96%,-14.17%,0.00%
2001/03/31,2001/02/28,-2.06%,0.63%,-0.41%,0.79%,2.96%,-7.75%,-4.75%,-7.22%,-9.47%,-5.65%,-3.43%,7.43%,1.72%,-3.78%,-6.73%,-6.01%,99,103,102,100,109,87,85,83,80,87,9.89%,0.14%,-17.12%,11.77%,-15.57%,-10.87%,5.06%,-7.59%,-17.12%,0.00%
2001/04/30,2001/03/31,1.27%,-1.83%,1.01%,1.61%,-2.25%,8.19%,5.63%,8.37%,12.79%,8.59%,8.24%,1.62%,-0.92%,8.47%,8.26%,7.98%,101,101,103,102,107,94,90,90,90,95,6.03%,0.55%,-10.28%,13.58%,-8.60%,-3.75%,4.77%,0.24%,-10.28%,0.00%
2001/05/31,2001/04/30,0.82%,-1.66%,-0.63%,1.85%,-0.82%,2.44%,2.07%,-0.10%,1.08%,0.16%,-5.00%,-1.89%,3.10%,7.52%,1.01%,8.09%,101,99,103,104,106,97,92,90,91,95,4.29%,-1.75%,-14.77%,11.43%,-7.68%,4.03%,12.18%,7.77%,-14.77%,-1.89%
2001/06/30,2001/05/31,3.87%,1.17%,0.06%,0.34%,0.52%,-1.50%,-2.35%,-2.88%,-0.59%,1.57%,7.19%,5.51%,-0.49%,4.43%,-1.54%,2.78%,105,101,103,104,106,95,90,88,91,96,0.79%,1.27%,-8.64%,17.57%,-9.10%,6.92%,17.02%,12.54%,-8.64%,0.00%
2001/07/31,2001/06/30,-5.98%,-2.56%,0.39%,2.08%,1.84%,-4.17%,-1.17%,0.76%,-2.32%,-3.70%,-1.89%,5.77%,5.12%,0.46%,-1.79%,-1.27%,99,98,103,106,108,91,89,88,89,93,8.66%,1.74%,-10.37%,24.35%,-10.73%,5.56%,17.64%,13.06%,-10.37%,0.00%
2001/08/31,2001/07/31,2.58%,2.62%,-0.55%,1.52%,-3.02%,-5.15%,-3.91%,-5.29%,-6.34%,-10.26%,0.54%,4.41%,1.70%,-1.70%,-5.97%,-3.02%,102,101,102,108,105,86,85,84,83,83,2.58%,-3.46%,-9.88%,29.83%,-16.06%,2.37%,21.10%,11.14%,-9.88%,0.00%
2001/09/30,2001/08/31,1.46%,-1.17%,-2.29%,-2.18%,2.90%,-4.58%,-8.66%,-5.34%,-13.86%,-10.31%,-3.99%,1.93%,4.10%,-12.94%,-8.92%,-13.52%,103,99,100,105,108,82,78,79,71,75,4.05%,-8.99%,-13.48%,32.34%,-23.54%,-11.48%,15.53%,-3.25%,-13.48%,0.00%
2001/10/31,2001/09/30,5.74%,3.61%,2.75%,-0.61%,-1.88%,1.77%,0.68%,1.61%,6.47%,5.88%,5.73%,-9.03%,-1.90%,6.21%,2.68%,8.92%,109,103,103,105,106,84,79,80,76,79,-3.87%,-5.25%,-8.52%,20.39%,-21.50%,-3.58%,22.74%,2.77%,-8.52%,-9.03%
2001/11/30,2001/10/31,-1.84%,-2.02%,-0.81%,1.40%,2.12%,4.73%,5.99%,5.98%,11.65%,11.10%,1.42%,-0.03%,-0.64%,8.91%,7.75%,8.92%,107,101,102,106,108,88,83,85,85,88,-0.06%,0.79%,-7.22%,20.34%,-15.41%,5.03%,24.18%,11.92%,-7.22%,-9.06%
2001/12/31,2001/11/30,1.07%,2.94%,-1.20%,-1.33%,-0.97%,2.06%,3.79%,-0.74%,1.30%,1.05%,1.75%,2.13%,2.62%,9.51%,1.71%,8.88%,108,104,101,105,107,90,86,85,86,89,-2.11%,-0.23%,-5.60%,22.91%,-13.96%,14.35%,33.08%,22.57%,-5.60%,-7.13%
2002/01/31,2001/12/31,-1.00%,-0.88%,-1.24%,3.27%,0.64%,-1.40%,-1.39%,-1.45%,1.80%,-2.96%,-8.50%,-5.50%,0.54%,1.10%,-1.25%,2.74%,107,103,100,108,108,88,85,83,88,86,-0.50%,-1.79%,-13.63%,16.15%,-15.04%,17.49%,38.40%,23.92%,-13.63%,-12.23%
2002/02/28,2002/01/31,1.25%,1.39%,1.09%,-1.89%,-1.50%,-0.24%,0.26%,0.10%,-5.64%,-6.33%,-0.55%,3.92%,-0.33%,-3.43%,-2.10%,-4.61%,108,104,101,106,106,88,85,83,83,81,-3.23%,-7.77%,-14.10%,20.71%,-16.83%,12.07%,34.92%,19.66%,-14.10%,-8.79%
2002/03/31,2002/02/28,2.02%,1.68%,-1.43%,1.80%,-0.76%,5.00%,3.37%,4.09%,7.29%,4.61%,0.32%,0.55%,0.49%,10.40%,4.42%,10.23%,111,106,99,108,106,93,88,87,89,84,-5.93%,-8.13%,-13.83%,21.38%,-13.15%,23.53%,42.77%,32.10%,-13.83%,-8.28%
2002/04/30,2002/03/31,4.99%,1.42%,-1.64%,1.95%,-3.33%,-0.38%,-3.38%,-4.19%,-2.80%,-11.66%,-3.81%,3.36%,-1.33%,0.20%,-5.00%,-0.80%,116,108,98,110,102,92,85,83,86,75,-13.75%,-18.49%,-17.11%,25.45%,-17.49%,22.54%,48.76%,32.37%,-17.11%,-5.20%
2002/05/31,2002/04/30,-2.90%,-0.97%,-1.97%,1.19%,1.86%,-1.82%,-0.56%,-1.99%,-0.77%,-1.48%,0.33%,1.31%,2.31%,-2.43%,-1.20%,-2.82%,113,107,96,111,104,91,85,82,86,74,-9.65%,-18.22%,-16.84%,27.10%,-18.48%,19.08%,46.34%,29.16%,-16.84%,-3.96%
2002/06/30,2002/05/31,3.42%,3.14%,-0.77%,-2.51%,-2.56%,-3.56%,-4.00%,-7.31%,-8.31%,-11.82%,6.09%,7.72%,-1.53%,-5.88%,-6.92%,-8.20%,117,110,95,109,101,87,81,76,78,65,-15.05%,-24.97%,-11.77%,36.91%,-24.12%,9.32%,44.47%,21.56%,-11.77%,0.00%
2002/07/31,2002/06/30,-4.02%,0.44%,-0.84%,3.24%,-0.62%,-6.57%,-6.61%,-7.92%,-9.18%,-10.26%,0.18%,-6.22%,3.56%,-15.78%,-7.99%,-13.92%,112,110,94,112,101,82,76,70,71,58,-12.17%,-27.74%,-11.61%,28.39%,-30.19%,-5.90%,35.91%,2.37%,-11.61%,-6.22%
2002/08/31,2002/07/31,-3.17%,-0.94%,-0.58%,-2.00%,1.77%,-0.68%,1.78%,1.59%,-1.81%,0.41%,-8.49%,-7.55%,-0.90%,-2.94%,0.64%,-0.68%,108,109,94,110,102,81,77,71,70,58,-7.82%,-26.95%,-19.12%,18.69%,-29.74%,-6.53%,34.12%,-0.64%,-19.12%,-13.31%
2002/09/30,2002/08/31,-1.09%,-2.91%,-0.67%,2.02%,0.82%,-6.95%,-9.87%,-8.61%,-9.60%,-14.53%,2.11%,6.21%,2.97%,-8.24%,-10.13%,-10.10%,107,106,93,112,103,75,70,65,63,50,-6.06%,-32.49%,-17.41%,26.06%,-36.86%,-15.97%,34.16%,-8.83%,-17.41%,-7.92%
2002/10/31,2002/09/30,0.21%,-0.23%,0.95%,-1.68%,7.88%,4.42%,4.42%,5.37%,7.19%,19.63%,0.97%,-7.27%,-1.11%,4.24%,7.77%,6.42%,107,106,94,110,111,79,73,68,68,60,1.14%,-22.22%,-16.60%,16.89%,-31.95%,-10.58%,32.35%,-4.96%,-16.60%,-14.62%
2002/11/30,2002/10/31,0.30%,-1.40%,0.34%,-1.41%,2.19%,1.74%,1.80%,5.04%,10.92%,13.87%,-13.85%,-26.72%,-2.41%,9.16%,6.03%,17.17%,108,105,94,109,114,80,74,72,75,68,3.05%,-12.79%,-28.15%,-14.34%,-27.85%,4.78%,47.11%,3.74%,-28.15%,-37.43%
2002/12/31,2002/11/30,-0.05%,0.40%,0.41%,-1.15%,0.06%,-2.74%,-2.66%,-3.75%,-9.06%,-10.54%,3.00%,6.79%,3.10%,-4.62%,-5.58%,-6.66%,108,105,95,107,114,78,72,69,68,61,3.16%,-19.60%,-26.00%,-8.53%,-31.88%,-2.20%,45.52%,-1.06%,-26.00%,-33.19%
2003/01/31,2002/12/31,-0.84%,-0.47%,0.15%,0.83%,0.48%,-2.82%,-2.90%,-1.83%,-2.55%,-2.69%,-4.15%,-5.38%,0.13%,-2.44%,-2.56%,-0.83%,107,104,95,108,114,76,70,68,67,59,4.53%,-19.50%,-29.07%,-13.45%,-33.63%,-3.01%,48.05%,-3.47%,-29.07%,-36.78%
2003/02/28,2003/01/31,-2.24%,0.10%,-0.16%,2.73%,0.23%,-3.70%,-1.69%,-1.73%,-0.51%,-1.93%,0.02%,0.16%,-0.14%,-3.71%,-1.81%,-3.76%,104,105,95,111,115,73,69,66,66,58,7.12%,-18.07%,-29.06%,-13.31%,-34.83%,-6.65%,45.17%,-7.05%,-29.06%,-36.68%
2003/03/31,2003/02/28,1.16%,1.55%,2.68%,0.35%,-1.63%,0.82%,1.06%,2.47%,1.25%,0.23%,-0.09%,-3.64%,-0.58%,-0.09%,1.22%,1.00%,106,106,97,112,113,74,70,68,67,58,4.13%,-18.55%,-29.12%,-16.46%,-34.03%,-5.72%,44.84%,-7.14%,-29.12%,-38.98%
2003/04/30,2003/03/31,2.92%,1.43%,-1.56%,-0.20%,-2.42%,8.55%,8.18%,4.91%,11.24%,10.19%,-1.51%,-4.52%,-1.95%,10.51%,8.22%,11.87%,109,108,96,111,110,80,75,71,75,64,-1.43%,-17.21%,-30.19%,-20.24%,-28.61%,5.47%,50.12%,2.62%,-30.19%,-41.74%
2003/05/31,2003/04/30,0.62%,0.89%,0.56%,0.09%,-3.53%,3.78%,5.74%,6.12%,7.69%,7.69%,-19.17%,-29.39%,-6.92%,4.67%,6.23%,13.48%,109,109,96,112,106,83,80,76,80,69,-5.52%,-13.97%,-43.57%,-43.68%,-24.16%,19.69%,61.02%,7.41%,-43.57%,-58.86%
2003/06/30,2003/05/31,-0.52%,-0.27%,0.83%,0.18%,-0.71%,0.15%,1.05%,2.55%,1.96%,1.36%,-6.01%,-8.61%,-0.64%,2.86%,1.49%,5.45%,109,108,97,112,105,83,81,78,82,70,-5.71%,-12.93%,-46.96%,-48.53%,-23.03%,26.21%,67.39%,10.49%,-46.96%,-62.41%
2003/07/31,2003/06/30,1.06%,1.42%,0.36%,-0.48%,0.63%,1.70%,2.35%,3.41%,0.73%,3.55%,-1.18%,-2.36%,-0.57%,6.91%,2.46%,7.61%,110,110,97,111,106,84,82,80,83,72,-6.11%,-11.32%,-47.59%,-49.75%,-21.14%,35.82%,76.02%,18.12%,-47.59%,-63.29%
2003/08/31,2003/07/31,1.19%,-1.52%,-1.10%,-0.52%,2.17%,3.11%,0.88%,2.65%,1.57%,4.36%,-1.90%,-1.64%,-1.20%,4.87%,2.35%,5.36%,111,108,96,111,108,87,83,83,84,76,-5.20%,-10.21%,-48.58%,-50.57%,-19.28%,43.10%,81.31%,23.87%,-48.58%,-63.90%
2003/09/30,2003/08/31,1.82%,1.25%,-1.09%,-0.75%,-0.67%,0.65%,0.42%,-1.97%,-1.85%,-1.75%,-11.27%,-14.71%,-2.59%,-3.89%,-1.08%,0.52%,113,110,95,110,108,88,84,81,82,74,-7.56%,-12.37%,-54.38%,-57.84%,-20.15%,43.85%,84.21%,19.05%,-54.38%,-69.21%
2003/10/31,2003/09/30,-0.90%,0.61%,-0.40%,0.70%,1.59%,4.00%,6.39%,6.85%,5.91%,5.57%,-4.16%,-2.96%,-0.97%,7.63%,6.06%,8.52%,112,110,95,111,109,91,89,86,87,78,-5.26%,-10.99%,-56.27%,-59.09%,-15.32%,56.09%,88.74%,28.13%,-56.27%,-70.12%
2003/11/30,2003/10/31,1.79%,-0.87%,-0.77%,0.69%,0.56%,3.64%,0.80%,1.67%,2.41%,0.76%,-1.95%,-0.53%,0.08%,3.83%,1.47%,3.99%,114,109,94,111,110,94,90,88,89,79,-6.43%,-13.55%,-57.13%,-59.31%,-14.07%,62.32%,93.48%,33.03%,-57.13%,-70.28%
2003/12/31,2003/11/30,-5.43%,1.15%,-2.34%,0.11%,-0.07%,2.89%,4.97%,2.16%,4.60%,5.73%,2.52%,-2.42%,0.45%,2.72%,4.39%,3.44%,108,111,92,111,110,97,94,90,93,84,-1.42%,-11.09%,-56.05%,-60.29%,-10.30%,67.91%,91.65%,36.65%,-56.05%,-71.00%
2004/01/31,2003/12/31,6.07%,-0.31%,-2.06%,-0.69%,1.48%,8.73%,2.55%,1.46%,2.35%,1.80%,-19.48%,-21.12%,-4.69%,-0.99%,2.25%,5.34%,115,110,90,111,112,106,96,91,96,85,-5.94%,-17.26%,-64.61%,-68.68%,-8.28%,76.88%,97.58%,35.29%,-64.61%,-77.12%
2004/02/29,2004/01/31,-2.46%,2.05%,1.51%,-0.02%,-3.30%,-0.00%,3.40%,2.83%,1.34%,-1.47%,2.04%,0.60%,0.50%,0.99%,1.48%,0.81%,112,112,91,111,108,106,100,94,97,84,-6.73%,-18.47%,-63.89%,-68.49%,-6.92%,78.32%,96.27%,36.63%,-63.89%,-76.98%
2004/03/31,2004/02/29,-1.62%,0.18%,0.97%,-0.93%,-0.62%,-2.27%,-0.82%,0.20%,-1.81%,-2.17%,3.44%,2.05%,1.30%,1.34%,-1.09%,0.72%,110,113,92,110,107,103,99,94,95,82,-5.80%,-18.39%,-62.64%,-67.85%,-7.94%,79.61%,99.83%,38.46%,-62.64%,-76.51%
2004/04/30,2004/03/31,-5.07%,-1.01%,0.02%,1.38%,-1.28%,-5.13%,-3.23%,-2.62%,-0.88%,-0.63%,6.36%,2.32%,3.01%,-2.07%,-2.03%,-2.77%,104,112,92,111,106,98,96,91,94,81,-2.23%,-14.72%,-60.27%,-67.10%,-9.81%,74.64%,98.36%,35.59%,-60.27%,-75.97%
2004/05/31,2004/04/30,2.49%,0.52%,-0.14%,-0.08%,0.36%,2.38%,1.46%,0.93%,0.85%,1.92%,2.51%,4.25%,0.26%,1.76%,1.34%,0.49%,107,112,92,111,106,100,97,92,95,83,-4.31%,-15.10%,-59.27%,-65.70%,-8.61%,75.49%,96.68%,37.98%,-59.27%,-74.95%
2004/06/30,2004/05/31,1.24%,-0.04%,-0.08%,-0.99%,0.80%,3.31%,1.70%,2.40%,1.28%,2.13%,1.61%,2.70%,-1.14%,3.76%,1.96%,2.95%,108,112,92,110,107,104,99,94,96,85,-4.73%,-16.11%,-58.61%,-64.77%,-6.81%,80.66%,98.61%,43.17%,-58.61%,-74.27%
2004/07/31,2004/06/30,-3.58%,0.20%,0.18%,-1.53%,1.09%,-6.00%,-1.89%,-3.28%,-6.05%,-4.64%,7.00%,4.82%,2.01%,-5.52%,-3.87%,-6.97%,104,112,92,108,108,97,97,91,90,81,-0.28%,-14.97%,-55.71%,-63.08%,-10.42%,68.07%,92.46%,35.26%,-55.71%,-73.03%
2004/08/31,2004/07/31,-2.05%,1.73%,1.22%,0.38%,-2.06%,-1.20%,2.05%,1.38%,0.31%,-2.19%,3.07%,2.80%,0.64%,-0.76%,0.29%,-1.60%,102,114,93,109,106,96,99,93,91,79,-0.29%,-15.81%,-54.35%,-62.04%,-10.15%,65.38%,88.81%,34.23%,-54.35%,-72.28%
2004/09/30,2004/08/31,3.41%,-1.12%,0.40%,-0.94%,0.49%,3.09%,0.39%,2.54%,0.55%,2.62%,-1.17%,1.59%,-0.81%,5.18%,1.66%,4.70%,106,113,94,108,107,99,99,95,91,81,-3.20%,-16.21%,-54.89%,-61.44%,-8.67%,73.16%,94.57%,41.19%,-54.89%,-71.83%
2004/10/31,2004/09/30,0.75%,-0.88%,0.10%,-1.05%,2.02%,2.31%,0.07%,1.39%,0.51%,4.55%,2.51%,1.68%,0.81%,2.59%,1.55%,2.09%,107,112,94,107,109,101,99,96,92,85,-1.97%,-14.34%,-53.76%,-60.79%,-7.25%,76.78%,95.62%,44.85%,-53.76%,-71.36%
2004/11/30,2004/10/31,3.39%,0.57%,-0.26%,-0.46%,-1.35%,6.34%,4.34%,4.78%,4.54%,4.32%,-6.20%,-6.86%,-3.59%,6.75%,4.65%,8.81%,110,113,93,106,107,108,104,101,96,89,-6.61%,-16.06%,-56.62%,-63.48%,-2.94%,92.35%,103.8%,54.63%,-56.62%,-73.33%
2004/12/31,2004/11/30,-0.33%,0.86%,0.06%,-0.17%,-0.73%,4.09%,3.40%,3.20%,3.64%,4.22%,-6.00%,-9.73%,-1.29%,2.37%,3.62%,5.29%,110,114,94,106,106,112,107,104,99,92,-6.99%,-15.95%,-59.23%,-67.04%,0.58%,102.5%,107.1%,58.29%,-59.23%,-75.92%
2005/01/31,2004/12/31,-1.34%,-0.12%,0.81%,-0.72%,0.05%,-4.32%,-1.40%,-0.91%,-3.82%,-4.90%,2.25%,4.03%,2.04%,-2.82%,-2.69%,-4.03%,108,113,94,105,106,107,106,103,96,88,-5.69%,-16.45%,-58.31%,-65.71%,-2.13%,94.36%,104.4%,53.82%,-58.31%,-74.95%
2005/02/28,2005/01/31,-1.13%,-1.00%,1.77%,-0.89%,1.10%,0.63%,1.27%,4.19%,0.68%,2.16%,2.05%,3.50%,-0.16%,1.74%,2.06%,0.69%,107,112,96,104,108,108,107,107,96,90,-3.59%,-15.17%,-57.46%,-64.51%,-0.11%,95.71%,101.6%,56.50%,-57.46%,-74.07%
2005/03/31,2005/02/28,0.85%,-1.71%,-1.49%,0.69%,2.55%,-0.68%,-1.89%,-2.32%,-1.51%,-1.29%,4.59%,5.22%,2.41%,-0.91%,-1.73%,-2.47%,108,110,95,105,110,107,105,105,95,88,-1.96%,-15.68%,-55.50%,-62.65%,-1.84%,90.87%,100.1%,55.09%,-55.50%,-72.72%
2005/04/30,2005/03/31,0.25%,-0.46%,-0.31%,0.93%,1.25%,-1.17%,-1.86%,-2.63%,-2.18%,-2.47%,3.53%,3.02%,3.14%,-5.25%,-2.23%,-6.16%,108,110,94,106,112,106,103,102,93,86,-0.98%,-16.78%,-53.93%,-61.52%,-4.03%,79.11%,92.22%,46.94%,-53.93%,-71.90%
2005/05/31,2005/04/30,0.30%,0.78%,-0.35%,-0.27%,-0.11%,2.63%,3.44%,3.40%,3.48%,6.69%,2.28%,2.46%,-1.60%,7.36%,3.88%,6.62%,109,111,94,106,112,109,107,106,96,92,-1.38%,-13.40%,-52.88%,-60.58%,-0.31%,90.96%,97.49%,57.75%,-52.88%,-71.21%
2005/06/30,2005/05/31,0.01%,-0.06%,-0.10%,-0.26%,0.12%,0.83%,1.58%,1.53%,0.42%,-0.47%,-1.34%,-1.29%,-1.69%,2.71%,0.85%,3.09%,109,111,94,105,112,110,108,107,96,92,-1.28%,-14.52%,-53.51%,-61.09%,0.54%,96.87%,101.9%,62.02%,-53.51%,-71.58%
2005/07/31,2005/06/30,0.00%,0.79%,0.35%,0.81%,-1.88%,2.76%,3.46%,4.19%,5.36%,4.52%,0.47%,-0.47%,-1.92%,6.99%,4.20%,7.14%,109,111,94,106,110,113,112,112,101,96,-3.14%,-13.03%,-53.29%,-61.27%,4.76%,110.9%,107.8%,73.35%,-53.29%,-71.71%
2005/08/31,2005/07/31,0.49%,-0.93%,-0.28%,0.15%,1.64%,-0.16%,-1.21%,-0.62%,-1.20%,-1.28%,-0.74%,-0.32%,0.84%,-1.74%,-1.01%,-1.64%,109,110,94,106,111,113,111,111,100,95,-2.03%,-14.00%,-53.64%,-61.40%,3.70%,107.5%,106.5%,70.33%,-53.64%,-71.80%
2005/09/30,2005/08/31,1.14%,0.21%,0.55%,0.05%,0.13%,1.03%,1.15%,1.69%,0.08%,-0.33%,-1.69%,-0.63%,0.97%,0.14%,0.77%,0.33%,110,111,94,106,112,114,112,113,100,94,-3.02%,-15.17%,-54.42%,-61.64%,4.50%,108.1%,105.6%,70.58%,-54.42%,-71.98%
2005/10/31,2005/09/30,-3.18%,1.54%,-0.94%,0.76%,-0.75%,-4.40%,0.23%,-2.32%,-1.22%,-3.39%,3.23%,3.07%,0.73%,-2.64%,-1.76%,-3.56%,107,112,94,107,111,109,112,110,99,91,-0.66%,-14.31%,-52.95%,-60.46%,2.66%,100.7%,101.9%,66.07%,-52.95%,-71.12%
2005/11/30,2005/10/31,0.87%,0.85%,-0.17%,0.15%,-0.24%,4.08%,3.51%,3.42%,4.62%,4.38%,2.74%,3.33%,0.10%,5.48%,3.93%,4.48%,108,113,93,107,110,113,116,114,104,95,-1.76%,-14.05%,-51.66%,-59.15%,6.69%,109.7%,103.0%,75.17%,-51.66%,-70.16%
2005/12/31,2005/11/30,0.15%,0.63%,-0.08%,-0.71%,0.38%,0.28%,0.81%,0.02%,-0.82%,-0.03%,-0.66%,-2.10%,0.84%,-0.49%,0.04%,0.14%,108,114,93,107,111,114,117,114,103,95,-1.54%,-14.31%,-51.98%,-60.00%,6.73%,110.0%,103.2%,74.30%,-51.98%,-70.79%
2006/01/31,2005/12/31,0.94%,0.19%,0.23%,0.50%,-2.73%,6.70%,2.47%,3.32%,4.45%,3.03%,-4.00%,-4.38%,-5.48%,6.24%,3.44%,7.55%,109,114,93,107,108,121,120,118,107,98,-5.16%,-17.46%,-53.90%,-61.75%,10.40%,125.9%,111.6%,85.18%,-53.90%,-72.06%
2006/02/28,2006/01/31,-0.18%,-0.24%,-0.47%,0.37%,0.68%,-0.29%,-0.01%,-0.46%,0.43%,0.89%,-1.84%,-2.55%,-0.47%,-0.63%,0.09%,0.14%,109,114,93,107,109,121,120,117,108,99,-4.34%,-16.49%,-54.75%,-62.73%,10.50%,126.2%,111.7%,84.01%,-54.75%,-72.78%
2006/03/31,2006/02/28,0.03%,0.47%,0.24%,0.15%,-2.18%,2.99%,1.54%,2.04%,2.43%,1.25%,-3.19%,-4.16%,-3.98%,2.71%,1.90%,3.96%,109,115,93,108,106,124,122,120,110,100,-6.45%,-17.94%,-56.19%,-64.28%,12.59%,135.1%,116.1%,89.00%,-56.19%,-73.91%
2006/04/30,2006/03/31,-1.88%,0.73%,0.39%,-0.69%,-0.38%,0.20%,1.81%,2.11%,-0.38%,0.20%,1.41%,1.23%,1.29%,1.25%,0.99%,0.88%,107,115,94,107,106,125,124,122,110,100,-5.06%,-17.93%,-55.57%,-63.84%,13.71%,137.2%,115.8%,91.36%,-55.57%,-73.59%
2006/05/31,2006/04/30,0.63%,-0.67%,-0.26%,0.46%,-0.10%,-2.35%,-2.46%,-2.70%,-4.40%,-3.47%,2.81%,2.30%,0.93%,-4.69%,-3.11%,-5.38%,107,115,93,107,106,122,121,119,105,97,-5.75%,-18.85%,-54.33%,-63.01%,10.17%,124.4%,110.9%,82.39%,-54.33%,-72.98%
2006/06/30,2006/05/31,-0.27%,0.61%,-0.11%,-0.37%,0.43%,0.15%,1.00%,0.22%,-0.61%,-0.05%,1.54%,0.59%,-0.21%,-1.06%,0.19%,-1.24%,107,115,93,107,106,122,122,119,105,97,-5.09%,-19.02%,-53.63%,-62.79%,10.39%,121.7%,107.9%,80.46%,-53.63%,-72.82%
2006/07/31,2006/06/30,-0.55%,0.01%,-0.26%,-0.13%,1.09%,-0.40%,0.49%,-0.13%,-2.15%,0.15%,2.08%,3.28%,0.95%,-2.23%,-0.28%,-3.21%,107,115,93,107,107,121,123,119,102,97,-3.53%,-18.57%,-52.66%,-61.57%,10.08%,114.5%,101.8%,76.44%,-52.66%,-71.93%
2006/08/31,2006/07/31,1.15%,0.19%,-0.35%,-1.05%,1.05%,2.71%,1.63%,1.29%,2.43%,4.79%,-0.75%,-1.24%,-1.90%,2.30%,2.48%,2.67%,108,116,93,106,108,125,125,121,105,101,-3.62%,-16.88%,-53.01%,-62.05%,12.81%,120.3%,102.2%,80.49%,-53.01%,-72.28%
2006/09/30,2006/08/31,-1.63%,-0.61%,-0.33%,0.56%,1.19%,0.70%,1.65%,1.87%,2.87%,3.35%,2.45%,2.61%,1.09%,2.46%,2.24%,1.68%,106,115,92,106,110,126,127,123,108,105,-0.90%,-14.67%,-51.86%,-61.06%,15.33%,124.0%,101.1%,84.94%,-51.86%,-71.55%
2006/10/31,2006/09/30,0.27%,-0.06%,0.62%,-0.78%,-0.29%,3.57%,2.88%,3.99%,3.89%,3.98%,0.28%,-1.03%,-0.90%,5.20%,3.69%,5.51%,106,115,93,105,109,130,130,128,112,109,-1.45%,-14.33%,-51.73%,-61.46%,19.59%,136.3%,104.7%,94.56%,-51.73%,-71.85%
2006/11/30,2006/10/31,-0.01%,-1.07%,1.37%,0.41%,-1.08%,2.10%,0.70%,3.45%,2.66%,1.66%,0.16%,-0.24%,-1.45%,2.24%,2.16%,2.31%,106,114,94,106,108,133,131,132,115,111,-2.50%,-14.70%,-51.65%,-61.55%,22.17%,141.8%,105.1%,98.92%,-51.65%,-71.91%
2006/12/31,2006/11/30,0.27%,0.12%,-0.44%,-0.73%,0.13%,1.45%,1.94%,1.70%,-0.12%,0.74%,-0.59%,-1.19%,-0.31%,1.12%,1.18%,1.48%,107,114,94,105,108,135,134,135,115,112,-2.64%,-15.30%,-51.93%,-62.00%,23.61%,145.4%,105.7%,101.2%,-51.93%,-72.25%
2007/01/31,2006/12/31,0.07%,-0.09%,-0.25%,1.12%,0.40%,1.94%,1.56%,1.41%,3.17%,2.36%,-2.73%,-4.06%,-0.34%,1.10%,2.01%,2.31%,107,114,94,106,109,137,136,136,119,114,-2.32%,-14.94%,-53.25%,-63.55%,26.09%,151.0%,106.3%,103.4%,-53.25%,-73.37%
2007/02/28,2007/01/31,2.01%,0.84%,0.16%,-0.27%,-1.37%,1.20%,-0.94%,-1.27%,-2.02%,-2.56%,-1.73%,-2.91%,-0.43%,-1.34%,-1.63%,-0.47%,109,114,94,106,107,139,135,135,116,111,-5.63%,-18.14%,-54.05%,-64.61%,24.04%,149.8%,108.7%,100.6%,-54.05%,-74.15%
2007/03/31,2007/02/28,-1.17%,-0.60%,0.21%,0.30%,-0.35%,0.18%,0.39%,1.24%,2.05%,0.47%,3.72%,2.88%,1.09%,1.27%,1.00%,0.41%,108,114,94,106,107,139,135,136,118,112,-4.85%,-17.90%,-52.35%,-63.59%,25.28%,150.9%,107.4%,103.2%,-52.35%,-73.41%
2007/04/30,2007/03/31,-1.91%,-1.11%,-0.45%,1.07%,1.06%,2.12%,2.94%,3.12%,4.21%,5.32%,1.75%,1.23%,2.40%,3.97%,3.86%,3.60%,105,113,94,107,108,142,139,141,123,118,-2.02%,-15.27%,-51.51%,-63.14%,30.12%,159.9%,106.9%,111.2%,-51.51%,-73.08%
2007/05/31,2007/04/30,-1.26%,-0.46%,-0.23%,1.20%,-0.70%,2.67%,2.99%,2.77%,4.98%,3.56%,5.09%,4.71%,0.45%,4.95%,3.54%,3.54%,104,112,93,109,107,146,143,144,130,122,-1.47%,-14.53%,-49.04%,-61.41%,34.73%,169.1%,106.9%,121.7%,-49.04%,-71.81%
2007/06/30,2007/05/31,-0.42%,-1.62%,-0.36%,1.36%,-0.29%,-2.06%,-3.43%,-1.61%,-0.44%,-1.71%,0.62%,-0.35%,1.22%,-0.63%,-1.77%,-0.53%,104,110,93,110,107,143,138,142,129,120,-1.34%,-14.23%,-48.73%,-61.54%,32.35%,167.7%,109.4%,120.3%,-48.73%,-71.91%
2007/07/31,2007/06/30,-2.03%,-0.52%,-0.28%,0.67%,1.29%,-5.91%,-4.47%,-3.59%,-3.05%,-2.33%,1.61%,0.69%,3.14%,-5.30%,-3.46%,-5.51%,102,110,93,111,108,135,132,137,125,117,1.94%,-11.15%,-47.90%,-61.28%,27.77%,152.9%,105.1%,108.6%,-47.90%,-71.72%
2007/08/31,2007/07/31,-1.72%,1.82%,0.33%,-0.46%,-0.31%,-0.21%,2.43%,1.46%,0.89%,1.63%,4.89%,4.23%,-0.52%,-0.20%,1.50%,-1.47%,100,112,93,110,108,134,135,139,126,119,3.37%,-9.51%,-45.36%,-59.64%,29.69%,149.2%,99.07%,108.2%,-45.36%,-70.52%
2007/09/30,2007/08/31,-0.45%,0.01%,0.56%,-0.80%,-0.26%,2.55%,3.28%,3.85%,4.12%,3.29%,2.97%,2.67%,1.40%,2.49%,3.55%,1.69%,99,112,94,110,108,138,140,144,131,123,3.56%,-8.84%,-43.74%,-58.56%,34.30%,153.4%,95.34%,113.4%,-43.74%,-69.73%
2007/10/31,2007/09/30,1.31%,0.42%,-1.54%,-0.84%,0.71%,3.05%,1.61%,1.25%,2.66%,2.50%,1.93%,0.16%,0.09%,0.77%,2.05%,0.72%,101,112,92,109,109,142,142,146,135,126,2.93%,-9.34%,-42.65%,-58.50%,37.05%,155.2%,92.75%,115.0%,-42.65%,-69.68%
2007/11/30,2007/10/31,2.31%,1.16%,-0.09%,-0.29%,-0.78%,-2.94%,-3.18%,-4.21%,-5.26%,-5.58%,5.67%,5.75%,1.02%,-7.50%,-4.49%,-9.22%,103,113,92,108,108,138,138,140,128,119,-0.24%,-11.73%,-39.40%,-56.11%,30.89%,131.7%,83.64%,98.89%,-39.40%,-67.94%
2007/12/31,2007/11/30,-0.21%,-0.83%,-1.44%,-0.46%,0.33%,-0.98%,-1.70%,-0.61%,1.00%,-1.96%,5.76%,5.52%,3.15%,1.68%,-0.68%,0.03%,103,113,91,108,108,136,135,139,129,117,0.29%,-12.60%,-35.91%,-53.69%,30.00%,131.8%,84.95%,102.2%,-35.91%,-66.17%
2008/01/31,2007/12/31,-0.50%,1.80%,2.14%,1.15%,-1.10%,-5.97%,-2.99%,-6.52%,-7.79%,-6.24%,2.46%,0.69%,3.14%,-2.67%,-5.98%,-2.88%,102,115,93,109,107,128,131,130,119,109,-0.31%,-12.84%,-34.33%,-53.37%,22.22%,125.1%,90.68%,96.84%,-34.33%,-65.94%
2008/02/29,2008/01/31,-3.36%,-0.13%,0.45%,-1.09%,1.47%,-5.79%,-3.32%,-1.43%,-3.21%,-2.83%,-1.98%,-3.09%,0.95%,-4.41%,-3.00%,-3.48%,99,114,93,108,108,121,127,128,115,106,4.50%,-10.26%,-35.63%,-54.81%,18.56%,117.3%,89.76%,88.16%,-35.63%,-66.99%
2008/03/31,2008/02/29,-6.42%,3.34%,-0.98%,-1.50%,0.43%,-6.88%,1.64%,-0.16%,-1.65%,-1.07%,5.91%,5.13%,0.23%,-0.36%,-0.63%,-1.90%,93,118,92,106,109,113,129,128,113,105,11.67%,-5.04%,-31.83%,-52.49%,17.81%,113.1%,87.36%,87.49%,-31.83%,-65.30%
2008/04/30,2008/03/31,-5.48%,-1.02%,2.78%,2.25%,-2.16%,-1.05%,3.65%,6.26%,7.35%,2.90%,3.22%,2.88%,0.00%,3.08%,4.79%,2.21%,87,117,95,109,107,111,134,136,122,108,15.37%,-1.29%,-29.63%,-51.12%,23.46%,117.9%,82.53%,93.26%,-29.63%,-64.30%
2008/05/31,2008/04/30,0.47%,-1.62%,-1.51%,-0.01%,1.51%,2.00%,-0.54%,1.20%,3.51%,3.98%,-2.49%,-1.89%,-2.60%,2.19%,1.98%,2.75%,88,115,93,109,108,114,133,138,126,113,16.57%,0.66%,-31.39%,-52.05%,25.90%,123.9%,83.95%,97.48%,-31.39%,-64.97%
2008/06/30,2008/05/31,-3.37%,-2.16%,-0.70%,-0.46%,-0.14%,-10.65%,-9.10%,-6.32%,-8.86%,-9.24%,0.57%,0.92%,-0.43%,-11.22%,-8.40%,-11.50%,85,113,93,108,108,101,121,129,115,102,20.33%,2.08%,-31.00%,-51.60%,15.32%,98.12%,78.24%,75.32%,-31.00%,-64.65%
2008/07/31,2008/06/30,-0.15%,1.81%,-1.96%,0.45%,2.80%,-1.16%,0.30%,-3.20%,-0.15%,2.59%,4.82%,4.68%,-0.14%,4.76%,-0.54%,3.36%,85,115,91,109,111,100,121,125,115,105,23.89%,5.90%,-27.67%,-49.34%,14.70%,104.8%,85.19%,83.67%,-27.67%,-63.00%
2008/08/31,2008/07/31,-0.00%,-1.32%,0.81%,-0.16%,-0.69%,1.74%,0.51%,1.45%,1.89%,2.37%,5.19%,5.75%,-0.04%,7.08%,1.65%,5.35%,85,113,92,108,110,102,122,127,117,107,23.03%,6.57%,-23.92%,-46.42%,16.60%,115.7%,92.04%,96.67%,-23.92%,-60.87%
2008/09/30,2008/08/31,1.00%,2.50%,-1.20%,0.43%,-0.69%,-10.06%,-3.45%,-9.88%,-9.95%,-10.22%,8.78%,9.49%,1.99%,-7.38%,-8.85%,-10.22%,86,116,90,109,110,92,118,114,105,96,20.95%,6.40%,-17.24%,-41.34%,6.28%,93.68%,89.40%,82.16%,-17.24%,-57.16%
2008/10/31,2008/09/30,-0.97%,-4.29%,-2.83%,-0.62%,3.09%,-16.57%,-17.49%,-19.89%,-17.66%,-15.02%,0.30%,0.35%,0.87%,-22.47%,-17.40%,-22.57%,85,111,88,108,113,77,97,91,87,82,25.87%,8.06%,-16.99%,-41.14%,-12.22%,49.96%,79.61%,41.23%,-16.99%,-57.01%
2008/11/30,2008/10/31,-0.89%,0.82%,0.44%,-1.72%,0.33%,-10.98%,-8.08%,-5.83%,-10.96%,-6.38%,6.47%,2.47%,0.96%,-14.73%,-7.97%,-15.47%,84,112,88,106,113,68,89,86,77,77,27.40%,13.03%,-11.62%,-39.69%,-19.21%,26.75%,66.13%,20.43%,-11.62%,-55.94%
2008/12/31,2008/11/30,-2.83%,0.51%,-1.37%,0.16%,3.94%,-1.15%,0.90%,0.28%,2.58%,6.41%,10.55%,7.36%,4.31%,10.11%,2.00%,7.90%,82,112,87,107,118,67,90,86,79,82,36.04%,21.58%,-2.30%,-35.25%,-17.59%,36.77%,75.92%,32.60%,-2.30%,-52.70%
2009/01/31,2008/12/31,-9.88%,-1.73%,0.20%,3.98%,-0.70%,-16.29%,-10.56%,-8.94%,-4.73%,-6.24%,-14.11%,-20.50%,6.28%,-10.41%,-8.28%,-4.27%,74,111,87,111,117,56,81,79,75,76,48.53%,33.79%,-16.08%,-48.52%,-24.42%,30.93%,82.99%,18.79%,-16.08%,-62.40%
2009/02/28,2009/01/31,2.93%,-1.48%,-1.96%,0.57%,-2.23%,-7.79%,-11.56%,-9.85%,-9.61%,-10.49%,6.58%,1.43%,0.85%,-13.67%,-10.22%,-14.10%,76,109,86,111,114,52,71,71,68,68,40.87%,30.17%,-10.56%,-47.78%,-32.14%,12.47%,75.90%,2.55%,-10.56%,-61.86%
2009/03/31,2009/02/28,1.59%,0.44%,0.36%,0.54%,1.49%,10.57%,7.72%,9.88%,7.78%,10.85%,-6.70%,-13.87%,1.36%,12.93%,8.87%,17.09%,77,109,86,112,116,57,77,78,73,76,40.73%,30.54%,-16.55%,-55.02%,-26.13%,31.70%,90.36%,15.81%,-16.55%,-67.15%
2009/04/30,2009/03/31,3.52%,-4.18%,-2.48%,6.35%,-3.03%,15.92%,6.57%,11.97%,11.28%,9.88%,7.21%,-3.75%,7.23%,24.70%,10.45%,25.82%,80,105,84,119,113,67,82,87,82,83,31.51%,22.66%,-10.53%,-56.71%,-18.40%,65.70%,119.6%,44.41%,-10.53%,-68.38%
2009/05/31,2009/04/30,1.11%,-0.58%,-2.50%,0.37%,0.35%,8.97%,5.10%,2.83%,5.72%,5.79%,-5.42%,-12.74%,1.15%,7.93%,5.16%,11.75%,81,104,82,120,113,73,86,90,86,88,30.51%,18.76%,-15.38%,-62.23%,-14.20%,85.17%,134.1%,55.86%,-15.38%,-72.41%
2009/06/30,2009/05/31,-0.26%,1.34%,-1.26%,-1.13%,2.34%,-0.74%,-0.63%,-1.32%,0.47%,2.36%,-6.87%,-11.38%,-0.82%,-1.93%,0.39%,1.49%,80,106,81,118,116,72,85,89,87,90,33.90%,22.45%,-21.19%,-66.52%,-13.86%,87.92%,136.7%,52.85%,-21.19%,-75.55%
2009/07/31,2009/06/30,-0.23%,-1.86%,-0.02%,0.87%,-1.00%,9.36%,6.24%,7.86%,9.04%,6.73%,0.37%,1.18%,-1.81%,10.15%,7.78%,9.79%,80,104,81,119,114,79,91,95,95,96,32.88%,19.22%,-20.90%,-66.13%,-7.16%,106.3%,141.4%,68.36%,-20.90%,-75.26%
2009/08/31,2009/07/31,-0.03%,-2.24%,-2.25%,0.13%,1.27%,7.23%,5.19%,4.61%,1.64%,3.45%,-19.42%,-24.94%,-2.64%,1.47%,3.49%,8.95%,80,101,79,119,116,85,95,100,96,100,34.59%,14.72%,-36.25%,-74.58%,-3.92%,124.8%,154.6%,70.83%,-36.25%,-81.43%
2009/09/30,2009/08/31,-2.14%,-0.89%,-2.01%,1.04%,-0.41%,5.35%,3.60%,2.48%,6.36%,3.21%,-3.90%,-9.64%,-0.31%,4.44%,4.15%,7.33%,78,100,77,121,115,89,99,102,102,103,36.91%,12.27%,-38.74%,-77.03%,0.06%,141.3%,162.7%,78.41%,-38.74%,-83.22%
2009/10/31,2009/09/30,-2.69%,-0.08%,0.68%,0.69%,0.71%,-7.58%,-4.15%,-3.12%,-2.83%,-0.95%,3.88%,3.87%,-0.20%,-5.06%,-2.59%,-6.22%,76,100,78,122,116,82,95,99,99,102,41.56%,19.71%,-36.37%,-76.14%,-2.53%,126.2%,153.2%,69.38%,-36.37%,-82.57%
2009/11/30,2009/10/31,1.08%,0.21%,-0.20%,-0.20%,0.35%,6.28%,4.44%,4.91%,6.04%,6.06%,2.70%,2.42%,-2.73%,1.73%,5.59%,1.00%,77,101,78,121,117,87,99,104,105,108,40.53%,19.45%,-34.65%,-75.56%,2.92%,128.5%,141.5%,72.31%,-34.65%,-82.15%
2009/12/31,2009/11/30,5.24%,2.00%,0.71%,-0.85%,-0.76%,8.52%,3.41%,3.01%,2.40%,2.32%,-2.27%,-4.01%,-0.60%,5.30%,2.80%,6.50%,81,103,78,120,116,95,102,107,108,111,32.10%,12.04%,-36.14%,-76.54%,5.80%,143.4%,150.5%,81.44%,-36.14%,-82.86%
2010/01/31,2009/12/31,2.72%,-1.46%,0.41%,-0.47%,-0.43%,2.17%,-3.41%,-1.82%,-4.25%,-4.05%,-4.82%,-9.91%,-0.12%,-3.98%,-3.38%,-1.01%,83,101,78,120,115,97,99,105,103,106,27.94%,5.07%,-39.21%,-78.86%,2.23%,140.9%,156.4%,74.21%,-39.21%,-84.56%
2010/02/28,2010/01/31,3.81%,0.20%,-0.04%,0.14%,-0.45%,6.42%,2.99%,3.30%,4.33%,2.62%,0.54%,2.64%,0.29%,4.56%,3.44%,3.76%,87,101,78,120,115,103,102,109,108,109,22.50%,1.08%,-38.89%,-78.30%,5.74%,150.0%,157.2%,82.15%,-38.89%,-84.15%
2010/03/31,2010/02/28,0.74%,0.83%,-0.01%,0.72%,-0.77%,6.55%,6.62%,6.41%,7.19%,5.56%,-2.52%,-4.19%,0.10%,6.24%,6.36%,7.49%,87,102,78,121,114,110,109,116,116,115,20.64%,0.08%,-40.43%,-79.21%,12.47%,168.7%,160.1%,93.51%,-40.43%,-84.82%
2010/04/30,2010/03/31,0.74%,-0.24%,0.92%,0.14%,-0.53%,3.80%,1.81%,3.54%,2.06%,1.21%,-14.36%,-17.09%,-2.60%,1.08%,2.11%,6.21%,88,102,79,121,113,114,110,120,118,116,19.11%,-2.51%,-48.98%,-82.77%,14.85%,185.4%,170.8%,95.60%,-48.98%,-87.41%
2010/05/31,2010/04/30,0.39%,1.02%,1.71%,0.71%,-1.10%,-8.97%,-6.70%,-6.60%,-8.49%,-8.64%,6.23%,7.87%,2.21%,-5.16%,-7.82%,-7.52%,88,103,80,122,112,104,103,112,108,106,17.34%,-2.19%,-45.80%,-81.41%,5.86%,163.9%,171.6%,85.51%,-45.80%,-86.42%
2010/06/30,2010/05/31,0.72%,0.00%,0.79%,0.25%,-0.08%,-5.81%,-4.50%,-5.60%,-5.82%,-5.79%,6.77%,7.11%,1.52%,-5.01%,-5.53%,-7.15%,89,103,81,122,112,98,98,106,102,100,16.41%,-2.17%,-42.13%,-80.09%,0.01%,145.1%,167.2%,76.21%,-42.13%,-85.46%
2010/07/31,2010/06/30,0.22%,0.23%,1.16%,-0.63%,0.14%,6.19%,5.70%,6.80%,7.37%,7.82%,-0.52%,-0.10%,-1.54%,6.31%,7.01%,6.34%,89,103,82,121,112,104,104,113,109,108,16.32%,-0.57%,-42.44%,-80.11%,7.02%,160.6%,165.5%,87.33%,-42.44%,-85.47%
2010/08/31,2010/07/31,-0.76%,0.61%,-0.96%,0.59%,1.43%,-6.70%,-3.18%,-5.43%,-4.96%,-4.33%,2.34%,1.84%,1.86%,-5.99%,-4.66%,-6.54%,88,104,81,122,114,97,101,107,104,103,18.86%,1.79%,-41.09%,-79.74%,2.02%,143.6%,160.5%,76.11%,-41.09%,-85.20%
2010/09/30,2010/08/31,3.26%,0.38%,2.15%,-1.48%,-1.35%,9.58%,7.34%,9.07%,11.43%,9.30%,-0.16%,0.64%,-3.43%,11.26%,9.41%,11.07%,91,104,83,120,112,106,108,116,116,113,13.38%,1.50%,-41.18%,-79.61%,11.62%,170.5%,164.8%,95.93%,-41.18%,-85.11%
2010/10/31,2010/09/30,0.03%,0.11%,0.52%,0.62%,-0.50%,2.60%,3.24%,3.35%,5.30%,3.43%,0.09%,0.12%,-0.02%,4.81%,3.89%,4.77%,91,104,83,121,112,109,112,120,122,117,12.77%,2.34%,-41.13%,-79.59%,15.96%,183.4%,167.1%,105.4%,-41.13%,-85.09%
2010/11/30,2010/10/31,1.07%,0.56%,1.71%,-0.33%,-1.89%,1.34%,0.69%,1.80%,0.55%,-1.05%,3.41%,4.57%,-0.24%,3.50%,0.54%,2.13%,92,105,85,121,109,110,112,122,122,116,9.42%,-0.10%,-39.12%,-78.65%,16.58%,189.5%,171.4%,112.5%,-39.12%,-84.41%
2010/12/31,2010/11/30,-0.77%,-1.32%,-1.01%,-0.85%,-0.23%,9.83%,4.68%,6.80%,6.96%,7.57%,-1.52%,-4.60%,-1.07%,6.35%,6.70%,7.73%,92,103,84,119,109,121,118,131,131,124,10.01%,-2.36%,-40.04%,-79.64%,24.40%,211.8%,174.2%,126.0%,-40.04%,-85.13%
2011/01/31,2010/12/31,-2.38%,-0.70%,-0.58%,1.29%,0.09%,-0.48%,1.05%,1.35%,3.49%,2.06%,-4.97%,-9.06%,-0.33%,-1.35%,2.06%,1.36%,89,103,84,121,109,121,119,132,135,127,12.72%,0.13%,-43.02%,-81.48%,26.96%,216.1%,172.3%,123.0%,-43.02%,-86.47%
2011/02/28,2011/01/31,-1.09%,1.14%,-0.48%,0.54%,-0.45%,2.66%,4.04%,2.97%,4.13%,3.30%,2.26%,1.89%,0.72%,5.37%,3.59%,4.80%,88,104,83,122,109,124,124,136,141,131,13.44%,0.77%,-41.74%,-81.13%,31.52%,231.3%,175.6%,135.0%,-41.74%,-86.22%
2011/03/31,2011/02/28,1.58%,1.47%,-0.02%,-0.45%,0.81%,-1.10%,2.15%,0.37%,-0.03%,0.25%,1.87%,2.07%,-0.13%,1.35%,0.49%,0.72%,90,105,83,121,110,123,126,137,141,131,12.57%,2.14%,-40.65%,-80.74%,32.16%,233.7%,176.2%,138.1%,-40.65%,-85.93%
2011/04/30,2011/03/31,-0.98%,0.57%,0.25%,-0.55%,0.68%,0.79%,3.40%,3.03%,3.18%,2.75%,3.15%,4.12%,0.03%,3.07%,2.97%,1.83%,89,106,83,120,110,124,131,141,145,135,14.44%,4.14%,-38.78%,-79.95%,36.08%,239.8%,173.1%,145.4%,-38.78%,-85.35%
2011/05/31,2011/04/30,0.04%,1.64%,0.53%,-1.60%,0.93%,-2.10%,0.59%,-0.60%,-2.88%,-0.87%,1.87%,1.76%,0.12%,-1.61%,-1.22%,-2.13%,89,108,84,119,111,121,131,140,141,134,15.45%,5.43%,-37.63%,-79.59%,34.42%,232.5%,170.6%,141.5%,-37.63%,-85.09%
2011/06/30,2011/05/31,-0.50%,0.41%,0.05%,0.35%,0.50%,-3.42%,-1.29%,-1.84%,-1.72%,-1.68%,2.63%,2.08%,0.76%,-1.63%,-1.74%,-2.25%,88,108,84,119,112,117,130,138,139,132,16.60%,7.26%,-35.99%,-79.17%,32.08%,225.0%,169.2%,137.5%,-35.99%,-84.78%
2011/07/31,2011/06/30,-2.15%,0.52%,1.29%,0.59%,-0.75%,-5.23%,-1.82%,-1.23%,-1.93%,-3.38%,0.45%,-1.02%,1.63%,-2.14%,-2.26%,-1.84%,87,109,85,120,111,111,127,136,136,127,18.22%,9.24%,-35.71%,-79.38%,29.09%,219.1%,170.3%,132.5%,-35.71%,-84.94%
2011/08/31,2011/07/31,-0.49%,2.04%,1.03%,-0.65%,0.19%,-8.55%,-3.19%,-5.66%,-6.80%,-6.39%,3.79%,4.39%,0.20%,-7.93%,-5.89%,-9.25%,86,111,86,119,111,101,123,128,127,119,19.03%,11.61%,-33.27%,-78.48%,21.49%,189.5%,161.3%,114.0%,-33.27%,-84.28%
2011/09/30,2011/08/31,-2.61%,0.05%,-0.49%,0.82%,-0.71%,-10.40%,-5.86%,-8.38%,-6.89%,-8.83%,4.28%,3.91%,0.66%,-9.57%,-7.63%,-10.74%,84,111,85,120,111,91,116,117,118,108,21.29%,13.36%,-30.42%,-77.64%,12.22%,158.5%,153.1%,93.54%,-30.42%,-83.67%
2011/10/31,2011/09/30,1.74%,-0.71%,1.26%,0.24%,-1.30%,11.12%,8.67%,12.94%,12.27%,11.53%,3.88%,2.69%,-1.41%,13.67%,11.39%,12.86%,85,110,86,120,109,101,126,133,133,121,17.61%,13.83%,-27.71%,-77.03%,25.00%,191.7%,156.9%,120.0%,-27.71%,-83.23%
2011/11/30,2011/10/31,0.16%,0.09%,0.63%,1.04%,-0.11%,-2.27%,-0.79%,-0.24%,0.04%,-0.34%,4.34%,6.32%,1.26%,0.81%,-0.35%,-1.09%,86,110,87,121,109,99,125,132,133,121,17.30%,16.03%,-24.58%,-75.58%,24.56%,188.5%,155.0%,121.8%,-24.58%,-82.17%
2011/12/31,2011/11/30,-3.21%,1.24%,-0.44%,-0.39%,1.88%,-1.41%,1.33%,0.20%,0.08%,2.49%,2.56%,1.09%,0.68%,0.07%,0.85%,-0.26%,83,112,87,121,111,97,127,133,133,124,23.27%,20.55%,-22.64%,-75.32%,25.62%,187.8%,152.1%,121.9%,-22.64%,-81.97%
2012/01/31,2011/12/31,0.85%,-0.53%,-1.04%,-2.16%,0.29%,6.38%,4.28%,5.29%,4.17%,6.64%,-4.80%,-9.58%,-0.63%,6.80%,5.09%,9.68%,83,111,86,118,111,103,132,140,138,132,22.59%,20.86%,-26.36%,-77.68%,32.02%,215.6%,163.7%,137.0%,-26.36%,-83.70%
2012/02/29,2012/01/31,1.46%,-1.08%,0.98%,0.26%,-1.42%,5.54%,2.58%,4.99%,4.89%,3.72%,-1.00%,-2.80%,0.26%,2.81%,4.25%,3.65%,85,110,87,119,110,109,136,147,145,137,19.05%,18.65%,-27.10%,-78.31%,37.63%,227.1%,162.1%,143.7%,-27.10%,-84.15%
2012/03/31,2012/02/29,-0.33%,1.65%,0.01%,-1.03%,0.55%,3.74%,4.04%,2.73%,2.04%,3.80%,-1.67%,-3.23%,-0.93%,1.02%,3.15%,1.99%,84,112,87,117,110,113,141,151,148,142,20.10%,18.72%,-28.31%,-79.01%,41.95%,233.6%,159.1%,146.2%,-28.31%,-84.67%
2012/04/30,2012/03/31,3.12%,0.94%,1.11%,0.57%,0.06%,-0.08%,-0.03%,-0.30%,-1.24%,-1.00%,0.51%,2.00%,1.13%,0.40%,-0.69%,-0.20%,87,113,87,118,110,113,141,150,146,140,16.43%,17.63%,-27.94%,-78.58%,40.97%,233.0%,160.4%,147.2%,-27.94%,-84.36%
2012/05/31,2012/04/30,3.83%,0.75%,0.61%,-0.73%,1.14%,-5.19%,-4.29%,-5.14%,-7.59%,-6.81%,-2.10%,1.69%,-0.47%,-7.13%,-6.09%,-7.64%,90,114,88,117,112,107,135,142,135,131,13.31%,15.73%,-29.46%,-78.22%,32.39%,207.5%,156.3%,129.5%,-29.46%,-84.09%
2012/06/30,2012/05/31,0.58%,0.02%,-0.67%,0.45%,0.59%,4.97%,3.09%,3.05%,4.79%,4.87%,3.92%,3.08%,0.15%,4.79%,3.98%,3.86%,91,114,87,118,112,112,139,147,142,137,13.32%,15.61%,-26.70%,-77.55%,37.67%,219.4%,156.0%,140.5%,-26.70%,-83.60%
2012/07/31,2012/06/30,1.32%,0.24%,0.62%,-0.91%,1.45%,-0.58%,0.87%,1.44%,0.07%,1.66%,-1.70%,-1.82%,0.33%,-1.87%,0.87%,-1.32%,92,114,88,117,114,112,140,149,142,139,13.46%,18.20%,-27.94%,-77.96%,38.87%,215.2%,150.4%,136.0%,-27.94%,-83.90%
2012/08/31,2012/07/31,-1.63%,0.54%,-0.07%,-0.05%,-0.51%,4.45%,2.12%,2.31%,2.77%,2.48%,3.13%,0.53%,0.06%,2.78%,2.50%,2.62%,91,115,88,117,113,117,143,152,146,143,14.73%,15.88%,-25.68%,-77.84%,42.34%,223.5%,150.7%,142.6%,-25.68%,-83.82%
2012/09/30,2012/08/31,-0.72%,-0.24%,-0.62%,0.30%,0.05%,3.63%,1.51%,1.99%,3.32%,3.09%,-1.49%,-7.45%,-0.98%,0.63%,2.56%,2.87%,90,114,87,117,114,121,146,155,151,147,15.61%,15.25%,-26.80%,-79.49%,45.99%,232.7%,151.5%,144.1%,-26.80%,-85.02%
2012/10/31,2012/09/30,-1.46%,-1.40%,1.89%,-0.94%,1.06%,-0.54%,-2.95%,0.00%,-2.41%,-1.57%,5.87%,3.11%,2.79%,1.01%,-1.70%,0.08%,89,113,89,116,115,120,141,155,147,145,18.53%,14.05%,-22.50%,-78.86%,43.50%,233.0%,155.9%,146.6%,-22.50%,-84.56%
2012/11/30,2012/10/31,0.53%,0.01%,-0.09%,0.15%,-0.69%,0.92%,0.82%,0.67%,0.95%,0.25%,2.40%,3.30%,0.45%,2.80%,0.66%,1.81%,89,113,89,116,114,121,142,156,148,145,17.07%,13.28%,-20.63%,-78.16%,44.45%,239.0%,158.9%,153.5%,-20.63%,-84.05%
2012/12/31,2012/11/30,-0.50%,0.22%,-1.25%,0.71%,0.82%,3.72%,-0.20%,-0.32%,2.37%,2.31%,4.63%,-0.25%,0.69%,2.61%,1.26%,2.69%,89,113,88,117,115,126,142,156,152,149,18.63%,11.69%,-16.96%,-78.21%,46.27%,248.1%,162.6%,160.1%,-16.96%,-84.09%
2013/01/31,2012/12/31,1.79%,1.97%,-1.49%,-1.20%,0.60%,7.83%,5.66%,3.36%,5.56%,6.95%,-2.97%,-4.41%,-0.38%,6.00%,5.53%,7.32%,90,115,87,115,116,136,150,161,160,159,17.21%,10.70%,-19.42%,-79.17%,54.35%,273.6%,167.3%,175.7%,-19.42%,-84.79%
2013/02/28,2013/01/31,1.18%,0.98%,0.65%,-0.65%,-0.31%,1.86%,1.93%,1.74%,0.70%,1.12%,0.14%,-0.62%,-0.16%,0.80%,1.30%,0.99%,91,116,87,115,115,138,153,164,161,161,15.46%,9.89%,-19.32%,-79.30%,56.35%,277.3%,166.5%,177.9%,-19.32%,-84.88%
2013/03/31,2013/02/28,1.96%,1.46%,0.87%,-0.83%,-1.05%,5.41%,4.51%,4.37%,3.67%,3.55%,-0.27%,0.16%,-1.16%,4.26%,4.00%,4.21%,93,118,88,114,114,146,160,171,167,167,11.99%,7.84%,-19.54%,-79.27%,62.60%,293.2%,167.0%,189.7%,-19.54%,-84.86%
2013/04/30,2013/03/31,1.79%,1.55%,1.59%,-0.61%,-0.71%,2.07%,2.59%,2.61%,0.83%,1.31%,-0.17%,-0.23%,-0.70%,-0.49%,1.68%,-0.42%,95,120,89,113,113,149,164,176,169,169,9.19%,7.03%,-19.67%,-79.32%,65.33%,291.5%,161.4%,188.3%,-19.67%,-84.89%
2013/05/31,2013/04/30,2.65%,-1.99%,-1.69%,0.17%,0.67%,8.05%,-0.37%,0.91%,2.76%,4.05%,-2.17%,-5.74%,-1.08%,2.72%,2.46%,4.45%,97,117,88,113,114,161,164,177,173,176,7.03%,2.75%,-21.41%,-80.51%,69.40%,308.9%,166.6%,196.2%,-21.41%,-85.76%
2013/06/30,2013/05/31,-0.16%,0.69%,0.40%,-1.07%,0.03%,-0.67%,0.04%,-0.61%,-2.37%,-1.48%,1.71%,2.02%,0.78%,0.06%,-1.25%,-0.55%,97,118,88,112,114,160,164,176,169,173,7.23%,1.92%,-20.07%,-80.11%,67.28%,306.7%,168.5%,196.4%,-20.07%,-85.47%
2013/07/31,2013/06/30,3.01%,0.74%,-0.56%,-0.88%,-0.28%,8.41%,4.96%,4.30%,5.95%,5.79%,-2.04%,-5.94%,-1.22%,5.37%,5.46%,7.16%,100,119,88,111,114,173,172,184,179,183,3.71%,-0.75%,-21.69%,-81.29%,76.41%,335.8%,173.1%,212.3%,-21.69%,-86.34%
2013/08/31,2013/07/31,1.03%,-2.57%,-1.24%,0.99%,0.51%,-2.23%,-3.98%,-3.34%,-2.51%,-2.33%,-0.22%,1.35%,1.63%,-0.42%,-2.84%,-0.83%,101,116,87,112,114,169,165,178,175,179,3.17%,-0.86%,-21.87%,-81.04%,71.40%,332.2%,178.6%,211.0%,-21.87%,-86.15%
2013/09/30,2013/08/31,1.10%,0.65%,0.28%,-0.25%,-0.84%,4.65%,4.06%,3.81%,4.17%,3.19%,-0.10%,0.34%,0.31%,6.87%,3.76%,6.77%,102,117,87,112,113,177,172,184,182,184,1.18%,-2.30%,-21.95%,-80.98%,77.84%,361.5%,186.9%,232.3%,-21.95%,-86.11%
2013/10/31,2013/09/30,-0.06%,3.03%,-0.20%,0.03%,-0.80%,3.43%,5.61%,3.71%,4.53%,3.76%,3.44%,2.83%,0.92%,4.86%,4.19%,4.01%,102,120,87,112,112,183,181,191,190,191,0.43%,-1.98%,-19.26%,-80.44%,85.29%,380.0%,186.4%,248.5%,-19.26%,-85.71%
2013/11/30,2013/10/31,-0.89%,-1.11%,-0.49%,-0.50%,0.38%,2.53%,1.38%,2.25%,3.12%,3.75%,-0.71%,-1.01%,-0.39%,3.99%,2.86%,4.30%,101,119,86,111,113,188,184,196,196,199,1.71%,-0.79%,-19.83%,-80.64%,90.59%,400.6%,190.5%,262.4%,-19.83%,-85.86%
2013/12/31,2013/11/30,0.68%,0.16%,-0.50%,0.21%,-0.67%,2.79%,2.39%,2.16%,3.17%,2.54%,-0.69%,-1.64%,-1.07%,1.53%,2.61%,2.03%,102,119,86,112,112,193,188,200,203,204,0.33%,-1.04%,-20.38%,-80.96%,95.56%,410.7%,188.9%,267.9%,-20.38%,-86.09%
2014/01/31,2013/12/31,1.49%,-0.21%,0.30%,0.01%,0.53%,-2.64%,-2.67%,-2.98%,-3.49%,-3.23%,-8.30%,-10.57%,-0.01%,-4.37%,-3.13%,-1.20%,103,119,86,112,113,188,183,194,195,197,-0.63%,-1.63%,-26.99%,-82.97%,89.43%,404.6%,194.4%,251.9%,-26.99%,-87.56%
2014/02/28,2014/01/31,0.89%,-0.00%,-0.23%,0.05%,0.18%,4.83%,4.07%,4.13%,5.10%,5.00%,-1.52%,-1.69%,-0.43%,4.44%,4.67%,4.95%,104,119,86,112,113,197,191,202,205,207,-1.35%,-1.46%,-28.10%,-83.26%,98.28%,429.6%,195.2%,267.5%,-28.10%,-87.77%
2014/03/31,2014/02/28,-1.03%,-0.03%,-0.72%,0.38%,0.86%,1.44%,-0.42%,-0.28%,0.24%,1.51%,3.21%,1.16%,1.88%,0.94%,0.51%,0.59%,103,119,85,112,114,200,190,201,206,210,0.52%,-1.39%,-25.79%,-83.06%,99.29%,432.7%,195.5%,270.9%,-25.79%,-87.63%
2014/04/30,2014/03/31,2.04%,-0.73%,0.09%,-0.21%,1.26%,0.05%,-0.62%,-0.54%,-0.76%,1.31%,3.08%,3.26%,1.33%,-2.30%,-0.02%,-3.28%,105,118,85,112,115,200,189,200,204,213,-0.27%,-0.15%,-23.50%,-82.51%,99.24%,415.2%,185.9%,262.4%,-23.50%,-87.23%
2014/05/31,2014/04/30,1.16%,-0.61%,0.56%,0.49%,-0.24%,1.89%,2.03%,2.46%,2.36%,1.57%,3.10%,2.77%,1.09%,0.83%,2.10%,-0.00%,107,117,86,112,115,204,192,205,209,216,-1.67%,-0.47%,-21.13%,-82.03%,103.4%,415.2%,179.9%,265.4%,-21.13%,-86.87%
2014/06/30,2014/05/31,0.43%,1.20%,-1.07%,-0.47%,-0.13%,3.23%,2.42%,1.65%,2.56%,3.06%,0.65%,0.88%,-1.37%,4.87%,2.50%,4.61%,107,119,85,112,115,211,197,208,214,223,-2.23%,-0.64%,-20.62%,-81.87%,108.5%,439.0%,185.8%,283.2%,-20.62%,-86.76%
2014/07/31,2014/06/30,-3.29%,-1.92%,-1.13%,0.97%,2.19%,-4.72%,-2.72%,-3.15%,-1.47%,-0.67%,-0.59%,-1.89%,1.63%,-5.06%,-1.95%,-4.50%,104,116,84,113,117,201,192,202,211,221,3.12%,3.39%,-21.08%,-82.21%,104.4%,414.7%,178.5%,263.8%,-21.08%,-87.01%
2014/08/31,2014/07/31,1.00%,1.18%,0.20%,-0.35%,-0.69%,5.15%,4.20%,4.49%,4.04%,3.97%,4.20%,4.15%,1.45%,6.70%,4.18%,5.46%,105,118,84,113,116,211,200,211,220,230,1.38%,2.17%,-17.77%,-81.47%,113.0%,442.8%,182.1%,288.2%,-17.77%,-86.47%
2014/09/30,2014/08/31,-1.11%,-0.89%,1.08%,-0.06%,-0.29%,-3.76%,-1.93%,-1.24%,-2.09%,-2.55%,3.46%,4.28%,1.13%,-3.71%,-2.09%,-4.99%,103,117,85,112,116,203,196,208,215,224,2.21%,3.41%,-14.92%,-80.68%,108.5%,415.7%,173.9%,273.8%,-14.92%,-85.89%
2014/10/31,2014/09/30,-0.22%,1.79%,1.66%,0.06%,-1.64%,1.69%,2.88%,4.78%,2.67%,1.29%,8.01%,9.43%,-0.87%,6.89%,2.74%,4.06%,103,119,86,113,114,206,201,218,221,227,0.75%,3.00%,-8.10%,-78.86%,114.2%,436.7%,177.5%,299.5%,-8.10%,-84.56%
2014/11/30,2014/10/31,1.57%,1.63%,0.75%,0.94%,-1.75%,3.45%,2.91%,3.12%,2.82%,1.59%,1.48%,2.22%,-0.66%,0.44%,2.53%,-0.23%,105,121,87,114,112,214,207,225,227,231,-2.60%,1.08%,-6.74%,-78.39%,119.7%,435.4%,169.8%,301.3%,-6.74%,-84.22%
2014/12/31,2014/11/30,-1.65%,-0.06%,1.04%,-0.17%,-0.07%,-1.34%,0.14%,1.02%,0.24%,-0.86%,5.28%,2.61%,-0.13%,1.37%,-0.03%,0.59%,103,121,88,113,112,211,208,227,228,229,-1.05%,1.57%,-1.82%,-77.83%,119.6%,438.6%,171.5%,306.8%,-1.82%,-83.80%
2015/01/31,2014/12/31,0.36%,2.81%,-0.11%,-1.05%,0.44%,-2.66%,0.30%,-2.28%,-4.84%,-2.97%,-0.40%,-0.07%,1.59%,-2.69%,-2.75%,-2.67%,103,124,88,112,113,205,208,222,217,222,-0.97%,1.25%,-2.21%,-77.84%,113.6%,424.2%,171.7%,295.9%,-2.21%,-83.81%
2015/02/28,2015/01/31,-1.41%,-0.97%,0.02%,0.26%,-0.33%,4.84%,3.58%,5.51%,6.46%,6.53%,-3.83%,-6.81%,-0.66%,4.38%,5.76%,6.43%,102,123,88,113,112,215,216,234,231,236,0.10%,2.96%,-5.95%,-79.35%,125.9%,457.9%,173.5%,313.2%,-5.95%,-84.92%
2015/03/31,2015/02/28,0.69%,-0.67%,-0.07%,0.45%,-0.25%,0.54%,-0.88%,-0.67%,-0.58%,-1.92%,3.60%,4.32%,-0.56%,0.95%,-1.06%,-0.35%,103,122,88,113,112,216,214,233,229,232,-0.84%,0.43%,-2.56%,-78.46%,123.5%,455.9%,175.5%,317.1%,-2.56%,-84.26%
2015/04/30,2015/03/31,-1.04%,0.24%,-0.85%,0.63%,0.42%,-0.79%,-0.79%,-1.36%,0.83%,2.00%,1.23%,-5.74%,2.93%,0.14%,0.40%,1.86%,102,122,87,114,112,214,212,230,231,236,0.61%,3.24%,-1.36%,-79.69%,124.4%,466.3%,179.5%,317.7%,-1.36%,-85.17%
2015/05/31,2015/04/30,-1.68%,-0.07%,-1.29%,0.04%,0.65%,-0.13%,1.98%,0.98%,1.33%,1.31%,-0.05%,0.47%,-1.74%,-0.52%,1.29%,-0.66%,100,122,86,114,113,214,216,232,234,240,2.95%,4.72%,-1.41%,-79.60%,127.3%,462.5%,174.0%,315.5%,-1.41%,-85.10%
2015/06/30,2015/05/31,-2.77%,-0.91%,-0.09%,0.90%,-0.53%,-3.32%,-1.11%,-1.26%,-0.44%,-2.77%,4.17%,4.68%,0.73%,0.61%,-1.63%,-0.79%,97,121,86,115,113,207,214,229,233,233,5.26%,5.29%,2.70%,-78.64%,123.6%,458.1%,176.3%,318.1%,0.00%,-84.40%
2015/07/31,2015/06/30,0.02%,3.01%,1.22%,0.63%,-2.21%,-0.47%,4.07%,3.19%,1.46%,-0.06%,4.40%,7.21%,-0.53%,-2.59%,1.67%,-4.75%,97,125,87,116,110,206,223,236,237,233,2.91%,5.72%,7.22%,-77.10%,127.3%,431.5%,158.6%,307.2%,0.00%,-83.28%
2015/08/31,2015/07/31,-0.61%,0.71%,0.55%,-0.43%,-0.11%,-5.05%,-5.12%,-5.52%,-6.58%,-6.61%,1.50%,-2.63%,1.82%,-4.06%,-5.98%,-3.27%,97,126,87,115,110,196,211,223,221,217,3.42%,4.08%,8.83%,-77.71%,113.7%,414.2%,165.6%,290.7%,0.00%,-83.72%
2015/09/30,2015/08/31,-2.64%,0.79%,0.04%,1.08%,-0.79%,-5.88%,-0.48%,-2.15%,-2.72%,-4.69%,-0.51%,1.02%,-1.31%,-7.50%,-2.82%,-7.81%,94,127,87,116,109,184,210,218,215,207,5.33%,5.31%,8.27%,-77.48%,107.7%,374.0%,152.3%,261.4%,-0.51%,-83.55%
2015/10/31,2015/09/30,-1.24%,2.53%,-1.26%,-0.38%,0.55%,6.12%,8.08%,5.32%,7.92%,9.23%,5.38%,5.02%,0.60%,9.00%,7.68%,7.49%,93,130,86,116,110,195,227,230,232,226,7.22%,8.60%,14.09%,-76.35%,123.6%,409.5%,151.9%,293.9%,0.00%,-82.72%
2015/11/30,2015/10/31,-0.12%,-0.51%,0.17%,0.91%,-0.52%,0.29%,-0.02%,1.37%,1.24%,-0.20%,4.80%,-4.83%,0.22%,0.31%,0.55%,1.76%,93,129,86,117,109,196,227,233,235,226,6.80%,8.06%,19.56%,-77.49%,124.8%,418.5%,154.9%,295.1%,0.00%,-83.56%
2015/12/31,2015/11/30,-0.38%,0.32%,1.09%,-0.16%,-1.42%,-2.22%,-0.60%,-1.08%,-2.28%,-3.72%,5.12%,3.59%,1.83%,-4.08%,-2.07%,-5.16%,92,130,87,117,108,192,226,231,230,217,5.69%,6.44%,25.68%,-76.68%,120.2%,391.7%,147.0%,279.0%,0.00%,-82.97%
2016/01/31,2015/12/31,-0.51%,0.20%,0.78%,0.25%,-1.00%,-5.06%,-4.52%,-4.85%,-5.50%,-7.51%,1.63%,1.35%,-1.29%,-10.32%,-5.64%,-10.72%,92,130,88,117,107,182,216,220,217,201,5.17%,3.84%,27.73%,-76.37%,107.8%,339.0%,134.5%,239.9%,0.00%,-82.74%
2016/02/29,2016/01/31,1.25%,0.18%,0.78%,0.23%,-0.66%,0.85%,-0.73%,-0.07%,0.37%,-0.03%,2.42%,2.86%,-0.33%,1.65%,-0.05%,0.80%,93,130,89,117,106,184,214,219,218,201,3.17%,2.92%,30.82%,-75.69%,107.6%,342.5%,136.5%,245.5%,0.00%,-82.25%
2016/03/31,2016/02/29,1.60%,2.23%,1.20%,-0.20%,-0.76%,7.38%,6.68%,7.02%,7.26%,7.27%,-3.18%,-7.37%,-1.00%,7.16%,7.08%,9.37%,95,133,90,117,105,197,228,235,234,216,0.73%,2.80%,26.66%,-77.49%,122.4%,384.0%,141.9%,270.2%,-3.18%,-83.55%
2016/04/30,2016/03/31,1.13%,0.72%,0.55%,-1.15%,0.55%,2.17%,0.09%,0.77%,-0.25%,2.19%,-0.28%,-3.52%,2.44%,4.26%,0.81%,5.31%,96,134,90,116,106,201,229,237,233,220,0.15%,2.83%,26.31%,-78.28%,124.2%,409.7%,152.8%,286.0%,-3.45%,-84.13%
2016/05/31,2016/04/30,-0.94%,-0.25%,-1.05%,0.23%,0.89%,1.35%,1.83%,0.75%,2.14%,2.48%,4.45%,3.10%,1.22%,2.08%,1.79%,1.15%,95,134,89,116,107,204,233,238,238,226,1.97%,4.00%,31.93%,-77.61%,128.2%,415.5%,151.1%,294.0%,0.00%,-83.64%
2016/06/30,2016/05/31,1.35%,0.85%,0.26%,-1.22%,0.59%,1.52%,1.58%,0.63%,-1.28%,0.05%,-3.17%,-4.69%,-1.25%,-2.03%,0.26%,-0.62%,96,135,90,115,107,207,236,240,235,226,1.20%,2.47%,27.76%,-78.66%,128.8%,412.3%,148.9%,286.0%,-3.17%,-84.41%
2016/07/31,2016/06/30,-0.67%,0.11%,-0.06%,1.00%,-0.14%,3.29%,2.85%,3.16%,5.19%,4.45%,0.17%,-1.55%,-0.58%,7.46%,3.96%,7.92%,95,135,90,116,107,214,243,247,247,236,1.74%,3.67%,27.98%,-78.99%,137.9%,452.9%,158.7%,314.8%,-3.00%,-84.65%
2016/08/31,2016/07/31,1.75%,-0.09%,-0.57%,1.00%,-0.70%,1.35%,-0.27%,-0.09%,1.23%,0.01%,0.33%,-3.90%,-0.39%,0.09%,0.32%,1.26%,97,135,89,117,106,217,242,247,250,236,-0.75%,2.28%,28.40%,-79.81%,138.6%,459.8%,161.2%,315.1%,-2.68%,-85.25%
2016/09/30,2016/08/31,2.19%,-0.68%,-1.85%,-0.08%,1.27%,2.35%,-0.52%,-1.61%,0.31%,1.73%,3.20%,1.61%,2.08%,4.48%,0.19%,4.00%,99,134,87,117,108,222,241,243,251,240,-1.66%,1.64%,32.51%,-79.48%,139.1%,482.2%,171.1%,333.7%,0.00%,-85.01%
2016/10/31,2016/09/30,-0.75%,-0.11%,-0.14%,1.37%,-0.93%,-4.27%,-1.50%,-1.77%,-0.88%,-3.55%,6.52%,7.15%,2.43%,-3.69%,-2.12%,-5.84%,98,134,87,118,107,212,238,239,249,232,-1.83%,2.37%,41.16%,-78.01%,134.0%,448.2%,161.1%,317.7%,0.00%,-83.94%
2016/11/30,2016/10/31,-0.87%,0.06%,0.11%,1.89%,-0.01%,0.67%,3.81%,5.90%,5.04%,4.53%,5.81%,4.30%,1.64%,10.69%,4.59%,9.40%,98,134,87,121,107,214,247,253,261,242,-0.99%,6.33%,49.36%,-77.07%,144.7%,499.7%,173.6%,362.4%,0.00%,-83.25%
2016/12/31,2016/11/30,0.60%,0.25%,0.43%,-0.33%,0.09%,3.03%,2.16%,2.60%,1.45%,1.44%,3.38%,3.43%,1.08%,2.17%,1.94%,1.14%,98,134,88,120,107,220,252,260,265,246,-1.50%,4.64%,54.41%,-76.28%,149.5%,506.5%,171.4%,372.4%,0.00%,-82.68%
2017/01/31,2016/12/31,1.34%,0.39%,-0.23%,0.77%,-1.38%,4.89%,1.74%,0.99%,2.90%,1.29%,-3.86%,-7.31%,-1.25%,-0.60%,1.89%,1.59%,99,135,87,121,105,231,256,262,273,249,-4.18%,0.87%,48.45%,-78.01%,154.2%,516.2%,170.6%,369.5%,-3.86%,-83.94%
2017/02/28,2017/01/31,-1.38%,-0.02%,1.41%,-1.03%,0.00%,2.21%,3.50%,4.22%,2.79%,4.29%,4.10%,3.23%,1.13%,3.24%,3.64%,2.27%,98,135,89,120,105,236,265,273,281,259,-2.85%,2.96%,54.54%,-77.30%,163.5%,530.2%,166.9%,384.7%,0.00%,-83.42%
2017/03/31,2017/02/28,-1.16%,0.14%,-0.35%,0.30%,-0.20%,-0.74%,0.02%,-0.79%,0.64%,0.75%,3.93%,2.48%,-0.07%,1.33%,0.13%,0.58%,97,135,88,120,105,235,265,271,282,261,-1.92%,4.49%,60.62%,-76.74%,163.8%,533.8%,168.1%,391.2%,0.00%,-83.01%
2017/04/30,2017/03/31,-0.63%,0.87%,0.18%,0.68%,-1.43%,0.42%,2.03%,1.09%,1.76%,0.05%,6.41%,6.00%,0.38%,2.18%,1.11%,0.38%,96,136,89,121,104,235,271,274,287,262,-2.71%,4.11%,70.91%,-75.35%,166.7%,536.2%,166.1%,401.8%,0.00%,-81.99%
2017/05/31,2017/04/30,-0.02%,0.72%,0.11%,0.23%,-1.36%,-0.81%,2.31%,1.00%,1.30%,0.43%,5.71%,6.17%,0.31%,-0.11%,1.06%,-1.96%,96,137,89,121,102,234,277,277,291,263,-4.01%,5.40%,80.68%,-73.83%,169.6%,523.7%,158.1%,401.3%,0.00%,-80.88%
2017/06/30,2017/05/31,1.24%,-0.00%,0.25%,-0.15%,0.31%,2.93%,0.34%,1.26%,0.48%,1.10%,0.84%,-4.48%,2.00%,3.03%,0.90%,4.37%,97,137,89,121,102,240,278,280,292,266,-4.91%,3.47%,82.19%,-75.00%,172.0%,551.0%,167.0%,416.4%,0.00%,-81.74%
2017/07/31,2017/06/30,0.53%,-1.36%,-0.48%,0.92%,0.02%,1.65%,1.17%,1.55%,2.95%,1.79%,3.41%,4.64%,1.10%,1.95%,1.93%,0.56%,98,135,88,122,102,244,281,285,301,270,-5.39%,3.62%,88.40%,-73.84%,177.2%,554.6%,163.4%,426.5%,0.00%,-80.89%
2017/08/31,2017/07/31,2.06%,-1.63%,-0.21%,-0.63%,1.35%,1.18%,-0.49%,0.20%,-0.49%,1.53%,3.22%,4.59%,1.70%,0.64%,0.26%,-0.74%,100,133,88,121,104,247,280,285,300,274,-6.06%,3.98%,94.47%,-72.64%,177.9%,549.8%,160.7%,429.9%,0.00%,-80.02%
2017/09/30,2017/08/31,-2.86%,0.28%,-0.61%,0.01%,0.68%,1.37%,2.14%,2.38%,2.30%,3.09%,-3.15%,-5.74%,-0.44%,5.11%,2.47%,6.84%,97,133,88,121,105,251,286,292,306,283,-2.73%,5.77%,88.34%,-74.21%,184.8%,594.2%,172.1%,457.0%,-3.15%,-81.16%
2017/10/31,2017/09/30,0.01%,0.49%,-1.19%,0.27%,-0.06%,1.13%,3.71%,1.79%,2.60%,1.53%,0.95%,2.92%,0.06%,0.43%,2.24%,-0.45%,97,134,87,122,104,253,296,297,314,287,-2.79%,6.18%,90.14%,-73.46%,191.2%,591.1%,164.8%,459.4%,-2.23%,-80.61%
2017/11/30,2017/10/31,-0.05%,0.55%,0.22%,-0.47%,-0.39%,3.07%,3.61%,3.36%,3.01%,3.01%,2.08%,0.76%,2.08%,4.30%,3.22%,4.07%,97,135,87,121,104,261,307,307,324,296,-3.13%,6.12%,94.10%,-73.26%,200.6%,619.3%,167.1%,483.4%,-0.19%,-80.47%
2017/12/31,2017/11/30,-0.52%,-0.34%,0.13%,0.02%,-0.12%,1.00%,0.81%,1.01%,1.43%,1.03%,0.40%,-1.15%,1.58%,1.70%,1.10%,2.04%,97,134,87,121,104,264,310,310,329,299,-2.73%,6.16%,94.88%,-73.56%,203.8%,633.9%,169.6%,493.3%,0.00%,-80.69%
2018/01/31,2017/12/31,3.61%,-3.38%,-0.46%,-0.04%,-0.80%,10.62%,2.68%,5.41%,5.99%,4.33%,-0.86%,0.81%,2.00%,4.92%,5.34%,4.68%,100,130,87,121,103,292,318,327,348,312,-7.02%,-0.52%,93.19%,-73.35%,220.1%,668.3%,167.8%,522.5%,-0.86%,-80.53%
2018/02/28,2018/01/31,2.94%,-2.05%,-1.20%,0.26%,1.16%,-1.04%,-4.87%,-4.50%,-3.53%,-2.91%,1.78%,5.15%,0.15%,-2.27%,-3.65%,-3.81%,103,127,86,122,104,289,302,312,336,303,-8.68%,-2.37%,96.63%,-71.98%,208.4%,639.0%,167.4%,508.4%,0.00%,-79.53%
2018/03/31,2018/02/28,0.61%,1.07%,0.73%,0.10%,-0.19%,-3.49%,-0.74%,-1.70%,-2.64%,-1.61%,4.08%,1.19%,0.74%,1.65%,-1.98%,1.30%,104,128,86,122,104,279,300,307,327,298,-9.41%,-0.54%,104.6%,-71.64%,202.3%,648.6%,176.1%,518.5%,0.00%,-79.29%
2018/04/30,2018/03/31,3.12%,-0.82%,-0.32%,-0.16%,-0.09%,3.18%,-0.43%,0.36%,0.08%,0.48%,1.42%,1.91%,0.03%,1.71%,0.43%,1.14%,107,127,86,121,104,288,299,308,327,299,-12.32%,-3.24%,107.5%,-71.10%,203.6%,657.1%,178.1%,529.0%,0.00%,-78.89%
2018/05/31,2018/04/30,-0.19%,-0.92%,-1.35%,0.64%,0.35%,2.61%,1.39%,1.59%,3.16%,4.45%,1.01%,1.36%,-1.93%,6.16%,2.78%,5.75%,107,126,85,122,104,295,303,313,338,313,-11.85%,-1.45%,109.7%,-70.71%,212.0%,700.6%,186.3%,567.8%,0.00%,-78.60%
2018/06/30,2018/05/31,1.81%,1.32%,0.35%,-0.00%,-1.46%,2.69%,1.57%,0.48%,0.55%,0.09%,4.18%,-0.87%,-0.21%,0.21%,0.75%,0.48%,109,128,85,122,103,303,308,315,340,313,-14.73%,-4.02%,118.4%,-70.96%,214.4%,704.4%,185.6%,569.2%,0.00%,-78.79%
2018/07/31,2018/06/30,-0.69%,-0.38%,0.17%,-0.70%,0.63%,2.64%,3.25%,3.45%,2.88%,3.74%,7.03%,6.30%,1.45%,3.22%,3.27%,1.33%,108,127,85,121,104,311,318,325,349,325,-13.60%,-2.96%,133.8%,-69.13%,224.7%,715.1%,180.0%,590.7%,0.00%,-77.45%
2018/08/31,2018/07/31,1.22%,-0.54%,0.00%,-0.91%,-0.04%,6.00%,1.62%,2.97%,3.29%,4.43%,2.65%,5.39%,0.07%,5.44%,3.55%,3.82%,109,127,85,120,103,330,323,335,361,339,-14.70%,-4.49%,140.0%,-67.47%,236.2%,746.3%,180.8%,628.3%,0.00%,-76.24%
2018/09/30,2018/08/31,-0.86%,-1.40%,0.11%,-0.63%,1.48%,0.40%,-1.23%,-0.05%,-0.17%,1.34%,2.80%,1.94%,1.03%,-1.06%,0.10%,-1.64%,108,125,85,120,105,331,319,335,360,344,-12.69%,-3.59%,146.7%,-66.84%,236.6%,732.4%,175.9%,620.6%,0.00%,-75.78%
2018/10/31,2018/09/30,-0.57%,-0.63%,1.32%,0.70%,1.93%,-6.48%,-8.48%,-5.55%,-7.69%,-8.04%,2.89%,0.71%,1.96%,-11.06%,-7.27%,-11.27%,108,124,86,120,107,310,292,316,332,316,-10.51%,-5.10%,153.8%,-66.60%,212.1%,638.6%,164.8%,540.9%,0.00%,-75.61%
2018/11/30,2018/10/31,2.00%,1.38%,1.02%,-0.50%,-1.67%,4.01%,2.95%,3.11%,1.41%,0.11%,8.45%,8.36%,1.46%,3.15%,1.99%,0.64%,110,126,87,120,105,322,301,326,337,316,-13.79%,-8.80%,175.3%,-63.81%,218.3%,643.3%,161.2%,561.1%,0.00%,-73.57%
2018/12/31,2018/11/30,1.07%,-2.45%,0.97%,0.39%,0.03%,-9.22%,-9.41%,-9.08%,-9.05%,-9.71%,8.64%,8.78%,1.76%,-10.95%,-9.28%,-13.59%,111,123,88,120,105,292,272,297,307,286,-14.69%,-9.25%,199.1%,-60.63%,188.8%,542.3%,150.0%,488.7%,0.00%,-71.25%
2019/01/31,2018/12/31,-1.38%,1.42%,0.26%,0.99%,-2.42%,6.54%,8.27%,10.38%,9.20%,7.73%,-7.39%,-12.40%,-2.24%,11.40%,8.72%,15.12%,109,124,88,121,103,311,295,327,335,308,-15.57%,-8.18%,176.9%,-65.52%,214.0%,639.5%,166.0%,555.8%,-7.39%,-74.81%
2019/02/28,2019/01/31,1.31%,-2.07%,1.25%,0.39%,-1.12%,3.95%,1.30%,4.48%,4.29%,3.39%,0.49%,0.15%,-1.37%,4.91%,3.43%,4.87%,111,122,89,122,102,324,299,342,349,318,-17.63%,-8.69%,178.3%,-65.46%,224.7%,675.5%,169.8%,588.1%,-6.94%,-74.77%
2019/03/31,2019/02/28,0.53%,-0.05%,-0.89%,-0.37%,0.63%,3.03%,2.49%,-0.47%,1.43%,1.93%,0.20%,-1.91%,0.97%,-0.89%,1.41%,-0.31%,111,122,89,121,102,334,306,340,354,324,-17.54%,-9.70%,178.8%,-66.13%,229.3%,673.0%,165.2%,581.9%,-6.76%,-75.26%
2019/04/30,2019/03/31,-0.48%,-1.33%,1.21%,1.96%,-4.25%,2.78%,1.77%,6.24%,5.98%,0.04%,3.86%,3.24%,-1.32%,2.94%,4.02%,1.96%,111,120,90,124,98,343,311,362,375,324,-20.65%,-12.17%,189.6%,-65.03%,242.5%,688.2%,159.7%,602.0%,-3.16%,-74.45%
2019/05/31,2019/04/30,0.32%,3.38%,0.93%,-1.26%,-0.21%,-4.74%,-1.99%,-7.11%,-7.81%,-7.39%,-1.77%,2.27%,0.43%,-8.70%,-6.47%,-9.38%,111,124,91,122,98,327,305,336,346,300,-21.07%,-14.49%,184.5%,-64.23%,220.4%,614.3%,152.2%,540.9%,-4.87%,-73.87%
2019/06/30,2019/05/31,-0.76%,-0.95%,-0.74%,0.09%,0.96%,5.30%,4.96%,6.50%,8.05%,8.28%,10.72%,7.59%,1.02%,9.03%,6.83%,6.75%,110,123,90,122,99,344,320,358,374,325,-19.71%,-11.94%,215.0%,-61.52%,242.2%,662.5%,152.0%,598.8%,0.00%,-71.89%
2019/07/31,2019/06/30,2.43%,0.18%,-0.34%,1.12%,-1.80%,3.57%,1.79%,1.22%,2.51%,-1.25%,2.39%,4.05%,-0.27%,-0.70%,1.45%,-1.92%,113,123,90,124,97,356,326,362,383,321,-23.10%,-16.19%,222.5%,-59.96%,247.2%,647.9%,143.5%,593.9%,0.00%,-70.75%
2019/08/31,2019/07/31,-0.51%,0.73%,0.63%,-0.90%,-0.61%,-0.96%,-1.78%,-1.46%,-2.76%,-3.31%,-1.51%,1.23%,-0.67%,-5.47%,-2.11%,-5.84%,113,124,90,123,96,353,320,357,373,311,-23.17%,-18.16%,217.7%,-59.47%,239.9%,604.2%,134.4%,555.9%,-1.51%,-70.39%
2019/09/30,2019/08/31,0.45%,-0.29%,0.30%,2.02%,0.92%,0.25%,1.66%,1.89%,2.43%,1.42%,5.24%,2.96%,3.36%,4.18%,1.76%,3.30%,113,124,90,125,97,354,326,364,382,315,-22.82%,-17.20%,234.3%,-58.27%,245.8%,627.5%,138.0%,583.4%,0.00%,-69.52%
2019/10/31,2019/09/30,-0.74%,-0.16%,-1.02%,0.71%,0.57%,1.59%,1.72%,1.13%,3.37%,2.99%,8.04%,5.09%,0.80%,2.99%,2.20%,1.47%,112,124,90,126,98,359,331,368,395,324,-21.81%,-16.05%,261.2%,-56.15%,253.4%,638.1%,136.3%,603.8%,0.00%,-67.97%
2019/11/30,2019/10/31,-1.73%,-0.92%,0.58%,-0.11%,0.05%,2.20%,2.40%,4.46%,4.55%,4.37%,9.89%,7.19%,1.44%,6.85%,3.75%,4.69%,110,123,90,126,98,367,339,384,413,339,-20.42%,-14.23%,296.9%,-52.99%,266.7%,672.8%,138.5%,652.1%,0.00%,-65.66%
2019/12/31,2019/11/30,1.16%,-0.27%,-2.43%,0.74%,1.14%,2.84%,2.37%,0.95%,3.44%,4.15%,-3.24%,-4.03%,0.04%,4.69%,2.79%,5.90%,112,122,88,127,99,378,347,388,427,353,-20.43%,-13.11%,284.0%,-54.88%,276.9%,718.4%,145.9%,687.4%,-3.24%,-67.05%
2020/01/31,2019/12/31,0.97%,0.55%,-0.68%,0.08%,-2.87%,2.91%,0.88%,-1.50%,1.72%,-3.87%,-8.15%,-11.48%,-1.44%,-6.92%,0.06%,-3.48%,113,123,87,127,96,389,350,382,434,339,-23.48%,-19.00%,252.8%,-60.06%,277.2%,689.9%,137.2%,632.9%,-11.12%,-70.83%
2020/02/29,2020/01/31,-1.14%,-1.63%,-1.18%,1.53%,-0.43%,-6.93%,-8.40%,-8.89%,-7.50%,-7.84%,2.83%,-1.73%,1.43%,-8.49%,-8.00%,-7.97%,111,121,86,129,96,362,321,348,402,312,-22.94%,-19.73%,262.7%,-60.75%,247.0%,626.9%,137.3%,570.6%,-8.60%,-71.33%
2020/03/31,2020/02/29,-9.17%,-2.47%,-2.33%,-0.63%,2.30%,-15.59%,-12.61%,-16.05%,-12.35%,-12.86%,2.00%,-2.26%,0.64%,-24.48%,-13.57%,-23.80%,101,118,84,128,98,305,280,292,352,272,-14.10%,-17.54%,270.0%,-61.64%,199.9%,453.9%,113.0%,406.5%,-6.77%,-71.98%
2020/04/30,2020/03/31,2.91%,-1.04%,0.48%,-1.46%,2.55%,13.44%,8.89%,14.01%,14.55%,15.80%,-3.74%,-8.56%,4.16%,22.63%,13.44%,25.20%,104,117,85,126,100,346,305,333,403,315,-14.41%,-15.60%,256.2%,-64.93%,240.2%,593.5%,138.1%,521.1%,-10.26%,-74.38%
2020/05/31,2020/04/30,1.54%,0.82%,-2.18%,1.02%,-3.14%,6.41%,4.87%,3.89%,8.43%,3.65%,-3.31%,-6.54%,-3.10%,5.06%,5.40%,7.02%,106,118,83,127,97,369,320,346,437,327,-18.41%,-17.93%,244.4%,-67.22%,258.6%,642.2%,142.0%,552.5%,-13.23%,-76.06%
2020/06/30,2020/05/31,-0.50%,-0.19%,0.19%,1.70%,-3.49%,1.31%,1.92%,2.10%,4.98%,0.08%,-9.47%,-14.03%,-2.67%,2.13%,2.43%,6.34%,105,117,83,130,94,373,326,353,459,327,-20.86%,-18.95%,211.7%,-71.82%,267.3%,689.3%,151.4%,566.4%,-21.45%,-79.41%
2020/07/31,2020/06/30,0.75%,0.60%,-1.58%,-1.12%,-1.57%,6.14%,7.49%,4.67%,6.68%,3.40%,-9.34%,-7.65%,-5.10%,0.01%,5.73%,2.30%,106,118,82,128,92,396,351,370,490,338,-22.69%,-21.17%,182.6%,-73.97%,288.3%,707.4%,142.8%,566.5%,-28.79%,-80.99%
2020/08/31,2020/07/31,7.18%,-2.49%,-1.23%,0.72%,-4.53%,14.37%,5.39%,6.08%,10.36%,3.19%,2.28%,-0.57%,-3.66%,3.79%,7.38%,3.96%,114,115,81,129,88,453,370,392,540,349,-31.74%,-29.98%,189.1%,-74.12%,317.0%,739.4%,134.5%,591.7%,-27.16%,-81.10%
2020/09/30,2020/08/31,0.10%,-0.78%,0.00%,-0.91%,0.48%,-3.01%,-3.53%,-3.39%,-4.41%,-2.81%,1.62%,0.63%,2.29%,-2.75%,-3.61%,-2.94%,114,114,81,128,89,440,357,379,517,339,-31.48%,-29.84%,193.8%,-73.96%,301.9%,714.7%,136.1%,572.7%,-25.98%,-80.98%
2020/10/31,2020/09/30,-2.98%,2.84%,-0.19%,0.90%,-2.80%,-4.95%,-1.43%,-1.52%,-1.75%,-3.39%,2.00%,2.26%,-2.17%,1.83%,-2.11%,1.15%,110,118,80,129,86,418,351,373,508,328,-31.36%,-28.74%,199.6%,-73.37%,293.4%,724.0%,143.8%,584.9%,-24.50%,-80.55%
2020/11/30,2020/10/31,4.49%,0.75%,0.69%,-1.92%,1.49%,13.65%,10.27%,12.86%,11.87%,15.24%,-4.51%,-11.43%,-1.08%,18.58%,12.26%,22.01%,115,118,81,127,87,475,388,421,568,378,-33.42%,-27.61%,186.1%,-76.41%,341.6%,905.4%,167.5%,712.2%,-27.91%,-82.77%
2020/12/31,2020/11/30,-3.10%,0.79%,0.18%,-0.84%,-2.13%,2.59%,4.26%,4.45%,5.28%,4.42%,-5.93%,-10.05%,-4.33%,5.42%,4.57%,8.43%,112,119,81,125,85,487,404,440,598,394,-32.77%,-26.29%,169.2%,-78.78%,361.8%,990.2%,177.9%,756.2%,-32.18%,-84.50%
2021/01/31,2020/12/31,-0.92%,1.98%,-1.65%,-1.34%,0.31%,-1.16%,-0.26%,-2.00%,-0.03%,2.39%,-29.29%,-33.14%,-9.02%,-2.16%,-0.12%,7.79%,111,122,80,124,86,482,403,431,597,404,-31.94%,-23.67%,90.31%,-85.82%,361.3%,1075%,199.8%,737.8%,-52.05%,-89.64%
