Date,fdate,CURRENT_AR_1,CURRENT_AR_2,CURRENT_AR_3,CURRENT_AR_4,CURRENT_AR_5,CURRENT_TR_1,CURRENT_TR_2,CURRENT_TR_3,CURRENT_TR_4,CURRENT_TR_5,CURRENT_AR_Sig,CURRENT_TR_Sig,CURRENT_AR_130,CURRENT_TR_130,CURRENT_TR_BP,CURRENT_TR_LO,CURRENT_CAR_1,CURRENT_CAR_2,CURRENT_CAR_3,CURRENT_CAR_4,CURRENT_CAR_5,CURRENT_CTR_1,CURRENT_CTR_2,CURRENT_CTR_3,CURRENT_CTR_4,CURRENT_CTR_5,CURRENT_CAR_LS,CURRENT_CTR_LS,CURRENT_CAR_SW,CURRENT_CTR_SW,CURRENT_CTR_BP,CURRENT_CTR_LO,CURRENT_CXR_LO,CURRENT_CTR_13,CURRENT_CADD,CURRENT_CTDD
2001/02/28,2001/01/31,-1.69%,5.02%,0.65%,2.45%,1.70%,-16.90%,-10.52%,-9.09%,-9.55%,-5.99%,3.99%,4.68%,11.34%,-4.72%,-9.48%,-6.13%,98,105,101,102,102,83,89,91,90,94,3.39%,10.90%,3.99%,4.68%,-9.48%,-6.13%,3.35%,-4.72%,0.00%,0.00%
2001/03/31,2001/02/28,2.42%,-3.71%,1.33%,2.23%,-1.99%,-7.13%,-10.14%,-5.98%,-5.10%,-6.97%,0.96%,0.38%,3.11%,-6.23%,-6.73%,-6.34%,101,101,102,105,100,77,80,85,86,87,-1.17%,11.08%,4.98%,5.08%,-15.57%,-12.08%,3.75%,-10.66%,0.00%,0.00%
2001/04/30,2001/03/31,1.42%,5.81%,-1.00%,-3.09%,-0.10%,12.02%,12.47%,7.74%,5.86%,6.64%,-2.80%,-1.75%,-4.50%,6.92%,8.26%,7.44%,102,107,101,101,100,86,90,92,91,93,-2.67%,5.11%,2.04%,3.24%,-8.60%,-5.54%,2.90%,-4.48%,-2.80%,-1.75%
2001/05/31,2001/04/30,-0.42%,-1.38%,1.04%,-1.16%,0.03%,0.43%,0.04%,2.79%,-0.53%,1.58%,-0.49%,0.05%,4.09%,7.39%,1.01%,7.38%,102,106,102,100,100,87,90,95,90,95,-2.23%,6.32%,1.55%,3.29%,-7.68%,1.43%,9.46%,2.58%,-3.27%,-1.71%
2001/06/30,2001/05/31,2.33%,2.03%,0.90%,-0.81%,1.29%,1.01%,-1.17%,-2.00%,-2.55%,-1.70%,-0.66%,-0.97%,-3.26%,1.50%,-1.54%,1.79%,104,108,103,99,101,88,89,93,88,93,-3.25%,3.44%,0.88%,2.28%,-9.10%,3.25%,13.11%,4.12%,-3.90%,-2.67%
2001/07/31,2001/06/30,-1.88%,-6.18%,-1.06%,3.12%,0.55%,-6.11%,-6.45%,0.16%,1.10%,-0.92%,1.80%,2.07%,5.32%,-1.70%,-1.79%,-2.32%,102,101,102,103,101,82,84,93,89,92,-0.90%,8.82%,2.69%,4.40%,-10.73%,0.86%,12.51%,2.36%,-2.18%,-0.65%
2001/08/31,2001/07/31,-1.26%,0.51%,2.26%,-1.17%,2.07%,-9.57%,-5.90%,-3.51%,-7.79%,-4.37%,1.44%,0.34%,1.97%,-3.41%,-5.97%,-3.52%,101,102,104,101,104,74,79,90,82,88,2.40%,14.47%,4.17%,4.75%,-16.06%,-2.69%,15.27%,-1.14%,-0.77%,-0.31%
2001/09/30,2001/08/31,0.17%,-4.31%,-0.09%,1.03%,-0.22%,-13.13%,-10.89%,-8.68%,-8.52%,-6.54%,3.22%,1.04%,6.89%,-11.95%,-8.92%,-12.26%,101,97,104,102,103,65,70,82,75,82,2.00%,22.02%,7.53%,5.84%,-23.54%,-14.62%,11.42%,-12.95%,0.00%,0.00%
2001/10/31,2001/09/30,3.07%,2.70%,1.41%,1.09%,2.74%,5.61%,3.31%,-0.00%,2.90%,2.92%,1.39%,-0.09%,-2.43%,9.27%,2.68%,9.29%,104,100,106,104,106,68,72,82,77,85,1.65%,18.72%,9.01%,5.75%,-21.50%,-6.69%,18.79%,-4.89%,0.00%,-0.09%
2001/11/30,2001/10/31,-0.75%,-0.67%,-2.70%,-0.86%,2.09%,9.55%,7.33%,6.75%,7.40%,8.44%,-1.70%,1.25%,-2.04%,8.57%,7.75%,8.20%,103,99,103,103,108,75,78,87,83,92,4.54%,17.40%,7.16%,7.07%,-15.41%,0.96%,19.32%,3.26%,-1.70%,0.00%
2001/12/31,2001/11/30,-1.80%,2.75%,1.27%,-0.26%,-0.72%,1.69%,3.51%,2.74%,1.71%,-0.31%,-1.38%,-1.14%,-0.71%,5.66%,1.71%,6.01%,101,102,104,102,108,76,81,90,84,92,5.68%,15.05%,5.68%,5.84%,-13.96%,7.02%,24.44%,9.11%,-3.06%,-1.14%
2002/01/31,2001/12/31,-2.14%,-1.35%,-0.62%,3.10%,0.18%,-2.97%,-3.19%,-1.30%,2.12%,-1.31%,1.69%,1.89%,3.34%,2.85%,-1.25%,2.29%,99,100,103,106,108,74,78,89,86,91,8.13%,16.96%,7.46%,7.85%,-15.04%,9.47%,28.85%,12.23%,-1.42%,0.00%
2002/02/28,2002/01/31,-2.50%,1.27%,2.30%,-0.30%,-1.18%,-5.16%,-1.22%,0.45%,-2.87%,-3.40%,2.04%,0.90%,0.62%,-4.29%,-2.10%,-4.56%,97,102,106,105,107,70,77,89,84,87,9.56%,19.02%,9.65%,8.82%,-16.83%,4.48%,25.69%,7.42%,0.00%,0.00%
2002/03/31,2002/02/28,1.56%,1.93%,0.17%,-1.03%,1.00%,6.17%,5.24%,4.23%,3.76%,3.69%,-0.73%,0.00%,-1.31%,7.58%,4.42%,7.58%,98,104,106,104,108,74,81,93,87,91,8.95%,16.07%,8.85%,8.82%,-13.15%,12.40%,29.66%,15.56%,-0.73%,0.00%
2002/04/30,2002/03/31,1.21%,-0.78%,1.54%,0.44%,-1.14%,-5.59%,-4.85%,-3.36%,-4.19%,-6.60%,1.65%,1.84%,1.05%,-0.07%,-5.00%,-0.62%,99,103,108,105,106,70,77,90,83,85,6.39%,14.90%,10.64%,10.82%,-17.49%,11.71%,35.34%,15.48%,0.00%,0.00%
2002/05/31,2002/04/30,-0.79%,-1.09%,0.43%,-0.57%,-0.50%,-2.64%,-1.35%,0.30%,-1.49%,-1.33%,1.59%,1.44%,2.21%,-2.24%,-1.20%,-2.67%,99,102,108,104,106,68,76,90,82,84,6.70%,16.42%,12.40%,12.42%,-18.48%,8.73%,33.35%,12.90%,0.00%,0.00%
2002/06/30,2002/05/31,4.88%,0.89%,2.05%,-0.83%,-2.95%,-3.97%,-5.59%,-5.07%,-8.25%,-9.78%,-0.84%,-1.69%,-3.55%,-8.68%,-6.92%,-8.17%,104,103,110,103,103,66,72,85,75,75,-1.65%,9.65%,11.46%,10.52%,-24.12%,-0.15%,31.69%,3.11%,-0.84%,-1.69%
2002/07/31,2002/06/30,-1.47%,0.09%,-0.95%,0.22%,0.19%,-10.52%,-7.79%,-8.03%,-8.59%,-6.17%,0.10%,-1.19%,2.19%,-11.77%,-7.99%,-11.41%,102,103,109,103,103,59,66,79,69,71,-0.02%,14.42%,11.57%,9.20%,-30.19%,-11.55%,27.18%,-9.03%,-0.74%,-2.86%
2002/08/31,2002/07/31,-0.75%,-2.93%,-0.60%,0.34%,-0.71%,-0.23%,-1.29%,1.45%,1.65%,0.81%,1.99%,2.96%,2.93%,1.93%,0.64%,1.04%,101,100,108,104,102,59,65,80,70,71,0.02%,15.61%,13.79%,12.44%,-29.74%,-10.63%,27.70%,-7.27%,0.00%,0.00%
2002/09/30,2002/08/31,0.38%,-2.38%,-1.25%,-0.27%,-0.45%,-11.45%,-10.42%,-9.60%,-11.14%,-8.79%,0.46%,-0.64%,1.35%,-9.44%,-10.13%,-9.25%,102,97,107,103,102,52,59,72,62,65,-0.81%,18.69%,14.31%,11.71%,-36.86%,-18.89%,28.82%,-16.03%,0.00%,-0.64%
2002/10/31,2002/09/30,2.99%,-0.76%,3.64%,-1.55%,2.69%,11.72%,4.68%,9.53%,5.03%,8.81%,-0.83%,-0.76%,-2.64%,3.70%,7.77%,3.93%,105,97,111,102,104,58,61,79,65,71,-1.11%,15.24%,13.37%,10.87%,-31.95%,-15.71%,23.87%,-12.92%,-0.83%,-1.39%
2002/11/30,2002/10/31,-1.18%,0.93%,-1.49%,-1.46%,1.82%,7.55%,5.72%,3.97%,6.53%,6.85%,0.80%,4.01%,2.14%,16.48%,6.03%,15.27%,103,98,109,100,106,62,65,82,70,76,1.86%,14.43%,14.28%,15.32%,-27.85%,-2.83%,35.33%,1.43%,-0.03%,0.00%
2002/12/31,2002/11/30,-0.26%,0.25%,0.77%,-0.20%,-0.51%,-8.03%,-4.43%,-3.98%,-6.57%,-5.52%,-0.10%,-1.25%,1.22%,-6.59%,-5.58%,-6.22%,103,98,110,100,106,57,62,79,65,71,1.61%,17.31%,14.16%,13.87%,-31.88%,-8.87%,34.47%,-5.26%,-0.13%,-1.25%
2003/01/31,2002/12/31,-0.59%,0.28%,0.55%,-0.36%,-0.03%,-3.50%,-2.22%,-2.10%,-3.06%,-2.27%,-0.19%,-0.53%,2.18%,0.56%,-2.56%,0.72%,103,98,111,100,106,55,61,77,63,70,2.18%,18.76%,13.95%,13.27%,-33.63%,-8.22%,38.88%,-4.73%,-0.32%,-1.78%
2003/02/28,2003/01/31,-0.36%,0.98%,1.01%,-0.31%,-0.40%,-2.60%,-1.14%,-1.10%,-2.42%,-1.92%,0.91%,0.39%,0.62%,-2.32%,-1.81%,-2.43%,102,99,112,100,105,54,60,76,61,69,2.14%,19.56%,14.99%,13.71%,-34.83%,-10.45%,38.02%,-6.93%,0.00%,-1.40%
2003/03/31,2003/02/28,0.52%,2.58%,-1.43%,1.32%,1.73%,1.49%,2.60%,-1.61%,1.42%,2.27%,0.26%,-0.01%,0.44%,1.92%,1.22%,1.92%,103,102,110,101,107,55,61,75,62,70,3.38%,20.49%,15.29%,13.69%,-34.03%,-8.73%,38.98%,-5.15%,0.00%,-1.41%
2003/04/30,2003/03/31,0.71%,0.32%,-1.09%,-0.13%,-0.06%,10.59%,8.81%,6.23%,9.27%,7.05%,-0.22%,0.38%,0.35%,11.29%,8.22%,11.18%,103,102,109,101,107,60,67,80,68,75,2.58%,16.23%,15.04%,14.12%,-28.61%,1.47%,43.09%,5.56%,-0.22%,-1.04%
2003/05/31,2003/04/30,-3.75%,-1.44%,3.53%,-1.42%,1.02%,5.16%,5.26%,8.40%,6.15%,5.95%,0.07%,1.99%,4.32%,17.50%,6.23%,16.90%,100,100,113,99,108,64,70,86,72,79,7.48%,17.14%,15.12%,16.40%,-24.16%,18.62%,58.36%,24.03%,-0.15%,0.00%
2003/06/30,2003/05/31,-1.91%,-0.35%,0.48%,-0.33%,1.00%,-0.04%,1.27%,2.06%,1.39%,2.22%,1.62%,0.93%,3.16%,6.76%,1.49%,6.48%,98,100,114,99,109,64,71,88,73,81,10.60%,19.79%,16.99%,17.48%,-23.03%,26.31%,66.28%,32.42%,0.00%,0.00%
2003/07/31,2003/06/30,1.82%,-1.58%,-0.37%,1.42%,1.15%,4.52%,1.42%,1.97%,2.87%,2.09%,1.16%,0.97%,1.56%,7.76%,2.46%,7.47%,99,98,113,100,111,66,72,90,75,83,9.86%,16.87%,18.35%,18.61%,-21.14%,35.75%,74.60%,42.69%,0.00%,0.00%
2003/08/31,2003/07/31,-0.30%,1.81%,-1.16%,0.69%,-1.23%,2.45%,4.54%,1.93%,3.44%,0.59%,-0.05%,0.59%,-0.44%,4.85%,2.35%,4.67%,99,100,112,101,109,68,76,92,78,83,8.84%,14.70%,18.29%,19.31%,-19.28%,42.09%,78.65%,49.61%,-0.05%,0.00%
2003/09/30,2003/08/31,0.33%,-0.40%,0.88%,-2.34%,0.97%,-0.57%,-1.18%,-0.04%,-3.47%,-0.05%,-0.07%,0.13%,3.55%,3.88%,-1.08%,3.85%,99,100,113,99,110,68,75,92,75,83,9.53%,15.29%,18.21%,19.47%,-20.15%,47.55%,87.45%,55.42%,-0.12%,0.00%
2003/10/31,2003/09/30,1.23%,-3.24%,0.93%,2.55%,0.31%,6.28%,3.93%,7.36%,8.27%,4.59%,-0.33%,0.25%,0.32%,7.78%,6.06%,7.70%,101,97,114,101,111,72,78,98,81,87,8.51%,13.34%,17.82%,19.77%,-15.32%,58.91%,90.53%,67.51%,-0.45%,0.00%
2003/11/30,2003/10/31,-1.10%,-0.92%,-0.06%,-0.18%,1.09%,0.31%,0.82%,2.13%,1.50%,1.97%,0.99%,1.45%,1.91%,4.97%,1.47%,4.53%,100,96,114,101,112,72,78,100,83,89,10.89%,15.21%,18.98%,21.50%,-14.07%,66.12%,96.36%,75.83%,0.00%,0.00%
2003/12/31,2003/11/30,0.67%,0.09%,0.07%,-2.05%,-0.17%,5.29%,4.51%,4.32%,3.71%,4.53%,-0.15%,0.42%,-1.04%,3.78%,4.39%,3.65%,100,96,114,99,112,76,82,105,86,93,9.96%,14.34%,18.81%,22.01%,-10.30%,72.19%,94.92%,82.47%,-0.15%,0.00%
2004/01/31,2003/12/31,0.87%,0.34%,-1.85%,-1.20%,1.65%,2.95%,3.30%,1.08%,1.16%,3.29%,-1.04%,0.03%,4.04%,8.66%,2.25%,8.65%,101,96,112,98,113,78,84,106,87,96,10.83%,14.73%,17.58%,22.04%,-8.28%,87.08%,107.4%,98.27%,-1.18%,0.00%
2004/02/29,2004/01/31,-0.30%,0.46%,1.46%,-1.39%,-0.18%,1.04%,1.82%,2.83%,0.43%,1.37%,0.95%,1.32%,0.37%,1.73%,1.48%,1.33%,101,97,113,96,113,79,86,109,87,97,10.96%,15.10%,18.70%,23.65%,-6.92%,89.57%,107.1%,101.7%,-0.24%,0.00%
2004/03/31,2004/02/29,-1.22%,1.45%,0.26%,0.65%,-1.00%,-2.44%,0.71%,-0.53%,-0.62%,-2.02%,-0.10%,0.23%,-0.14%,0.73%,-1.09%,0.66%,100,98,114,97,112,77,87,108,87,95,11.21%,15.59%,18.58%,23.93%,-7.94%,90.83%,110.7%,103.2%,-0.34%,0.00%
2004/04/30,2004/03/31,-1.77%,0.01%,0.66%,-1.09%,-0.30%,-2.28%,-2.55%,-2.02%,-2.93%,-0.82%,0.93%,0.41%,-0.88%,-3.82%,-2.03%,-3.94%,98,98,114,96,112,75,84,106,84,95,12.84%,17.28%,19.69%,24.44%,-9.81%,83.31%,106.7%,95.42%,0.00%,0.00%
2004/05/31,2004/04/30,0.36%,0.17%,0.66%,-0.46%,0.62%,1.64%,1.44%,1.57%,0.86%,1.41%,0.75%,0.76%,-0.21%,0.19%,1.34%,-0.03%,98,98,115,96,112,77,86,108,85,96,13.14%,17.01%,20.58%,25.38%,-8.61%,83.25%,103.9%,95.79%,0.00%,0.00%
2004/06/30,2004/05/31,0.84%,0.42%,0.69%,-0.50%,-0.61%,2.89%,2.71%,2.84%,1.84%,0.55%,0.14%,0.38%,-1.50%,2.18%,1.96%,2.06%,99,99,116,95,112,79,88,111,86,96,11.50%,14.26%,20.76%,25.86%,-6.81%,87.03%,104.1%,100.1%,0.00%,0.00%
2004/07/31,2004/06/30,1.45%,2.42%,0.65%,-0.49%,-2.44%,-4.27%,-2.61%,-1.84%,-4.88%,-5.07%,1.26%,1.78%,-1.68%,-6.01%,-3.87%,-6.54%,100,101,117,95,109,75,86,109,82,92,7.15%,13.34%,22.28%,28.10%,-10.42%,74.80%,98.62%,88.04%,0.00%,0.00%
2004/08/31,2004/07/31,-0.29%,0.22%,0.81%,-1.15%,1.14%,-0.53%,0.37%,1.33%,-1.12%,1.31%,-0.48%,-0.63%,-0.26%,-0.99%,0.29%,-0.80%,100,101,118,94,110,75,86,110,81,93,8.69%,15.44%,21.68%,27.29%,-10.15%,73.40%,96.45%,86.18%,-0.48%,-0.63%
2004/09/30,2004/08/31,-0.87%,0.59%,1.50%,-0.87%,-0.60%,1.25%,2.38%,2.96%,1.35%,0.50%,-0.50%,-0.81%,0.29%,3.47%,1.66%,3.72%,99,102,119,93,110,76,88,114,82,93,8.98%,14.57%,21.08%,26.26%,-8.67%,79.84%,100.5%,92.65%,-0.98%,-1.43%
2004/10/31,2004/09/30,-1.78%,1.39%,1.02%,0.97%,-1.55%,-0.12%,2.83%,2.34%,2.66%,-0.08%,-0.43%,-0.32%,-0.21%,1.57%,1.55%,1.66%,98,103,121,94,108,76,90,116,84,93,9.23%,14.62%,20.56%,25.86%,-7.25%,82.84%,100.7%,95.67%,-1.41%,-1.75%
2004/11/30,2004/10/31,0.11%,1.11%,-0.43%,-1.17%,0.42%,5.01%,5.39%,4.55%,4.43%,4.21%,-0.08%,-0.12%,0.43%,8.40%,4.65%,8.44%,98,104,120,93,108,80,95,121,88,97,9.58%,13.71%,20.46%,25.71%,-2.94%,98.26%,108.3%,112.1%,-1.48%,-1.86%
2004/12/31,2004/11/30,0.05%,0.21%,-0.70%,-0.77%,1.30%,3.81%,4.07%,2.40%,3.23%,4.59%,-0.04%,0.62%,2.34%,6.97%,3.62%,6.79%,98,105,119,92,110,83,99,124,91,102,10.94%,14.61%,20.41%,26.49%,0.58%,111.7%,114.9%,126.9%,-1.52%,-1.26%
2005/01/31,2004/12/31,0.12%,0.40%,0.29%,0.50%,-0.89%,-3.23%,-2.84%,-1.21%,-2.23%,-3.85%,-0.58%,-0.84%,-0.34%,-4.46%,-2.69%,-4.21%,98,105,120,92,109,80,96,123,89,98,9.82%,13.89%,19.71%,25.43%,-2.13%,102.8%,111.6%,116.8%,-2.10%,-2.08%
2005/02/28,2005/01/31,-2.34%,-0.20%,1.92%,0.22%,0.47%,-0.70%,1.71%,4.26%,2.56%,1.68%,0.93%,0.21%,-0.26%,0.72%,2.06%,0.66%,95,105,122,92,109,79,98,128,91,99,12.89%,16.60%,20.82%,25.69%,-0.11%,104.1%,108.7%,118.3%,-1.19%,-1.88%
2005/03/31,2005/02/28,-1.12%,0.41%,-1.23%,-0.02%,1.14%,-3.21%,-1.88%,-1.74%,-1.65%,-0.99%,1.75%,1.70%,-0.29%,-2.66%,-1.73%,-3.17%,94,105,120,92,111,77,96,126,90,98,15.44%,19.20%,22.94%,27.83%,-1.84%,97.65%,105.7%,112.5%,0.00%,-0.21%
2005/04/30,2005/03/31,-0.81%,1.23%,-1.76%,0.04%,2.06%,-3.33%,-1.66%,-3.75%,-2.90%,-0.34%,-0.27%,-0.38%,0.82%,-4.97%,-2.23%,-4.85%,94,106,118,92,113,74,95,121,87,98,18.76%,22.76%,22.61%,27.35%,-4.03%,88.06%,100.3%,102.0%,-0.27%,-0.59%
2005/05/31,2005/04/30,0.69%,-0.55%,0.22%,-0.38%,0.24%,4.74%,3.93%,3.33%,4.17%,3.69%,-0.03%,-0.01%,-1.37%,4.85%,3.88%,4.86%,94,106,119,92,113,78,98,125,91,102,18.22%,21.48%,22.58%,27.33%,-0.31%,97.19%,102.2%,111.8%,-0.29%,-0.60%
2005/06/30,2005/05/31,-0.13%,0.32%,-1.15%,-0.06%,0.64%,0.28%,1.47%,0.51%,1.47%,0.66%,-0.48%,-0.66%,-0.16%,3.36%,0.85%,3.55%,94,106,117,92,114,78,100,126,92,102,19.13%,21.93%,21.99%,26.49%,0.54%,104.2%,107.7%,118.9%,-0.77%,-1.25%
2005/07/31,2005/06/30,-0.49%,-0.63%,0.05%,0.15%,0.62%,3.97%,3.58%,3.82%,4.86%,4.58%,0.36%,0.91%,-0.02%,7.04%,4.20%,6.76%,94,106,117,92,115,81,103,131,97,107,20.45%,22.68%,22.43%,27.65%,4.76%,118.0%,113.0%,134.3%,-0.41%,-0.35%
2005/08/31,2005/07/31,-1.05%,1.02%,-0.23%,0.14%,0.07%,-2.27%,-0.27%,-0.78%,-0.89%,-1.23%,0.50%,0.68%,0.98%,-0.59%,-1.01%,-0.79%,93,107,117,92,115,79,103,130,96,106,21.80%,23.96%,23.04%,28.51%,3.70%,116.3%,113.5%,132.9%,0.00%,0.00%
2005/09/30,2005/08/31,0.88%,-0.31%,0.20%,-0.11%,0.78%,1.04%,0.17%,1.03%,0.62%,0.91%,0.91%,1.10%,1.84%,1.50%,0.77%,1.17%,94,106,117,92,116,80,103,131,96,107,21.69%,23.81%,24.16%,29.92%,4.50%,118.8%,114.3%,136.4%,0.00%,0.00%
2005/10/31,2005/09/30,1.83%,-0.84%,-0.78%,0.50%,-0.32%,-0.19%,-2.53%,-2.13%,-1.38%,-2.00%,0.13%,0.08%,-0.69%,-2.84%,-1.76%,-2.86%,95,105,116,93,115,80,101,128,95,104,19.08%,21.57%,24.33%,30.03%,2.66%,112.5%,112.0%,129.7%,0.00%,0.00%
2005/11/30,2005/10/31,0.74%,1.88%,0.19%,-0.66%,-0.41%,5.17%,5.24%,3.33%,3.27%,3.44%,-0.28%,-0.33%,-1.07%,3.13%,3.93%,3.23%,96,107,117,92,115,84,106,132,98,108,17.71%,19.47%,23.97%,29.59%,6.69%,119.4%,110.5%,136.8%,-0.28%,-0.33%
2005/12/31,2005/11/30,0.20%,-0.38%,0.89%,-0.96%,0.79%,0.06%,-0.38%,0.86%,-0.84%,0.72%,-1.12%,-0.78%,0.63%,0.58%,0.04%,0.81%,96,107,118,91,116,84,105,134,97,109,18.40%,20.26%,22.58%,28.59%,6.73%,121.2%,112.1%,138.2%,-1.40%,-1.11%
2006/01/31,2005/12/31,-0.60%,-0.43%,-2.05%,1.45%,-0.44%,3.51%,3.02%,1.80%,5.11%,3.19%,0.30%,0.64%,-0.35%,8.78%,3.44%,8.59%,96,107,115,93,115,87,109,136,102,112,18.60%,19.87%,22.95%,29.41%,10.40%,140.2%,123.1%,159.2%,-1.10%,-0.48%
2006/02/28,2006/01/31,-1.70%,-0.44%,1.30%,0.18%,0.08%,-1.50%,-0.34%,1.51%,0.14%,0.23%,1.00%,0.94%,1.27%,1.39%,0.09%,1.10%,94,106,117,93,115,86,108,138,102,113,20.70%,21.95%,24.18%,30.63%,10.50%,142.9%,125.3%,162.7%,-0.12%,0.00%
2006/03/31,2006/02/28,0.51%,-0.46%,-0.44%,0.24%,-0.67%,2.57%,1.59%,1.29%,2.83%,1.39%,0.38%,0.83%,-0.90%,4.67%,1.90%,4.42%,94,106,116,93,114,88,110,140,105,114,19.28%,20.50%,24.65%,31.71%,12.59%,153.6%,131.0%,175.0%,0.00%,0.00%
2006/04/30,2006/03/31,0.14%,-0.24%,1.67%,-0.59%,-1.11%,0.70%,1.05%,2.95%,0.83%,-0.38%,0.69%,-0.33%,-0.35%,-0.36%,0.99%,-0.26%,95,105,118,92,113,89,111,144,106,114,17.79%,19.20%,25.52%,31.27%,13.71%,152.9%,128.1%,174.0%,0.00%,-0.33%
2006/05/31,2006/04/30,-0.49%,0.04%,-0.92%,0.88%,-0.22%,-4.72%,-2.40%,-2.97%,-2.37%,-3.51%,1.55%,0.91%,0.08%,-4.40%,-3.11%,-4.67%,94,105,117,93,113,85,108,140,104,110,18.12%,20.65%,27.46%,32.46%,10.17%,141.1%,124.6%,162.0%,0.00%,0.00%
2006/06/30,2006/05/31,-0.48%,-0.76%,0.31%,0.64%,0.14%,-0.75%,-0.29%,0.43%,0.81%,0.06%,-0.11%,-0.31%,-0.26%,-0.45%,0.19%,-0.36%,94,105,117,94,113,84,108,140,105,110,18.84%,21.62%,27.32%,32.05%,10.39%,140.3%,123.3%,160.8%,-0.11%,-0.31%
2006/07/31,2006/06/30,-0.79%,-0.94%,1.16%,-1.23%,1.42%,-2.40%,-1.46%,1.57%,-1.30%,0.69%,0.85%,0.84%,-0.04%,-2.73%,-0.28%,-2.98%,93,104,119,93,115,82,107,142,103,110,21.47%,25.38%,28.40%,33.15%,10.08%,133.1%,117.3%,153.7%,0.00%,0.00%
2006/08/31,2006/07/31,-0.05%,0.51%,0.38%,-0.61%,0.37%,3.24%,2.36%,2.46%,1.58%,3.02%,-0.22%,0.09%,-1.07%,2.50%,2.48%,2.48%,93,104,119,92,115,85,109,146,105,114,21.97%,25.11%,28.11%,33.28%,12.81%,138.9%,117.3%,160.0%,-0.22%,0.00%
2006/09/30,2006/08/31,0.88%,-0.60%,-0.83%,0.82%,-0.03%,3.11%,1.70%,1.51%,2.85%,2.25%,0.12%,0.47%,-0.20%,1.25%,2.24%,1.11%,94,104,118,93,115,87,111,148,108,116,20.86%,24.05%,28.26%,33.90%,15.33%,141.5%,114.8%,163.3%,-0.10%,0.00%
2006/10/31,2006/09/30,-0.68%,0.90%,0.47%,-0.20%,-0.37%,3.50%,4.72%,3.64%,3.73%,3.25%,-0.44%,-0.82%,-0.66%,4.72%,3.69%,4.97%,93,104,119,93,115,90,116,154,112,120,21.24%,23.74%,27.70%,32.80%,19.59%,153.5%,117.6%,175.7%,-0.54%,-0.82%
2006/11/30,2006/10/31,-0.29%,0.81%,0.90%,-0.80%,-0.54%,2.03%,3.04%,2.87%,1.52%,1.61%,1.37%,1.51%,-0.09%,3.32%,2.16%,2.87%,93,105,120,92,114,92,120,158,114,122,20.92%,23.23%,29.45%,34.80%,22.17%,160.8%,119.1%,184.9%,0.00%,0.00%
2006/12/31,2006/11/30,1.08%,0.27%,-0.75%,-0.11%,-0.51%,1.82%,2.18%,1.06%,1.16%,0.60%,0.21%,0.46%,-0.41%,1.13%,1.18%,1.00%,94,106,119,92,113,94,122,160,115,123,19.00%,21.73%,29.73%,35.42%,23.61%,163.4%,118.7%,188.1%,0.00%,0.00%
2007/01/31,2006/12/31,-1.86%,-0.33%,-0.77%,1.55%,1.14%,0.20%,1.51%,0.97%,3.15%,3.09%,2.07%,2.27%,1.99%,3.95%,2.01%,3.27%,92,105,118,93,115,94,124,161,118,127,22.57%,25.26%,32.40%,38.49%,26.09%,172.0%,121.5%,199.5%,0.00%,0.00%
2007/02/28,2007/01/31,-0.11%,0.94%,0.01%,-0.25%,-0.73%,-1.77%,-0.62%,-1.67%,-1.13%,-2.49%,0.40%,0.83%,0.24%,0.19%,-1.63%,-0.06%,92,106,118,93,114,92,123,159,117,124,21.81%,24.36%,32.93%,39.64%,24.04%,171.8%,125.0%,200.0%,0.00%,0.00%
2007/03/31,2007/02/28,-1.54%,1.65%,0.39%,0.33%,-1.40%,-0.00%,2.98%,1.44%,1.09%,-0.14%,0.46%,0.22%,-1.04%,-0.44%,1.00%,-0.50%,91,108,118,93,112,92,127,161,118,123,21.99%,24.19%,33.55%,39.94%,25.28%,170.5%,121.6%,198.7%,0.00%,0.00%
2007/04/30,2007/03/31,0.56%,0.02%,-0.15%,0.18%,0.14%,4.69%,3.45%,3.32%,2.86%,5.01%,-0.49%,-0.19%,0.31%,2.53%,3.86%,2.58%,91,108,118,93,112,97,132,166,122,130,21.48%,24.57%,32.89%,39.68%,30.12%,177.5%,118.7%,206.3%,-0.49%,-0.19%
2007/05/31,2007/04/30,-0.59%,-0.37%,0.04%,1.67%,-1.33%,3.26%,3.14%,3.47%,5.03%,2.75%,0.61%,0.59%,-1.21%,2.64%,3.54%,2.46%,90,108,118,95,111,100,136,172,128,133,20.58%,23.94%,33.71%,40.51%,34.73%,184.3%,116.4%,214.4%,0.00%,0.00%
2007/06/30,2007/05/31,0.73%,-0.00%,-0.32%,0.61%,-1.32%,-0.63%,-1.98%,-1.74%,-0.84%,-3.00%,-0.08%,-0.09%,-0.59%,-1.85%,-1.77%,-1.82%,91,108,118,96,109,99,133,169,127,129,18.11%,21.00%,33.60%,40.39%,32.35%,179.1%,116.3%,208.5%,-0.08%,-0.09%
2007/07/31,2007/06/30,-1.22%,0.56%,0.24%,1.57%,-0.69%,-4.30%,-3.35%,-3.63%,-2.46%,-3.95%,1.22%,1.27%,1.28%,-5.53%,-3.46%,-5.92%,90,108,118,97,109,95,128,163,124,124,18.74%,21.43%,35.23%,42.17%,27.77%,162.6%,110.9%,191.5%,0.00%,0.00%
2007/08/31,2007/07/31,-0.42%,-1.06%,1.50%,-0.69%,0.65%,1.24%,0.29%,2.54%,0.59%,2.09%,1.61%,2.16%,-1.03%,-0.22%,1.50%,-0.86%,90,107,120,96,109,96,129,167,124,127,20.01%,22.47%,37.40%,45.24%,29.69%,160.3%,106.0%,190.8%,0.00%,0.00%
2007/09/30,2007/08/31,0.16%,-0.25%,-0.98%,0.03%,0.27%,3.46%,3.93%,3.16%,3.35%,4.03%,-0.24%,0.59%,0.53%,1.96%,3.55%,1.78%,90,107,119,96,110,99,134,172,129,132,20.15%,23.16%,37.07%,46.10%,34.30%,165.0%,102.3%,196.5%,-0.24%,0.00%
2007/10/31,2007/09/30,-2.04%,0.88%,-3.03%,1.42%,0.87%,0.12%,2.98%,-0.49%,3.80%,3.05%,0.72%,2.25%,-0.37%,1.91%,2.05%,1.24%,88,108,115,98,111,99,138,171,134,136,23.65%,26.77%,38.06%,49.39%,37.05%,168.2%,100.7%,202.2%,0.00%,0.00%
2007/11/30,2007/10/31,-2.75%,-0.43%,-0.22%,0.06%,1.96%,-7.85%,-5.61%,-4.60%,-4.42%,-2.55%,1.28%,2.21%,-0.83%,-7.41%,-4.49%,-8.07%,86,107,115,98,113,92,130,163,128,132,29.48%,33.49%,39.82%,52.69%,30.89%,146.6%,93.50%,179.8%,0.00%,0.00%
2007/12/31,2007/11/30,0.19%,-1.57%,-1.38%,0.75%,-1.11%,-0.42%,-2.23%,-0.81%,0.95%,-1.60%,-0.70%,0.08%,-1.33%,-1.96%,-0.68%,-1.99%,86,106,113,99,112,91,127,162,129,130,27.79%,31.91%,38.84%,52.81%,30.00%,141.7%,90.98%,174.3%,-0.70%,0.00%
2008/01/31,2007/12/31,-1.77%,-0.81%,2.35%,1.21%,1.01%,-8.72%,-6.58%,-4.66%,-6.65%,-5.19%,0.85%,-0.30%,2.03%,-3.45%,-5.98%,-3.36%,84,105,116,100,113,83,119,155,120,123,31.35%,36.57%,40.02%,52.35%,22.22%,133.6%,95.97%,164.9%,0.00%,-0.30%
2008/02/29,2008/01/31,-2.71%,-0.14%,-0.40%,-0.07%,0.86%,-5.68%,-3.58%,-3.32%,-1.99%,-2.25%,1.41%,2.18%,1.78%,-1.79%,-3.00%,-2.45%,82,105,116,100,114,79,115,149,118,121,36.03%,41.25%,42.00%,55.67%,18.56%,127.9%,97.06%,160.1%,0.00%,0.00%
2008/03/31,2008/02/29,1.87%,-0.88%,-0.94%,2.76%,-2.27%,0.71%,-0.84%,-0.80%,1.75%,-3.28%,0.88%,1.04%,-2.03%,-2.38%,-0.63%,-2.69%,83,104,115,102,111,79,114,148,120,117,30.39%,35.61%,43.24%,57.28%,17.81%,121.7%,92.99%,153.9%,0.00%,0.00%
2008/04/30,2008/03/31,-1.34%,2.55%,1.96%,0.10%,-1.68%,3.87%,6.63%,5.94%,4.69%,3.20%,-0.07%,0.08%,-0.62%,2.75%,4.79%,2.72%,82,106,117,103,109,82,121,157,126,120,29.95%,34.69%,43.14%,57.41%,23.46%,127.8%,89.00%,160.9%,-0.07%,0.00%
2008/05/31,2008/04/30,-3.34%,-1.61%,0.26%,-0.17%,0.52%,-0.61%,1.41%,2.77%,2.14%,2.42%,1.00%,1.65%,-0.06%,3.84%,1.98%,3.34%,80,105,117,102,110,82,123,161,128,123,34.96%,38.78%,44.58%,60.01%,25.90%,135.4%,91.58%,170.9%,0.00%,0.00%
2008/06/30,2008/05/31,-2.21%,-0.09%,-2.54%,-0.60%,0.04%,-11.91%,-6.35%,-8.47%,-9.21%,-7.71%,-1.36%,-0.47%,-0.77%,-10.22%,-8.40%,-10.08%,78,104,114,102,110,72,115,148,116,114,38.00%,44.61%,42.62%,59.27%,15.32%,111.7%,88.36%,143.2%,-1.36%,-0.47%
2008/07/31,2008/06/30,-1.00%,-1.29%,-1.84%,-0.02%,3.89%,-1.21%,-2.81%,-2.25%,-0.46%,2.44%,1.00%,0.62%,-1.33%,1.97%,-0.54%,1.78%,77,103,112,102,114,71,112,144,116,117,44.75%,49.89%,44.05%,60.25%,14.70%,115.4%,92.73%,148.0%,-0.37%,0.00%
2008/08/31,2008/07/31,-2.96%,-0.49%,0.33%,0.28%,0.15%,-0.24%,0.46%,2.10%,2.47%,1.97%,0.47%,0.16%,-2.22%,2.65%,1.65%,2.61%,75,103,112,102,114,71,112,147,119,119,49.25%,53.20%,44.73%,60.50%,16.60%,121.0%,94.56%,154.6%,0.00%,0.00%
2008/09/30,2008/08/31,-3.14%,-0.16%,-0.32%,1.23%,1.09%,-13.62%,-10.56%,-8.79%,-6.55%,-7.67%,0.58%,0.27%,-1.14%,-9.56%,-8.85%,-9.64%,72,102,112,103,116,61,101,135,111,110,55.57%,62.32%,45.57%,60.93%,6.28%,99.73%,93.03%,130.3%,0.00%,0.00%
2008/10/31,2008/09/30,-3.58%,1.96%,-2.70%,-0.02%,-1.03%,-23.57%,-14.40%,-19.58%,-15.35%,-17.07%,-0.68%,-1.08%,-2.66%,-23.36%,-17.40%,-23.03%,70,104,109,103,114,47,86,108,94,91,59.53%,72.87%,44.58%,59.20%,-12.22%,53.73%,82.16%,76.48%,-0.68%,-1.08%
2008/11/30,2008/10/31,-1.64%,0.61%,0.02%,-0.03%,-0.25%,-12.05%,-5.49%,-8.56%,-8.05%,-7.99%,-1.17%,-0.99%,-2.88%,-15.04%,-7.97%,-14.75%,69,105,109,103,114,41,81,99,86,84,61.75%,79.88%,42.89%,57.62%,-19.21%,31.06%,69.82%,49.93%,-1.84%,-2.06%
2008/12/31,2008/11/30,-1.08%,-0.35%,-1.05%,0.19%,2.58%,1.79%,1.83%,-0.59%,2.51%,4.35%,0.47%,1.64%,0.52%,6.73%,2.00%,6.23%,68,105,108,103,117,42,83,98,89,87,67.67%,84.49%,43.55%,60.20%,-17.59%,39.23%,77.00%,60.02%,-1.38%,-0.46%
2009/01/31,2008/12/31,0.58%,0.13%,1.46%,-3.24%,-0.21%,-9.69%,-6.38%,-10.17%,-8.37%,-7.21%,-3.75%,-2.59%,4.22%,-5.33%,-8.28%,-4.55%,68,105,109,100,117,38,78,88,81,81,66.35%,89.07%,38.18%,56.06%,-24.42%,32.89%,83.61%,51.49%,-5.08%,-3.03%
2009/02/28,2009/01/31,-1.69%,-0.13%,-1.94%,1.09%,-2.23%,-12.87%,-8.39%,-11.79%,-6.94%,-11.36%,1.22%,0.71%,-2.67%,-13.11%,-10.22%,-13.32%,67,105,107,101,114,33,71,78,76,72,65.45%,91.92%,39.87%,57.16%,-32.14%,15.19%,77.92%,31.64%,-3.92%,-2.35%
2009/03/31,2009/02/28,-0.35%,1.22%,1.84%,0.74%,-0.14%,9.98%,8.65%,9.00%,8.58%,8.99%,-1.07%,2.26%,-0.29%,15.66%,8.87%,14.98%,67,106,109,102,114,36,77,85,82,78,65.81%,90.02%,38.37%,60.71%,-26.13%,32.45%,88.80%,52.25%,-4.94%,-0.14%
2009/04/30,2009/03/31,6.06%,2.90%,6.03%,-2.49%,-4.78%,19.80%,11.50%,10.32%,12.19%,6.68%,1.65%,-0.85%,-1.13%,20.32%,10.45%,20.57%,71,109,116,99,109,43,86,94,92,84,47.83%,65.10%,40.66%,59.35%,-18.40%,59.70%,107.9%,83.19%,-3.37%,-0.99%
2009/05/31,2009/04/30,-1.87%,0.16%,1.19%,-2.57%,-0.09%,6.04%,5.38%,6.84%,2.42%,5.06%,-0.39%,-2.66%,2.61%,8.74%,5.16%,9.54%,70,109,117,97,108,46,91,100,94,88,50.46%,63.49%,40.11%,55.10%,-14.20%,74.94%,117.0%,99.20%,-3.75%,-3.62%
2009/06/30,2009/05/31,-3.01%,0.77%,-0.36%,0.36%,0.97%,-2.14%,1.59%,0.10%,0.29%,0.66%,-1.60%,-1.21%,1.81%,3.01%,0.39%,3.37%,68,110,117,97,110,45,92,100,94,88,56.44%,68.07%,37.87%,53.23%,-13.86%,80.83%,123.5%,105.2%,-5.29%,-4.79%
2009/07/31,2009/06/30,0.48%,-0.36%,-1.00%,0.96%,-0.83%,10.73%,8.65%,6.62%,8.00%,7.03%,-1.05%,-0.89%,-2.65%,7.65%,7.78%,7.92%,68,110,116,98,109,50,100,107,102,95,54.39%,61.84%,36.41%,51.86%,-7.16%,95.16%,123.8%,120.9%,-6.29%,-5.64%
2009/08/31,2009/07/31,-0.94%,-0.37%,-0.49%,-1.28%,0.25%,4.57%,3.51%,2.95%,3.09%,3.99%,-2.18%,-2.33%,1.76%,6.98%,3.49%,7.68%,67,109,115,97,109,52,104,110,105,98,56.23%,60.90%,33.43%,48.33%,-3.92%,110.1%,133.2%,136.3%,-8.34%,-7.83%
2009/09/30,2009/08/31,1.05%,-1.22%,-0.95%,0.54%,-1.10%,7.42%,4.15%,4.82%,3.80%,2.90%,-0.88%,-0.27%,-0.85%,6.58%,4.15%,6.66%,68,108,114,97,108,56,108,115,109,101,52.87%,53.62%,32.26%,47.92%,0.06%,124.1%,139.0%,151.9%,-9.14%,-8.08%
2009/10/31,2009/09/30,-0.43%,-0.62%,2.89%,0.43%,0.08%,-4.90%,-4.69%,-0.85%,-1.55%,-2.54%,0.70%,0.63%,-0.84%,-6.18%,-2.59%,-6.37%,68,107,117,98,108,53,103,114,108,99,53.64%,57.26%,33.19%,48.86%,-2.53%,109.9%,130.0%,136.3%,-8.50%,-7.50%
2009/11/30,2009/10/31,0.70%,-0.54%,-0.71%,-0.22%,1.10%,6.83%,5.49%,5.19%,4.99%,6.14%,-0.46%,-0.69%,-2.44%,1.55%,5.59%,1.76%,68,107,117,98,109,57,108,120,113,105,54.26%,56.18%,32.58%,47.83%,2.92%,113.6%,121.2%,140.0%,-8.92%,-8.14%
2009/12/31,2009/11/30,0.43%,0.09%,-0.05%,0.43%,-0.31%,4.92%,4.05%,3.26%,1.06%,2.84%,-0.80%,-0.43%,-0.05%,5.96%,2.80%,6.09%,68,107,116,98,109,60,113,124,114,108,53.11%,52.94%,31.52%,47.20%,5.80%,126.6%,128.5%,154.3%,-9.65%,-8.53%
2010/01/31,2009/12/31,-0.43%,-1.69%,0.12%,-0.88%,1.11%,-3.58%,-5.08%,-2.02%,-4.08%,-1.89%,1.00%,1.09%,1.38%,-0.03%,-3.38%,-0.35%,68,105,117,97,110,58,107,122,109,106,55.47%,55.52%,32.84%,48.80%,2.23%,125.8%,135.4%,154.2%,-8.75%,-7.54%
2010/02/28,2010/01/31,0.16%,0.80%,0.21%,-0.34%,-0.26%,3.70%,4.02%,4.26%,2.57%,3.41%,-1.91%,-1.54%,-0.14%,3.10%,3.44%,3.57%,68,106,117,97,110,60,111,127,112,109,54.82%,55.07%,30.29%,46.50%,5.74%,133.8%,135.7%,162.1%,-10.49%,-8.97%
2010/03/31,2010/02/28,1.47%,0.70%,-0.20%,0.08%,-0.61%,8.58%,7.57%,6.39%,5.44%,5.67%,-0.95%,-0.19%,1.22%,8.39%,6.36%,8.45%,69,107,117,97,109,65,120,135,118,115,51.60%,50.56%,29.05%,46.22%,12.47%,153.6%,140.6%,184.1%,-11.35%,-9.14%
2010/04/30,2010/03/31,-0.34%,-0.80%,2.38%,0.90%,-2.00%,2.52%,2.29%,4.47%,2.18%,-0.18%,-2.54%,-2.55%,2.39%,7.04%,2.11%,7.81%,69,106,119,98,107,67,123,141,121,115,49.10%,46.50%,25.77%,42.50%,14.85%,173.4%,154.3%,204.1%,-13.60%,-11.46%
2010/05/31,2010/04/30,0.40%,0.16%,0.33%,0.10%,1.10%,-9.40%,-8.12%,-8.32%,-7.00%,-7.47%,0.14%,0.11%,-0.04%,-8.24%,-7.82%,-8.27%,69,106,120,98,108,60,113,129,112,107,50.14%,49.32%,25.95%,42.65%,5.86%,150.7%,153.1%,179.0%,-13.48%,-11.36%
2010/06/30,2010/05/31,-1.02%,0.77%,-1.17%,0.03%,1.97%,-7.58%,-4.72%,-7.69%,-4.91%,-4.00%,-0.18%,0.26%,-1.40%,-7.92%,-5.53%,-8.00%,69,107,118,98,110,56,107,119,107,102,54.63%,54.66%,25.72%,43.03%,0.01%,130.7%,146.9%,156.9%,-13.64%,-11.13%
2010/07/31,2010/06/30,1.88%,1.11%,0.39%,0.16%,-1.22%,10.21%,8.28%,7.44%,6.39%,5.32%,0.13%,0.42%,-1.29%,5.86%,7.01%,5.73%,70,108,119,98,109,61,116,128,114,108,49.85%,47.09%,25.89%,43.63%,7.02%,143.9%,143.7%,172.0%,-13.52%,-10.75%
2010/08/31,2010/07/31,-0.13%,2.10%,-0.93%,0.37%,0.77%,-6.80%,-3.55%,-6.42%,-3.80%,-3.89%,0.27%,0.31%,1.12%,-5.80%,-4.66%,-5.90%,70,110,118,98,109,57,112,120,109,104,51.20%,51.37%,26.23%,44.08%,2.02%,129.5%,140.7%,156.2%,-13.28%,-10.47%
2010/09/30,2010/08/31,-1.94%,-2.38%,0.97%,0.85%,0.23%,11.20%,9.55%,10.55%,9.15%,7.89%,0.50%,0.51%,-2.12%,10.06%,9.41%,9.91%,68,108,119,99,110,64,123,133,119,112,54.49%,46.36%,26.87%,44.82%,11.62%,152.3%,142.0%,182.0%,-12.85%,-10.01%
2010/10/31,2010/09/30,-0.08%,0.14%,0.05%,0.35%,0.30%,4.68%,4.99%,4.19%,3.63%,3.05%,-0.10%,-0.03%,0.24%,4.19%,3.89%,4.20%,68,108,119,100,110,67,129,138,124,115,55.07%,43.98%,26.74%,44.78%,15.96%,162.8%,142.7%,193.8%,-12.94%,-10.04%
2010/11/30,2010/10/31,-1.23%,-0.30%,0.59%,1.51%,-0.91%,0.21%,1.24%,1.52%,1.76%,-1.36%,0.14%,0.52%,-1.14%,1.25%,0.54%,1.10%,68,107,120,101,109,67,131,140,126,114,55.57%,41.73%,26.92%,45.53%,16.58%,165.7%,144.1%,197.5%,-12.81%,-9.57%
2010/12/31,2010/11/30,-1.38%,-2.68%,0.08%,0.17%,-0.94%,8.33%,4.86%,8.26%,7.13%,5.94%,-0.10%,0.64%,0.03%,9.35%,6.70%,9.16%,67,105,120,101,108,72,137,152,135,120,56.25%,38.35%,26.79%,46.46%,24.40%,190.1%,150.1%,225.3%,-12.90%,-8.99%
2011/01/31,2010/12/31,0.69%,0.46%,-0.09%,1.19%,-0.94%,2.77%,1.70%,1.94%,3.00%,1.47%,-0.26%,-0.07%,0.85%,1.86%,2.06%,1.88%,67,105,120,102,107,74,139,155,139,122,53.69%,36.55%,26.45%,46.36%,26.96%,195.5%,149.6%,231.3%,-13.13%,-9.06%
2011/02/28,2011/01/31,-0.82%,-0.30%,0.06%,1.53%,-0.45%,3.28%,3.58%,3.96%,4.63%,2.62%,-0.40%,-0.02%,-0.06%,4.50%,3.59%,4.50%,67,105,120,104,107,77,144,161,145,125,54.26%,35.65%,25.94%,46.33%,31.52%,208.8%,151.9%,246.2%,-13.48%,-9.07%
2011/03/31,2011/02/28,0.71%,-0.76%,0.66%,0.03%,0.92%,0.35%,0.48%,0.14%,0.75%,0.46%,0.93%,1.10%,-0.04%,1.02%,0.49%,0.69%,67,104,120,104,108,77,145,161,147,126,54.58%,35.80%,27.11%,47.94%,32.16%,211.0%,152.4%,249.8%,-12.68%,-8.07%
2011/04/30,2011/03/31,-1.63%,0.09%,-0.37%,-0.20%,1.46%,1.98%,3.70%,1.74%,3.10%,3.77%,0.60%,0.05%,-0.52%,1.56%,2.97%,1.55%,66,104,120,104,109,79,150,164,151,131,59.35%,38.24%,27.88%,48.02%,36.08%,215.8%,148.8%,255.2%,-12.15%,-8.03%
2011/05/31,2011/04/30,-0.50%,0.43%,-0.16%,0.01%,0.60%,-2.07%,-0.76%,-1.98%,-1.02%,-0.71%,0.22%,0.27%,-0.40%,-1.88%,-1.22%,-1.96%,66,104,120,104,110,77,149,161,150,130,61.11%,40.12%,28.16%,48.42%,34.42%,209.6%,147.0%,248.5%,-11.96%,-7.78%
2011/06/30,2011/05/31,1.12%,1.08%,0.33%,-0.01%,-0.21%,-1.62%,-1.17%,-1.86%,-1.69%,-2.06%,-0.12%,-0.12%,-0.87%,-3.15%,-1.74%,-3.11%,66,106,120,104,110,76,147,158,147,127,58.97%,39.50%,28.01%,48.24%,32.08%,200.0%,143.6%,237.6%,-12.06%,-7.89%
2011/07/31,2011/06/30,1.55%,0.65%,0.56%,1.06%,-1.31%,-1.67%,-2.47%,-2.17%,-1.08%,-3.51%,-0.27%,-0.23%,0.34%,-2.73%,-2.26%,-2.66%,67,106,121,105,108,74,144,154,145,123,54.42%,36.93%,27.66%,47.89%,29.09%,192.0%,142.6%,228.4%,-12.30%,-8.10%
2011/08/31,2011/07/31,0.58%,2.41%,-0.32%,0.15%,-0.07%,-7.39%,-4.74%,-7.24%,-5.10%,-5.88%,-0.55%,-0.75%,-1.54%,-9.61%,-5.89%,-9.39%,68,109,121,105,108,69,137,143,138,115,53.41%,39.01%,26.96%,46.79%,21.49%,164.6%,134.1%,196.8%,-12.79%,-8.79%
2011/09/30,2011/08/31,0.03%,0.96%,-1.91%,0.98%,-0.76%,-9.15%,-7.25%,-10.11%,-6.04%,-7.29%,-1.84%,-2.40%,-2.74%,-12.22%,-7.63%,-11.50%,68,110,118,106,107,63,127,129,130,107,52.20%,41.60%,24.61%,43.27%,12.22%,134.2%,125.1%,160.5%,-14.40%,-10.98%
2011/10/31,2011/09/30,-0.65%,-0.50%,-0.00%,-0.55%,0.65%,13.79%,12.28%,12.44%,10.34%,10.33%,1.50%,1.93%,-0.93%,13.43%,11.39%,12.85%,67,109,118,106,108,71,143,145,143,118,54.17%,36.71%,26.49%,46.04%,25.00%,164.2%,128.4%,195.5%,-13.11%,-9.25%
2011/11/30,2011/10/31,-0.57%,0.29%,0.18%,0.89%,0.59%,-2.03%,-0.83%,-0.94%,0.63%,0.06%,-0.13%,-0.32%,-0.98%,-2.49%,-0.35%,-2.39%,67,110,118,106,109,70,141,143,144,118,55.97%,39.57%,26.32%,45.57%,24.56%,157.9%,123.7%,188.2%,-13.22%,-9.54%
2011/12/31,2011/11/30,2.14%,-0.90%,0.95%,0.16%,0.24%,2.42%,-0.68%,1.73%,0.53%,1.05%,-0.43%,-0.21%,-0.35%,-0.02%,0.85%,0.05%,68,109,120,107,109,71,140,146,145,119,53.01%,37.65%,25.78%,45.26%,25.62%,158.0%,121.9%,188.1%,-13.60%,-9.74%
2012/01/31,2011/12/31,-3.15%,-2.01%,-0.92%,-0.42%,0.42%,5.42%,4.79%,5.92%,4.36%,5.39%,-0.10%,0.10%,1.46%,9.92%,5.09%,9.89%,66,106,118,106,109,75,147,154,151,126,58.48%,37.60%,25.64%,45.41%,32.02%,183.5%,132.5%,216.7%,-13.69%,-9.65%
2012/02/29,2012/01/31,-0.18%,0.19%,0.07%,1.22%,-2.03%,4.64%,4.71%,4.35%,5.19%,2.73%,-0.62%,-0.45%,0.27%,3.50%,4.25%,3.64%,66,107,119,107,107,79,154,161,159,129,55.55%,34.97%,24.87%,44.76%,37.63%,193.9%,131.1%,227.8%,-14.22%,-10.05%
2012/03/31,2012/02/29,-0.85%,-0.13%,-0.35%,1.19%,0.30%,2.70%,2.46%,3.05%,3.86%,3.19%,1.17%,1.38%,1.31%,4.02%,3.15%,3.61%,66,107,118,109,107,81,158,166,165,133,57.35%,35.63%,26.33%,46.75%,41.95%,204.5%,132.2%,241.0%,-13.21%,-8.81%
2012/04/30,2012/03/31,0.70%,1.55%,0.55%,1.08%,-0.27%,-1.48%,-0.03%,-1.18%,0.31%,-1.43%,-0.69%,-0.62%,1.00%,-1.09%,-0.69%,-0.91%,66,108,119,110,107,80,158,164,166,131,55.81%,35.70%,25.46%,45.84%,40.97%,201.7%,131.7%,237.2%,-13.82%,-9.38%
2012/05/31,2012/04/30,1.56%,-0.31%,0.46%,0.58%,0.25%,-6.63%,-6.82%,-7.34%,-4.24%,-6.20%,-1.80%,-1.78%,-0.04%,-7.63%,-6.09%,-7.10%,67,108,119,111,107,74,147,152,158,123,53.77%,36.29%,23.20%,43.25%,32.39%,180.3%,129.3%,211.5%,-15.37%,-10.99%
2012/06/30,2012/05/31,-0.55%,-0.03%,0.04%,0.02%,0.63%,4.53%,3.86%,4.43%,3.32%,4.07%,-0.75%,-0.95%,-0.59%,3.81%,3.98%,4.09%,67,108,119,111,108,78,153,159,164,128,55.59%,35.66%,22.27%,41.90%,37.67%,191.7%,129.6%,223.4%,-16.01%,-11.83%
2012/07/31,2012/06/30,0.02%,-0.71%,-0.23%,1.24%,0.58%,0.47%,0.18%,0.56%,1.89%,0.90%,1.07%,1.24%,1.63%,0.19%,0.87%,-0.18%,67,107,119,112,109,78,153,160,167,129,56.47%,36.24%,23.58%,43.66%,38.87%,191.2%,127.2%,224.0%,-15.11%,-10.73%
2012/08/31,2012/07/31,-0.50%,0.16%,-0.15%,0.55%,-0.72%,3.38%,2.54%,2.79%,2.44%,1.84%,-2.17%,-2.38%,-1.84%,1.73%,2.50%,2.45%,66,107,119,113,108,81,157,164,171,132,56.12%,34.14%,20.89%,40.24%,42.34%,198.3%,127.0%,229.6%,-16.95%,-12.86%
2012/09/30,2012/08/31,0.17%,-0.63%,-0.06%,-0.19%,0.14%,3.87%,2.12%,3.20%,1.93%,2.41%,-0.21%,0.08%,-0.29%,3.81%,2.56%,3.79%,66,107,119,112,108,84,160,169,174,135,56.08%,32.19%,20.64%,40.35%,45.99%,209.6%,129.8%,242.2%,-17.12%,-12.79%
2012/10/31,2012/09/30,-1.41%,1.24%,-0.18%,-0.96%,1.22%,-3.13%,-1.27%,-1.38%,-3.05%,-0.31%,-0.15%,0.16%,-0.84%,-0.82%,-1.70%,-0.87%,65,108,119,111,109,81,158,167,169,135,60.19%,35.90%,20.46%,40.58%,43.50%,207.0%,131.8%,239.4%,-17.25%,-12.65%
2012/11/30,2012/10/31,0.54%,-0.33%,0.23%,-0.52%,-0.24%,1.50%,0.78%,0.80%,0.40%,0.39%,0.98%,1.37%,-0.10%,1.24%,0.66%,0.83%,66,107,119,111,109,83,159,168,170,135,58.95%,34.39%,21.64%,42.50%,44.45%,209.5%,132.1%,243.6%,-16.44%,-11.45%
2012/12/31,2012/11/30,0.71%,1.15%,-0.41%,-1.04%,0.59%,2.76%,1.34%,1.67%,-0.70%,1.93%,0.00%,0.13%,-1.89%,2.46%,1.26%,2.42%,66,109,118,110,110,85,162,171,168,138,58.76%,33.27%,21.64%,42.69%,46.27%,217.0%,134.8%,252.0%,-16.44%,-11.34%
2013/01/31,2012/12/31,-0.68%,0.10%,-0.58%,-2.17%,2.37%,6.60%,6.57%,5.22%,2.56%,7.18%,0.52%,1.01%,1.75%,7.99%,5.53%,7.69%,66,109,118,107,112,90,172,180,173,148,63.60%,34.04%,22.27%,44.13%,54.35%,241.4%,139.9%,280.1%,-16.01%,-10.44%
2013/02/28,2013/01/31,-0.13%,-0.12%,-0.35%,-0.14%,0.76%,1.40%,1.33%,0.94%,1.01%,1.77%,1.17%,0.91%,0.97%,1.77%,1.30%,1.50%,66,109,117,107,113,92,174,182,174,150,65.06%,34.54%,23.70%,45.43%,56.35%,246.5%,140.4%,286.9%,-15.02%,-9.63%
2013/03/31,2013/02/28,-2.99%,-0.15%,-0.67%,0.94%,1.24%,2.01%,4.19%,3.70%,4.65%,4.55%,0.39%,0.35%,0.87%,4.94%,4.00%,4.83%,64,109,117,108,115,94,182,189,183,157,72.04%,37.95%,24.19%,45.94%,62.60%,263.2%,142.4%,306.0%,-14.69%,-9.32%
2013/04/30,2013/03/31,-0.80%,1.35%,-0.57%,0.37%,0.62%,1.03%,2.59%,1.12%,1.37%,2.15%,0.27%,0.15%,0.21%,0.30%,1.68%,0.26%,63,110,116,108,115,95,186,191,185,160,74.48%,39.50%,24.53%,46.16%,65.33%,264.2%,139.0%,307.2%,-14.45%,-9.18%
2013/05/31,2013/04/30,0.21%,-0.44%,-0.79%,-0.24%,-0.13%,4.01%,2.38%,2.55%,1.62%,2.39%,0.29%,0.74%,-1.17%,3.90%,2.46%,3.68%,63,110,115,108,115,98,191,196,188,164,73.90%,37.25%,24.89%,47.24%,69.40%,277.5%,141.9%,323.1%,-14.21%,-8.51%
2013/06/30,2013/05/31,0.12%,-0.34%,-0.94%,1.18%,-0.13%,-1.24%,-1.53%,-2.14%,0.19%,-1.29%,1.24%,1.04%,0.47%,-0.38%,-1.25%,-0.69%,63,109,114,109,115,97,188,191,188,162,73.46%,37.18%,26.44%,48.78%,67.28%,274.9%,143.2%,321.5%,-13.14%,-7.55%
2013/07/31,2013/06/30,-1.73%,-1.96%,0.53%,0.02%,0.84%,5.77%,4.09%,6.75%,5.23%,5.51%,0.67%,0.99%,0.28%,7.37%,5.46%,7.07%,62,107,114,109,116,103,196,204,198,171,77.91%,36.82%,27.29%,50.26%,76.41%,301.5%,147.2%,352.6%,-12.56%,-6.63%
2013/08/31,2013/07/31,0.92%,-0.16%,1.70%,-1.53%,-1.07%,-2.32%,-2.57%,-1.63%,-3.69%,-3.59%,-0.48%,-0.54%,0.23%,-2.94%,-2.84%,-2.78%,63,107,116,108,115,100,191,201,191,165,74.38%,35.08%,26.68%,49.44%,71.40%,290.3%,147.3%,339.3%,-12.98%,-7.14%
2013/09/30,2013/08/31,0.64%,0.48%,-0.96%,-1.05%,0.57%,5.97%,4.08%,3.23%,2.85%,3.81%,0.23%,0.61%,1.10%,6.29%,3.76%,6.10%,63,107,115,107,115,106,198,207,196,171,74.26%,32.16%,26.97%,50.36%,77.84%,314.1%,153.1%,366.9%,-12.77%,-6.57%
2013/10/31,2013/09/30,1.07%,-0.07%,-0.95%,1.43%,-0.41%,5.28%,3.62%,3.79%,5.15%,3.71%,1.67%,1.84%,-0.70%,3.40%,4.19%,2.84%,64,107,114,108,115,112,206,215,206,178,71.67%,30.09%,29.09%,53.13%,85.29%,325.9%,149.7%,382.7%,-11.32%,-4.85%
2013/11/30,2013/10/31,-1.93%,-0.48%,-0.72%,0.34%,0.37%,2.07%,2.44%,2.75%,3.24%,3.31%,0.91%,0.79%,0.60%,4.54%,2.86%,4.30%,63,107,113,109,115,114,211,221,213,183,75.61%,31.71%,30.27%,54.34%,90.59%,344.2%,153.3%,404.6%,-10.51%,-4.10%
2013/12/31,2013/11/30,0.42%,-0.22%,-0.35%,0.17%,-0.72%,3.54%,2.70%,2.68%,2.90%,1.85%,0.89%,1.29%,0.31%,3.18%,2.61%,2.79%,63,107,113,109,114,118,216,227,219,187,73.60%,29.48%,31.44%,56.33%,95.56%,356.6%,153.8%,420.7%,-9.71%,-2.86%
2014/01/31,2013/12/31,2.27%,0.16%,-1.01%,-0.56%,1.55%,-1.52%,-2.97%,-4.61%,-3.79%,-1.92%,-0.59%,-1.83%,3.74%,0.21%,-3.13%,0.76%,65,107,112,108,116,116,210,217,211,183,72.36%,28.96%,30.66%,53.48%,89.43%,360.1%,163.6%,421.8%,-10.24%,-4.63%
2014/02/28,2014/01/31,0.54%,-0.06%,-0.07%,0.01%,0.03%,5.55%,4.49%,4.99%,4.21%,4.40%,1.69%,1.92%,1.34%,5.85%,4.67%,5.27%,65,107,112,108,116,123,219,227,220,191,71.47%,27.48%,32.87%,56.42%,98.28%,384.3%,165.2%,452.3%,-8.72%,-2.81%
2014/03/31,2014/02/28,-1.91%,1.31%,0.97%,0.24%,-0.52%,-2.47%,0.87%,1.39%,1.02%,0.21%,1.44%,1.66%,0.54%,0.66%,0.51%,0.17%,64,108,113,108,116,120,221,231,222,192,73.85%,30.90%,34.78%,59.01%,99.29%,385.2%,164.3%,456.0%,-7.41%,-1.19%
2014/04/30,2014/03/31,0.49%,-1.47%,0.12%,0.97%,1.15%,-1.62%,-0.77%,0.23%,0.12%,0.86%,0.95%,1.27%,0.34%,-2.66%,-0.02%,-3.05%,64,106,113,109,117,118,219,231,222,193,75.00%,34.15%,36.06%,61.03%,99.24%,370.4%,156.3%,441.1%,-6.53%,0.00%
2014/05/31,2014/04/30,0.99%,0.37%,0.42%,-0.19%,-0.45%,2.38%,2.63%,2.73%,1.44%,1.38%,0.33%,0.46%,0.46%,0.91%,2.10%,0.77%,65,107,113,109,116,121,225,237,226,196,72.48%,32.81%,36.51%,61.77%,103.4%,374.0%,152.9%,446.1%,-6.22%,0.00%
2014/06/30,2014/05/31,-1.56%,0.04%,0.83%,-0.86%,-0.27%,2.85%,2.33%,3.43%,1.52%,2.33%,-1.63%,-1.93%,-1.72%,3.09%,2.50%,3.67%,64,107,114,108,116,124,231,246,229,201,74.70%,32.12%,34.29%,58.64%,108.5%,391.4%,155.9%,462.9%,-7.75%,-1.93%
2014/07/31,2014/06/30,1.35%,-0.96%,-0.48%,0.42%,1.05%,-2.27%,-2.60%,-2.47%,-1.25%,-1.43%,1.68%,2.00%,1.76%,-2.97%,-1.95%,-3.57%,64,106,114,109,117,121,225,240,226,198,74.18%,33.23%,36.54%,61.81%,104.4%,373.8%,151.7%,446.2%,-6.20%,0.00%
2014/08/31,2014/07/31,-1.45%,0.21%,-0.72%,0.26%,1.04%,3.67%,4.40%,3.73%,3.82%,5.19%,-0.55%,-0.31%,0.08%,4.51%,4.18%,4.60%,63,106,113,109,119,126,234,248,235,208,78.52%,35.26%,35.79%,61.31%,113.0%,395.6%,152.8%,470.8%,-6.72%,-0.31%
2014/09/30,2014/08/31,-0.49%,-1.65%,-0.38%,0.87%,1.09%,-3.40%,-1.91%,-2.59%,-1.33%,-1.70%,0.68%,0.28%,0.32%,-4.94%,-2.09%,-5.03%,63,104,113,110,120,122,230,242,232,204,81.33%,37.57%,36.72%,61.77%,108.5%,370.7%,145.4%,442.6%,-6.08%,-0.03%
2014/10/31,2014/09/30,-3.77%,2.34%,-0.04%,-0.99%,2.04%,1.07%,3.48%,2.06%,1.63%,4.78%,1.43%,1.15%,-1.86%,3.95%,2.74%,3.61%,61,107,113,109,122,123,238,247,236,214,91.86%,42.68%,38.68%,63.64%,114.2%,387.7%,147.5%,464.0%,-4.73%,0.00%
2014/11/30,2014/10/31,-0.84%,-0.13%,-0.57%,1.19%,0.23%,2.30%,2.21%,1.94%,2.53%,3.43%,0.46%,0.19%,-0.20%,0.02%,2.53%,-0.04%,60,107,112,110,123,126,243,252,241,222,93.92%,44.30%,39.31%,63.95%,119.7%,387.5%,141.1%,464.1%,-4.30%,0.00%
2014/12/31,2014/11/30,0.24%,0.76%,0.50%,-0.88%,0.08%,0.08%,0.30%,0.54%,-0.15%,-0.77%,1.24%,0.74%,-0.47%,2.12%,-0.03%,1.90%,60,107,112,109,123,126,244,253,241,220,93.60%,43.06%,41.04%,65.17%,119.6%,396.7%,145.8%,476.1%,-3.11%,0.00%
2015/01/31,2014/12/31,-0.38%,-2.39%,0.28%,0.26%,1.95%,-3.35%,-4.74%,-2.98%,-2.97%,-0.86%,1.59%,0.44%,1.97%,-2.08%,-2.75%,-2.21%,60,105,113,110,125,122,232,246,234,218,98.12%,46.63%,43.28%,65.90%,113.6%,385.8%,147.1%,464.1%,-1.58%,0.00%
2015/02/28,2015/01/31,-0.28%,0.06%,0.20%,-0.11%,-1.01%,7.02%,6.00%,5.71%,5.20%,5.52%,-1.03%,0.21%,0.05%,6.22%,5.76%,6.15%,60,105,113,109,124,130,246,260,246,230,96.68%,44.43%,41.80%,66.25%,125.9%,415.6%,148.1%,499.2%,-2.59%,0.00%
2015/03/31,2015/02/28,0.24%,-0.65%,-0.62%,-0.11%,0.70%,-0.50%,-1.94%,-1.64%,-0.65%,-0.38%,0.17%,-0.04%,-0.97%,0.69%,-1.06%,0.70%,60,104,112,109,125,129,242,255,245,229,97.58%,44.60%,42.04%,66.18%,123.5%,419.3%,152.4%,503.3%,-2.42%,-0.04%
2015/04/30,2015/03/31,-0.11%,0.37%,1.08%,0.40%,-1.20%,0.02%,1.24%,0.96%,1.05%,-1.00%,-1.02%,-0.04%,0.30%,-1.38%,0.40%,-1.37%,60,105,114,110,123,129,245,258,247,227,95.43%,43.13%,40.60%,66.12%,124.4%,412.2%,148.0%,495.0%,-3.42%,-0.08%
2015/05/31,2015/04/30,-1.04%,-0.27%,-1.50%,0.25%,1.47%,0.49%,0.63%,0.14%,1.10%,3.47%,0.37%,-0.70%,-0.47%,1.25%,1.29%,1.47%,59,104,112,110,125,130,246,258,250,235,100.3%,47.39%,41.11%,64.95%,127.3%,419.7%,148.4%,502.5%,-3.06%,-0.78%
2015/06/30,2015/05/31,-0.44%,-0.61%,-0.40%,0.77%,-0.55%,-2.21%,-1.84%,-2.26%,-0.40%,-1.54%,1.44%,1.23%,-0.30%,0.55%,-1.63%,0.19%,59,104,111,111,124,127,242,252,249,231,100.1%,48.38%,43.14%,66.97%,123.6%,420.6%,152.9%,505.8%,-1.67%,0.00%
2015/07/31,2015/06/30,3.01%,0.39%,-1.24%,2.09%,-1.91%,3.26%,1.71%,0.31%,1.88%,1.91%,-0.05%,-0.63%,-0.72%,-2.37%,1.67%,-2.18%,61,104,110,113,122,131,246,253,253,236,90.23%,46.37%,43.07%,65.92%,127.3%,409.3%,143.2%,491.5%,-1.72%,-0.63%
2015/08/31,2015/07/31,0.90%,0.90%,0.58%,-0.77%,-0.41%,-5.88%,-4.92%,-5.78%,-5.98%,-6.84%,1.35%,1.61%,0.62%,-4.30%,-5.98%,-4.79%,62,105,111,112,121,124,234,239,238,219,87.74%,44.96%,45.00%,68.59%,113.7%,384.9%,146.1%,466.0%,-0.39%,0.00%
2015/09/30,2015/08/31,-0.08%,0.75%,0.43%,0.57%,-1.01%,-2.99%,-2.61%,-2.32%,-2.55%,-3.55%,1.77%,1.77%,0.28%,-4.42%,-2.82%,-4.95%,62,106,111,113,120,120,227,233,232,212,86.01%,44.14%,47.56%,71.57%,107.7%,360.9%,140.9%,441.0%,0.00%,0.00%
2015/10/31,2015/09/30,1.68%,0.64%,-0.51%,-0.19%,0.21%,9.03%,8.29%,6.91%,7.49%,7.46%,0.74%,1.03%,-1.21%,5.15%,7.68%,4.84%,63,106,111,113,120,131,246,249,250,227,83.27%,41.87%,48.66%,73.33%,123.6%,383.3%,134.0%,468.9%,0.00%,0.00%
2015/11/30,2015/10/31,1.08%,-0.01%,-0.18%,0.56%,-0.83%,1.67%,-0.10%,0.13%,1.41%,0.11%,0.15%,1.34%,-1.35%,4.84%,0.55%,4.44%,63,106,110,113,119,133,246,249,253,228,79.77%,39.66%,48.88%,75.65%,124.8%,404.7%,143.1%,496.4%,0.00%,0.00%
2015/12/31,2015/11/30,-0.04%,-0.40%,-0.10%,0.45%,-0.62%,-1.64%,-2.49%,-1.88%,-2.31%,-1.98%,-0.12%,0.32%,-0.34%,-4.36%,-2.07%,-4.46%,63,106,110,114,119,131,240,245,247,223,78.73%,39.19%,48.70%,76.22%,120.2%,382.2%,137.3%,470.4%,-0.12%,0.00%
2016/01/31,2015/12/31,0.66%,1.37%,0.66%,-0.44%,-1.63%,-5.26%,-3.82%,-4.71%,-5.82%,-7.90%,3.26%,3.24%,-0.48%,-8.56%,-5.64%,-9.53%,64,108,111,113,117,124,231,233,233,206,74.65%,35.51%,53.55%,81.93%,107.8%,336.3%,128.1%,421.6%,0.00%,0.00%
2016/02/29,2016/01/31,-1.51%,1.48%,1.09%,-0.60%,0.04%,-1.65%,1.20%,0.62%,-0.80%,-0.05%,-0.15%,-0.38%,-0.73%,-0.37%,-0.05%,-0.26%,63,109,112,113,117,122,234,235,231,205,77.35%,37.69%,53.33%,81.23%,107.6%,335.1%,127.6%,419.7%,-0.15%,-0.38%
2016/03/31,2016/02/29,0.99%,1.34%,1.13%,-0.74%,0.06%,7.63%,7.72%,7.21%,6.44%,6.69%,-1.50%,-0.59%,-0.31%,8.19%,7.08%,8.37%,63,111,113,112,117,131,252,252,246,219,75.70%,36.40%,51.03%,80.17%,122.4%,371.6%,130.6%,462.2%,-1.64%,-0.97%
2016/04/30,2016/03/31,-1.59%,-0.55%,0.40%,0.89%,1.01%,-1.20%,1.01%,0.94%,2.13%,0.92%,-1.01%,-0.59%,0.90%,2.54%,0.81%,2.72%,62,110,114,113,118,130,254,254,251,221,80.27%,39.30%,49.50%,79.11%,124.2%,384.4%,135.0%,476.5%,-2.64%,-1.55%
2016/05/31,2016/04/30,-0.10%,-0.72%,0.14%,-0.18%,0.28%,2.12%,0.84%,1.87%,1.38%,2.47%,1.45%,-2.43%,0.14%,0.47%,1.79%,1.19%,62,109,114,113,118,132,256,259,255,227,80.96%,39.78%,51.68%,74.75%,128.2%,390.2%,133.6%,479.2%,-1.22%,-3.94%
2016/06/30,2016/05/31,-1.46%,1.67%,1.23%,0.03%,-0.44%,-1.17%,1.60%,1.11%,-0.14%,-0.04%,0.20%,0.43%,-0.86%,-0.20%,0.26%,-0.33%,61,111,115,113,118,131,260,262,254,227,82.81%,41.35%,51.98%,75.51%,128.8%,388.6%,132.2%,478.0%,-1.03%,-3.53%
2016/07/31,2016/06/30,2.23%,-1.26%,-0.91%,-0.04%,0.92%,5.85%,2.40%,2.45%,3.93%,5.22%,-0.31%,-0.62%,-0.45%,5.57%,3.96%,5.75%,63,110,114,113,119,138,267,268,264,238,80.43%,40.46%,51.51%,74.41%,137.9%,416.7%,136.3%,510.2%,-1.33%,-4.13%
2016/08/31,2016/07/31,1.77%,-0.21%,-1.60%,0.96%,-0.09%,1.31%,0.10%,-0.90%,2.01%,-0.36%,-1.39%,-0.83%,-1.05%,1.20%,0.32%,1.45%,64,109,113,114,119,140,267,266,270,238,77.07%,38.10%,49.40%,72.97%,138.6%,424.2%,139.0%,517.6%,-2.70%,-4.92%
2016/09/30,2016/08/31,-0.44%,0.36%,1.04%,-1.32%,-0.41%,-0.25%,0.32%,1.16%,-0.99%,0.40%,-1.97%,-1.13%,-1.56%,1.64%,0.19%,1.98%,63,110,114,112,118,140,268,269,267,238,77.12%,39.00%,46.46%,71.01%,139.1%,434.5%,143.3%,527.7%,-4.62%,-6.00%
2016/10/31,2016/09/30,0.05%,0.24%,-0.34%,0.25%,-0.06%,-1.96%,-0.86%,-2.25%,-1.44%,-3.58%,0.07%,0.25%,-0.72%,-6.33%,-2.12%,-6.41%,64,110,113,113,118,137,265,263,263,230,76.92%,36.74%,46.56%,71.43%,134.0%,400.3%,132.9%,487.9%,-4.55%,-5.77%
2016/11/30,2016/10/31,-0.21%,-0.49%,-1.35%,2.03%,2.03%,2.92%,3.12%,3.04%,8.73%,4.92%,1.07%,1.55%,-1.31%,8.98%,4.59%,8.52%,63,109,112,115,121,141,274,271,286,241,80.89%,39.47%,48.12%,74.09%,144.7%,442.9%,142.0%,540.7%,-3.54%,-4.31%
2016/12/31,2016/11/30,-0.68%,0.18%,-0.25%,0.14%,0.96%,1.02%,1.63%,1.89%,2.70%,2.29%,-0.58%,0.15%,-0.08%,1.99%,1.94%,1.95%,63,110,112,115,122,143,278,276,294,247,83.87%,41.25%,47.27%,74.35%,149.5%,453.4%,142.0%,553.5%,-4.09%,-4.17%
2017/01/31,2016/12/31,0.42%,0.18%,-0.74%,0.82%,-0.52%,2.85%,2.35%,1.46%,1.62%,1.72%,0.74%,0.66%,0.82%,2.24%,1.89%,2.04%,63,110,111,116,121,147,285,280,298,251,82.13%,39.65%,48.36%,75.50%,154.2%,464.7%,142.4%,568.1%,-3.38%,-3.53%
2017/02/28,2017/01/31,-0.61%,-1.59%,-0.82%,0.78%,1.67%,3.45%,2.51%,2.83%,3.59%,5.43%,0.58%,0.11%,0.84%,2.80%,3.64%,2.77%,63,108,110,117,123,152,292,288,309,265,86.27%,42.42%,49.22%,75.69%,163.5%,480.4%,140.3%,586.8%,-2.82%,-3.43%
2017/03/31,2017/02/28,0.30%,1.27%,-0.03%,-0.95%,-0.64%,1.16%,1.27%,0.39%,-1.74%,-0.05%,-1.77%,-2.14%,-2.07%,-0.93%,0.13%,-0.29%,63,109,110,116,123,154,296,289,304,264,84.52%,40.69%,46.58%,71.93%,163.8%,478.7%,139.2%,580.4%,-4.54%,-5.49%
2017/04/30,2017/03/31,1.41%,0.32%,0.17%,-0.66%,-0.79%,2.97%,1.25%,1.37%,0.05%,0.67%,-0.07%,-0.48%,-1.92%,-0.47%,1.11%,-0.32%,64,110,110,115,122,158,299,293,304,266,80.46%,37.45%,46.47%,71.10%,166.7%,476.8%,135.8%,577.2%,-4.61%,-5.95%
2017/05/31,2017/04/30,-0.68%,0.02%,-0.04%,-0.17%,-0.37%,1.58%,1.81%,1.30%,-0.56%,1.10%,-0.61%,-1.05%,-2.37%,-3.45%,1.06%,-3.13%,63,110,110,115,121,161,305,297,302,269,81.03%,36.79%,45.58%,69.30%,169.6%,458.7%,125.9%,553.9%,-5.19%,-6.94%
2017/06/30,2017/05/31,0.08%,-0.12%,-0.06%,-0.73%,1.16%,0.23%,0.39%,0.75%,0.51%,2.04%,-1.59%,-0.73%,0.73%,4.41%,0.90%,4.63%,64,110,110,114,122,161,306,299,304,275,82.98%,39.27%,43.26%,68.06%,172.0%,484.6%,134.3%,582.7%,-6.70%,-7.62%
2017/07/31,2017/06/30,0.43%,-0.49%,-0.98%,0.96%,0.27%,2.92%,1.25%,1.17%,2.54%,2.28%,-0.60%,-0.42%,-1.03%,-0.50%,1.93%,-0.37%,64,109,109,115,123,166,310,302,312,281,82.68%,38.38%,42.41%,67.34%,177.2%,482.4%,128.9%,579.3%,-7.26%,-8.02%
2017/08/31,2017/07/31,-0.65%,-0.93%,-0.47%,-1.12%,1.86%,0.38%,-0.70%,-0.19%,-1.28%,2.36%,-0.02%,0.46%,-0.13%,-1.05%,0.26%,-1.18%,63,108,108,114,125,166,308,302,308,288,87.27%,41.12%,42.38%,68.12%,177.9%,475.5%,125.6%,572.2%,-7.28%,-7.59%
2017/09/30,2017/08/31,0.79%,1.45%,0.38%,-0.08%,-1.81%,2.59%,3.01%,2.90%,3.37%,1.02%,0.81%,1.43%,0.34%,7.22%,2.47%,6.79%,64,110,109,114,123,171,317,310,318,290,82.41%,38.90%,43.53%,70.53%,184.8%,514.6%,135.4%,620.7%,-6.53%,-6.27%
2017/10/31,2017/09/30,1.45%,-0.10%,0.53%,-1.08%,-0.90%,4.14%,2.14%,2.49%,1.61%,1.70%,-1.18%,-1.37%,-0.79%,-0.39%,2.24%,0.02%,65,110,109,112,122,178,324,318,323,295,78.12%,35.51%,41.83%,68.20%,191.2%,514.7%,130.2%,617.9%,-7.63%,-7.55%
2017/11/30,2017/10/31,-1.16%,-0.58%,0.48%,1.32%,-0.63%,2.11%,2.88%,3.61%,4.46%,2.73%,0.25%,0.54%,0.70%,3.51%,3.22%,3.35%,64,109,110,114,121,181,333,330,337,303,79.07%,36.36%,42.19%,69.10%,200.6%,535.3%,130.5%,643.1%,-7.40%,-7.05%
2017/12/31,2017/11/30,-0.36%,-0.07%,-0.15%,1.08%,-0.69%,1.10%,1.37%,0.97%,2.12%,0.28%,-0.73%,-1.10%,0.06%,0.29%,1.10%,0.62%,64,109,110,115,120,183,338,333,345,304,78.48%,35.24%,41.16%,67.24%,203.8%,539.2%,129.4%,645.2%,-8.07%,-8.07%
2018/01/31,2017/12/31,0.57%,-1.05%,0.46%,0.68%,-2.48%,8.03%,4.47%,5.37%,6.52%,3.55%,-0.14%,0.16%,-0.75%,2.08%,5.34%,2.04%,64,108,110,116,117,198,353,351,367,315,73.05%,29.18%,40.95%,67.51%,220.1%,552.2%,121.8%,660.8%,-8.20%,-7.93%
2018/02/28,2018/01/31,0.71%,-0.26%,-0.51%,-0.73%,0.55%,-3.01%,-4.19%,-3.96%,-4.44%,-2.80%,-2.04%,-1.72%,-2.55%,-5.49%,-3.65%,-4.97%,65,107,110,115,118,192,338,337,351,306,72.78%,29.45%,38.08%,64.62%,208.4%,519.8%,118.9%,619.0%,-10.08%,-9.51%
2018/03/31,2018/02/28,-0.06%,2.30%,1.10%,-0.61%,-0.43%,-3.47%,0.00%,-1.35%,-2.87%,-2.21%,-0.62%,-0.64%,-0.35%,0.87%,-1.98%,1.06%,65,110,111,114,117,185,338,332,341,300,72.14%,31.08%,37.22%,63.57%,202.3%,526.4%,125.5%,625.2%,-10.63%,-10.09%
2018/04/30,2018/03/31,0.25%,0.92%,1.32%,-1.15%,-1.03%,0.43%,1.22%,1.60%,-0.45%,-0.48%,1.01%,1.17%,-0.30%,1.13%,0.43%,0.78%,65,111,112,113,116,186,342,338,339,298,69.94%,29.89%,38.61%,65.48%,203.6%,531.3%,126.3%,633.5%,-9.73%,-9.04%
2018/05/31,2018/04/30,3.19%,0.97%,-0.70%,-1.37%,-1.42%,6.21%,3.53%,2.24%,1.00%,2.32%,-2.09%,-2.03%,-2.99%,3.56%,2.78%,4.17%,67,112,111,111,114,198,354,345,343,305,62.10%,24.84%,35.70%,62.12%,212.0%,557.6%,129.5%,659.6%,-11.62%,-10.89%
2018/06/30,2018/05/31,-0.02%,-0.50%,1.22%,0.09%,-0.76%,0.65%,0.62%,1.46%,0.53%,0.27%,0.48%,0.11%,-1.29%,0.47%,0.75%,0.44%,67,111,113,112,114,199,356,350,344,306,60.89%,24.38%,36.35%,62.30%,214.4%,560.5%,128.8%,663.2%,-11.20%,-10.79%
2018/07/31,2018/06/30,-1.16%,-1.24%,0.18%,-0.71%,1.25%,2.26%,2.28%,3.83%,2.35%,4.45%,0.48%,0.58%,-1.12%,0.60%,3.27%,0.42%,66,110,113,111,115,204,364,364,352,319,64.77%,27.09%,37.01%,63.24%,224.7%,563.3%,122.2%,667.8%,-10.77%,-10.27%
2018/08/31,2018/07/31,-2.15%,-1.02%,0.02%,0.65%,0.80%,3.66%,2.22%,3.30%,3.13%,4.93%,-0.57%,-0.70%,-0.54%,3.12%,3.55%,3.33%,65,109,113,111,116,211,372,376,363,335,69.63%,28.70%,36.24%,62.09%,236.2%,585.4%,121.7%,691.7%,-11.28%,-10.90%
2018/09/30,2018/08/31,-1.78%,0.09%,0.49%,-0.34%,0.03%,-1.28%,0.21%,1.08%,-1.15%,0.29%,0.79%,0.99%,0.11%,-1.25%,0.10%,-1.55%,63,109,114,111,116,208,373,380,359,336,72.70%,30.73%,37.31%,63.69%,236.6%,574.8%,118.1%,681.8%,-10.58%,-10.02%
2018/10/31,2018/09/30,-0.22%,-0.01%,-0.03%,0.22%,3.25%,-10.27%,-7.23%,-7.80%,-7.24%,-5.28%,-0.77%,0.36%,0.56%,-8.84%,-7.27%,-8.94%,63,109,114,111,120,187,346,350,333,318,78.68%,37.24%,36.25%,64.27%,212.1%,514.5%,114.4%,612.7%,-11.27%,-9.70%
2018/11/30,2018/10/31,-1.93%,0.77%,0.11%,0.79%,0.02%,-0.17%,2.37%,2.09%,3.00%,1.85%,0.45%,0.74%,-0.84%,0.78%,1.99%,0.56%,62,110,114,112,120,187,354,357,343,324,82.17%,40.02%,36.86%,65.48%,218.3%,517.9%,111.4%,618.3%,-10.87%,-9.04%
2018/12/31,2018/11/30,1.15%,-0.66%,-0.06%,0.35%,-0.23%,-8.84%,-8.65%,-10.50%,-9.42%,-8.79%,-3.03%,-3.44%,-4.03%,-14.81%,-9.28%,-13.78%,63,109,114,113,119,170,324,320,311,296,79.65%,40.09%,32.71%,59.79%,188.8%,432.8%,101.8%,511.9%,-13.57%,-12.17%
2019/01/31,2018/12/31,1.79%,2.26%,-0.35%,-0.07%,-2.04%,9.24%,10.81%,9.24%,9.25%,6.31%,1.77%,2.12%,2.51%,15.08%,8.72%,14.45%,64,112,113,113,117,186,359,349,340,314,72.78%,35.99%,35.06%,63.18%,214.0%,509.8%,113.4%,604.2%,-12.04%,-10.31%
2019/02/28,2019/01/31,-1.46%,0.25%,-0.56%,1.95%,-0.90%,3.36%,3.78%,3.13%,5.15%,2.46%,0.01%,-0.49%,-0.78%,3.76%,3.43%,3.91%,63,112,113,115,116,192,372,360,357,322,73.76%,34.75%,35.07%,62.37%,224.7%,533.6%,114.4%,630.7%,-12.03%,-10.75%
2019/03/31,2019/02/28,-0.58%,0.55%,0.38%,-1.17%,-0.06%,2.54%,1.79%,1.75%,-0.59%,1.61%,-0.86%,-0.58%,-0.22%,-0.82%,1.41%,-0.64%,63,113,113,113,116,197,379,367,355,327,74.67%,33.51%,33.91%,61.43%,229.3%,529.6%,110.0%,624.8%,-12.79%,-11.27%
2019/04/30,2019/03/31,1.95%,-1.17%,0.62%,0.02%,-1.70%,5.89%,2.96%,5.17%,4.55%,1.84%,-2.00%,-1.40%,-2.52%,1.25%,4.02%,1.67%,64,111,114,113,114,209,390,386,371,333,68.29%,28.10%,31.24%,59.16%,242.5%,540.1%,105.1%,633.8%,-14.53%,-12.52%
2019/05/31,2019/04/30,-0.85%,-1.04%,1.00%,0.65%,0.65%,-7.26%,-8.41%,-6.28%,-6.97%,-4.77%,0.56%,-0.94%,2.71%,-6.86%,-6.47%,-6.58%,63,110,115,114,115,193,357,361,345,317,70.82%,31.28%,31.97%,57.67%,220.4%,497.9%,104.9%,583.5%,-14.05%,-13.33%
2019/06/30,2019/05/31,-1.67%,0.25%,-0.36%,-0.04%,0.37%,6.41%,7.46%,7.16%,6.99%,6.31%,-1.01%,-0.39%,-3.40%,4.46%,6.83%,4.58%,62,110,114,114,115,206,384,387,370,338,74.31%,31.14%,30.64%,57.06%,242.2%,525.3%,100.3%,614.0%,-14.92%,-13.67%
2019/07/31,2019/06/30,1.13%,0.37%,-0.43%,0.35%,-0.12%,2.95%,1.06%,1.16%,1.59%,0.99%,-1.10%,-1.73%,-0.66%,-1.83%,1.45%,-1.31%,63,111,114,115,115,212,388,392,375,341,72.14%,28.58%,29.21%,54.35%,247.2%,517.1%,94.74%,600.9%,-15.85%,-15.16%
2019/08/31,2019/07/31,-1.81%,-1.43%,-0.17%,2.02%,0.38%,-2.19%,-4.80%,-2.39%,-1.48%,-0.74%,0.87%,-0.19%,1.38%,-4.07%,-2.11%,-4.01%,62,109,114,117,115,207,369,382,370,338,75.89%,30.44%,30.34%,54.05%,239.9%,492.3%,91.03%,572.3%,-15.12%,-15.32%
2019/09/30,2019/08/31,1.41%,1.36%,-0.42%,-0.71%,1.80%,0.95%,1.86%,1.55%,1.99%,1.96%,0.09%,1.60%,0.89%,2.95%,1.76%,2.47%,63,111,113,116,117,209,376,388,377,345,76.58%,31.76%,30.46%,56.52%,245.8%,507.0%,92.40%,592.2%,-15.04%,-13.97%
2019/10/31,2019/09/30,0.11%,-0.94%,-1.67%,-0.35%,2.14%,3.04%,1.43%,0.81%,1.42%,4.25%,-0.15%,0.51%,-2.27%,1.12%,2.20%,0.97%,63,110,111,116,120,216,382,392,383,360,80.16%,33.35%,30.26%,57.32%,253.4%,512.8%,90.03%,599.9%,-15.17%,-13.53%
2019/11/30,2019/10/31,-0.61%,-0.23%,-1.58%,0.78%,0.41%,4.36%,4.30%,2.66%,4.30%,3.83%,0.11%,1.08%,-2.16%,3.52%,3.75%,3.19%,62,109,110,116,120,225,398,402,399,373,82.01%,32.65%,30.40%,59.02%,266.7%,532.4%,88.97%,624.6%,-15.08%,-12.59%
2019/12/31,2019/11/30,-0.14%,0.18%,-0.36%,-1.25%,1.55%,2.69%,3.18%,2.51%,1.89%,3.66%,0.09%,-0.20%,0.15%,3.73%,2.79%,3.79%,62,110,109,115,122,231,411,412,407,387,85.08%,33.94%,30.52%,58.70%,276.9%,556.3%,90.85%,651.6%,-15.00%,-12.76%
2020/01/31,2019/12/31,-0.12%,1.59%,-1.21%,-0.32%,-0.95%,1.25%,1.39%,-0.76%,-0.98%,0.29%,0.22%,0.45%,2.72%,0.73%,0.06%,0.59%,62,111,108,115,121,234,417,409,403,388,83.54%,32.64%,30.81%,59.41%,277.2%,560.2%,91.86%,657.0%,-14.81%,-12.37%
2020/02/29,2020/01/31,2.18%,0.93%,-0.02%,-0.61%,-1.94%,-5.89%,-7.49%,-8.45%,-9.18%,-7.95%,-1.32%,-0.20%,-1.79%,-5.86%,-8.00%,-5.80%,64,112,108,114,119,220,385,374,366,357,75.98%,29.92%,29.09%,59.10%,247.0%,521.9%,96.09%,612.6%,-15.93%,-12.55%
2020/03/31,2020/02/29,-1.27%,-2.19%,-2.54%,-1.85%,-0.11%,-11.53%,-16.50%,-13.68%,-18.36%,-9.86%,3.64%,2.76%,-5.03%,-21.48%,-13.57%,-22.31%,63,110,105,112,119,195,322,323,299,322,78.02%,32.09%,33.78%,63.50%,199.9%,383.2%,78.96%,459.6%,-12.87%,-10.13%
2020/04/30,2020/03/31,0.35%,-1.85%,1.92%,-1.74%,0.98%,14.77%,11.95%,16.17%,11.63%,12.09%,-2.51%,-1.15%,-0.10%,16.07%,13.44%,16.41%,63,108,107,110,120,224,360,375,333,361,79.15%,28.55%,30.43%,61.62%,240.2%,462.5%,84.29%,549.5%,-15.06%,-11.16%
2020/05/31,2020/04/30,-0.37%,1.32%,-1.75%,-0.17%,-1.18%,6.86%,7.53%,5.34%,3.68%,4.41%,-1.98%,-0.69%,-1.39%,6.34%,5.40%,6.55%,63,109,105,110,118,239,387,395,346,377,77.70%,25.40%,27.85%,60.51%,258.6%,499.3%,86.40%,590.7%,-16.74%,-11.77%
2020/06/30,2020/05/31,1.54%,-1.48%,-0.05%,-0.88%,-0.11%,4.63%,1.54%,2.94%,0.64%,2.19%,-0.48%,0.30%,1.82%,7.52%,2.43%,7.43%,64,108,105,109,118,250,393,407,348,385,74.75%,22.34%,27.23%,60.99%,267.3%,543.9%,95.72%,642.7%,-17.14%,-11.51%
2020/07/31,2020/06/30,-2.03%,1.21%,-1.42%,-1.93%,0.57%,5.88%,6.63%,5.85%,3.19%,6.77%,0.45%,-0.30%,-0.34%,2.79%,5.73%,2.88%,62,109,104,107,119,265,419,431,359,411,79.31%,23.43%,27.80%,60.51%,288.3%,562.4%,90.15%,663.4%,-16.77%,-11.77%
2020/08/31,2020/07/31,-1.54%,1.19%,-1.71%,-1.33%,-0.21%,7.87%,9.07%,7.41%,5.40%,7.15%,-0.83%,-0.11%,-4.06%,3.69%,7.38%,3.72%,61,110,102,105,119,285,457,463,378,441,81.69%,22.54%,26.74%,60.34%,317.0%,587.1%,83.19%,691.6%,-17.46%,-11.86%
2020/09/30,2020/08/31,-0.37%,-0.89%,-0.49%,-0.24%,0.46%,-3.64%,-3.79%,-4.19%,-3.73%,-2.18%,-2.42%,-3.09%,-0.01%,-4.02%,-3.61%,-3.09%,61,109,101,105,119,275,440,443,364,431,83.19%,24.33%,23.67%,55.39%,301.9%,565.8%,84.15%,659.7%,-19.46%,-14.59%
2020/10/31,2020/09/30,3.52%,1.46%,0.10%,-0.64%,-2.42%,1.10%,-2.17%,-2.62%,-2.31%,-3.59%,-0.11%,-0.02%,-3.46%,0.38%,-2.11%,0.39%,63,111,102,104,116,278,431,432,356,416,72.31%,18.50%,23.53%,55.35%,293.4%,568.4%,88.76%,662.6%,-19.55%,-14.61%
2020/11/30,2020/10/31,-2.48%,-1.86%,2.86%,0.17%,1.32%,11.72%,10.59%,15.68%,11.81%,11.20%,0.83%,3.11%,1.30%,21.37%,12.26%,20.44%,62,109,104,105,118,311,476,500,398,462,78.87%,17.87%,24.56%,60.18%,341.6%,705.0%,104.2%,825.6%,-18.88%,-11.95%
2020/12/31,2020/11/30,-3.55%,0.07%,-0.24%,-2.56%,1.19%,3.18%,4.96%,4.51%,3.45%,5.81%,-0.51%,0.75%,-1.43%,9.43%,4.57%,9.21%,60,109,104,102,119,321,500,522,411,489,87.34%,20.97%,23.92%,61.39%,361.8%,779.1%,113.7%,912.9%,-19.30%,-11.29%
2021/01/31,2020/12/31,-2.03%,3.10%,-0.69%,-1.93%,-0.86%,1.05%,1.24%,-1.24%,-0.86%,0.15%,1.44%,-0.21%,3.42%,10.26%,-0.12%,10.32%,58,112,103,100,118,324,506,516,408,490,89.53%,19.89%,25.70%,61.05%,361.3%,869.8%,136.0%,1017%,-18.13%,-11.47%
